FREQ,Frequenza,REF_AREA,Territorio,DATA_TYPE,Indicatore,SEX,Sesso,AGE,Età,EDU_LEV_HIGHEST,Titolo di studio,TIME_PERIOD,Osservazione,OBS_STATUS,'Stato dell"'osservazione'
A,Annuale,IT,Italia,EMP_R,Tasso di occupazione,1,Maschi,Y15-24,15-24 anni,13,'Nessun titolo di studio, licenza di scuola elementare e media',2018,10.137856,,
A,Annuale,IT,Italia,EMP_R,Tasso di occupazione,1,Maschi,Y15-24,15-24 anni,13,'Nessun titolo di studio, licenza di scuola elementare e media',2019,10.042417,,
A,Annuale,IT,Italia,EMP_R,Tasso di occupazione,1,Maschi,Y15-24,15-24 anni,13,'Nessun titolo di studio, licenza di scuola elementare e media',2020,10.132968,,
A,Annuale,IT,Italia,EMP_R,Tasso di occupazione,1,Maschi,Y15-24,15-24 anni,13,'Nessun titolo di studio, licenza di scuola elementare e media',2021,9.831454,,
A,Annuale,IT,Italia,EMP_R,Tasso di occupazione,1,Maschi,Y15-24,15-24 anni,13,'Nessun titolo di studio, licenza di scuola elementare e media',2022,10.582486,,
A,Annuale,IT,Italia,EMP_R,Tasso di occupazione,1,Maschi,Y15-24,15-24 anni,13,'Nessun titolo di studio, licenza di scuola elementare e media',2023,11.503005,,
A,Annuale,IT,Italia,EMP_R,Tasso di occupazione,1,Maschi,Y15-24,15-24 anni,13,'Nessun titolo di studio, licenza di scuola elementare e media',2024,11.155899,,
A,Annuale,IT,Italia,EMP_R,Tasso di occupazione,1,Maschi,Y15-24,15-24 anni,7,Diploma,2018,33.726196,,
A,Annuale,IT,Italia,EMP_R,Tasso di occupazione,1,Maschi,Y15-24,15-24 anni,7,Diploma,2019,35.008944,,
A,Annuale,IT,Italia,EMP_R,Tasso di occupazione,1,Maschi,Y15-24,15-24 anni,7,Diploma,2020,33.023117,,
A,Annuale,IT,Italia,EMP_R,Tasso di occupazione,1,Maschi,Y15-24,15-24 anni,7,Diploma,2021,34.882412,,
A,Annuale,IT,Italia,EMP_R,Tasso di occupazione,1,Maschi,Y15-24,15-24 anni,7,Diploma,2022,37.77669,,
A,Annuale,IT,Italia,EMP_R,Tasso di occupazione,1,Maschi,Y15-24,15-24 anni,7,Diploma,2023,38.187278,,
A,Annuale,IT,Italia,EMP_R,Tasso di occupazione,1,Maschi,Y15-24,15-24 anni,7,Diploma,2024,38.035542,,
A,Annuale,IT,Italia,EMP_R,Tasso di occupazione,1,Maschi,Y15-24,15-24 anni,11,Laurea e post-laurea,2018,23.219646,,
A,Annuale,IT,Italia,EMP_R,Tasso di occupazione,1,Maschi,Y15-24,15-24 anni,11,Laurea e post-laurea,2019,22.116676,,
A,Annuale,IT,Italia,EMP_R,Tasso di occupazione,1,Maschi,Y15-24,15-24 anni,11,Laurea e post-laurea,2020,17.387471,,
A,Annuale,IT,Italia,EMP_R,Tasso di occupazione,1,Maschi,Y15-24,15-24 anni,11,Laurea e post-laurea,2021,20.87199,,
A,Annuale,IT,Italia,EMP_R,Tasso di occupazione,1,Maschi,Y15-24,15-24 anni,11,Laurea e post-laurea,2022,25.966425,,
A,Annuale,IT,Italia,EMP_R,Tasso di occupazione,1,Maschi,Y15-24,15-24 anni,11,Laurea e post-laurea,2023,29.910062,,
A,Annuale,IT,Italia,EMP_R,Tasso di occupazione,1,Maschi,Y15-24,15-24 anni,11,Laurea e post-laurea,2024,26.653644,,
A,Annuale,IT,Italia,EMP_R,Tasso di occupazione,1,Maschi,Y15-24,15-24 anni,99,Totale,2018,20.701345,,
A,Annuale,IT,Italia,EMP_R,Tasso di occupazione,1,Maschi,Y15-24,15-24 anni,99,Totale,2019,21.355795,,
A,Annuale,IT,Italia,EMP_R,Tasso di occupazione,1,Maschi,Y15-24,15-24 anni,99,Totale,2020,20.227674,,
A,Annuale,IT,Italia,EMP_R,Tasso di occupazione,1,Maschi,Y15-24,15-24 anni,99,Totale,2021,21.264674,,
A,Annuale,IT,Italia,EMP_R,Tasso di occupazione,1,Maschi,Y15-24,15-24 anni,99,Totale,2022,23.405842,,
A,Annuale,IT,Italia,EMP_R,Tasso di occupazione,1,Maschi,Y15-24,15-24 anni,99,Totale,2023,24.32494,,
A,Annuale,IT,Italia,EMP_R,Tasso di occupazione,1,Maschi,Y15-24,15-24 anni,99,Totale,2024,24.004036,,
A,Annuale,IT,Italia,EMP_R,Tasso di occupazione,1,Maschi,Y18-29,18-29 anni,13,'Nessun titolo di studio, licenza di scuola elementare e media',2018,34.156025,,
A,Annuale,IT,Italia,EMP_R,Tasso di occupazione,1,Maschi,Y18-29,18-29 anni,13,'Nessun titolo di studio, licenza di scuola elementare e media',2019,35.10156,,
A,Annuale,IT,Italia,EMP_R,Tasso di occupazione,1,Maschi,Y18-29,18-29 anni,13,'Nessun titolo di studio, licenza di scuola elementare e media',2020,33.871642,,
A,Annuale,IT,Italia,EMP_R,Tasso di occupazione,1,Maschi,Y18-29,18-29 anni,13,'Nessun titolo di studio, licenza di scuola elementare e media',2021,34.824442,,
A,Annuale,IT,Italia,EMP_R,Tasso di occupazione,1,Maschi,Y18-29,18-29 anni,13,'Nessun titolo di studio, licenza di scuola elementare e media',2022,37.640661,,
A,Annuale,IT,Italia,EMP_R,Tasso di occupazione,1,Maschi,Y18-29,18-29 anni,13,'Nessun titolo di studio, licenza di scuola elementare e media',2023,39.659693,,
A,Annuale,IT,Italia,EMP_R,Tasso di occupazione,1,Maschi,Y18-29,18-29 anni,13,'Nessun titolo di studio, licenza di scuola elementare e media',2024,40.110602,,
A,Annuale,IT,Italia,EMP_R,Tasso di occupazione,1,Maschi,Y18-29,18-29 anni,7,Diploma,2018,46.477351,,
A,Annuale,IT,Italia,EMP_R,Tasso di occupazione,1,Maschi,Y18-29,18-29 anni,7,Diploma,2019,48.089586,,
A,Annuale,IT,Italia,EMP_R,Tasso di occupazione,1,Maschi,Y18-29,18-29 anni,7,Diploma,2020,45.317563,,
A,Annuale,IT,Italia,EMP_R,Tasso di occupazione,1,Maschi,Y18-29,18-29 anni,7,Diploma,2021,47.340977,,
A,Annuale,IT,Italia,EMP_R,Tasso di occupazione,1,Maschi,Y18-29,18-29 anni,7,Diploma,2022,50.289143,,
A,Annuale,IT,Italia,EMP_R,Tasso di occupazione,1,Maschi,Y18-29,18-29 anni,7,Diploma,2023,51.676899,,
A,Annuale,IT,Italia,EMP_R,Tasso di occupazione,1,Maschi,Y18-29,18-29 anni,7,Diploma,2024,51.1253,,
A,Annuale,IT,Italia,EMP_R,Tasso di occupazione,1,Maschi,Y18-29,18-29 anni,11,Laurea e post-laurea,2018,47.177006,,
A,Annuale,IT,Italia,EMP_R,Tasso di occupazione,1,Maschi,Y18-29,18-29 anni,11,Laurea e post-laurea,2019,46.28788,,
A,Annuale,IT,Italia,EMP_R,Tasso di occupazione,1,Maschi,Y18-29,18-29 anni,11,Laurea e post-laurea,2020,46.304475,,
A,Annuale,IT,Italia,EMP_R,Tasso di occupazione,1,Maschi,Y18-29,18-29 anni,11,Laurea e post-laurea,2021,47.981442,,
A,Annuale,IT,Italia,EMP_R,Tasso di occupazione,1,Maschi,Y18-29,18-29 anni,11,Laurea e post-laurea,2022,53.675201,,
A,Annuale,IT,Italia,EMP_R,Tasso di occupazione,1,Maschi,Y18-29,18-29 anni,11,Laurea e post-laurea,2023,55.803822,,
A,Annuale,IT,Italia,EMP_R,Tasso di occupazione,1,Maschi,Y18-29,18-29 anni,11,Laurea e post-laurea,2024,53.805064,,
A,Annuale,IT,Italia,EMP_R,Tasso di occupazione,1,Maschi,Y18-29,18-29 anni,99,Totale,2018,42.923477,,
A,Annuale,IT,Italia,EMP_R,Tasso di occupazione,1,Maschi,Y18-29,18-29 anni,99,Totale,2019,44.100184,,
A,Annuale,IT,Italia,EMP_R,Tasso di occupazione,1,Maschi,Y18-29,18-29 anni,99,Totale,2020,42.130863,,
A,Annuale,IT,Italia,EMP_R,Tasso di occupazione,1,Maschi,Y18-29,18-29 anni,99,Totale,2021,43.894594,,
A,Annuale,IT,Italia,EMP_R,Tasso di occupazione,1,Maschi,Y18-29,18-29 anni,99,Totale,2022,47.45014,,
A,Annuale,IT,Italia,EMP_R,Tasso di occupazione,1,Maschi,Y18-29,18-29 anni,99,Totale,2023,49.23205,,
A,Annuale,IT,Italia,EMP_R,Tasso di occupazione,1,Maschi,Y18-29,18-29 anni,99,Totale,2024,48.731524,,
A,Annuale,IT,Italia,EMP_R,Tasso di occupazione,1,Maschi,Y15-29,15-29 anni,13,'Nessun titolo di studio, licenza di scuola elementare e media',2018,19.38308,,
A,Annuale,IT,Italia,EMP_R,Tasso di occupazione,1,Maschi,Y15-29,15-29 anni,13,'Nessun titolo di studio, licenza di scuola elementare e media',2019,19.687454,,
A,Annuale,IT,Italia,EMP_R,Tasso di occupazione,1,Maschi,Y15-29,15-29 anni,13,'Nessun titolo di studio, licenza di scuola elementare e media',2020,18.853333,,
A,Annuale,IT,Italia,EMP_R,Tasso di occupazione,1,Maschi,Y15-29,15-29 anni,13,'Nessun titolo di studio, licenza di scuola elementare e media',2021,19.030455,,
A,Annuale,IT,Italia,EMP_R,Tasso di occupazione,1,Maschi,Y15-29,15-29 anni,13,'Nessun titolo di studio, licenza di scuola elementare e media',2022,19.903539,,
A,Annuale,IT,Italia,EMP_R,Tasso di occupazione,1,Maschi,Y15-29,15-29 anni,13,'Nessun titolo di studio, licenza di scuola elementare e media',2023,20.724297,,
A,Annuale,IT,Italia,EMP_R,Tasso di occupazione,1,Maschi,Y15-29,15-29 anni,13,'Nessun titolo di studio, licenza di scuola elementare e media',2024,20.883869,,
A,Annuale,IT,Italia,EMP_R,Tasso di occupazione,1,Maschi,Y15-29,15-29 anni,7,Diploma,2018,46.40674,,
A,Annuale,IT,Italia,EMP_R,Tasso di occupazione,1,Maschi,Y15-29,15-29 anni,7,Diploma,2019,47.979415,,
A,Annuale,IT,Italia,EMP_R,Tasso di occupazione,1,Maschi,Y15-29,15-29 anni,7,Diploma,2020,45.256969,,
A,Annuale,IT,Italia,EMP_R,Tasso di occupazione,1,Maschi,Y15-29,15-29 anni,7,Diploma,2021,47.308964,,
A,Annuale,IT,Italia,EMP_R,Tasso di occupazione,1,Maschi,Y15-29,15-29 anni,7,Diploma,2022,50.189616,,
A,Annuale,IT,Italia,EMP_R,Tasso di occupazione,1,Maschi,Y15-29,15-29 anni,7,Diploma,2023,51.551488,,
A,Annuale,IT,Italia,EMP_R,Tasso di occupazione,1,Maschi,Y15-29,15-29 anni,7,Diploma,2024,51.043725,,
A,Annuale,IT,Italia,EMP_R,Tasso di occupazione,1,Maschi,Y15-29,15-29 anni,11,Laurea e post-laurea,2018,47.177006,,
A,Annuale,IT,Italia,EMP_R,Tasso di occupazione,1,Maschi,Y15-29,15-29 anni,11,Laurea e post-laurea,2019,46.28788,,
A,Annuale,IT,Italia,EMP_R,Tasso di occupazione,1,Maschi,Y15-29,15-29 anni,11,Laurea e post-laurea,2020,46.304475,,
A,Annuale,IT,Italia,EMP_R,Tasso di occupazione,1,Maschi,Y15-29,15-29 anni,11,Laurea e post-laurea,2021,47.981442,,
A,Annuale,IT,Italia,EMP_R,Tasso di occupazione,1,Maschi,Y15-29,15-29 anni,11,Laurea e post-laurea,2022,53.675201,,
A,Annuale,IT,Italia,EMP_R,Tasso di occupazione,1,Maschi,Y15-29,15-29 anni,11,Laurea e post-laurea,2023,55.803822,,
A,Annuale,IT,Italia,EMP_R,Tasso di occupazione,1,Maschi,Y15-29,15-29 anni,11,Laurea e post-laurea,2024,53.805064,,
A,Annuale,IT,Italia,EMP_R,Tasso di occupazione,1,Maschi,Y15-29,15-29 anni,99,Totale,2018,34.885406,,
A,Annuale,IT,Italia,EMP_R,Tasso di occupazione,1,Maschi,Y15-29,15-29 anni,99,Totale,2019,35.818134,,
A,Annuale,IT,Italia,EMP_R,Tasso di occupazione,1,Maschi,Y15-29,15-29 anni,99,Totale,2020,34.121825,,
A,Annuale,IT,Italia,EMP_R,Tasso di occupazione,1,Maschi,Y15-29,15-29 anni,99,Totale,2021,35.486686,,
A,Annuale,IT,Italia,EMP_R,Tasso di occupazione,1,Maschi,Y15-29,15-29 anni,99,Totale,2022,38.28283,,
A,Annuale,IT,Italia,EMP_R,Tasso di occupazione,1,Maschi,Y15-29,15-29 anni,99,Totale,2023,39.732979,,
A,Annuale,IT,Italia,EMP_R,Tasso di occupazione,1,Maschi,Y15-29,15-29 anni,99,Totale,2024,39.351598,,
A,Annuale,IT,Italia,EMP_R,Tasso di occupazione,1,Maschi,Y25-34,25-34 anni,13,'Nessun titolo di studio, licenza di scuola elementare e media',2018,66.004423,,
A,Annuale,IT,Italia,EMP_R,Tasso di occupazione,1,Maschi,Y25-34,25-34 anni,13,'Nessun titolo di studio, licenza di scuola elementare e media',2019,66.352206,,
A,Annuale,IT,Italia,EMP_R,Tasso di occupazione,1,Maschi,Y25-34,25-34 anni,13,'Nessun titolo di studio, licenza di scuola elementare e media',2020,63.203188,,
A,Annuale,IT,Italia,EMP_R,Tasso di occupazione,1,Maschi,Y25-34,25-34 anni,13,'Nessun titolo di studio, licenza di scuola elementare e media',2021,64.498613,,
A,Annuale,IT,Italia,EMP_R,Tasso di occupazione,1,Maschi,Y25-34,25-34 anni,13,'Nessun titolo di studio, licenza di scuola elementare e media',2022,69.921839,,
A,Annuale,IT,Italia,EMP_R,Tasso di occupazione,1,Maschi,Y25-34,25-34 anni,13,'Nessun titolo di studio, licenza di scuola elementare e media',2023,71.732197,,
A,Annuale,IT,Italia,EMP_R,Tasso di occupazione,1,Maschi,Y25-34,25-34 anni,13,'Nessun titolo di studio, licenza di scuola elementare e media',2024,72.479023,,
A,Annuale,IT,Italia,EMP_R,Tasso di occupazione,1,Maschi,Y25-34,25-34 anni,7,Diploma,2018,72.112452,,
A,Annuale,IT,Italia,EMP_R,Tasso di occupazione,1,Maschi,Y25-34,25-34 anni,7,Diploma,2019,73.749298,,
A,Annuale,IT,Italia,EMP_R,Tasso di occupazione,1,Maschi,Y25-34,25-34 anni,7,Diploma,2020,71.352166,,
A,Annuale,IT,Italia,EMP_R,Tasso di occupazione,1,Maschi,Y25-34,25-34 anni,7,Diploma,2021,74.362529,,
A,Annuale,IT,Italia,EMP_R,Tasso di occupazione,1,Maschi,Y25-34,25-34 anni,7,Diploma,2022,77.256173,,
A,Annuale,IT,Italia,EMP_R,Tasso di occupazione,1,Maschi,Y25-34,25-34 anni,7,Diploma,2023,78.968522,,
A,Annuale,IT,Italia,EMP_R,Tasso di occupazione,1,Maschi,Y25-34,25-34 anni,7,Diploma,2024,78.24135,,
A,Annuale,IT,Italia,EMP_R,Tasso di occupazione,1,Maschi,Y25-34,25-34 anni,11,Laurea e post-laurea,2018,69.876744,,
A,Annuale,IT,Italia,EMP_R,Tasso di occupazione,1,Maschi,Y25-34,25-34 anni,11,Laurea e post-laurea,2019,69.254796,,
A,Annuale,IT,Italia,EMP_R,Tasso di occupazione,1,Maschi,Y25-34,25-34 anni,11,Laurea e post-laurea,2020,68.584961,,
A,Annuale,IT,Italia,EMP_R,Tasso di occupazione,1,Maschi,Y25-34,25-34 anni,11,Laurea e post-laurea,2021,71.02481,,
A,Annuale,IT,Italia,EMP_R,Tasso di occupazione,1,Maschi,Y25-34,25-34 anni,11,Laurea e post-laurea,2022,75.041838,,
A,Annuale,IT,Italia,EMP_R,Tasso di occupazione,1,Maschi,Y25-34,25-34 anni,11,Laurea e post-laurea,2023,75.032157,,
A,Annuale,IT,Italia,EMP_R,Tasso di occupazione,1,Maschi,Y25-34,25-34 anni,11,Laurea e post-laurea,2024,75.174902,,
A,Annuale,IT,Italia,EMP_R,Tasso di occupazione,1,Maschi,Y25-34,25-34 anni,99,Totale,2018,69.970427,,
A,Annuale,IT,Italia,EMP_R,Tasso di occupazione,1,Maschi,Y25-34,25-34 anni,99,Totale,2019,70.778586,,
A,Annuale,IT,Italia,EMP_R,Tasso di occupazione,1,Maschi,Y25-34,25-34 anni,99,Totale,2020,68.59379,,
A,Annuale,IT,Italia,EMP_R,Tasso di occupazione,1,Maschi,Y25-34,25-34 anni,99,Totale,2021,71.006347,,
A,Annuale,IT,Italia,EMP_R,Tasso di occupazione,1,Maschi,Y25-34,25-34 anni,99,Totale,2022,74.909846,,
A,Annuale,IT,Italia,EMP_R,Tasso di occupazione,1,Maschi,Y25-34,25-34 anni,99,Totale,2023,76.34214,,
A,Annuale,IT,Italia,EMP_R,Tasso di occupazione,1,Maschi,Y25-34,25-34 anni,99,Totale,2024,76.164088,,
A,Annuale,IT,Italia,EMP_R,Tasso di occupazione,1,Maschi,Y15-34,15-34 anni,13,'Nessun titolo di studio, licenza di scuola elementare e media',2018,30.070717,,
A,Annuale,IT,Italia,EMP_R,Tasso di occupazione,1,Maschi,Y15-34,15-34 anni,13,'Nessun titolo di studio, licenza di scuola elementare e media',2019,30.146129,,
A,Annuale,IT,Italia,EMP_R,Tasso di occupazione,1,Maschi,Y15-34,15-34 anni,13,'Nessun titolo di studio, licenza di scuola elementare e media',2020,28.514309,,
A,Annuale,IT,Italia,EMP_R,Tasso di occupazione,1,Maschi,Y15-34,15-34 anni,13,'Nessun titolo di studio, licenza di scuola elementare e media',2021,29.102798,,
A,Annuale,IT,Italia,EMP_R,Tasso di occupazione,1,Maschi,Y15-34,15-34 anni,13,'Nessun titolo di studio, licenza di scuola elementare e media',2022,30.845756,,
A,Annuale,IT,Italia,EMP_R,Tasso di occupazione,1,Maschi,Y15-34,15-34 anni,13,'Nessun titolo di studio, licenza di scuola elementare e media',2023,30.995938,,
A,Annuale,IT,Italia,EMP_R,Tasso di occupazione,1,Maschi,Y15-34,15-34 anni,13,'Nessun titolo di studio, licenza di scuola elementare e media',2024,30.881507,,
A,Annuale,IT,Italia,EMP_R,Tasso di occupazione,1,Maschi,Y15-34,15-34 anni,7,Diploma,2018,55.51473,,
A,Annuale,IT,Italia,EMP_R,Tasso di occupazione,1,Maschi,Y15-34,15-34 anni,7,Diploma,2019,56.797332,,
A,Annuale,IT,Italia,EMP_R,Tasso di occupazione,1,Maschi,Y15-34,15-34 anni,7,Diploma,2020,54.592674,,
A,Annuale,IT,Italia,EMP_R,Tasso di occupazione,1,Maschi,Y15-34,15-34 anni,7,Diploma,2021,56.82005,,
A,Annuale,IT,Italia,EMP_R,Tasso di occupazione,1,Maschi,Y15-34,15-34 anni,7,Diploma,2022,59.543621,,
A,Annuale,IT,Italia,EMP_R,Tasso di occupazione,1,Maschi,Y15-34,15-34 anni,7,Diploma,2023,60.687794,,
A,Annuale,IT,Italia,EMP_R,Tasso di occupazione,1,Maschi,Y15-34,15-34 anni,7,Diploma,2024,60.058283,,
A,Annuale,IT,Italia,EMP_R,Tasso di occupazione,1,Maschi,Y15-34,15-34 anni,11,Laurea e post-laurea,2018,63.340725,,
A,Annuale,IT,Italia,EMP_R,Tasso di occupazione,1,Maschi,Y15-34,15-34 anni,11,Laurea e post-laurea,2019,62.274848,,
A,Annuale,IT,Italia,EMP_R,Tasso di occupazione,1,Maschi,Y15-34,15-34 anni,11,Laurea e post-laurea,2020,61.310884,,
A,Annuale,IT,Italia,EMP_R,Tasso di occupazione,1,Maschi,Y15-34,15-34 anni,11,Laurea e post-laurea,2021,62.727777,,
A,Annuale,IT,Italia,EMP_R,Tasso di occupazione,1,Maschi,Y15-34,15-34 anni,11,Laurea e post-laurea,2022,66.814043,,
A,Annuale,IT,Italia,EMP_R,Tasso di occupazione,1,Maschi,Y15-34,15-34 anni,11,Laurea e post-laurea,2023,68.049246,,
A,Annuale,IT,Italia,EMP_R,Tasso di occupazione,1,Maschi,Y15-34,15-34 anni,11,Laurea e post-laurea,2024,68.355481,,
A,Annuale,IT,Italia,EMP_R,Tasso di occupazione,1,Maschi,Y15-34,15-34 anni,99,Totale,2018,46.433146,,
A,Annuale,IT,Italia,EMP_R,Tasso di occupazione,1,Maschi,Y15-34,15-34 anni,99,Totale,2019,47.089482,,
A,Annuale,IT,Italia,EMP_R,Tasso di occupazione,1,Maschi,Y15-34,15-34 anni,99,Totale,2020,45.296665,,
A,Annuale,IT,Italia,EMP_R,Tasso di occupazione,1,Maschi,Y15-34,15-34 anni,99,Totale,2021,46.900648,,
A,Annuale,IT,Italia,EMP_R,Tasso di occupazione,1,Maschi,Y15-34,15-34 anni,99,Totale,2022,49.80696,,
A,Annuale,IT,Italia,EMP_R,Tasso di occupazione,1,Maschi,Y15-34,15-34 anni,99,Totale,2023,50.955728,,
A,Annuale,IT,Italia,EMP_R,Tasso di occupazione,1,Maschi,Y15-34,15-34 anni,99,Totale,2024,50.726809,,
A,Annuale,IT,Italia,EMP_R,Tasso di occupazione,1,Maschi,Y35-44,35-44 anni,13,'Nessun titolo di studio, licenza di scuola elementare e media',2018,75.938142,,
A,Annuale,IT,Italia,EMP_R,Tasso di occupazione,1,Maschi,Y35-44,35-44 anni,13,'Nessun titolo di studio, licenza di scuola elementare e media',2019,76.249955,,
A,Annuale,IT,Italia,EMP_R,Tasso di occupazione,1,Maschi,Y35-44,35-44 anni,13,'Nessun titolo di studio, licenza di scuola elementare e media',2020,73.592344,,
A,Annuale,IT,Italia,EMP_R,Tasso di occupazione,1,Maschi,Y35-44,35-44 anni,13,'Nessun titolo di studio, licenza di scuola elementare e media',2021,74.364784,,
A,Annuale,IT,Italia,EMP_R,Tasso di occupazione,1,Maschi,Y35-44,35-44 anni,13,'Nessun titolo di studio, licenza di scuola elementare e media',2022,76.010958,,
A,Annuale,IT,Italia,EMP_R,Tasso di occupazione,1,Maschi,Y35-44,35-44 anni,13,'Nessun titolo di studio, licenza di scuola elementare e media',2023,76.769563,,
A,Annuale,IT,Italia,EMP_R,Tasso di occupazione,1,Maschi,Y35-44,35-44 anni,13,'Nessun titolo di studio, licenza di scuola elementare e media',2024,77.613997,,
A,Annuale,IT,Italia,EMP_R,Tasso di occupazione,1,Maschi,Y35-44,35-44 anni,7,Diploma,2018,87.692097,,
A,Annuale,IT,Italia,EMP_R,Tasso di occupazione,1,Maschi,Y35-44,35-44 anni,7,Diploma,2019,87.93001,,
A,Annuale,IT,Italia,EMP_R,Tasso di occupazione,1,Maschi,Y35-44,35-44 anni,7,Diploma,2020,87.107363,,
A,Annuale,IT,Italia,EMP_R,Tasso di occupazione,1,Maschi,Y35-44,35-44 anni,7,Diploma,2021,86.609542,,
A,Annuale,IT,Italia,EMP_R,Tasso di occupazione,1,Maschi,Y35-44,35-44 anni,7,Diploma,2022,88.636603,,
A,Annuale,IT,Italia,EMP_R,Tasso di occupazione,1,Maschi,Y35-44,35-44 anni,7,Diploma,2023,89.374303,,
A,Annuale,IT,Italia,EMP_R,Tasso di occupazione,1,Maschi,Y35-44,35-44 anni,7,Diploma,2024,88.904407,,
A,Annuale,IT,Italia,EMP_R,Tasso di occupazione,1,Maschi,Y35-44,35-44 anni,11,Laurea e post-laurea,2018,91.944578,,
A,Annuale,IT,Italia,EMP_R,Tasso di occupazione,1,Maschi,Y35-44,35-44 anni,11,Laurea e post-laurea,2019,92.746132,,
A,Annuale,IT,Italia,EMP_R,Tasso di occupazione,1,Maschi,Y35-44,35-44 anni,11,Laurea e post-laurea,2020,92.405399,,
A,Annuale,IT,Italia,EMP_R,Tasso di occupazione,1,Maschi,Y35-44,35-44 anni,11,Laurea e post-laurea,2021,93.073356,,
A,Annuale,IT,Italia,EMP_R,Tasso di occupazione,1,Maschi,Y35-44,35-44 anni,11,Laurea e post-laurea,2022,94.04313,,
A,Annuale,IT,Italia,EMP_R,Tasso di occupazione,1,Maschi,Y35-44,35-44 anni,11,Laurea e post-laurea,2023,94.481592,,
A,Annuale,IT,Italia,EMP_R,Tasso di occupazione,1,Maschi,Y35-44,35-44 anni,11,Laurea e post-laurea,2024,94.854023,,
A,Annuale,IT,Italia,EMP_R,Tasso di occupazione,1,Maschi,Y35-44,35-44 anni,99,Totale,2018,84.206866,,
A,Annuale,IT,Italia,EMP_R,Tasso di occupazione,1,Maschi,Y35-44,35-44 anni,99,Totale,2019,84.694037,,
A,Annuale,IT,Italia,EMP_R,Tasso di occupazione,1,Maschi,Y35-44,35-44 anni,99,Totale,2020,83.375587,,
A,Annuale,IT,Italia,EMP_R,Tasso di occupazione,1,Maschi,Y35-44,35-44 anni,99,Totale,2021,83.557729,,
A,Annuale,IT,Italia,EMP_R,Tasso di occupazione,1,Maschi,Y35-44,35-44 anni,99,Totale,2022,85.384379,,
A,Annuale,IT,Italia,EMP_R,Tasso di occupazione,1,Maschi,Y35-44,35-44 anni,99,Totale,2023,86.591812,,
A,Annuale,IT,Italia,EMP_R,Tasso di occupazione,1,Maschi,Y35-44,35-44 anni,99,Totale,2024,86.852509,,
A,Annuale,IT,Italia,EMP_R,Tasso di occupazione,1,Maschi,Y35-49,35-49 anni,13,'Nessun titolo di studio, licenza di scuola elementare e media',2018,76.315143,,
A,Annuale,IT,Italia,EMP_R,Tasso di occupazione,1,Maschi,Y35-49,35-49 anni,13,'Nessun titolo di studio, licenza di scuola elementare e media',2019,76.574738,,
A,Annuale,IT,Italia,EMP_R,Tasso di occupazione,1,Maschi,Y35-49,35-49 anni,13,'Nessun titolo di studio, licenza di scuola elementare e media',2020,74.101443,,
A,Annuale,IT,Italia,EMP_R,Tasso di occupazione,1,Maschi,Y35-49,35-49 anni,13,'Nessun titolo di studio, licenza di scuola elementare e media',2021,75.169662,,
A,Annuale,IT,Italia,EMP_R,Tasso di occupazione,1,Maschi,Y35-49,35-49 anni,13,'Nessun titolo di studio, licenza di scuola elementare e media',2022,77.176592,,
A,Annuale,IT,Italia,EMP_R,Tasso di occupazione,1,Maschi,Y35-49,35-49 anni,13,'Nessun titolo di studio, licenza di scuola elementare e media',2023,76.788935,,
A,Annuale,IT,Italia,EMP_R,Tasso di occupazione,1,Maschi,Y35-49,35-49 anni,13,'Nessun titolo di studio, licenza di scuola elementare e media',2024,78.619546,,
A,Annuale,IT,Italia,EMP_R,Tasso di occupazione,1,Maschi,Y35-49,35-49 anni,7,Diploma,2018,88.066842,,
A,Annuale,IT,Italia,EMP_R,Tasso di occupazione,1,Maschi,Y35-49,35-49 anni,7,Diploma,2019,88.323706,,
A,Annuale,IT,Italia,EMP_R,Tasso di occupazione,1,Maschi,Y35-49,35-49 anni,7,Diploma,2020,87.418129,,
A,Annuale,IT,Italia,EMP_R,Tasso di occupazione,1,Maschi,Y35-49,35-49 anni,7,Diploma,2021,87.590637,,
A,Annuale,IT,Italia,EMP_R,Tasso di occupazione,1,Maschi,Y35-49,35-49 anni,7,Diploma,2022,89.606086,,
A,Annuale,IT,Italia,EMP_R,Tasso di occupazione,1,Maschi,Y35-49,35-49 anni,7,Diploma,2023,90.31824,,
A,Annuale,IT,Italia,EMP_R,Tasso di occupazione,1,Maschi,Y35-49,35-49 anni,7,Diploma,2024,90.017836,,
A,Annuale,IT,Italia,EMP_R,Tasso di occupazione,1,Maschi,Y35-49,35-49 anni,11,Laurea e post-laurea,2018,92.909128,,
A,Annuale,IT,Italia,EMP_R,Tasso di occupazione,1,Maschi,Y35-49,35-49 anni,11,Laurea e post-laurea,2019,93.124934,,
A,Annuale,IT,Italia,EMP_R,Tasso di occupazione,1,Maschi,Y35-49,35-49 anni,11,Laurea e post-laurea,2020,92.934408,,
A,Annuale,IT,Italia,EMP_R,Tasso di occupazione,1,Maschi,Y35-49,35-49 anni,11,Laurea e post-laurea,2021,93.681142,,
A,Annuale,IT,Italia,EMP_R,Tasso di occupazione,1,Maschi,Y35-49,35-49 anni,11,Laurea e post-laurea,2022,94.195741,,
A,Annuale,IT,Italia,EMP_R,Tasso di occupazione,1,Maschi,Y35-49,35-49 anni,11,Laurea e post-laurea,2023,94.59347,,
A,Annuale,IT,Italia,EMP_R,Tasso di occupazione,1,Maschi,Y35-49,35-49 anni,11,Laurea e post-laurea,2024,95.307562,,
A,Annuale,IT,Italia,EMP_R,Tasso di occupazione,1,Maschi,Y35-49,35-49 anni,99,Totale,2018,84.361032,,
A,Annuale,IT,Italia,EMP_R,Tasso di occupazione,1,Maschi,Y35-49,35-49 anni,99,Totale,2019,84.701229,,
A,Annuale,IT,Italia,EMP_R,Tasso di occupazione,1,Maschi,Y35-49,35-49 anni,99,Totale,2020,83.414692,,
A,Annuale,IT,Italia,EMP_R,Tasso di occupazione,1,Maschi,Y35-49,35-49 anni,99,Totale,2021,84.047794,,
A,Annuale,IT,Italia,EMP_R,Tasso di occupazione,1,Maschi,Y35-49,35-49 anni,99,Totale,2022,85.945331,,
A,Annuale,IT,Italia,EMP_R,Tasso di occupazione,1,Maschi,Y35-49,35-49 anni,99,Totale,2023,86.674322,,
A,Annuale,IT,Italia,EMP_R,Tasso di occupazione,1,Maschi,Y35-49,35-49 anni,99,Totale,2024,87.437556,,
A,Annuale,IT,Italia,EMP_R,Tasso di occupazione,1,Maschi,Y45-54,45-54 anni,13,'Nessun titolo di studio, licenza di scuola elementare e media',2018,76.560443,,
A,Annuale,IT,Italia,EMP_R,Tasso di occupazione,1,Maschi,Y45-54,45-54 anni,13,'Nessun titolo di studio, licenza di scuola elementare e media',2019,76.6648,,
A,Annuale,IT,Italia,EMP_R,Tasso di occupazione,1,Maschi,Y45-54,45-54 anni,13,'Nessun titolo di studio, licenza di scuola elementare e media',2020,75.390638,,
A,Annuale,IT,Italia,EMP_R,Tasso di occupazione,1,Maschi,Y45-54,45-54 anni,13,'Nessun titolo di studio, licenza di scuola elementare e media',2021,75.857184,,
A,Annuale,IT,Italia,EMP_R,Tasso di occupazione,1,Maschi,Y45-54,45-54 anni,13,'Nessun titolo di studio, licenza di scuola elementare e media',2022,78.125137,,
A,Annuale,IT,Italia,EMP_R,Tasso di occupazione,1,Maschi,Y45-54,45-54 anni,13,'Nessun titolo di studio, licenza di scuola elementare e media',2023,77.596373,,
A,Annuale,IT,Italia,EMP_R,Tasso di occupazione,1,Maschi,Y45-54,45-54 anni,13,'Nessun titolo di studio, licenza di scuola elementare e media',2024,79.276571,,
A,Annuale,IT,Italia,EMP_R,Tasso di occupazione,1,Maschi,Y45-54,45-54 anni,7,Diploma,2018,88.638145,,
A,Annuale,IT,Italia,EMP_R,Tasso di occupazione,1,Maschi,Y45-54,45-54 anni,7,Diploma,2019,89.286179,,
A,Annuale,IT,Italia,EMP_R,Tasso di occupazione,1,Maschi,Y45-54,45-54 anni,7,Diploma,2020,88.153749,,
A,Annuale,IT,Italia,EMP_R,Tasso di occupazione,1,Maschi,Y45-54,45-54 anni,7,Diploma,2021,88.664857,,
A,Annuale,IT,Italia,EMP_R,Tasso di occupazione,1,Maschi,Y45-54,45-54 anni,7,Diploma,2022,90.70032,,
A,Annuale,IT,Italia,EMP_R,Tasso di occupazione,1,Maschi,Y45-54,45-54 anni,7,Diploma,2023,91.601243,,
A,Annuale,IT,Italia,EMP_R,Tasso di occupazione,1,Maschi,Y45-54,45-54 anni,7,Diploma,2024,91.438657,,
A,Annuale,IT,Italia,EMP_R,Tasso di occupazione,1,Maschi,Y45-54,45-54 anni,11,Laurea e post-laurea,2018,95.140208,,
A,Annuale,IT,Italia,EMP_R,Tasso di occupazione,1,Maschi,Y45-54,45-54 anni,11,Laurea e post-laurea,2019,94.946539,,
A,Annuale,IT,Italia,EMP_R,Tasso di occupazione,1,Maschi,Y45-54,45-54 anni,11,Laurea e post-laurea,2020,94.901017,,
A,Annuale,IT,Italia,EMP_R,Tasso di occupazione,1,Maschi,Y45-54,45-54 anni,11,Laurea e post-laurea,2021,94.760187,,
A,Annuale,IT,Italia,EMP_R,Tasso di occupazione,1,Maschi,Y45-54,45-54 anni,11,Laurea e post-laurea,2022,94.771823,,
A,Annuale,IT,Italia,EMP_R,Tasso di occupazione,1,Maschi,Y45-54,45-54 anni,11,Laurea e post-laurea,2023,94.940649,,
A,Annuale,IT,Italia,EMP_R,Tasso di occupazione,1,Maschi,Y45-54,45-54 anni,11,Laurea e post-laurea,2024,95.781028,,
A,Annuale,IT,Italia,EMP_R,Tasso di occupazione,1,Maschi,Y45-54,45-54 anni,99,Totale,2018,84.023541,,
A,Annuale,IT,Italia,EMP_R,Tasso di occupazione,1,Maschi,Y45-54,45-54 anni,99,Totale,2019,84.408396,,
A,Annuale,IT,Italia,EMP_R,Tasso di occupazione,1,Maschi,Y45-54,45-54 anni,99,Totale,2020,83.400124,,
A,Annuale,IT,Italia,EMP_R,Tasso di occupazione,1,Maschi,Y45-54,45-54 anni,99,Totale,2021,83.858727,,
A,Annuale,IT,Italia,EMP_R,Tasso di occupazione,1,Maschi,Y45-54,45-54 anni,99,Totale,2022,85.866149,,
A,Annuale,IT,Italia,EMP_R,Tasso di occupazione,1,Maschi,Y45-54,45-54 anni,99,Totale,2023,86.483648,,
A,Annuale,IT,Italia,EMP_R,Tasso di occupazione,1,Maschi,Y45-54,45-54 anni,99,Totale,2024,87.454603,,
A,Annuale,IT,Italia,EMP_R,Tasso di occupazione,1,Maschi,Y55-64,55-64 anni,13,'Nessun titolo di studio, licenza di scuola elementare e media',2018,52.093776,,
A,Annuale,IT,Italia,EMP_R,Tasso di occupazione,1,Maschi,Y55-64,55-64 anni,13,'Nessun titolo di studio, licenza di scuola elementare e media',2019,52.735131,,
A,Annuale,IT,Italia,EMP_R,Tasso di occupazione,1,Maschi,Y55-64,55-64 anni,13,'Nessun titolo di studio, licenza di scuola elementare e media',2020,52.474197,,
A,Annuale,IT,Italia,EMP_R,Tasso di occupazione,1,Maschi,Y55-64,55-64 anni,13,'Nessun titolo di studio, licenza di scuola elementare e media',2021,53.005148,,
A,Annuale,IT,Italia,EMP_R,Tasso di occupazione,1,Maschi,Y55-64,55-64 anni,13,'Nessun titolo di studio, licenza di scuola elementare e media',2022,55.385262,,
A,Annuale,IT,Italia,EMP_R,Tasso di occupazione,1,Maschi,Y55-64,55-64 anni,13,'Nessun titolo di studio, licenza di scuola elementare e media',2023,57.229318,,
A,Annuale,IT,Italia,EMP_R,Tasso di occupazione,1,Maschi,Y55-64,55-64 anni,13,'Nessun titolo di studio, licenza di scuola elementare e media',2024,59.051085,,
A,Annuale,IT,Italia,EMP_R,Tasso di occupazione,1,Maschi,Y55-64,55-64 anni,7,Diploma,2018,71.558538,,
A,Annuale,IT,Italia,EMP_R,Tasso di occupazione,1,Maschi,Y55-64,55-64 anni,7,Diploma,2019,72.197324,,
A,Annuale,IT,Italia,EMP_R,Tasso di occupazione,1,Maschi,Y55-64,55-64 anni,7,Diploma,2020,70.39507,,
A,Annuale,IT,Italia,EMP_R,Tasso di occupazione,1,Maschi,Y55-64,55-64 anni,7,Diploma,2021,69.995627,,
A,Annuale,IT,Italia,EMP_R,Tasso di occupazione,1,Maschi,Y55-64,55-64 anni,7,Diploma,2022,72.510228,,
A,Annuale,IT,Italia,EMP_R,Tasso di occupazione,1,Maschi,Y55-64,55-64 anni,7,Diploma,2023,74.715607,,
A,Annuale,IT,Italia,EMP_R,Tasso di occupazione,1,Maschi,Y55-64,55-64 anni,7,Diploma,2024,76.99926,,
A,Annuale,IT,Italia,EMP_R,Tasso di occupazione,1,Maschi,Y55-64,55-64 anni,11,Laurea e post-laurea,2018,87.992652,,
A,Annuale,IT,Italia,EMP_R,Tasso di occupazione,1,Maschi,Y55-64,55-64 anni,11,Laurea e post-laurea,2019,87.75194,,
A,Annuale,IT,Italia,EMP_R,Tasso di occupazione,1,Maschi,Y55-64,55-64 anni,11,Laurea e post-laurea,2020,86.734088,,
A,Annuale,IT,Italia,EMP_R,Tasso di occupazione,1,Maschi,Y55-64,55-64 anni,11,Laurea e post-laurea,2021,86.84045,,
A,Annuale,IT,Italia,EMP_R,Tasso di occupazione,1,Maschi,Y55-64,55-64 anni,11,Laurea e post-laurea,2022,87.898461,,
A,Annuale,IT,Italia,EMP_R,Tasso di occupazione,1,Maschi,Y55-64,55-64 anni,11,Laurea e post-laurea,2023,88.846762,,
A,Annuale,IT,Italia,EMP_R,Tasso di occupazione,1,Maschi,Y55-64,55-64 anni,11,Laurea e post-laurea,2024,90.100556,,
A,Annuale,IT,Italia,EMP_R,Tasso di occupazione,1,Maschi,Y55-64,55-64 anni,99,Totale,2018,63.950198,,
A,Annuale,IT,Italia,EMP_R,Tasso di occupazione,1,Maschi,Y55-64,55-64 anni,99,Totale,2019,64.372035,,
A,Annuale,IT,Italia,EMP_R,Tasso di occupazione,1,Maschi,Y55-64,55-64 anni,99,Totale,2020,63.441454,,
A,Annuale,IT,Italia,EMP_R,Tasso di occupazione,1,Maschi,Y55-64,55-64 anni,99,Totale,2021,63.386937,,
A,Annuale,IT,Italia,EMP_R,Tasso di occupazione,1,Maschi,Y55-64,55-64 anni,99,Totale,2022,65.333495,,
A,Annuale,IT,Italia,EMP_R,Tasso di occupazione,1,Maschi,Y55-64,55-64 anni,99,Totale,2023,67.83703,,
A,Annuale,IT,Italia,EMP_R,Tasso di occupazione,1,Maschi,Y55-64,55-64 anni,99,Totale,2024,70.068093,,
A,Annuale,IT,Italia,EMP_R,Tasso di occupazione,1,Maschi,Y50-64,50-64 anni,13,'Nessun titolo di studio, licenza di scuola elementare e media',2018,61.191004,,
A,Annuale,IT,Italia,EMP_R,Tasso di occupazione,1,Maschi,Y50-64,50-64 anni,13,'Nessun titolo di studio, licenza di scuola elementare e media',2019,61.365493,,
A,Annuale,IT,Italia,EMP_R,Tasso di occupazione,1,Maschi,Y50-64,50-64 anni,13,'Nessun titolo di studio, licenza di scuola elementare e media',2020,60.917889,,
A,Annuale,IT,Italia,EMP_R,Tasso di occupazione,1,Maschi,Y50-64,50-64 anni,13,'Nessun titolo di studio, licenza di scuola elementare e media',2021,60.843683,,
A,Annuale,IT,Italia,EMP_R,Tasso di occupazione,1,Maschi,Y50-64,50-64 anni,13,'Nessun titolo di studio, licenza di scuola elementare e media',2022,62.765241,,
A,Annuale,IT,Italia,EMP_R,Tasso di occupazione,1,Maschi,Y50-64,50-64 anni,13,'Nessun titolo di studio, licenza di scuola elementare e media',2023,64.009451,,
A,Annuale,IT,Italia,EMP_R,Tasso di occupazione,1,Maschi,Y50-64,50-64 anni,13,'Nessun titolo di studio, licenza di scuola elementare e media',2024,65.282717,,
A,Annuale,IT,Italia,EMP_R,Tasso di occupazione,1,Maschi,Y50-64,50-64 anni,7,Diploma,2018,78.165706,,
A,Annuale,IT,Italia,EMP_R,Tasso di occupazione,1,Maschi,Y50-64,50-64 anni,7,Diploma,2019,78.895539,,
A,Annuale,IT,Italia,EMP_R,Tasso di occupazione,1,Maschi,Y50-64,50-64 anni,7,Diploma,2020,77.162645,,
A,Annuale,IT,Italia,EMP_R,Tasso di occupazione,1,Maschi,Y50-64,50-64 anni,7,Diploma,2021,76.700473,,
A,Annuale,IT,Italia,EMP_R,Tasso di occupazione,1,Maschi,Y50-64,50-64 anni,7,Diploma,2022,79.041696,,
A,Annuale,IT,Italia,EMP_R,Tasso di occupazione,1,Maschi,Y50-64,50-64 anni,7,Diploma,2023,80.763066,,
A,Annuale,IT,Italia,EMP_R,Tasso di occupazione,1,Maschi,Y50-64,50-64 anni,7,Diploma,2024,82.076984,,
A,Annuale,IT,Italia,EMP_R,Tasso di occupazione,1,Maschi,Y50-64,50-64 anni,11,Laurea e post-laurea,2018,90.799678,,
A,Annuale,IT,Italia,EMP_R,Tasso di occupazione,1,Maschi,Y50-64,50-64 anni,11,Laurea e post-laurea,2019,91.057153,,
A,Annuale,IT,Italia,EMP_R,Tasso di occupazione,1,Maschi,Y50-64,50-64 anni,11,Laurea e post-laurea,2020,90.275225,,
A,Annuale,IT,Italia,EMP_R,Tasso di occupazione,1,Maschi,Y50-64,50-64 anni,11,Laurea e post-laurea,2021,89.858486,,
A,Annuale,IT,Italia,EMP_R,Tasso di occupazione,1,Maschi,Y50-64,50-64 anni,11,Laurea e post-laurea,2022,90.829998,,
A,Annuale,IT,Italia,EMP_R,Tasso di occupazione,1,Maschi,Y50-64,50-64 anni,11,Laurea e post-laurea,2023,91.371243,,
A,Annuale,IT,Italia,EMP_R,Tasso di occupazione,1,Maschi,Y50-64,50-64 anni,11,Laurea e post-laurea,2024,92.231566,,
A,Annuale,IT,Italia,EMP_R,Tasso di occupazione,1,Maschi,Y50-64,50-64 anni,99,Totale,2018,71.379877,,
A,Annuale,IT,Italia,EMP_R,Tasso di occupazione,1,Maschi,Y50-64,50-64 anni,99,Totale,2019,71.810411,,
A,Annuale,IT,Italia,EMP_R,Tasso di occupazione,1,Maschi,Y50-64,50-64 anni,99,Totale,2020,70.785025,,
A,Annuale,IT,Italia,EMP_R,Tasso di occupazione,1,Maschi,Y50-64,50-64 anni,99,Totale,2021,70.455371,,
A,Annuale,IT,Italia,EMP_R,Tasso di occupazione,1,Maschi,Y50-64,50-64 anni,99,Totale,2022,72.311787,,
A,Annuale,IT,Italia,EMP_R,Tasso di occupazione,1,Maschi,Y50-64,50-64 anni,99,Totale,2023,74.265095,,
A,Annuale,IT,Italia,EMP_R,Tasso di occupazione,1,Maschi,Y50-64,50-64 anni,99,Totale,2024,75.816586,,
A,Annuale,IT,Italia,EMP_R,Tasso di occupazione,1,Maschi,Y20-64,20-64 anni,13,'Nessun titolo di studio, licenza di scuola elementare e media',2018,66.321836,,
A,Annuale,IT,Italia,EMP_R,Tasso di occupazione,1,Maschi,Y20-64,20-64 anni,13,'Nessun titolo di studio, licenza di scuola elementare e media',2019,66.530263,,
A,Annuale,IT,Italia,EMP_R,Tasso di occupazione,1,Maschi,Y20-64,20-64 anni,13,'Nessun titolo di studio, licenza di scuola elementare e media',2020,64.786957,,
A,Annuale,IT,Italia,EMP_R,Tasso di occupazione,1,Maschi,Y20-64,20-64 anni,13,'Nessun titolo di studio, licenza di scuola elementare e media',2021,65.346021,,
A,Annuale,IT,Italia,EMP_R,Tasso di occupazione,1,Maschi,Y20-64,20-64 anni,13,'Nessun titolo di studio, licenza di scuola elementare e media',2022,67.6552,,
A,Annuale,IT,Italia,EMP_R,Tasso di occupazione,1,Maschi,Y20-64,20-64 anni,13,'Nessun titolo di studio, licenza di scuola elementare e media',2023,68.366357,,
A,Annuale,IT,Italia,EMP_R,Tasso di occupazione,1,Maschi,Y20-64,20-64 anni,13,'Nessun titolo di studio, licenza di scuola elementare e media',2024,69.699003,,
A,Annuale,IT,Italia,EMP_R,Tasso di occupazione,1,Maschi,Y20-64,20-64 anni,7,Diploma,2018,74.819644,,
A,Annuale,IT,Italia,EMP_R,Tasso di occupazione,1,Maschi,Y20-64,20-64 anni,7,Diploma,2019,75.55894,,
A,Annuale,IT,Italia,EMP_R,Tasso di occupazione,1,Maschi,Y20-64,20-64 anni,7,Diploma,2020,73.993888,,
A,Annuale,IT,Italia,EMP_R,Tasso di occupazione,1,Maschi,Y20-64,20-64 anni,7,Diploma,2021,74.649737,,
A,Annuale,IT,Italia,EMP_R,Tasso di occupazione,1,Maschi,Y20-64,20-64 anni,7,Diploma,2022,77.062563,,
A,Annuale,IT,Italia,EMP_R,Tasso di occupazione,1,Maschi,Y20-64,20-64 anni,7,Diploma,2023,78.25727,,
A,Annuale,IT,Italia,EMP_R,Tasso di occupazione,1,Maschi,Y20-64,20-64 anni,7,Diploma,2024,78.304513,,
A,Annuale,IT,Italia,EMP_R,Tasso di occupazione,1,Maschi,Y20-64,20-64 anni,11,Laurea e post-laurea,2018,83.459822,,
A,Annuale,IT,Italia,EMP_R,Tasso di occupazione,1,Maschi,Y20-64,20-64 anni,11,Laurea e post-laurea,2019,83.344665,,
A,Annuale,IT,Italia,EMP_R,Tasso di occupazione,1,Maschi,Y20-64,20-64 anni,11,Laurea e post-laurea,2020,82.631405,,
A,Annuale,IT,Italia,EMP_R,Tasso di occupazione,1,Maschi,Y20-64,20-64 anni,11,Laurea e post-laurea,2021,83.122755,,
A,Annuale,IT,Italia,EMP_R,Tasso di occupazione,1,Maschi,Y20-64,20-64 anni,11,Laurea e post-laurea,2022,84.674615,,
A,Annuale,IT,Italia,EMP_R,Tasso di occupazione,1,Maschi,Y20-64,20-64 anni,11,Laurea e post-laurea,2023,85.569059,,
A,Annuale,IT,Italia,EMP_R,Tasso di occupazione,1,Maschi,Y20-64,20-64 anni,11,Laurea e post-laurea,2024,86.218295,,
A,Annuale,IT,Italia,EMP_R,Tasso di occupazione,1,Maschi,Y20-64,20-64 anni,99,Totale,2018,72.870649,,
A,Annuale,IT,Italia,EMP_R,Tasso di occupazione,1,Maschi,Y20-64,20-64 anni,99,Totale,2019,73.318612,,
A,Annuale,IT,Italia,EMP_R,Tasso di occupazione,1,Maschi,Y20-64,20-64 anni,99,Totale,2020,71.839491,,
A,Annuale,IT,Italia,EMP_R,Tasso di occupazione,1,Maschi,Y20-64,20-64 anni,99,Totale,2021,72.423956,,
A,Annuale,IT,Italia,EMP_R,Tasso di occupazione,1,Maschi,Y20-64,20-64 anni,99,Totale,2022,74.725921,,
A,Annuale,IT,Italia,EMP_R,Tasso di occupazione,1,Maschi,Y20-64,20-64 anni,99,Totale,2023,76.015191,,
A,Annuale,IT,Italia,EMP_R,Tasso di occupazione,1,Maschi,Y20-64,20-64 anni,99,Totale,2024,76.752134,,
A,Annuale,IT,Italia,EMP_R,Tasso di occupazione,1,Maschi,Y15-64,15-64 anni,13,'Nessun titolo di studio, licenza di scuola elementare e media',2018,56.286397,,
A,Annuale,IT,Italia,EMP_R,Tasso di occupazione,1,Maschi,Y15-64,15-64 anni,13,'Nessun titolo di studio, licenza di scuola elementare e media',2019,56.429904,,
A,Annuale,IT,Italia,EMP_R,Tasso di occupazione,1,Maschi,Y15-64,15-64 anni,13,'Nessun titolo di studio, licenza di scuola elementare e media',2020,54.900261,,
A,Annuale,IT,Italia,EMP_R,Tasso di occupazione,1,Maschi,Y15-64,15-64 anni,13,'Nessun titolo di studio, licenza di scuola elementare e media',2021,55.366531,,
A,Annuale,IT,Italia,EMP_R,Tasso di occupazione,1,Maschi,Y15-64,15-64 anni,13,'Nessun titolo di studio, licenza di scuola elementare e media',2022,57.268868,,
A,Annuale,IT,Italia,EMP_R,Tasso di occupazione,1,Maschi,Y15-64,15-64 anni,13,'Nessun titolo di studio, licenza di scuola elementare e media',2023,57.290379,,
A,Annuale,IT,Italia,EMP_R,Tasso di occupazione,1,Maschi,Y15-64,15-64 anni,13,'Nessun titolo di studio, licenza di scuola elementare e media',2024,57.966491,,
A,Annuale,IT,Italia,EMP_R,Tasso di occupazione,1,Maschi,Y15-64,15-64 anni,7,Diploma,2018,73.383161,,
A,Annuale,IT,Italia,EMP_R,Tasso di occupazione,1,Maschi,Y15-64,15-64 anni,7,Diploma,2019,74.074201,,
A,Annuale,IT,Italia,EMP_R,Tasso di occupazione,1,Maschi,Y15-64,15-64 anni,7,Diploma,2020,72.451221,,
A,Annuale,IT,Italia,EMP_R,Tasso di occupazione,1,Maschi,Y15-64,15-64 anni,7,Diploma,2021,73.061609,,
A,Annuale,IT,Italia,EMP_R,Tasso di occupazione,1,Maschi,Y15-64,15-64 anni,7,Diploma,2022,75.337167,,
A,Annuale,IT,Italia,EMP_R,Tasso di occupazione,1,Maschi,Y15-64,15-64 anni,7,Diploma,2023,76.574138,,
A,Annuale,IT,Italia,EMP_R,Tasso di occupazione,1,Maschi,Y15-64,15-64 anni,7,Diploma,2024,76.726108,,
A,Annuale,IT,Italia,EMP_R,Tasso di occupazione,1,Maschi,Y15-64,15-64 anni,11,Laurea e post-laurea,2018,83.453926,,
A,Annuale,IT,Italia,EMP_R,Tasso di occupazione,1,Maschi,Y15-64,15-64 anni,11,Laurea e post-laurea,2019,83.3288,,
A,Annuale,IT,Italia,EMP_R,Tasso di occupazione,1,Maschi,Y15-64,15-64 anni,11,Laurea e post-laurea,2020,82.626819,,
A,Annuale,IT,Italia,EMP_R,Tasso di occupazione,1,Maschi,Y15-64,15-64 anni,11,Laurea e post-laurea,2021,83.121443,,
A,Annuale,IT,Italia,EMP_R,Tasso di occupazione,1,Maschi,Y15-64,15-64 anni,11,Laurea e post-laurea,2022,84.674719,,
A,Annuale,IT,Italia,EMP_R,Tasso di occupazione,1,Maschi,Y15-64,15-64 anni,11,Laurea e post-laurea,2023,85.565872,,
A,Annuale,IT,Italia,EMP_R,Tasso di occupazione,1,Maschi,Y15-64,15-64 anni,11,Laurea e post-laurea,2024,86.218295,,
A,Annuale,IT,Italia,EMP_R,Tasso di occupazione,1,Maschi,Y15-64,15-64 anni,99,Totale,2018,67.557619,,
A,Annuale,IT,Italia,EMP_R,Tasso di occupazione,1,Maschi,Y15-64,15-64 anni,99,Totale,2019,67.978149,,
A,Annuale,IT,Italia,EMP_R,Tasso di occupazione,1,Maschi,Y15-64,15-64 anni,99,Totale,2020,66.550086,,
A,Annuale,IT,Italia,EMP_R,Tasso di occupazione,1,Maschi,Y15-64,15-64 anni,99,Totale,2021,67.079496,,
A,Annuale,IT,Italia,EMP_R,Tasso di occupazione,1,Maschi,Y15-64,15-64 anni,99,Totale,2022,69.196611,,
A,Annuale,IT,Italia,EMP_R,Tasso di occupazione,1,Maschi,Y15-64,15-64 anni,99,Totale,2023,70.412215,,
A,Annuale,IT,Italia,EMP_R,Tasso di occupazione,1,Maschi,Y15-64,15-64 anni,99,Totale,2024,71.063068,,
A,Annuale,IT,Italia,EMP_R,Tasso di occupazione,1,Maschi,Y15-74,15-74 anni,13,'Nessun titolo di studio, licenza di scuola elementare e media',2018,47.228602,,
A,Annuale,IT,Italia,EMP_R,Tasso di occupazione,1,Maschi,Y15-74,15-74 anni,13,'Nessun titolo di studio, licenza di scuola elementare e media',2019,47.330956,,
A,Annuale,IT,Italia,EMP_R,Tasso di occupazione,1,Maschi,Y15-74,15-74 anni,13,'Nessun titolo di studio, licenza di scuola elementare e media',2020,45.848247,,
A,Annuale,IT,Italia,EMP_R,Tasso di occupazione,1,Maschi,Y15-74,15-74 anni,13,'Nessun titolo di studio, licenza di scuola elementare e media',2021,46.180509,,
A,Annuale,IT,Italia,EMP_R,Tasso di occupazione,1,Maschi,Y15-74,15-74 anni,13,'Nessun titolo di studio, licenza di scuola elementare e media',2022,47.491543,,
A,Annuale,IT,Italia,EMP_R,Tasso di occupazione,1,Maschi,Y15-74,15-74 anni,13,'Nessun titolo di studio, licenza di scuola elementare e media',2023,47.582031,,
A,Annuale,IT,Italia,EMP_R,Tasso di occupazione,1,Maschi,Y15-74,15-74 anni,13,'Nessun titolo di studio, licenza di scuola elementare e media',2024,48.328813,,
A,Annuale,IT,Italia,EMP_R,Tasso di occupazione,1,Maschi,Y15-74,15-74 anni,7,Diploma,2018,67.704311,,
A,Annuale,IT,Italia,EMP_R,Tasso di occupazione,1,Maschi,Y15-74,15-74 anni,7,Diploma,2019,68.026901,,
A,Annuale,IT,Italia,EMP_R,Tasso di occupazione,1,Maschi,Y15-74,15-74 anni,7,Diploma,2020,66.330725,,
A,Annuale,IT,Italia,EMP_R,Tasso di occupazione,1,Maschi,Y15-74,15-74 anni,7,Diploma,2021,66.805214,,
A,Annuale,IT,Italia,EMP_R,Tasso di occupazione,1,Maschi,Y15-74,15-74 anni,7,Diploma,2022,68.955963,,
A,Annuale,IT,Italia,EMP_R,Tasso di occupazione,1,Maschi,Y15-74,15-74 anni,7,Diploma,2023,69.740091,,
A,Annuale,IT,Italia,EMP_R,Tasso di occupazione,1,Maschi,Y15-74,15-74 anni,7,Diploma,2024,69.753069,,
A,Annuale,IT,Italia,EMP_R,Tasso di occupazione,1,Maschi,Y15-74,15-74 anni,11,Laurea e post-laurea,2018,76.959901,,
A,Annuale,IT,Italia,EMP_R,Tasso di occupazione,1,Maschi,Y15-74,15-74 anni,11,Laurea e post-laurea,2019,76.90481,,
A,Annuale,IT,Italia,EMP_R,Tasso di occupazione,1,Maschi,Y15-74,15-74 anni,11,Laurea e post-laurea,2020,76.545712,,
A,Annuale,IT,Italia,EMP_R,Tasso di occupazione,1,Maschi,Y15-74,15-74 anni,11,Laurea e post-laurea,2021,77.304339,,
A,Annuale,IT,Italia,EMP_R,Tasso di occupazione,1,Maschi,Y15-74,15-74 anni,11,Laurea e post-laurea,2022,78.797346,,
A,Annuale,IT,Italia,EMP_R,Tasso di occupazione,1,Maschi,Y15-74,15-74 anni,11,Laurea e post-laurea,2023,79.461561,,
A,Annuale,IT,Italia,EMP_R,Tasso di occupazione,1,Maschi,Y15-74,15-74 anni,11,Laurea e post-laurea,2024,79.980485,,
A,Annuale,IT,Italia,EMP_R,Tasso di occupazione,1,Maschi,Y15-74,15-74 anni,99,Totale,2018,59.77672,,
A,Annuale,IT,Italia,EMP_R,Tasso di occupazione,1,Maschi,Y15-74,15-74 anni,99,Totale,2019,60.054601,,
A,Annuale,IT,Italia,EMP_R,Tasso di occupazione,1,Maschi,Y15-74,15-74 anni,99,Totale,2020,58.646241,,
A,Annuale,IT,Italia,EMP_R,Tasso di occupazione,1,Maschi,Y15-74,15-74 anni,99,Totale,2021,59.057278,,
A,Annuale,IT,Italia,EMP_R,Tasso di occupazione,1,Maschi,Y15-74,15-74 anni,99,Totale,2022,60.813458,,
A,Annuale,IT,Italia,EMP_R,Tasso di occupazione,1,Maschi,Y15-74,15-74 anni,99,Totale,2023,61.929134,,
A,Annuale,IT,Italia,EMP_R,Tasso di occupazione,1,Maschi,Y15-74,15-74 anni,99,Totale,2024,62.595636,,
A,Annuale,IT,Italia,EMP_R,Tasso di occupazione,1,Maschi,Y50-89,50-89 anni,13,'Nessun titolo di studio, licenza di scuola elementare e media',2018,30.105074,,
A,Annuale,IT,Italia,EMP_R,Tasso di occupazione,1,Maschi,Y50-89,50-89 anni,13,'Nessun titolo di studio, licenza di scuola elementare e media',2019,30.536315,,
A,Annuale,IT,Italia,EMP_R,Tasso di occupazione,1,Maschi,Y50-89,50-89 anni,13,'Nessun titolo di studio, licenza di scuola elementare e media',2020,30.195437,,
A,Annuale,IT,Italia,EMP_R,Tasso di occupazione,1,Maschi,Y50-89,50-89 anni,13,'Nessun titolo di studio, licenza di scuola elementare e media',2021,30.393243,,
A,Annuale,IT,Italia,EMP_R,Tasso di occupazione,1,Maschi,Y50-89,50-89 anni,13,'Nessun titolo di studio, licenza di scuola elementare e media',2022,31.412832,,
A,Annuale,IT,Italia,EMP_R,Tasso di occupazione,1,Maschi,Y50-89,50-89 anni,13,'Nessun titolo di studio, licenza di scuola elementare e media',2023,31.852332,,
A,Annuale,IT,Italia,EMP_R,Tasso di occupazione,1,Maschi,Y50-89,50-89 anni,13,'Nessun titolo di studio, licenza di scuola elementare e media',2024,32.252851,,
A,Annuale,IT,Italia,EMP_R,Tasso di occupazione,1,Maschi,Y50-89,50-89 anni,7,Diploma,2018,54.406813,,
A,Annuale,IT,Italia,EMP_R,Tasso di occupazione,1,Maschi,Y50-89,50-89 anni,7,Diploma,2019,54.305463,,
A,Annuale,IT,Italia,EMP_R,Tasso di occupazione,1,Maschi,Y50-89,50-89 anni,7,Diploma,2020,53.14494,,
A,Annuale,IT,Italia,EMP_R,Tasso di occupazione,1,Maschi,Y50-89,50-89 anni,7,Diploma,2021,53.141243,,
A,Annuale,IT,Italia,EMP_R,Tasso di occupazione,1,Maschi,Y50-89,50-89 anni,7,Diploma,2022,54.059907,,
A,Annuale,IT,Italia,EMP_R,Tasso di occupazione,1,Maschi,Y50-89,50-89 anni,7,Diploma,2023,54.615997,,
A,Annuale,IT,Italia,EMP_R,Tasso di occupazione,1,Maschi,Y50-89,50-89 anni,7,Diploma,2024,55.296266,,
A,Annuale,IT,Italia,EMP_R,Tasso di occupazione,1,Maschi,Y50-89,50-89 anni,11,Laurea e post-laurea,2018,62.116259,,
A,Annuale,IT,Italia,EMP_R,Tasso di occupazione,1,Maschi,Y50-89,50-89 anni,11,Laurea e post-laurea,2019,62.783298,,
A,Annuale,IT,Italia,EMP_R,Tasso di occupazione,1,Maschi,Y50-89,50-89 anni,11,Laurea e post-laurea,2020,62.506512,,
A,Annuale,IT,Italia,EMP_R,Tasso di occupazione,1,Maschi,Y50-89,50-89 anni,11,Laurea e post-laurea,2021,64.865988,,
A,Annuale,IT,Italia,EMP_R,Tasso di occupazione,1,Maschi,Y50-89,50-89 anni,11,Laurea e post-laurea,2022,64.496319,,
A,Annuale,IT,Italia,EMP_R,Tasso di occupazione,1,Maschi,Y50-89,50-89 anni,11,Laurea e post-laurea,2023,64.72618,,
A,Annuale,IT,Italia,EMP_R,Tasso di occupazione,1,Maschi,Y50-89,50-89 anni,11,Laurea e post-laurea,2024,65.139218,,
A,Annuale,IT,Italia,EMP_R,Tasso di occupazione,1,Maschi,Y50-89,50-89 anni,99,Totale,2018,41.199268,,
A,Annuale,IT,Italia,EMP_R,Tasso di occupazione,1,Maschi,Y50-89,50-89 anni,99,Totale,2019,41.632985,,
A,Annuale,IT,Italia,EMP_R,Tasso di occupazione,1,Maschi,Y50-89,50-89 anni,99,Totale,2020,41.00625,,
A,Annuale,IT,Italia,EMP_R,Tasso di occupazione,1,Maschi,Y50-89,50-89 anni,99,Totale,2021,41.146875,,
A,Annuale,IT,Italia,EMP_R,Tasso di occupazione,1,Maschi,Y50-89,50-89 anni,99,Totale,2022,41.94766,,
A,Annuale,IT,Italia,EMP_R,Tasso di occupazione,1,Maschi,Y50-89,50-89 anni,99,Totale,2023,43.21853,,
A,Annuale,IT,Italia,EMP_R,Tasso di occupazione,1,Maschi,Y50-89,50-89 anni,99,Totale,2024,44.1018,,
A,Annuale,IT,Italia,EMP_R,Tasso di occupazione,1,Maschi,Y15-89,15-89 anni,13,'Nessun titolo di studio, licenza di scuola elementare e media',2018,39.807994,,
A,Annuale,IT,Italia,EMP_R,Tasso di occupazione,1,Maschi,Y15-89,15-89 anni,13,'Nessun titolo di studio, licenza di scuola elementare e media',2019,39.867242,,
A,Annuale,IT,Italia,EMP_R,Tasso di occupazione,1,Maschi,Y15-89,15-89 anni,13,'Nessun titolo di studio, licenza di scuola elementare e media',2020,38.499251,,
A,Annuale,IT,Italia,EMP_R,Tasso di occupazione,1,Maschi,Y15-89,15-89 anni,13,'Nessun titolo di studio, licenza di scuola elementare e media',2021,38.653068,,
A,Annuale,IT,Italia,EMP_R,Tasso di occupazione,1,Maschi,Y15-89,15-89 anni,13,'Nessun titolo di studio, licenza di scuola elementare e media',2022,39.609691,,
A,Annuale,IT,Italia,EMP_R,Tasso di occupazione,1,Maschi,Y15-89,15-89 anni,13,'Nessun titolo di studio, licenza di scuola elementare e media',2023,39.39577,,
A,Annuale,IT,Italia,EMP_R,Tasso di occupazione,1,Maschi,Y15-89,15-89 anni,13,'Nessun titolo di studio, licenza di scuola elementare e media',2024,39.753492,,
A,Annuale,IT,Italia,EMP_R,Tasso di occupazione,1,Maschi,Y15-89,15-89 anni,7,Diploma,2018,64.883069,,
A,Annuale,IT,Italia,EMP_R,Tasso di occupazione,1,Maschi,Y15-89,15-89 anni,7,Diploma,2019,65.102873,,
A,Annuale,IT,Italia,EMP_R,Tasso di occupazione,1,Maschi,Y15-89,15-89 anni,7,Diploma,2020,63.498865,,
A,Annuale,IT,Italia,EMP_R,Tasso di occupazione,1,Maschi,Y15-89,15-89 anni,7,Diploma,2021,64.09567,,
A,Annuale,IT,Italia,EMP_R,Tasso di occupazione,1,Maschi,Y15-89,15-89 anni,7,Diploma,2022,65.790538,,
A,Annuale,IT,Italia,EMP_R,Tasso di occupazione,1,Maschi,Y15-89,15-89 anni,7,Diploma,2023,66.176218,,
A,Annuale,IT,Italia,EMP_R,Tasso di occupazione,1,Maschi,Y15-89,15-89 anni,7,Diploma,2024,66.099244,,
A,Annuale,IT,Italia,EMP_R,Tasso di occupazione,1,Maschi,Y15-89,15-89 anni,11,Laurea e post-laurea,2018,72.838174,,
A,Annuale,IT,Italia,EMP_R,Tasso di occupazione,1,Maschi,Y15-89,15-89 anni,11,Laurea e post-laurea,2019,72.787097,,
A,Annuale,IT,Italia,EMP_R,Tasso di occupazione,1,Maschi,Y15-89,15-89 anni,11,Laurea e post-laurea,2020,72.351314,,
A,Annuale,IT,Italia,EMP_R,Tasso di occupazione,1,Maschi,Y15-89,15-89 anni,11,Laurea e post-laurea,2021,73.883204,,
A,Annuale,IT,Italia,EMP_R,Tasso di occupazione,1,Maschi,Y15-89,15-89 anni,11,Laurea e post-laurea,2022,74.807781,,
A,Annuale,IT,Italia,EMP_R,Tasso di occupazione,1,Maschi,Y15-89,15-89 anni,11,Laurea e post-laurea,2023,75.292076,,
A,Annuale,IT,Italia,EMP_R,Tasso di occupazione,1,Maschi,Y15-89,15-89 anni,11,Laurea e post-laurea,2024,75.566661,,
A,Annuale,IT,Italia,EMP_R,Tasso di occupazione,1,Maschi,Y15-89,15-89 anni,99,Totale,2018,53.84428,,
A,Annuale,IT,Italia,EMP_R,Tasso di occupazione,1,Maschi,Y15-89,15-89 anni,99,Totale,2019,54.071111,,
A,Annuale,IT,Italia,EMP_R,Tasso di occupazione,1,Maschi,Y15-89,15-89 anni,99,Totale,2020,52.729162,,
A,Annuale,IT,Italia,EMP_R,Tasso di occupazione,1,Maschi,Y15-89,15-89 anni,99,Totale,2021,53.117048,,
A,Annuale,IT,Italia,EMP_R,Tasso di occupazione,1,Maschi,Y15-89,15-89 anni,99,Totale,2022,54.462928,,
A,Annuale,IT,Italia,EMP_R,Tasso di occupazione,1,Maschi,Y15-89,15-89 anni,99,Totale,2023,55.326465,,
A,Annuale,IT,Italia,EMP_R,Tasso di occupazione,1,Maschi,Y15-89,15-89 anni,99,Totale,2024,55.809456,,
A,Annuale,IT,Italia,EMP_R,Tasso di occupazione,1,Maschi,Y50-74,50-74 anni,13,'Nessun titolo di studio, licenza di scuola elementare e media',2018,41.200286,,
A,Annuale,IT,Italia,EMP_R,Tasso di occupazione,1,Maschi,Y50-74,50-74 anni,13,'Nessun titolo di studio, licenza di scuola elementare e media',2019,41.626596,,
A,Annuale,IT,Italia,EMP_R,Tasso di occupazione,1,Maschi,Y50-74,50-74 anni,13,'Nessun titolo di studio, licenza di scuola elementare e media',2020,41.209146,,
A,Annuale,IT,Italia,EMP_R,Tasso di occupazione,1,Maschi,Y50-74,50-74 anni,13,'Nessun titolo di studio, licenza di scuola elementare e media',2021,41.429012,,
A,Annuale,IT,Italia,EMP_R,Tasso di occupazione,1,Maschi,Y50-74,50-74 anni,13,'Nessun titolo di studio, licenza di scuola elementare e media',2022,42.773031,,
A,Annuale,IT,Italia,EMP_R,Tasso di occupazione,1,Maschi,Y50-74,50-74 anni,13,'Nessun titolo di studio, licenza di scuola elementare e media',2023,43.814796,,
A,Annuale,IT,Italia,EMP_R,Tasso di occupazione,1,Maschi,Y50-74,50-74 anni,13,'Nessun titolo di studio, licenza di scuola elementare e media',2024,44.93171,,
A,Annuale,IT,Italia,EMP_R,Tasso di occupazione,1,Maschi,Y50-74,50-74 anni,7,Diploma,2018,60.981743,,
A,Annuale,IT,Italia,EMP_R,Tasso di occupazione,1,Maschi,Y50-74,50-74 anni,7,Diploma,2019,60.938459,,
A,Annuale,IT,Italia,EMP_R,Tasso di occupazione,1,Maschi,Y50-74,50-74 anni,7,Diploma,2020,59.420904,,
A,Annuale,IT,Italia,EMP_R,Tasso di occupazione,1,Maschi,Y50-74,50-74 anni,7,Diploma,2021,59.03258,,
A,Annuale,IT,Italia,EMP_R,Tasso di occupazione,1,Maschi,Y50-74,50-74 anni,7,Diploma,2022,60.948312,,
A,Annuale,IT,Italia,EMP_R,Tasso di occupazione,1,Maschi,Y50-74,50-74 anni,7,Diploma,2023,62.081711,,
A,Annuale,IT,Italia,EMP_R,Tasso di occupazione,1,Maschi,Y50-74,50-74 anni,7,Diploma,2024,62.944691,,
A,Annuale,IT,Italia,EMP_R,Tasso di occupazione,1,Maschi,Y50-74,50-74 anni,11,Laurea e post-laurea,2018,71.223784,,
A,Annuale,IT,Italia,EMP_R,Tasso di occupazione,1,Maschi,Y50-74,50-74 anni,11,Laurea e post-laurea,2019,71.857059,,
A,Annuale,IT,Italia,EMP_R,Tasso di occupazione,1,Maschi,Y50-74,50-74 anni,11,Laurea e post-laurea,2020,71.884794,,
A,Annuale,IT,Italia,EMP_R,Tasso di occupazione,1,Maschi,Y50-74,50-74 anni,11,Laurea e post-laurea,2021,72.564897,,
A,Annuale,IT,Italia,EMP_R,Tasso di occupazione,1,Maschi,Y50-74,50-74 anni,11,Laurea e post-laurea,2022,73.455965,,
A,Annuale,IT,Italia,EMP_R,Tasso di occupazione,1,Maschi,Y50-74,50-74 anni,11,Laurea e post-laurea,2023,73.837301,,
A,Annuale,IT,Italia,EMP_R,Tasso di occupazione,1,Maschi,Y50-74,50-74 anni,11,Laurea e post-laurea,2024,74.64671,,
A,Annuale,IT,Italia,EMP_R,Tasso di occupazione,1,Maschi,Y50-74,50-74 anni,99,Totale,2018,51.760463,,
A,Annuale,IT,Italia,EMP_R,Tasso di occupazione,1,Maschi,Y50-74,50-74 anni,99,Totale,2019,52.15965,,
A,Annuale,IT,Italia,EMP_R,Tasso di occupazione,1,Maschi,Y50-74,50-74 anni,99,Totale,2020,51.360609,,
A,Annuale,IT,Italia,EMP_R,Tasso di occupazione,1,Maschi,Y50-74,50-74 anni,99,Totale,2021,51.313828,,
A,Annuale,IT,Italia,EMP_R,Tasso di occupazione,1,Maschi,Y50-74,50-74 anni,99,Totale,2022,52.673312,,
A,Annuale,IT,Italia,EMP_R,Tasso di occupazione,1,Maschi,Y50-74,50-74 anni,99,Totale,2023,54.395472,,
A,Annuale,IT,Italia,EMP_R,Tasso di occupazione,1,Maschi,Y50-74,50-74 anni,99,Totale,2024,55.732318,,
A,Annuale,IT,Italia,EMP_R,Tasso di occupazione,2,Femmine,Y15-24,15-24 anni,13,'Nessun titolo di studio, licenza di scuola elementare e media',2018,5.201461,,
A,Annuale,IT,Italia,EMP_R,Tasso di occupazione,2,Femmine,Y15-24,15-24 anni,13,'Nessun titolo di studio, licenza di scuola elementare e media',2019,5.104747,,
A,Annuale,IT,Italia,EMP_R,Tasso di occupazione,2,Femmine,Y15-24,15-24 anni,13,'Nessun titolo di studio, licenza di scuola elementare e media',2020,4.288811,,
A,Annuale,IT,Italia,EMP_R,Tasso di occupazione,2,Femmine,Y15-24,15-24 anni,13,'Nessun titolo di studio, licenza di scuola elementare e media',2021,3.79338,,
A,Annuale,IT,Italia,EMP_R,Tasso di occupazione,2,Femmine,Y15-24,15-24 anni,13,'Nessun titolo di studio, licenza di scuola elementare e media',2022,4.266907,,
A,Annuale,IT,Italia,EMP_R,Tasso di occupazione,2,Femmine,Y15-24,15-24 anni,13,'Nessun titolo di studio, licenza di scuola elementare e media',2023,4.234255,,
A,Annuale,IT,Italia,EMP_R,Tasso di occupazione,2,Femmine,Y15-24,15-24 anni,13,'Nessun titolo di studio, licenza di scuola elementare e media',2024,4.044264,,
A,Annuale,IT,Italia,EMP_R,Tasso di occupazione,2,Femmine,Y15-24,15-24 anni,7,Diploma,2018,23.005846,,
A,Annuale,IT,Italia,EMP_R,Tasso di occupazione,2,Femmine,Y15-24,15-24 anni,7,Diploma,2019,24.335466,,
A,Annuale,IT,Italia,EMP_R,Tasso di occupazione,2,Femmine,Y15-24,15-24 anni,7,Diploma,2020,20.534696,,
A,Annuale,IT,Italia,EMP_R,Tasso di occupazione,2,Femmine,Y15-24,15-24 anni,7,Diploma,2021,21.716377,,
A,Annuale,IT,Italia,EMP_R,Tasso di occupazione,2,Femmine,Y15-24,15-24 anni,7,Diploma,2022,25.860606,,
A,Annuale,IT,Italia,EMP_R,Tasso di occupazione,2,Femmine,Y15-24,15-24 anni,7,Diploma,2023,26.368615,,
A,Annuale,IT,Italia,EMP_R,Tasso di occupazione,2,Femmine,Y15-24,15-24 anni,7,Diploma,2024,23.887316,,
A,Annuale,IT,Italia,EMP_R,Tasso di occupazione,2,Femmine,Y15-24,15-24 anni,11,Laurea e post-laurea,2018,25.131964,,
A,Annuale,IT,Italia,EMP_R,Tasso di occupazione,2,Femmine,Y15-24,15-24 anni,11,Laurea e post-laurea,2019,28.634668,,
A,Annuale,IT,Italia,EMP_R,Tasso di occupazione,2,Femmine,Y15-24,15-24 anni,11,Laurea e post-laurea,2020,24.139481,,
A,Annuale,IT,Italia,EMP_R,Tasso di occupazione,2,Femmine,Y15-24,15-24 anni,11,Laurea e post-laurea,2021,27.643184,,
A,Annuale,IT,Italia,EMP_R,Tasso di occupazione,2,Femmine,Y15-24,15-24 anni,11,Laurea e post-laurea,2022,30.443432,,
A,Annuale,IT,Italia,EMP_R,Tasso di occupazione,2,Femmine,Y15-24,15-24 anni,11,Laurea e post-laurea,2023,28.733504,,
A,Annuale,IT,Italia,EMP_R,Tasso di occupazione,2,Femmine,Y15-24,15-24 anni,11,Laurea e post-laurea,2024,32.01364,,
A,Annuale,IT,Italia,EMP_R,Tasso di occupazione,2,Femmine,Y15-24,15-24 anni,99,Totale,2018,14.254311,,
A,Annuale,IT,Italia,EMP_R,Tasso di occupazione,2,Femmine,Y15-24,15-24 anni,99,Totale,2019,15.153887,,
A,Annuale,IT,Italia,EMP_R,Tasso di occupazione,2,Femmine,Y15-24,15-24 anni,99,Totale,2020,12.764855,,
A,Annuale,IT,Italia,EMP_R,Tasso di occupazione,2,Femmine,Y15-24,15-24 anni,99,Totale,2021,13.523719,,
A,Annuale,IT,Italia,EMP_R,Tasso di occupazione,2,Femmine,Y15-24,15-24 anni,99,Totale,2022,15.971105,,
A,Annuale,IT,Italia,EMP_R,Tasso di occupazione,2,Femmine,Y15-24,15-24 anni,99,Totale,2023,16.179371,,
A,Annuale,IT,Italia,EMP_R,Tasso di occupazione,2,Femmine,Y15-24,15-24 anni,99,Totale,2024,15.10852,,
A,Annuale,IT,Italia,EMP_R,Tasso di occupazione,2,Femmine,Y18-29,18-29 anni,13,'Nessun titolo di studio, licenza di scuola elementare e media',2018,19.393977,,
A,Annuale,IT,Italia,EMP_R,Tasso di occupazione,2,Femmine,Y18-29,18-29 anni,13,'Nessun titolo di studio, licenza di scuola elementare e media',2019,19.075989,,
A,Annuale,IT,Italia,EMP_R,Tasso di occupazione,2,Femmine,Y18-29,18-29 anni,13,'Nessun titolo di studio, licenza di scuola elementare e media',2020,16.550492,,
A,Annuale,IT,Italia,EMP_R,Tasso di occupazione,2,Femmine,Y18-29,18-29 anni,13,'Nessun titolo di studio, licenza di scuola elementare e media',2021,17.209542,,
A,Annuale,IT,Italia,EMP_R,Tasso di occupazione,2,Femmine,Y18-29,18-29 anni,13,'Nessun titolo di studio, licenza di scuola elementare e media',2022,17.792554,,
A,Annuale,IT,Italia,EMP_R,Tasso di occupazione,2,Femmine,Y18-29,18-29 anni,13,'Nessun titolo di studio, licenza di scuola elementare e media',2023,18.264415,,
A,Annuale,IT,Italia,EMP_R,Tasso di occupazione,2,Femmine,Y18-29,18-29 anni,13,'Nessun titolo di studio, licenza di scuola elementare e media',2024,18.053864,,
A,Annuale,IT,Italia,EMP_R,Tasso di occupazione,2,Femmine,Y18-29,18-29 anni,7,Diploma,2018,32.552328,,
A,Annuale,IT,Italia,EMP_R,Tasso di occupazione,2,Femmine,Y18-29,18-29 anni,7,Diploma,2019,34.069116,,
A,Annuale,IT,Italia,EMP_R,Tasso di occupazione,2,Femmine,Y18-29,18-29 anni,7,Diploma,2020,30.359437,,
A,Annuale,IT,Italia,EMP_R,Tasso di occupazione,2,Femmine,Y18-29,18-29 anni,7,Diploma,2021,31.870788,,
A,Annuale,IT,Italia,EMP_R,Tasso di occupazione,2,Femmine,Y18-29,18-29 anni,7,Diploma,2022,36.02615,,
A,Annuale,IT,Italia,EMP_R,Tasso di occupazione,2,Femmine,Y18-29,18-29 anni,7,Diploma,2023,35.992827,,
A,Annuale,IT,Italia,EMP_R,Tasso di occupazione,2,Femmine,Y18-29,18-29 anni,7,Diploma,2024,34.689688,,
A,Annuale,IT,Italia,EMP_R,Tasso di occupazione,2,Femmine,Y18-29,18-29 anni,11,Laurea e post-laurea,2018,48.759683,,
A,Annuale,IT,Italia,EMP_R,Tasso di occupazione,2,Femmine,Y18-29,18-29 anni,11,Laurea e post-laurea,2019,50.398735,,
A,Annuale,IT,Italia,EMP_R,Tasso di occupazione,2,Femmine,Y18-29,18-29 anni,11,Laurea e post-laurea,2020,46.943601,,
A,Annuale,IT,Italia,EMP_R,Tasso di occupazione,2,Femmine,Y18-29,18-29 anni,11,Laurea e post-laurea,2021,51.601343,,
A,Annuale,IT,Italia,EMP_R,Tasso di occupazione,2,Femmine,Y18-29,18-29 anni,11,Laurea e post-laurea,2022,53.600787,,
A,Annuale,IT,Italia,EMP_R,Tasso di occupazione,2,Femmine,Y18-29,18-29 anni,11,Laurea e post-laurea,2023,54.096299,,
A,Annuale,IT,Italia,EMP_R,Tasso di occupazione,2,Femmine,Y18-29,18-29 anni,11,Laurea e post-laurea,2024,56.259932,,
A,Annuale,IT,Italia,EMP_R,Tasso di occupazione,2,Femmine,Y18-29,18-29 anni,99,Totale,2018,32.53295,,
A,Annuale,IT,Italia,EMP_R,Tasso di occupazione,2,Femmine,Y18-29,18-29 anni,99,Totale,2019,33.754438,,
A,Annuale,IT,Italia,EMP_R,Tasso di occupazione,2,Femmine,Y18-29,18-29 anni,99,Totale,2020,30.468931,,
A,Annuale,IT,Italia,EMP_R,Tasso di occupazione,2,Femmine,Y18-29,18-29 anni,99,Totale,2021,32.662689,,
A,Annuale,IT,Italia,EMP_R,Tasso di occupazione,2,Femmine,Y18-29,18-29 anni,99,Totale,2022,35.949997,,
A,Annuale,IT,Italia,EMP_R,Tasso di occupazione,2,Femmine,Y18-29,18-29 anni,99,Totale,2023,36.40085,,
A,Annuale,IT,Italia,EMP_R,Tasso di occupazione,2,Femmine,Y18-29,18-29 anni,99,Totale,2024,36.162744,,
A,Annuale,IT,Italia,EMP_R,Tasso di occupazione,2,Femmine,Y15-29,15-29 anni,13,'Nessun titolo di studio, licenza di scuola elementare e media',2018,10.126673,,
A,Annuale,IT,Italia,EMP_R,Tasso di occupazione,2,Femmine,Y15-29,15-29 anni,13,'Nessun titolo di studio, licenza di scuola elementare e media',2019,9.808624,,
A,Annuale,IT,Italia,EMP_R,Tasso di occupazione,2,Femmine,Y15-29,15-29 anni,13,'Nessun titolo di studio, licenza di scuola elementare e media',2020,8.456844,,
A,Annuale,IT,Italia,EMP_R,Tasso di occupazione,2,Femmine,Y15-29,15-29 anni,13,'Nessun titolo di studio, licenza di scuola elementare e media',2021,8.598095,,
A,Annuale,IT,Italia,EMP_R,Tasso di occupazione,2,Femmine,Y15-29,15-29 anni,13,'Nessun titolo di studio, licenza di scuola elementare e media',2022,8.537704,,
A,Annuale,IT,Italia,EMP_R,Tasso di occupazione,2,Femmine,Y15-29,15-29 anni,13,'Nessun titolo di studio, licenza di scuola elementare e media',2023,8.493902,,
A,Annuale,IT,Italia,EMP_R,Tasso di occupazione,2,Femmine,Y15-29,15-29 anni,13,'Nessun titolo di studio, licenza di scuola elementare e media',2024,8.41974,,
A,Annuale,IT,Italia,EMP_R,Tasso di occupazione,2,Femmine,Y15-29,15-29 anni,7,Diploma,2018,32.508593,,
A,Annuale,IT,Italia,EMP_R,Tasso di occupazione,2,Femmine,Y15-29,15-29 anni,7,Diploma,2019,34.033248,,
A,Annuale,IT,Italia,EMP_R,Tasso di occupazione,2,Femmine,Y15-29,15-29 anni,7,Diploma,2020,30.358158,,
A,Annuale,IT,Italia,EMP_R,Tasso di occupazione,2,Femmine,Y15-29,15-29 anni,7,Diploma,2021,31.810614,,
A,Annuale,IT,Italia,EMP_R,Tasso di occupazione,2,Femmine,Y15-29,15-29 anni,7,Diploma,2022,35.95613,,
A,Annuale,IT,Italia,EMP_R,Tasso di occupazione,2,Femmine,Y15-29,15-29 anni,7,Diploma,2023,35.921017,,
A,Annuale,IT,Italia,EMP_R,Tasso di occupazione,2,Femmine,Y15-29,15-29 anni,7,Diploma,2024,34.657691,,
A,Annuale,IT,Italia,EMP_R,Tasso di occupazione,2,Femmine,Y15-29,15-29 anni,11,Laurea e post-laurea,2018,48.759683,,
A,Annuale,IT,Italia,EMP_R,Tasso di occupazione,2,Femmine,Y15-29,15-29 anni,11,Laurea e post-laurea,2019,50.398735,,
A,Annuale,IT,Italia,EMP_R,Tasso di occupazione,2,Femmine,Y15-29,15-29 anni,11,Laurea e post-laurea,2020,46.943601,,
A,Annuale,IT,Italia,EMP_R,Tasso di occupazione,2,Femmine,Y15-29,15-29 anni,11,Laurea e post-laurea,2021,51.601343,,
A,Annuale,IT,Italia,EMP_R,Tasso di occupazione,2,Femmine,Y15-29,15-29 anni,11,Laurea e post-laurea,2022,53.600787,,
A,Annuale,IT,Italia,EMP_R,Tasso di occupazione,2,Femmine,Y15-29,15-29 anni,11,Laurea e post-laurea,2023,54.096299,,
A,Annuale,IT,Italia,EMP_R,Tasso di occupazione,2,Femmine,Y15-29,15-29 anni,11,Laurea e post-laurea,2024,56.259932,,
A,Annuale,IT,Italia,EMP_R,Tasso di occupazione,2,Femmine,Y15-29,15-29 anni,99,Totale,2018,26.439433,,
A,Annuale,IT,Italia,EMP_R,Tasso di occupazione,2,Femmine,Y15-29,15-29 anni,99,Totale,2019,27.413855,,
A,Annuale,IT,Italia,EMP_R,Tasso di occupazione,2,Femmine,Y15-29,15-29 anni,99,Totale,2020,24.680704,,
A,Annuale,IT,Italia,EMP_R,Tasso di occupazione,2,Femmine,Y15-29,15-29 anni,99,Totale,2021,26.374062,,
A,Annuale,IT,Italia,EMP_R,Tasso di occupazione,2,Femmine,Y15-29,15-29 anni,99,Totale,2022,28.970299,,
A,Annuale,IT,Italia,EMP_R,Tasso di occupazione,2,Femmine,Y15-29,15-29 anni,99,Totale,2023,29.27823,,
A,Annuale,IT,Italia,EMP_R,Tasso di occupazione,2,Femmine,Y15-29,15-29 anni,99,Totale,2024,29.108075,,
A,Annuale,IT,Italia,EMP_R,Tasso di occupazione,2,Femmine,Y25-34,25-34 anni,13,'Nessun titolo di studio, licenza di scuola elementare e media',2018,35.568749,,
A,Annuale,IT,Italia,EMP_R,Tasso di occupazione,2,Femmine,Y25-34,25-34 anni,13,'Nessun titolo di studio, licenza di scuola elementare e media',2019,34.659762,,
A,Annuale,IT,Italia,EMP_R,Tasso di occupazione,2,Femmine,Y25-34,25-34 anni,13,'Nessun titolo di studio, licenza di scuola elementare e media',2020,30.516379,,
A,Annuale,IT,Italia,EMP_R,Tasso di occupazione,2,Femmine,Y25-34,25-34 anni,13,'Nessun titolo di studio, licenza di scuola elementare e media',2021,31.630616,,
A,Annuale,IT,Italia,EMP_R,Tasso di occupazione,2,Femmine,Y25-34,25-34 anni,13,'Nessun titolo di studio, licenza di scuola elementare e media',2022,32.972757,,
A,Annuale,IT,Italia,EMP_R,Tasso di occupazione,2,Femmine,Y25-34,25-34 anni,13,'Nessun titolo di studio, licenza di scuola elementare e media',2023,36.397191,,
A,Annuale,IT,Italia,EMP_R,Tasso di occupazione,2,Femmine,Y25-34,25-34 anni,13,'Nessun titolo di studio, licenza di scuola elementare e media',2024,36.184415,,
A,Annuale,IT,Italia,EMP_R,Tasso di occupazione,2,Femmine,Y25-34,25-34 anni,7,Diploma,2018,52.930588,,
A,Annuale,IT,Italia,EMP_R,Tasso di occupazione,2,Femmine,Y25-34,25-34 anni,7,Diploma,2019,53.904312,,
A,Annuale,IT,Italia,EMP_R,Tasso di occupazione,2,Femmine,Y25-34,25-34 anni,7,Diploma,2020,50.913434,,
A,Annuale,IT,Italia,EMP_R,Tasso di occupazione,2,Femmine,Y25-34,25-34 anni,7,Diploma,2021,52.175619,,
A,Annuale,IT,Italia,EMP_R,Tasso di occupazione,2,Femmine,Y25-34,25-34 anni,7,Diploma,2022,56.07518,,
A,Annuale,IT,Italia,EMP_R,Tasso di occupazione,2,Femmine,Y25-34,25-34 anni,7,Diploma,2023,56.906246,,
A,Annuale,IT,Italia,EMP_R,Tasso di occupazione,2,Femmine,Y25-34,25-34 anni,7,Diploma,2024,58.240906,,
A,Annuale,IT,Italia,EMP_R,Tasso di occupazione,2,Femmine,Y25-34,25-34 anni,11,Laurea e post-laurea,2018,65.880948,,
A,Annuale,IT,Italia,EMP_R,Tasso di occupazione,2,Femmine,Y25-34,25-34 anni,11,Laurea e post-laurea,2019,67.218704,,
A,Annuale,IT,Italia,EMP_R,Tasso di occupazione,2,Femmine,Y25-34,25-34 anni,11,Laurea e post-laurea,2020,64.989806,,
A,Annuale,IT,Italia,EMP_R,Tasso di occupazione,2,Femmine,Y25-34,25-34 anni,11,Laurea e post-laurea,2021,69.671438,,
A,Annuale,IT,Italia,EMP_R,Tasso di occupazione,2,Femmine,Y25-34,25-34 anni,11,Laurea e post-laurea,2022,71.320994,,
A,Annuale,IT,Italia,EMP_R,Tasso di occupazione,2,Femmine,Y25-34,25-34 anni,11,Laurea e post-laurea,2023,73.27411,,
A,Annuale,IT,Italia,EMP_R,Tasso di occupazione,2,Femmine,Y25-34,25-34 anni,11,Laurea e post-laurea,2024,74.063707,,
A,Annuale,IT,Italia,EMP_R,Tasso di occupazione,2,Femmine,Y25-34,25-34 anni,99,Totale,2018,53.654034,,
A,Annuale,IT,Italia,EMP_R,Tasso di occupazione,2,Femmine,Y25-34,25-34 anni,99,Totale,2019,54.422477,,
A,Annuale,IT,Italia,EMP_R,Tasso di occupazione,2,Femmine,Y25-34,25-34 anni,99,Totale,2020,51.570426,,
A,Annuale,IT,Italia,EMP_R,Tasso di occupazione,2,Femmine,Y25-34,25-34 anni,99,Totale,2021,53.95779,,
A,Annuale,IT,Italia,EMP_R,Tasso di occupazione,2,Femmine,Y25-34,25-34 anni,99,Totale,2022,56.973045,,
A,Annuale,IT,Italia,EMP_R,Tasso di occupazione,2,Femmine,Y25-34,25-34 anni,99,Totale,2023,59.531356,,
A,Annuale,IT,Italia,EMP_R,Tasso di occupazione,2,Femmine,Y25-34,25-34 anni,99,Totale,2024,60.820992,,
A,Annuale,IT,Italia,EMP_R,Tasso di occupazione,2,Femmine,Y15-34,15-34 anni,13,'Nessun titolo di studio, licenza di scuola elementare e media',2018,15.23067,,
A,Annuale,IT,Italia,EMP_R,Tasso di occupazione,2,Femmine,Y15-34,15-34 anni,13,'Nessun titolo di studio, licenza di scuola elementare e media',2019,14.751341,,
A,Annuale,IT,Italia,EMP_R,Tasso di occupazione,2,Femmine,Y15-34,15-34 anni,13,'Nessun titolo di studio, licenza di scuola elementare e media',2020,12.716861,,
A,Annuale,IT,Italia,EMP_R,Tasso di occupazione,2,Femmine,Y15-34,15-34 anni,13,'Nessun titolo di studio, licenza di scuola elementare e media',2021,12.744939,,
A,Annuale,IT,Italia,EMP_R,Tasso di occupazione,2,Femmine,Y15-34,15-34 anni,13,'Nessun titolo di studio, licenza di scuola elementare e media',2022,13.156726,,
A,Annuale,IT,Italia,EMP_R,Tasso di occupazione,2,Femmine,Y15-34,15-34 anni,13,'Nessun titolo di studio, licenza di scuola elementare e media',2023,13.19878,,
A,Annuale,IT,Italia,EMP_R,Tasso di occupazione,2,Femmine,Y15-34,15-34 anni,13,'Nessun titolo di studio, licenza di scuola elementare e media',2024,12.575792,,
A,Annuale,IT,Italia,EMP_R,Tasso di occupazione,2,Femmine,Y15-34,15-34 anni,7,Diploma,2018,39.051725,,
A,Annuale,IT,Italia,EMP_R,Tasso di occupazione,2,Femmine,Y15-34,15-34 anni,7,Diploma,2019,40.147308,,
A,Annuale,IT,Italia,EMP_R,Tasso di occupazione,2,Femmine,Y15-34,15-34 anni,7,Diploma,2020,36.695681,,
A,Annuale,IT,Italia,EMP_R,Tasso di occupazione,2,Femmine,Y15-34,15-34 anni,7,Diploma,2021,37.794942,,
A,Annuale,IT,Italia,EMP_R,Tasso di occupazione,2,Femmine,Y15-34,15-34 anni,7,Diploma,2022,41.52269,,
A,Annuale,IT,Italia,EMP_R,Tasso di occupazione,2,Femmine,Y15-34,15-34 anni,7,Diploma,2023,42.241617,,
A,Annuale,IT,Italia,EMP_R,Tasso di occupazione,2,Femmine,Y15-34,15-34 anni,7,Diploma,2024,41.652261,,
A,Annuale,IT,Italia,EMP_R,Tasso di occupazione,2,Femmine,Y15-34,15-34 anni,11,Laurea e post-laurea,2018,60.616195,,
A,Annuale,IT,Italia,EMP_R,Tasso di occupazione,2,Femmine,Y15-34,15-34 anni,11,Laurea e post-laurea,2019,61.851218,,
A,Annuale,IT,Italia,EMP_R,Tasso di occupazione,2,Femmine,Y15-34,15-34 anni,11,Laurea e post-laurea,2020,58.950635,,
A,Annuale,IT,Italia,EMP_R,Tasso di occupazione,2,Femmine,Y15-34,15-34 anni,11,Laurea e post-laurea,2021,62.812323,,
A,Annuale,IT,Italia,EMP_R,Tasso di occupazione,2,Femmine,Y15-34,15-34 anni,11,Laurea e post-laurea,2022,64.847887,,
A,Annuale,IT,Italia,EMP_R,Tasso di occupazione,2,Femmine,Y15-34,15-34 anni,11,Laurea e post-laurea,2023,66.261943,,
A,Annuale,IT,Italia,EMP_R,Tasso di occupazione,2,Femmine,Y15-34,15-34 anni,11,Laurea e post-laurea,2024,67.810025,,
A,Annuale,IT,Italia,EMP_R,Tasso di occupazione,2,Femmine,Y15-34,15-34 anni,99,Totale,2018,35.345304,,
A,Annuale,IT,Italia,EMP_R,Tasso di occupazione,2,Femmine,Y15-34,15-34 anni,99,Totale,2019,36.064087,,
A,Annuale,IT,Italia,EMP_R,Tasso di occupazione,2,Femmine,Y15-34,15-34 anni,99,Totale,2020,33.294685,,
A,Annuale,IT,Italia,EMP_R,Tasso di occupazione,2,Femmine,Y15-34,15-34 anni,99,Totale,2021,34.754022,,
A,Annuale,IT,Italia,EMP_R,Tasso di occupazione,2,Femmine,Y15-34,15-34 anni,99,Totale,2022,37.325131,,
A,Annuale,IT,Italia,EMP_R,Tasso di occupazione,2,Femmine,Y15-34,15-34 anni,99,Totale,2023,38.63776,,
A,Annuale,IT,Italia,EMP_R,Tasso di occupazione,2,Femmine,Y15-34,15-34 anni,99,Totale,2024,38.751809,,
A,Annuale,IT,Italia,EMP_R,Tasso di occupazione,2,Femmine,Y35-44,35-44 anni,13,'Nessun titolo di studio, licenza di scuola elementare e media',2018,41.090819,,
A,Annuale,IT,Italia,EMP_R,Tasso di occupazione,2,Femmine,Y35-44,35-44 anni,13,'Nessun titolo di studio, licenza di scuola elementare e media',2019,39.638609,,
A,Annuale,IT,Italia,EMP_R,Tasso di occupazione,2,Femmine,Y35-44,35-44 anni,13,'Nessun titolo di studio, licenza di scuola elementare e media',2020,38.021072,,
A,Annuale,IT,Italia,EMP_R,Tasso di occupazione,2,Femmine,Y35-44,35-44 anni,13,'Nessun titolo di studio, licenza di scuola elementare e media',2021,39.13424,,
A,Annuale,IT,Italia,EMP_R,Tasso di occupazione,2,Femmine,Y35-44,35-44 anni,13,'Nessun titolo di studio, licenza di scuola elementare e media',2022,40.481466,,
A,Annuale,IT,Italia,EMP_R,Tasso di occupazione,2,Femmine,Y35-44,35-44 anni,13,'Nessun titolo di studio, licenza di scuola elementare e media',2023,40.076349,,
A,Annuale,IT,Italia,EMP_R,Tasso di occupazione,2,Femmine,Y35-44,35-44 anni,13,'Nessun titolo di studio, licenza di scuola elementare e media',2024,40.546862,,
A,Annuale,IT,Italia,EMP_R,Tasso di occupazione,2,Femmine,Y35-44,35-44 anni,7,Diploma,2018,65.122562,,
A,Annuale,IT,Italia,EMP_R,Tasso di occupazione,2,Femmine,Y35-44,35-44 anni,7,Diploma,2019,64.48967,,
A,Annuale,IT,Italia,EMP_R,Tasso di occupazione,2,Femmine,Y35-44,35-44 anni,7,Diploma,2020,62.490866,,
A,Annuale,IT,Italia,EMP_R,Tasso di occupazione,2,Femmine,Y35-44,35-44 anni,7,Diploma,2021,62.954645,,
A,Annuale,IT,Italia,EMP_R,Tasso di occupazione,2,Femmine,Y35-44,35-44 anni,7,Diploma,2022,63.553388,,
A,Annuale,IT,Italia,EMP_R,Tasso di occupazione,2,Femmine,Y35-44,35-44 anni,7,Diploma,2023,64.656143,,
A,Annuale,IT,Italia,EMP_R,Tasso di occupazione,2,Femmine,Y35-44,35-44 anni,7,Diploma,2024,64.838667,,
A,Annuale,IT,Italia,EMP_R,Tasso di occupazione,2,Femmine,Y35-44,35-44 anni,11,Laurea e post-laurea,2018,82.075939,,
A,Annuale,IT,Italia,EMP_R,Tasso di occupazione,2,Femmine,Y35-44,35-44 anni,11,Laurea e post-laurea,2019,82.097495,,
A,Annuale,IT,Italia,EMP_R,Tasso di occupazione,2,Femmine,Y35-44,35-44 anni,11,Laurea e post-laurea,2020,80.92682,,
A,Annuale,IT,Italia,EMP_R,Tasso di occupazione,2,Femmine,Y35-44,35-44 anni,11,Laurea e post-laurea,2021,82.368484,,
A,Annuale,IT,Italia,EMP_R,Tasso di occupazione,2,Femmine,Y35-44,35-44 anni,11,Laurea e post-laurea,2022,84.308751,,
A,Annuale,IT,Italia,EMP_R,Tasso di occupazione,2,Femmine,Y35-44,35-44 anni,11,Laurea e post-laurea,2023,85.197186,,
A,Annuale,IT,Italia,EMP_R,Tasso di occupazione,2,Femmine,Y35-44,35-44 anni,11,Laurea e post-laurea,2024,84.13554,,
A,Annuale,IT,Italia,EMP_R,Tasso di occupazione,2,Femmine,Y35-44,35-44 anni,99,Totale,2018,62.810852,,
A,Annuale,IT,Italia,EMP_R,Tasso di occupazione,2,Femmine,Y35-44,35-44 anni,99,Totale,2019,62.588605,,
A,Annuale,IT,Italia,EMP_R,Tasso di occupazione,2,Femmine,Y35-44,35-44 anni,99,Totale,2020,61.261965,,
A,Annuale,IT,Italia,EMP_R,Tasso di occupazione,2,Femmine,Y35-44,35-44 anni,99,Totale,2021,62.354416,,
A,Annuale,IT,Italia,EMP_R,Tasso di occupazione,2,Femmine,Y35-44,35-44 anni,99,Totale,2022,64.021695,,
A,Annuale,IT,Italia,EMP_R,Tasso di occupazione,2,Femmine,Y35-44,35-44 anni,99,Totale,2023,65.508391,,
A,Annuale,IT,Italia,EMP_R,Tasso di occupazione,2,Femmine,Y35-44,35-44 anni,99,Totale,2024,65.800218,,
A,Annuale,IT,Italia,EMP_R,Tasso di occupazione,2,Femmine,Y35-49,35-49 anni,13,'Nessun titolo di studio, licenza di scuola elementare e media',2018,42.034132,,
A,Annuale,IT,Italia,EMP_R,Tasso di occupazione,2,Femmine,Y35-49,35-49 anni,13,'Nessun titolo di studio, licenza di scuola elementare e media',2019,42.026164,,
A,Annuale,IT,Italia,EMP_R,Tasso di occupazione,2,Femmine,Y35-49,35-49 anni,13,'Nessun titolo di studio, licenza di scuola elementare e media',2020,39.97025,,
A,Annuale,IT,Italia,EMP_R,Tasso di occupazione,2,Femmine,Y35-49,35-49 anni,13,'Nessun titolo di studio, licenza di scuola elementare e media',2021,40.527208,,
A,Annuale,IT,Italia,EMP_R,Tasso di occupazione,2,Femmine,Y35-49,35-49 anni,13,'Nessun titolo di studio, licenza di scuola elementare e media',2022,42.205966,,
A,Annuale,IT,Italia,EMP_R,Tasso di occupazione,2,Femmine,Y35-49,35-49 anni,13,'Nessun titolo di studio, licenza di scuola elementare e media',2023,42.892157,,
A,Annuale,IT,Italia,EMP_R,Tasso di occupazione,2,Femmine,Y35-49,35-49 anni,13,'Nessun titolo di studio, licenza di scuola elementare e media',2024,42.89842,,
A,Annuale,IT,Italia,EMP_R,Tasso di occupazione,2,Femmine,Y35-49,35-49 anni,7,Diploma,2018,66.275526,,
A,Annuale,IT,Italia,EMP_R,Tasso di occupazione,2,Femmine,Y35-49,35-49 anni,7,Diploma,2019,66.3388,,
A,Annuale,IT,Italia,EMP_R,Tasso di occupazione,2,Femmine,Y35-49,35-49 anni,7,Diploma,2020,64.259065,,
A,Annuale,IT,Italia,EMP_R,Tasso di occupazione,2,Femmine,Y35-49,35-49 anni,7,Diploma,2021,65.09243,,
A,Annuale,IT,Italia,EMP_R,Tasso di occupazione,2,Femmine,Y35-49,35-49 anni,7,Diploma,2022,66.072398,,
A,Annuale,IT,Italia,EMP_R,Tasso di occupazione,2,Femmine,Y35-49,35-49 anni,7,Diploma,2023,66.508379,,
A,Annuale,IT,Italia,EMP_R,Tasso di occupazione,2,Femmine,Y35-49,35-49 anni,7,Diploma,2024,67.785441,,
A,Annuale,IT,Italia,EMP_R,Tasso di occupazione,2,Femmine,Y35-49,35-49 anni,11,Laurea e post-laurea,2018,83.482083,,
A,Annuale,IT,Italia,EMP_R,Tasso di occupazione,2,Femmine,Y35-49,35-49 anni,11,Laurea e post-laurea,2019,83.167178,,
A,Annuale,IT,Italia,EMP_R,Tasso di occupazione,2,Femmine,Y35-49,35-49 anni,11,Laurea e post-laurea,2020,82.069542,,
A,Annuale,IT,Italia,EMP_R,Tasso di occupazione,2,Femmine,Y35-49,35-49 anni,11,Laurea e post-laurea,2021,83.698071,,
A,Annuale,IT,Italia,EMP_R,Tasso di occupazione,2,Femmine,Y35-49,35-49 anni,11,Laurea e post-laurea,2022,85.116757,,
A,Annuale,IT,Italia,EMP_R,Tasso di occupazione,2,Femmine,Y35-49,35-49 anni,11,Laurea e post-laurea,2023,86.190256,,
A,Annuale,IT,Italia,EMP_R,Tasso di occupazione,2,Femmine,Y35-49,35-49 anni,11,Laurea e post-laurea,2024,85.593078,,
A,Annuale,IT,Italia,EMP_R,Tasso di occupazione,2,Femmine,Y35-49,35-49 anni,99,Totale,2018,62.724582,,
A,Annuale,IT,Italia,EMP_R,Tasso di occupazione,2,Femmine,Y35-49,35-49 anni,99,Totale,2019,63.073704,,
A,Annuale,IT,Italia,EMP_R,Tasso di occupazione,2,Femmine,Y35-49,35-49 anni,99,Totale,2020,61.525539,,
A,Annuale,IT,Italia,EMP_R,Tasso di occupazione,2,Femmine,Y35-49,35-49 anni,99,Totale,2021,62.789169,,
A,Annuale,IT,Italia,EMP_R,Tasso di occupazione,2,Femmine,Y35-49,35-49 anni,99,Totale,2022,64.544056,,
A,Annuale,IT,Italia,EMP_R,Tasso di occupazione,2,Femmine,Y35-49,35-49 anni,99,Totale,2023,66.011149,,
A,Annuale,IT,Italia,EMP_R,Tasso di occupazione,2,Femmine,Y35-49,35-49 anni,99,Totale,2024,66.983518,,
A,Annuale,IT,Italia,EMP_R,Tasso di occupazione,2,Femmine,Y45-54,45-54 anni,13,'Nessun titolo di studio, licenza di scuola elementare e media',2018,42.917792,,
A,Annuale,IT,Italia,EMP_R,Tasso di occupazione,2,Femmine,Y45-54,45-54 anni,13,'Nessun titolo di studio, licenza di scuola elementare e media',2019,44.164932,,
A,Annuale,IT,Italia,EMP_R,Tasso di occupazione,2,Femmine,Y45-54,45-54 anni,13,'Nessun titolo di studio, licenza di scuola elementare e media',2020,41.928624,,
A,Annuale,IT,Italia,EMP_R,Tasso di occupazione,2,Femmine,Y45-54,45-54 anni,13,'Nessun titolo di studio, licenza di scuola elementare e media',2021,42.571172,,
A,Annuale,IT,Italia,EMP_R,Tasso di occupazione,2,Femmine,Y45-54,45-54 anni,13,'Nessun titolo di studio, licenza di scuola elementare e media',2022,44.080701,,
A,Annuale,IT,Italia,EMP_R,Tasso di occupazione,2,Femmine,Y45-54,45-54 anni,13,'Nessun titolo di studio, licenza di scuola elementare e media',2023,44.73847,,
A,Annuale,IT,Italia,EMP_R,Tasso di occupazione,2,Femmine,Y45-54,45-54 anni,13,'Nessun titolo di studio, licenza di scuola elementare e media',2024,45.463041,,
A,Annuale,IT,Italia,EMP_R,Tasso di occupazione,2,Femmine,Y45-54,45-54 anni,7,Diploma,2018,67.789141,,
A,Annuale,IT,Italia,EMP_R,Tasso di occupazione,2,Femmine,Y45-54,45-54 anni,7,Diploma,2019,69.156553,,
A,Annuale,IT,Italia,EMP_R,Tasso di occupazione,2,Femmine,Y45-54,45-54 anni,7,Diploma,2020,67.836476,,
A,Annuale,IT,Italia,EMP_R,Tasso di occupazione,2,Femmine,Y45-54,45-54 anni,7,Diploma,2021,68.920646,,
A,Annuale,IT,Italia,EMP_R,Tasso di occupazione,2,Femmine,Y45-54,45-54 anni,7,Diploma,2022,69.924405,,
A,Annuale,IT,Italia,EMP_R,Tasso di occupazione,2,Femmine,Y45-54,45-54 anni,7,Diploma,2023,70.395989,,
A,Annuale,IT,Italia,EMP_R,Tasso di occupazione,2,Femmine,Y45-54,45-54 anni,7,Diploma,2024,71.431821,,
A,Annuale,IT,Italia,EMP_R,Tasso di occupazione,2,Femmine,Y45-54,45-54 anni,11,Laurea e post-laurea,2018,86.754323,,
A,Annuale,IT,Italia,EMP_R,Tasso di occupazione,2,Femmine,Y45-54,45-54 anni,11,Laurea e post-laurea,2019,85.952578,,
A,Annuale,IT,Italia,EMP_R,Tasso di occupazione,2,Femmine,Y45-54,45-54 anni,11,Laurea e post-laurea,2020,85.477809,,
A,Annuale,IT,Italia,EMP_R,Tasso di occupazione,2,Femmine,Y45-54,45-54 anni,11,Laurea e post-laurea,2021,87.070325,,
A,Annuale,IT,Italia,EMP_R,Tasso di occupazione,2,Femmine,Y45-54,45-54 anni,11,Laurea e post-laurea,2022,87.393951,,
A,Annuale,IT,Italia,EMP_R,Tasso di occupazione,2,Femmine,Y45-54,45-54 anni,11,Laurea e post-laurea,2023,87.361821,,
A,Annuale,IT,Italia,EMP_R,Tasso di occupazione,2,Femmine,Y45-54,45-54 anni,11,Laurea e post-laurea,2024,87.633773,,
A,Annuale,IT,Italia,EMP_R,Tasso di occupazione,2,Femmine,Y45-54,45-54 anni,99,Totale,2018,60.837856,,
A,Annuale,IT,Italia,EMP_R,Tasso di occupazione,2,Femmine,Y45-54,45-54 anni,99,Totale,2019,62.246907,,
A,Annuale,IT,Italia,EMP_R,Tasso di occupazione,2,Femmine,Y45-54,45-54 anni,99,Totale,2020,60.988404,,
A,Annuale,IT,Italia,EMP_R,Tasso di occupazione,2,Femmine,Y45-54,45-54 anni,99,Totale,2021,62.287889,,
A,Annuale,IT,Italia,EMP_R,Tasso di occupazione,2,Femmine,Y45-54,45-54 anni,99,Totale,2022,63.78926,,
A,Annuale,IT,Italia,EMP_R,Tasso di occupazione,2,Femmine,Y45-54,45-54 anni,99,Totale,2023,65.227825,,
A,Annuale,IT,Italia,EMP_R,Tasso di occupazione,2,Femmine,Y45-54,45-54 anni,99,Totale,2024,66.787668,,
A,Annuale,IT,Italia,EMP_R,Tasso di occupazione,2,Femmine,Y55-64,55-64 anni,13,'Nessun titolo di studio, licenza di scuola elementare e media',2018,27.122551,,
A,Annuale,IT,Italia,EMP_R,Tasso di occupazione,2,Femmine,Y55-64,55-64 anni,13,'Nessun titolo di studio, licenza di scuola elementare e media',2019,27.723536,,
A,Annuale,IT,Italia,EMP_R,Tasso di occupazione,2,Femmine,Y55-64,55-64 anni,13,'Nessun titolo di studio, licenza di scuola elementare e media',2020,27.035149,,
A,Annuale,IT,Italia,EMP_R,Tasso di occupazione,2,Femmine,Y55-64,55-64 anni,13,'Nessun titolo di studio, licenza di scuola elementare e media',2021,27.658395,,
A,Annuale,IT,Italia,EMP_R,Tasso di occupazione,2,Femmine,Y55-64,55-64 anni,13,'Nessun titolo di studio, licenza di scuola elementare e media',2022,29.345673,,
A,Annuale,IT,Italia,EMP_R,Tasso di occupazione,2,Femmine,Y55-64,55-64 anni,13,'Nessun titolo di studio, licenza di scuola elementare e media',2023,30.093468,,
A,Annuale,IT,Italia,EMP_R,Tasso di occupazione,2,Femmine,Y55-64,55-64 anni,13,'Nessun titolo di studio, licenza di scuola elementare e media',2024,30.22758,,
A,Annuale,IT,Italia,EMP_R,Tasso di occupazione,2,Femmine,Y55-64,55-64 anni,7,Diploma,2018,54.148966,,
A,Annuale,IT,Italia,EMP_R,Tasso di occupazione,2,Femmine,Y55-64,55-64 anni,7,Diploma,2019,54.978227,,
A,Annuale,IT,Italia,EMP_R,Tasso di occupazione,2,Femmine,Y55-64,55-64 anni,7,Diploma,2020,54.093907,,
A,Annuale,IT,Italia,EMP_R,Tasso di occupazione,2,Femmine,Y55-64,55-64 anni,7,Diploma,2021,53.862388,,
A,Annuale,IT,Italia,EMP_R,Tasso di occupazione,2,Femmine,Y55-64,55-64 anni,7,Diploma,2022,55.278236,,
A,Annuale,IT,Italia,EMP_R,Tasso di occupazione,2,Femmine,Y55-64,55-64 anni,7,Diploma,2023,56.052178,,
A,Annuale,IT,Italia,EMP_R,Tasso di occupazione,2,Femmine,Y55-64,55-64 anni,7,Diploma,2024,57.644008,,
A,Annuale,IT,Italia,EMP_R,Tasso di occupazione,2,Femmine,Y55-64,55-64 anni,11,Laurea e post-laurea,2018,77.950939,,
A,Annuale,IT,Italia,EMP_R,Tasso di occupazione,2,Femmine,Y55-64,55-64 anni,11,Laurea e post-laurea,2019,78.431035,,
A,Annuale,IT,Italia,EMP_R,Tasso di occupazione,2,Femmine,Y55-64,55-64 anni,11,Laurea e post-laurea,2020,76.064941,,
A,Annuale,IT,Italia,EMP_R,Tasso di occupazione,2,Femmine,Y55-64,55-64 anni,11,Laurea e post-laurea,2021,77.135096,,
A,Annuale,IT,Italia,EMP_R,Tasso di occupazione,2,Femmine,Y55-64,55-64 anni,11,Laurea e post-laurea,2022,77.200211,,
A,Annuale,IT,Italia,EMP_R,Tasso di occupazione,2,Femmine,Y55-64,55-64 anni,11,Laurea e post-laurea,2023,79.577958,,
A,Annuale,IT,Italia,EMP_R,Tasso di occupazione,2,Femmine,Y55-64,55-64 anni,11,Laurea e post-laurea,2024,80.757624,,
A,Annuale,IT,Italia,EMP_R,Tasso di occupazione,2,Femmine,Y55-64,55-64 anni,99,Totale,2018,43.678388,,
A,Annuale,IT,Italia,EMP_R,Tasso di occupazione,2,Femmine,Y55-64,55-64 anni,99,Totale,2019,44.458712,,
A,Annuale,IT,Italia,EMP_R,Tasso di occupazione,2,Femmine,Y55-64,55-64 anni,99,Totale,2020,43.68745,,
A,Annuale,IT,Italia,EMP_R,Tasso di occupazione,2,Femmine,Y55-64,55-64 anni,99,Totale,2021,43.99626,,
A,Annuale,IT,Italia,EMP_R,Tasso di occupazione,2,Femmine,Y55-64,55-64 anni,99,Totale,2022,45.238766,,
A,Annuale,IT,Italia,EMP_R,Tasso di occupazione,2,Femmine,Y55-64,55-64 anni,99,Totale,2023,47.205821,,
A,Annuale,IT,Italia,EMP_R,Tasso di occupazione,2,Femmine,Y55-64,55-64 anni,99,Totale,2024,48.476177,,
A,Annuale,IT,Italia,EMP_R,Tasso di occupazione,2,Femmine,Y50-64,50-64 anni,13,'Nessun titolo di studio, licenza di scuola elementare e media',2018,32.499763,,
A,Annuale,IT,Italia,EMP_R,Tasso di occupazione,2,Femmine,Y50-64,50-64 anni,13,'Nessun titolo di studio, licenza di scuola elementare e media',2019,33.018084,,
A,Annuale,IT,Italia,EMP_R,Tasso di occupazione,2,Femmine,Y50-64,50-64 anni,13,'Nessun titolo di studio, licenza di scuola elementare e media',2020,31.81345,,
A,Annuale,IT,Italia,EMP_R,Tasso di occupazione,2,Femmine,Y50-64,50-64 anni,13,'Nessun titolo di studio, licenza di scuola elementare e media',2021,32.555382,,
A,Annuale,IT,Italia,EMP_R,Tasso di occupazione,2,Femmine,Y50-64,50-64 anni,13,'Nessun titolo di studio, licenza di scuola elementare e media',2022,33.857945,,
A,Annuale,IT,Italia,EMP_R,Tasso di occupazione,2,Femmine,Y50-64,50-64 anni,13,'Nessun titolo di studio, licenza di scuola elementare e media',2023,34.128513,,
A,Annuale,IT,Italia,EMP_R,Tasso di occupazione,2,Femmine,Y50-64,50-64 anni,13,'Nessun titolo di studio, licenza di scuola elementare e media',2024,34.590791,,
A,Annuale,IT,Italia,EMP_R,Tasso di occupazione,2,Femmine,Y50-64,50-64 anni,7,Diploma,2018,59.354326,,
A,Annuale,IT,Italia,EMP_R,Tasso di occupazione,2,Femmine,Y50-64,50-64 anni,7,Diploma,2019,60.377979,,
A,Annuale,IT,Italia,EMP_R,Tasso di occupazione,2,Femmine,Y50-64,50-64 anni,7,Diploma,2020,59.625805,,
A,Annuale,IT,Italia,EMP_R,Tasso di occupazione,2,Femmine,Y50-64,50-64 anni,7,Diploma,2021,59.663214,,
A,Annuale,IT,Italia,EMP_R,Tasso di occupazione,2,Femmine,Y50-64,50-64 anni,7,Diploma,2022,60.723229,,
A,Annuale,IT,Italia,EMP_R,Tasso di occupazione,2,Femmine,Y50-64,50-64 anni,7,Diploma,2023,61.631046,,
A,Annuale,IT,Italia,EMP_R,Tasso di occupazione,2,Femmine,Y50-64,50-64 anni,7,Diploma,2024,62.24395,,
A,Annuale,IT,Italia,EMP_R,Tasso di occupazione,2,Femmine,Y50-64,50-64 anni,11,Laurea e post-laurea,2018,81.510194,,
A,Annuale,IT,Italia,EMP_R,Tasso di occupazione,2,Femmine,Y50-64,50-64 anni,11,Laurea e post-laurea,2019,81.781787,,
A,Annuale,IT,Italia,EMP_R,Tasso di occupazione,2,Femmine,Y50-64,50-64 anni,11,Laurea e post-laurea,2020,80.399489,,
A,Annuale,IT,Italia,EMP_R,Tasso di occupazione,2,Femmine,Y50-64,50-64 anni,11,Laurea e post-laurea,2021,81.524781,,
A,Annuale,IT,Italia,EMP_R,Tasso di occupazione,2,Femmine,Y50-64,50-64 anni,11,Laurea e post-laurea,2022,81.767718,,
A,Annuale,IT,Italia,EMP_R,Tasso di occupazione,2,Femmine,Y50-64,50-64 anni,11,Laurea e post-laurea,2023,82.429412,,
A,Annuale,IT,Italia,EMP_R,Tasso di occupazione,2,Femmine,Y50-64,50-64 anni,11,Laurea e post-laurea,2024,83.31199,,
A,Annuale,IT,Italia,EMP_R,Tasso di occupazione,2,Femmine,Y50-64,50-64 anni,99,Totale,2018,49.448226,,
A,Annuale,IT,Italia,EMP_R,Tasso di occupazione,2,Femmine,Y50-64,50-64 anni,99,Totale,2019,50.436403,,
A,Annuale,IT,Italia,EMP_R,Tasso di occupazione,2,Femmine,Y50-64,50-64 anni,99,Totale,2020,49.615042,,
A,Annuale,IT,Italia,EMP_R,Tasso di occupazione,2,Femmine,Y50-64,50-64 anni,99,Totale,2021,50.09113,,
A,Annuale,IT,Italia,EMP_R,Tasso di occupazione,2,Femmine,Y50-64,50-64 anni,99,Totale,2022,51.206874,,
A,Annuale,IT,Italia,EMP_R,Tasso di occupazione,2,Femmine,Y50-64,50-64 anni,99,Totale,2023,52.914008,,
A,Annuale,IT,Italia,EMP_R,Tasso di occupazione,2,Femmine,Y50-64,50-64 anni,99,Totale,2024,54.092416,,
A,Annuale,IT,Italia,EMP_R,Tasso di occupazione,2,Femmine,Y20-64,20-64 anni,13,'Nessun titolo di studio, licenza di scuola elementare e media',2018,35.807937,,
A,Annuale,IT,Italia,EMP_R,Tasso di occupazione,2,Femmine,Y20-64,20-64 anni,13,'Nessun titolo di studio, licenza di scuola elementare e media',2019,35.930089,,
A,Annuale,IT,Italia,EMP_R,Tasso di occupazione,2,Femmine,Y20-64,20-64 anni,13,'Nessun titolo di studio, licenza di scuola elementare e media',2020,33.944411,,
A,Annuale,IT,Italia,EMP_R,Tasso di occupazione,2,Femmine,Y20-64,20-64 anni,13,'Nessun titolo di studio, licenza di scuola elementare e media',2021,34.625423,,
A,Annuale,IT,Italia,EMP_R,Tasso di occupazione,2,Femmine,Y20-64,20-64 anni,13,'Nessun titolo di studio, licenza di scuola elementare e media',2022,35.990459,,
A,Annuale,IT,Italia,EMP_R,Tasso di occupazione,2,Femmine,Y20-64,20-64 anni,13,'Nessun titolo di studio, licenza di scuola elementare e media',2023,36.644857,,
A,Annuale,IT,Italia,EMP_R,Tasso di occupazione,2,Femmine,Y20-64,20-64 anni,13,'Nessun titolo di studio, licenza di scuola elementare e media',2024,36.867043,,
A,Annuale,IT,Italia,EMP_R,Tasso di occupazione,2,Femmine,Y20-64,20-64 anni,7,Diploma,2018,56.290854,,
A,Annuale,IT,Italia,EMP_R,Tasso di occupazione,2,Femmine,Y20-64,20-64 anni,7,Diploma,2019,57.012602,,
A,Annuale,IT,Italia,EMP_R,Tasso di occupazione,2,Femmine,Y20-64,20-64 anni,7,Diploma,2020,54.948001,,
A,Annuale,IT,Italia,EMP_R,Tasso di occupazione,2,Femmine,Y20-64,20-64 anni,7,Diploma,2021,55.522807,,
A,Annuale,IT,Italia,EMP_R,Tasso di occupazione,2,Femmine,Y20-64,20-64 anni,7,Diploma,2022,57.390788,,
A,Annuale,IT,Italia,EMP_R,Tasso di occupazione,2,Femmine,Y20-64,20-64 anni,7,Diploma,2023,58.132954,,
A,Annuale,IT,Italia,EMP_R,Tasso di occupazione,2,Femmine,Y20-64,20-64 anni,7,Diploma,2024,58.607882,,
A,Annuale,IT,Italia,EMP_R,Tasso di occupazione,2,Femmine,Y20-64,20-64 anni,11,Laurea e post-laurea,2018,75.382485,,
A,Annuale,IT,Italia,EMP_R,Tasso di occupazione,2,Femmine,Y20-64,20-64 anni,11,Laurea e post-laurea,2019,75.847024,,
A,Annuale,IT,Italia,EMP_R,Tasso di occupazione,2,Femmine,Y20-64,20-64 anni,11,Laurea e post-laurea,2020,74.07918,,
A,Annuale,IT,Italia,EMP_R,Tasso di occupazione,2,Femmine,Y20-64,20-64 anni,11,Laurea e post-laurea,2021,76.369899,,
A,Annuale,IT,Italia,EMP_R,Tasso di occupazione,2,Femmine,Y20-64,20-64 anni,11,Laurea e post-laurea,2022,77.665324,,
A,Annuale,IT,Italia,EMP_R,Tasso di occupazione,2,Femmine,Y20-64,20-64 anni,11,Laurea e post-laurea,2023,78.779171,,
A,Annuale,IT,Italia,EMP_R,Tasso di occupazione,2,Femmine,Y20-64,20-64 anni,11,Laurea e post-laurea,2024,79.328965,,
A,Annuale,IT,Italia,EMP_R,Tasso di occupazione,2,Femmine,Y20-64,20-64 anni,99,Totale,2018,53.210004,,
A,Annuale,IT,Italia,EMP_R,Tasso di occupazione,2,Femmine,Y20-64,20-64 anni,99,Totale,2019,53.892264,,
A,Annuale,IT,Italia,EMP_R,Tasso di occupazione,2,Femmine,Y20-64,20-64 anni,99,Totale,2020,52.080002,,
A,Annuale,IT,Italia,EMP_R,Tasso di occupazione,2,Femmine,Y20-64,20-64 anni,99,Totale,2021,53.164248,,
A,Annuale,IT,Italia,EMP_R,Tasso di occupazione,2,Femmine,Y20-64,20-64 anni,99,Totale,2022,54.959423,,
A,Annuale,IT,Italia,EMP_R,Tasso di occupazione,2,Femmine,Y20-64,20-64 anni,99,Totale,2023,56.532606,,
A,Annuale,IT,Italia,EMP_R,Tasso di occupazione,2,Femmine,Y20-64,20-64 anni,99,Totale,2024,57.408203,,
A,Annuale,IT,Italia,EMP_R,Tasso di occupazione,2,Femmine,Y15-64,15-64 anni,13,'Nessun titolo di studio, licenza di scuola elementare e media',2018,30.349628,,
A,Annuale,IT,Italia,EMP_R,Tasso di occupazione,2,Femmine,Y15-64,15-64 anni,13,'Nessun titolo di studio, licenza di scuola elementare e media',2019,30.361055,,
A,Annuale,IT,Italia,EMP_R,Tasso di occupazione,2,Femmine,Y15-64,15-64 anni,13,'Nessun titolo di studio, licenza di scuola elementare e media',2020,28.568139,,
A,Annuale,IT,Italia,EMP_R,Tasso di occupazione,2,Femmine,Y15-64,15-64 anni,13,'Nessun titolo di studio, licenza di scuola elementare e media',2021,29.030824,,
A,Annuale,IT,Italia,EMP_R,Tasso di occupazione,2,Femmine,Y15-64,15-64 anni,13,'Nessun titolo di studio, licenza di scuola elementare e media',2022,30.130561,,
A,Annuale,IT,Italia,EMP_R,Tasso di occupazione,2,Femmine,Y15-64,15-64 anni,13,'Nessun titolo di studio, licenza di scuola elementare e media',2023,30.285978,,
A,Annuale,IT,Italia,EMP_R,Tasso di occupazione,2,Femmine,Y15-64,15-64 anni,13,'Nessun titolo di studio, licenza di scuola elementare e media',2024,30.118837,,
A,Annuale,IT,Italia,EMP_R,Tasso di occupazione,2,Femmine,Y15-64,15-64 anni,7,Diploma,2018,55.010426,,
A,Annuale,IT,Italia,EMP_R,Tasso di occupazione,2,Femmine,Y15-64,15-64 anni,7,Diploma,2019,55.670437,,
A,Annuale,IT,Italia,EMP_R,Tasso di occupazione,2,Femmine,Y15-64,15-64 anni,7,Diploma,2020,53.632258,,
A,Annuale,IT,Italia,EMP_R,Tasso di occupazione,2,Femmine,Y15-64,15-64 anni,7,Diploma,2021,54.1934,,
A,Annuale,IT,Italia,EMP_R,Tasso di occupazione,2,Femmine,Y15-64,15-64 anni,7,Diploma,2022,56.056704,,
A,Annuale,IT,Italia,EMP_R,Tasso di occupazione,2,Femmine,Y15-64,15-64 anni,7,Diploma,2023,56.749966,,
A,Annuale,IT,Italia,EMP_R,Tasso di occupazione,2,Femmine,Y15-64,15-64 anni,7,Diploma,2024,57.227545,,
A,Annuale,IT,Italia,EMP_R,Tasso di occupazione,2,Femmine,Y15-64,15-64 anni,11,Laurea e post-laurea,2018,75.380396,,
A,Annuale,IT,Italia,EMP_R,Tasso di occupazione,2,Femmine,Y15-64,15-64 anni,11,Laurea e post-laurea,2019,75.847024,,
A,Annuale,IT,Italia,EMP_R,Tasso di occupazione,2,Femmine,Y15-64,15-64 anni,11,Laurea e post-laurea,2020,74.07372,,
A,Annuale,IT,Italia,EMP_R,Tasso di occupazione,2,Femmine,Y15-64,15-64 anni,11,Laurea e post-laurea,2021,76.36315,,
A,Annuale,IT,Italia,EMP_R,Tasso di occupazione,2,Femmine,Y15-64,15-64 anni,11,Laurea e post-laurea,2022,77.664613,,
A,Annuale,IT,Italia,EMP_R,Tasso di occupazione,2,Femmine,Y15-64,15-64 anni,11,Laurea e post-laurea,2023,78.779171,,
A,Annuale,IT,Italia,EMP_R,Tasso di occupazione,2,Femmine,Y15-64,15-64 anni,11,Laurea e post-laurea,2024,79.320239,,
A,Annuale,IT,Italia,EMP_R,Tasso di occupazione,2,Femmine,Y15-64,15-64 anni,99,Totale,2018,49.550207,,
A,Annuale,IT,Italia,EMP_R,Tasso di occupazione,2,Femmine,Y15-64,15-64 anni,99,Totale,2019,50.174255,,
A,Annuale,IT,Italia,EMP_R,Tasso di occupazione,2,Femmine,Y15-64,15-64 anni,99,Totale,2020,48.435447,,
A,Annuale,IT,Italia,EMP_R,Tasso di occupazione,2,Femmine,Y15-64,15-64 anni,99,Totale,2021,49.407684,,
A,Annuale,IT,Italia,EMP_R,Tasso di occupazione,2,Femmine,Y15-64,15-64 anni,99,Totale,2022,51.099794,,
A,Annuale,IT,Italia,EMP_R,Tasso di occupazione,2,Femmine,Y15-64,15-64 anni,99,Totale,2023,52.520935,,
A,Annuale,IT,Italia,EMP_R,Tasso di occupazione,2,Femmine,Y15-64,15-64 anni,99,Totale,2024,53.262699,,
A,Annuale,IT,Italia,EMP_R,Tasso di occupazione,2,Femmine,Y15-74,15-74 anni,13,'Nessun titolo di studio, licenza di scuola elementare e media',2018,23.64691,,
A,Annuale,IT,Italia,EMP_R,Tasso di occupazione,2,Femmine,Y15-74,15-74 anni,13,'Nessun titolo di studio, licenza di scuola elementare e media',2019,23.727719,,
A,Annuale,IT,Italia,EMP_R,Tasso di occupazione,2,Femmine,Y15-74,15-74 anni,13,'Nessun titolo di studio, licenza di scuola elementare e media',2020,22.283301,,
A,Annuale,IT,Italia,EMP_R,Tasso di occupazione,2,Femmine,Y15-74,15-74 anni,13,'Nessun titolo di studio, licenza di scuola elementare e media',2021,22.40108,,
A,Annuale,IT,Italia,EMP_R,Tasso di occupazione,2,Femmine,Y15-74,15-74 anni,13,'Nessun titolo di studio, licenza di scuola elementare e media',2022,23.181117,,
A,Annuale,IT,Italia,EMP_R,Tasso di occupazione,2,Femmine,Y15-74,15-74 anni,13,'Nessun titolo di studio, licenza di scuola elementare e media',2023,23.366575,,
A,Annuale,IT,Italia,EMP_R,Tasso di occupazione,2,Femmine,Y15-74,15-74 anni,13,'Nessun titolo di studio, licenza di scuola elementare e media',2024,23.333168,,
A,Annuale,IT,Italia,EMP_R,Tasso di occupazione,2,Femmine,Y15-74,15-74 anni,7,Diploma,2018,50.927689,,
A,Annuale,IT,Italia,EMP_R,Tasso di occupazione,2,Femmine,Y15-74,15-74 anni,7,Diploma,2019,51.263427,,
A,Annuale,IT,Italia,EMP_R,Tasso di occupazione,2,Femmine,Y15-74,15-74 anni,7,Diploma,2020,49.363557,,
A,Annuale,IT,Italia,EMP_R,Tasso di occupazione,2,Femmine,Y15-74,15-74 anni,7,Diploma,2021,49.776875,,
A,Annuale,IT,Italia,EMP_R,Tasso di occupazione,2,Femmine,Y15-74,15-74 anni,7,Diploma,2022,51.304984,,
A,Annuale,IT,Italia,EMP_R,Tasso di occupazione,2,Femmine,Y15-74,15-74 anni,7,Diploma,2023,51.57449,,
A,Annuale,IT,Italia,EMP_R,Tasso di occupazione,2,Femmine,Y15-74,15-74 anni,7,Diploma,2024,51.853323,,
A,Annuale,IT,Italia,EMP_R,Tasso di occupazione,2,Femmine,Y15-74,15-74 anni,11,Laurea e post-laurea,2018,70.442772,,
A,Annuale,IT,Italia,EMP_R,Tasso di occupazione,2,Femmine,Y15-74,15-74 anni,11,Laurea e post-laurea,2019,70.776641,,
A,Annuale,IT,Italia,EMP_R,Tasso di occupazione,2,Femmine,Y15-74,15-74 anni,11,Laurea e post-laurea,2020,69.163633,,
A,Annuale,IT,Italia,EMP_R,Tasso di occupazione,2,Femmine,Y15-74,15-74 anni,11,Laurea e post-laurea,2021,71.520261,,
A,Annuale,IT,Italia,EMP_R,Tasso di occupazione,2,Femmine,Y15-74,15-74 anni,11,Laurea e post-laurea,2022,72.72181,,
A,Annuale,IT,Italia,EMP_R,Tasso di occupazione,2,Femmine,Y15-74,15-74 anni,11,Laurea e post-laurea,2023,73.632742,,
A,Annuale,IT,Italia,EMP_R,Tasso di occupazione,2,Femmine,Y15-74,15-74 anni,11,Laurea e post-laurea,2024,74.185567,,
A,Annuale,IT,Italia,EMP_R,Tasso di occupazione,2,Femmine,Y15-74,15-74 anni,99,Totale,2018,42.693527,,
A,Annuale,IT,Italia,EMP_R,Tasso di occupazione,2,Femmine,Y15-74,15-74 anni,99,Totale,2019,43.229408,,
A,Annuale,IT,Italia,EMP_R,Tasso di occupazione,2,Femmine,Y15-74,15-74 anni,99,Totale,2020,41.659187,,
A,Annuale,IT,Italia,EMP_R,Tasso di occupazione,2,Femmine,Y15-74,15-74 anni,99,Totale,2021,42.324001,,
A,Annuale,IT,Italia,EMP_R,Tasso di occupazione,2,Femmine,Y15-74,15-74 anni,99,Totale,2022,43.715525,,
A,Annuale,IT,Italia,EMP_R,Tasso di occupazione,2,Femmine,Y15-74,15-74 anni,99,Totale,2023,45.003398,,
A,Annuale,IT,Italia,EMP_R,Tasso di occupazione,2,Femmine,Y15-74,15-74 anni,99,Totale,2024,45.73212,,
A,Annuale,IT,Italia,EMP_R,Tasso di occupazione,2,Femmine,Y50-89,50-89 anni,13,'Nessun titolo di studio, licenza di scuola elementare e media',2018,12.899865,,
A,Annuale,IT,Italia,EMP_R,Tasso di occupazione,2,Femmine,Y50-89,50-89 anni,13,'Nessun titolo di studio, licenza di scuola elementare e media',2019,13.273566,,
A,Annuale,IT,Italia,EMP_R,Tasso di occupazione,2,Femmine,Y50-89,50-89 anni,13,'Nessun titolo di studio, licenza di scuola elementare e media',2020,12.861726,,
A,Annuale,IT,Italia,EMP_R,Tasso di occupazione,2,Femmine,Y50-89,50-89 anni,13,'Nessun titolo di studio, licenza di scuola elementare e media',2021,13.074505,,
A,Annuale,IT,Italia,EMP_R,Tasso di occupazione,2,Femmine,Y50-89,50-89 anni,13,'Nessun titolo di studio, licenza di scuola elementare e media',2022,13.665073,,
A,Annuale,IT,Italia,EMP_R,Tasso di occupazione,2,Femmine,Y50-89,50-89 anni,13,'Nessun titolo di studio, licenza di scuola elementare e media',2023,13.662618,,
A,Annuale,IT,Italia,EMP_R,Tasso di occupazione,2,Femmine,Y50-89,50-89 anni,13,'Nessun titolo di studio, licenza di scuola elementare e media',2024,13.724892,,
A,Annuale,IT,Italia,EMP_R,Tasso di occupazione,2,Femmine,Y50-89,50-89 anni,7,Diploma,2018,42.632966,,
A,Annuale,IT,Italia,EMP_R,Tasso di occupazione,2,Femmine,Y50-89,50-89 anni,7,Diploma,2019,42.849986,,
A,Annuale,IT,Italia,EMP_R,Tasso di occupazione,2,Femmine,Y50-89,50-89 anni,7,Diploma,2020,42.581835,,
A,Annuale,IT,Italia,EMP_R,Tasso di occupazione,2,Femmine,Y50-89,50-89 anni,7,Diploma,2021,42.877503,,
A,Annuale,IT,Italia,EMP_R,Tasso di occupazione,2,Femmine,Y50-89,50-89 anni,7,Diploma,2022,42.878623,,
A,Annuale,IT,Italia,EMP_R,Tasso di occupazione,2,Femmine,Y50-89,50-89 anni,7,Diploma,2023,42.818481,,
A,Annuale,IT,Italia,EMP_R,Tasso di occupazione,2,Femmine,Y50-89,50-89 anni,7,Diploma,2024,43.168626,,
A,Annuale,IT,Italia,EMP_R,Tasso di occupazione,2,Femmine,Y50-89,50-89 anni,11,Laurea e post-laurea,2018,57.937549,,
A,Annuale,IT,Italia,EMP_R,Tasso di occupazione,2,Femmine,Y50-89,50-89 anni,11,Laurea e post-laurea,2019,57.83777,,
A,Annuale,IT,Italia,EMP_R,Tasso di occupazione,2,Femmine,Y50-89,50-89 anni,11,Laurea e post-laurea,2020,57.094473,,
A,Annuale,IT,Italia,EMP_R,Tasso di occupazione,2,Femmine,Y50-89,50-89 anni,11,Laurea e post-laurea,2021,60.02638,,
A,Annuale,IT,Italia,EMP_R,Tasso di occupazione,2,Femmine,Y50-89,50-89 anni,11,Laurea e post-laurea,2022,59.597258,,
A,Annuale,IT,Italia,EMP_R,Tasso di occupazione,2,Femmine,Y50-89,50-89 anni,11,Laurea e post-laurea,2023,59.886517,,
A,Annuale,IT,Italia,EMP_R,Tasso di occupazione,2,Femmine,Y50-89,50-89 anni,11,Laurea e post-laurea,2024,60.560614,,
A,Annuale,IT,Italia,EMP_R,Tasso di occupazione,2,Femmine,Y50-89,50-89 anni,99,Totale,2018,25.284879,,
A,Annuale,IT,Italia,EMP_R,Tasso di occupazione,2,Femmine,Y50-89,50-89 anni,99,Totale,2019,26.048894,,
A,Annuale,IT,Italia,EMP_R,Tasso di occupazione,2,Femmine,Y50-89,50-89 anni,99,Totale,2020,25.762301,,
A,Annuale,IT,Italia,EMP_R,Tasso di occupazione,2,Femmine,Y50-89,50-89 anni,99,Totale,2021,26.037739,,
A,Annuale,IT,Italia,EMP_R,Tasso di occupazione,2,Femmine,Y50-89,50-89 anni,99,Totale,2022,26.595208,,
A,Annuale,IT,Italia,EMP_R,Tasso di occupazione,2,Femmine,Y50-89,50-89 anni,99,Totale,2023,27.666931,,
A,Annuale,IT,Italia,EMP_R,Tasso di occupazione,2,Femmine,Y50-89,50-89 anni,99,Totale,2024,28.419705,,
A,Annuale,IT,Italia,EMP_R,Tasso di occupazione,2,Femmine,Y15-89,15-89 anni,13,'Nessun titolo di studio, licenza di scuola elementare e media',2018,18.049838,,
A,Annuale,IT,Italia,EMP_R,Tasso di occupazione,2,Femmine,Y15-89,15-89 anni,13,'Nessun titolo di studio, licenza di scuola elementare e media',2019,18.084589,,
A,Annuale,IT,Italia,EMP_R,Tasso di occupazione,2,Femmine,Y15-89,15-89 anni,13,'Nessun titolo di studio, licenza di scuola elementare e media',2020,16.980076,,
A,Annuale,IT,Italia,EMP_R,Tasso di occupazione,2,Femmine,Y15-89,15-89 anni,13,'Nessun titolo di studio, licenza di scuola elementare e media',2021,16.99111,,
A,Annuale,IT,Italia,EMP_R,Tasso di occupazione,2,Femmine,Y15-89,15-89 anni,13,'Nessun titolo di studio, licenza di scuola elementare e media',2022,17.499055,,
A,Annuale,IT,Italia,EMP_R,Tasso di occupazione,2,Femmine,Y15-89,15-89 anni,13,'Nessun titolo di studio, licenza di scuola elementare e media',2023,17.410597,,
A,Annuale,IT,Italia,EMP_R,Tasso di occupazione,2,Femmine,Y15-89,15-89 anni,13,'Nessun titolo di studio, licenza di scuola elementare e media',2024,17.217599,,
A,Annuale,IT,Italia,EMP_R,Tasso di occupazione,2,Femmine,Y15-89,15-89 anni,7,Diploma,2018,48.877542,,
A,Annuale,IT,Italia,EMP_R,Tasso di occupazione,2,Femmine,Y15-89,15-89 anni,7,Diploma,2019,49.019948,,
A,Annuale,IT,Italia,EMP_R,Tasso di occupazione,2,Femmine,Y15-89,15-89 anni,7,Diploma,2020,47.201495,,
A,Annuale,IT,Italia,EMP_R,Tasso di occupazione,2,Femmine,Y15-89,15-89 anni,7,Diploma,2021,47.809037,,
A,Annuale,IT,Italia,EMP_R,Tasso di occupazione,2,Femmine,Y15-89,15-89 anni,7,Diploma,2022,49.024182,,
A,Annuale,IT,Italia,EMP_R,Tasso di occupazione,2,Femmine,Y15-89,15-89 anni,7,Diploma,2023,49.029633,,
A,Annuale,IT,Italia,EMP_R,Tasso di occupazione,2,Femmine,Y15-89,15-89 anni,7,Diploma,2024,49.221639,,
A,Annuale,IT,Italia,EMP_R,Tasso di occupazione,2,Femmine,Y15-89,15-89 anni,11,Laurea e post-laurea,2018,68.487095,,
A,Annuale,IT,Italia,EMP_R,Tasso di occupazione,2,Femmine,Y15-89,15-89 anni,11,Laurea e post-laurea,2019,68.690293,,
A,Annuale,IT,Italia,EMP_R,Tasso di occupazione,2,Femmine,Y15-89,15-89 anni,11,Laurea e post-laurea,2020,67.059722,,
A,Annuale,IT,Italia,EMP_R,Tasso di occupazione,2,Femmine,Y15-89,15-89 anni,11,Laurea e post-laurea,2021,69.791197,,
A,Annuale,IT,Italia,EMP_R,Tasso di occupazione,2,Femmine,Y15-89,15-89 anni,11,Laurea e post-laurea,2022,70.667271,,
A,Annuale,IT,Italia,EMP_R,Tasso di occupazione,2,Femmine,Y15-89,15-89 anni,11,Laurea e post-laurea,2023,71.270093,,
A,Annuale,IT,Italia,EMP_R,Tasso di occupazione,2,Femmine,Y15-89,15-89 anni,11,Laurea e post-laurea,2024,71.714732,,
A,Annuale,IT,Italia,EMP_R,Tasso di occupazione,2,Femmine,Y15-89,15-89 anni,99,Totale,2018,36.930001,,
A,Annuale,IT,Italia,EMP_R,Tasso di occupazione,2,Femmine,Y15-89,15-89 anni,99,Totale,2019,37.378891,,
A,Annuale,IT,Italia,EMP_R,Tasso di occupazione,2,Femmine,Y15-89,15-89 anni,99,Totale,2020,36.016806,,
A,Annuale,IT,Italia,EMP_R,Tasso di occupazione,2,Femmine,Y15-89,15-89 anni,99,Totale,2021,36.598153,,
A,Annuale,IT,Italia,EMP_R,Tasso di occupazione,2,Femmine,Y15-89,15-89 anni,99,Totale,2022,37.681623,,
A,Annuale,IT,Italia,EMP_R,Tasso di occupazione,2,Femmine,Y15-89,15-89 anni,99,Totale,2023,38.695605,,
A,Annuale,IT,Italia,EMP_R,Tasso di occupazione,2,Femmine,Y15-89,15-89 anni,99,Totale,2024,39.270858,,
A,Annuale,IT,Italia,EMP_R,Tasso di occupazione,2,Femmine,Y50-74,50-74 anni,13,'Nessun titolo di studio, licenza di scuola elementare e media',2018,19.854144,,
A,Annuale,IT,Italia,EMP_R,Tasso di occupazione,2,Femmine,Y50-74,50-74 anni,13,'Nessun titolo di studio, licenza di scuola elementare e media',2019,20.401573,,
A,Annuale,IT,Italia,EMP_R,Tasso di occupazione,2,Femmine,Y50-74,50-74 anni,13,'Nessun titolo di studio, licenza di scuola elementare e media',2020,19.682371,,
A,Annuale,IT,Italia,EMP_R,Tasso di occupazione,2,Femmine,Y50-74,50-74 anni,13,'Nessun titolo di studio, licenza di scuola elementare e media',2021,19.973163,,
A,Annuale,IT,Italia,EMP_R,Tasso di occupazione,2,Femmine,Y50-74,50-74 anni,13,'Nessun titolo di studio, licenza di scuola elementare e media',2022,20.888999,,
A,Annuale,IT,Italia,EMP_R,Tasso di occupazione,2,Femmine,Y50-74,50-74 anni,13,'Nessun titolo di studio, licenza di scuola elementare e media',2023,21.226292,,
A,Annuale,IT,Italia,EMP_R,Tasso di occupazione,2,Femmine,Y50-74,50-74 anni,13,'Nessun titolo di studio, licenza di scuola elementare e media',2024,21.634944,,
A,Annuale,IT,Italia,EMP_R,Tasso di occupazione,2,Femmine,Y50-74,50-74 anni,7,Diploma,2018,47.414492,,
A,Annuale,IT,Italia,EMP_R,Tasso di occupazione,2,Femmine,Y50-74,50-74 anni,7,Diploma,2019,47.89885,,
A,Annuale,IT,Italia,EMP_R,Tasso di occupazione,2,Femmine,Y50-74,50-74 anni,7,Diploma,2020,47.483632,,
A,Annuale,IT,Italia,EMP_R,Tasso di occupazione,2,Femmine,Y50-74,50-74 anni,7,Diploma,2021,47.287502,,
A,Annuale,IT,Italia,EMP_R,Tasso di occupazione,2,Femmine,Y50-74,50-74 anni,7,Diploma,2022,47.808983,,
A,Annuale,IT,Italia,EMP_R,Tasso di occupazione,2,Femmine,Y50-74,50-74 anni,7,Diploma,2023,48.090393,,
A,Annuale,IT,Italia,EMP_R,Tasso di occupazione,2,Femmine,Y50-74,50-74 anni,7,Diploma,2024,48.496633,,
A,Annuale,IT,Italia,EMP_R,Tasso di occupazione,2,Femmine,Y50-74,50-74 anni,11,Laurea e post-laurea,2018,63.419211,,
A,Annuale,IT,Italia,EMP_R,Tasso di occupazione,2,Femmine,Y50-74,50-74 anni,11,Laurea e post-laurea,2019,63.557688,,
A,Annuale,IT,Italia,EMP_R,Tasso di occupazione,2,Femmine,Y50-74,50-74 anni,11,Laurea e post-laurea,2020,62.850256,,
A,Annuale,IT,Italia,EMP_R,Tasso di occupazione,2,Femmine,Y50-74,50-74 anni,11,Laurea e post-laurea,2021,64.751867,,
A,Annuale,IT,Italia,EMP_R,Tasso di occupazione,2,Femmine,Y50-74,50-74 anni,11,Laurea e post-laurea,2022,65.073872,,
A,Annuale,IT,Italia,EMP_R,Tasso di occupazione,2,Femmine,Y50-74,50-74 anni,11,Laurea e post-laurea,2023,65.892426,,
A,Annuale,IT,Italia,EMP_R,Tasso di occupazione,2,Femmine,Y50-74,50-74 anni,11,Laurea e post-laurea,2024,66.83099,,
A,Annuale,IT,Italia,EMP_R,Tasso di occupazione,2,Femmine,Y50-74,50-74 anni,99,Totale,2018,34.097112,,
A,Annuale,IT,Italia,EMP_R,Tasso di occupazione,2,Femmine,Y50-74,50-74 anni,99,Totale,2019,35.0114,,
A,Annuale,IT,Italia,EMP_R,Tasso di occupazione,2,Femmine,Y50-74,50-74 anni,99,Totale,2020,34.492022,,
A,Annuale,IT,Italia,EMP_R,Tasso di occupazione,2,Femmine,Y50-74,50-74 anni,99,Totale,2021,34.703773,,
A,Annuale,IT,Italia,EMP_R,Tasso di occupazione,2,Femmine,Y50-74,50-74 anni,99,Totale,2022,35.559274,,
A,Annuale,IT,Italia,EMP_R,Tasso di occupazione,2,Femmine,Y50-74,50-74 anni,99,Totale,2023,37.059255,,
A,Annuale,IT,Italia,EMP_R,Tasso di occupazione,2,Femmine,Y50-74,50-74 anni,99,Totale,2024,38.126773,,
A,Annuale,IT,Italia,EMP_R,Tasso di occupazione,9,Totale,Y15-24,15-24 anni,13,'Nessun titolo di studio, licenza di scuola elementare e media',2018,7.84379,,
A,Annuale,IT,Italia,EMP_R,Tasso di occupazione,9,Totale,Y15-24,15-24 anni,13,'Nessun titolo di studio, licenza di scuola elementare e media',2019,7.742326,,
A,Annuale,IT,Italia,EMP_R,Tasso di occupazione,9,Totale,Y15-24,15-24 anni,13,'Nessun titolo di studio, licenza di scuola elementare e media',2020,7.418448,,
A,Annuale,IT,Italia,EMP_R,Tasso di occupazione,9,Totale,Y15-24,15-24 anni,13,'Nessun titolo di studio, licenza di scuola elementare e media',2021,7.023808,,
A,Annuale,IT,Italia,EMP_R,Tasso di occupazione,9,Totale,Y15-24,15-24 anni,13,'Nessun titolo di studio, licenza di scuola elementare e media',2022,7.642801,,
A,Annuale,IT,Italia,EMP_R,Tasso di occupazione,9,Totale,Y15-24,15-24 anni,13,'Nessun titolo di studio, licenza di scuola elementare e media',2023,8.130514,,
A,Annuale,IT,Italia,EMP_R,Tasso di occupazione,9,Totale,Y15-24,15-24 anni,13,'Nessun titolo di studio, licenza di scuola elementare e media',2024,7.842236,,
A,Annuale,IT,Italia,EMP_R,Tasso di occupazione,9,Totale,Y15-24,15-24 anni,7,Diploma,2018,28.45324,,
A,Annuale,IT,Italia,EMP_R,Tasso di occupazione,9,Totale,Y15-24,15-24 anni,7,Diploma,2019,29.782367,,
A,Annuale,IT,Italia,EMP_R,Tasso di occupazione,9,Totale,Y15-24,15-24 anni,7,Diploma,2020,26.913997,,
A,Annuale,IT,Italia,EMP_R,Tasso di occupazione,9,Totale,Y15-24,15-24 anni,7,Diploma,2021,28.463007,,
A,Annuale,IT,Italia,EMP_R,Tasso di occupazione,9,Totale,Y15-24,15-24 anni,7,Diploma,2022,31.957764,,
A,Annuale,IT,Italia,EMP_R,Tasso di occupazione,9,Totale,Y15-24,15-24 anni,7,Diploma,2023,32.423589,,
A,Annuale,IT,Italia,EMP_R,Tasso di occupazione,9,Totale,Y15-24,15-24 anni,7,Diploma,2024,31.190528,,
A,Annuale,IT,Italia,EMP_R,Tasso di occupazione,9,Totale,Y15-24,15-24 anni,11,Laurea e post-laurea,2018,24.339305,,
A,Annuale,IT,Italia,EMP_R,Tasso di occupazione,9,Totale,Y15-24,15-24 anni,11,Laurea e post-laurea,2019,25.937012,,
A,Annuale,IT,Italia,EMP_R,Tasso di occupazione,9,Totale,Y15-24,15-24 anni,11,Laurea e post-laurea,2020,21.515107,,
A,Annuale,IT,Italia,EMP_R,Tasso di occupazione,9,Totale,Y15-24,15-24 anni,11,Laurea e post-laurea,2021,24.907965,,
A,Annuale,IT,Italia,EMP_R,Tasso di occupazione,9,Totale,Y15-24,15-24 anni,11,Laurea e post-laurea,2022,28.563532,,
A,Annuale,IT,Italia,EMP_R,Tasso di occupazione,9,Totale,Y15-24,15-24 anni,11,Laurea e post-laurea,2023,29.206629,,
A,Annuale,IT,Italia,EMP_R,Tasso di occupazione,9,Totale,Y15-24,15-24 anni,11,Laurea e post-laurea,2024,29.921564,,
A,Annuale,IT,Italia,EMP_R,Tasso di occupazione,9,Totale,Y15-24,15-24 anni,99,Totale,2018,17.591727,,
A,Annuale,IT,Italia,EMP_R,Tasso di occupazione,9,Totale,Y15-24,15-24 anni,99,Totale,2019,18.363208,,
A,Annuale,IT,Italia,EMP_R,Tasso di occupazione,9,Totale,Y15-24,15-24 anni,99,Totale,2020,16.622702,,
A,Annuale,IT,Italia,EMP_R,Tasso di occupazione,9,Totale,Y15-24,15-24 anni,99,Totale,2021,17.527335,,
A,Annuale,IT,Italia,EMP_R,Tasso di occupazione,9,Totale,Y15-24,15-24 anni,99,Totale,2022,19.817472,,
A,Annuale,IT,Italia,EMP_R,Tasso di occupazione,9,Totale,Y15-24,15-24 anni,99,Totale,2023,20.392569,,
A,Annuale,IT,Italia,EMP_R,Tasso di occupazione,9,Totale,Y15-24,15-24 anni,99,Totale,2024,19.714045,,
A,Annuale,IT,Italia,EMP_R,Tasso di occupazione,9,Totale,Y18-29,18-29 anni,13,'Nessun titolo di studio, licenza di scuola elementare e media',2018,27.657361,,
A,Annuale,IT,Italia,EMP_R,Tasso di occupazione,9,Totale,Y18-29,18-29 anni,13,'Nessun titolo di studio, licenza di scuola elementare e media',2019,28.067185,,
A,Annuale,IT,Italia,EMP_R,Tasso di occupazione,9,Totale,Y18-29,18-29 anni,13,'Nessun titolo di studio, licenza di scuola elementare e media',2020,26.252573,,
A,Annuale,IT,Italia,EMP_R,Tasso di occupazione,9,Totale,Y18-29,18-29 anni,13,'Nessun titolo di studio, licenza di scuola elementare e media',2021,27.113332,,
A,Annuale,IT,Italia,EMP_R,Tasso di occupazione,9,Totale,Y18-29,18-29 anni,13,'Nessun titolo di studio, licenza di scuola elementare e media',2022,29.044698,,
A,Annuale,IT,Italia,EMP_R,Tasso di occupazione,9,Totale,Y18-29,18-29 anni,13,'Nessun titolo di studio, licenza di scuola elementare e media',2023,30.501198,,
A,Annuale,IT,Italia,EMP_R,Tasso di occupazione,9,Totale,Y18-29,18-29 anni,13,'Nessun titolo di studio, licenza di scuola elementare e media',2024,30.688354,,
A,Annuale,IT,Italia,EMP_R,Tasso di occupazione,9,Totale,Y18-29,18-29 anni,7,Diploma,2018,39.851385,,
A,Annuale,IT,Italia,EMP_R,Tasso di occupazione,9,Totale,Y18-29,18-29 anni,7,Diploma,2019,41.417273,,
A,Annuale,IT,Italia,EMP_R,Tasso di occupazione,9,Totale,Y18-29,18-29 anni,7,Diploma,2020,38.200123,,
A,Annuale,IT,Italia,EMP_R,Tasso di occupazione,9,Totale,Y18-29,18-29 anni,7,Diploma,2021,39.998289,,
A,Annuale,IT,Italia,EMP_R,Tasso di occupazione,9,Totale,Y18-29,18-29 anni,7,Diploma,2022,43.522043,,
A,Annuale,IT,Italia,EMP_R,Tasso di occupazione,9,Totale,Y18-29,18-29 anni,7,Diploma,2023,44.24199,,
A,Annuale,IT,Italia,EMP_R,Tasso di occupazione,9,Totale,Y18-29,18-29 anni,7,Diploma,2024,43.406357,,
A,Annuale,IT,Italia,EMP_R,Tasso di occupazione,9,Totale,Y18-29,18-29 anni,11,Laurea e post-laurea,2018,48.130853,,
A,Annuale,IT,Italia,EMP_R,Tasso di occupazione,9,Totale,Y18-29,18-29 anni,11,Laurea e post-laurea,2019,48.741355,,
A,Annuale,IT,Italia,EMP_R,Tasso di occupazione,9,Totale,Y18-29,18-29 anni,11,Laurea e post-laurea,2020,46.682045,,
A,Annuale,IT,Italia,EMP_R,Tasso di occupazione,9,Totale,Y18-29,18-29 anni,11,Laurea e post-laurea,2021,50.109237,,
A,Annuale,IT,Italia,EMP_R,Tasso di occupazione,9,Totale,Y18-29,18-29 anni,11,Laurea e post-laurea,2022,53.631803,,
A,Annuale,IT,Italia,EMP_R,Tasso di occupazione,9,Totale,Y18-29,18-29 anni,11,Laurea e post-laurea,2023,54.811694,,
A,Annuale,IT,Italia,EMP_R,Tasso di occupazione,9,Totale,Y18-29,18-29 anni,11,Laurea e post-laurea,2024,55.250479,,
A,Annuale,IT,Italia,EMP_R,Tasso di occupazione,9,Totale,Y18-29,18-29 anni,99,Totale,2018,37.868948,,
A,Annuale,IT,Italia,EMP_R,Tasso di occupazione,9,Totale,Y18-29,18-29 anni,99,Totale,2019,39.073655,,
A,Annuale,IT,Italia,EMP_R,Tasso di occupazione,9,Totale,Y18-29,18-29 anni,99,Totale,2020,36.464705,,
A,Annuale,IT,Italia,EMP_R,Tasso di occupazione,9,Totale,Y18-29,18-29 anni,99,Totale,2021,38.44656,,
A,Annuale,IT,Italia,EMP_R,Tasso di occupazione,9,Totale,Y18-29,18-29 anni,99,Totale,2022,41.88302,,
A,Annuale,IT,Italia,EMP_R,Tasso di occupazione,9,Totale,Y18-29,18-29 anni,99,Totale,2023,43.031535,,
A,Annuale,IT,Italia,EMP_R,Tasso di occupazione,9,Totale,Y18-29,18-29 anni,99,Totale,2024,42.675433,,
A,Annuale,IT,Italia,EMP_R,Tasso di occupazione,9,Totale,Y15-29,15-29 anni,13,'Nessun titolo di studio, licenza di scuola elementare e media',2018,15.119933,,
A,Annuale,IT,Italia,EMP_R,Tasso di occupazione,9,Totale,Y15-29,15-29 anni,13,'Nessun titolo di studio, licenza di scuola elementare e media',2019,15.138029,,
A,Annuale,IT,Italia,EMP_R,Tasso di occupazione,9,Totale,Y15-29,15-29 anni,13,'Nessun titolo di studio, licenza di scuola elementare e media',2020,14.059189,,
A,Annuale,IT,Italia,EMP_R,Tasso di occupazione,9,Totale,Y15-29,15-29 anni,13,'Nessun titolo di studio, licenza di scuola elementare e media',2021,14.228672,,
A,Annuale,IT,Italia,EMP_R,Tasso di occupazione,9,Totale,Y15-29,15-29 anni,13,'Nessun titolo di studio, licenza di scuola elementare e media',2022,14.686194,,
A,Annuale,IT,Italia,EMP_R,Tasso di occupazione,9,Totale,Y15-29,15-29 anni,13,'Nessun titolo di studio, licenza di scuola elementare e media',2023,15.129763,,
A,Annuale,IT,Italia,EMP_R,Tasso di occupazione,9,Totale,Y15-29,15-29 anni,13,'Nessun titolo di studio, licenza di scuola elementare e media',2024,15.18819,,
A,Annuale,IT,Italia,EMP_R,Tasso di occupazione,9,Totale,Y15-29,15-29 anni,7,Diploma,2018,39.795072,,
A,Annuale,IT,Italia,EMP_R,Tasso di occupazione,9,Totale,Y15-29,15-29 anni,7,Diploma,2019,41.343343,,
A,Annuale,IT,Italia,EMP_R,Tasso di occupazione,9,Totale,Y15-29,15-29 anni,7,Diploma,2020,38.168255,,
A,Annuale,IT,Italia,EMP_R,Tasso di occupazione,9,Totale,Y15-29,15-29 anni,7,Diploma,2021,39.952722,,
A,Annuale,IT,Italia,EMP_R,Tasso di occupazione,9,Totale,Y15-29,15-29 anni,7,Diploma,2022,43.439292,,
A,Annuale,IT,Italia,EMP_R,Tasso di occupazione,9,Totale,Y15-29,15-29 anni,7,Diploma,2023,44.148592,,
A,Annuale,IT,Italia,EMP_R,Tasso di occupazione,9,Totale,Y15-29,15-29 anni,7,Diploma,2024,43.352162,,
A,Annuale,IT,Italia,EMP_R,Tasso di occupazione,9,Totale,Y15-29,15-29 anni,11,Laurea e post-laurea,2018,48.130853,,
A,Annuale,IT,Italia,EMP_R,Tasso di occupazione,9,Totale,Y15-29,15-29 anni,11,Laurea e post-laurea,2019,48.741355,,
A,Annuale,IT,Italia,EMP_R,Tasso di occupazione,9,Totale,Y15-29,15-29 anni,11,Laurea e post-laurea,2020,46.682045,,
A,Annuale,IT,Italia,EMP_R,Tasso di occupazione,9,Totale,Y15-29,15-29 anni,11,Laurea e post-laurea,2021,50.109237,,
A,Annuale,IT,Italia,EMP_R,Tasso di occupazione,9,Totale,Y15-29,15-29 anni,11,Laurea e post-laurea,2022,53.631803,,
A,Annuale,IT,Italia,EMP_R,Tasso di occupazione,9,Totale,Y15-29,15-29 anni,11,Laurea e post-laurea,2023,54.811694,,
A,Annuale,IT,Italia,EMP_R,Tasso di occupazione,9,Totale,Y15-29,15-29 anni,11,Laurea e post-laurea,2024,55.250479,,
A,Annuale,IT,Italia,EMP_R,Tasso di occupazione,9,Totale,Y15-29,15-29 anni,99,Totale,2018,30.781089,,
A,Annuale,IT,Italia,EMP_R,Tasso di occupazione,9,Totale,Y15-29,15-29 anni,99,Totale,2019,31.736629,,
A,Annuale,IT,Italia,EMP_R,Tasso di occupazione,9,Totale,Y15-29,15-29 anni,99,Totale,2020,29.536465,,
A,Annuale,IT,Italia,EMP_R,Tasso di occupazione,9,Totale,Y15-29,15-29 anni,99,Totale,2021,31.067404,,
A,Annuale,IT,Italia,EMP_R,Tasso di occupazione,9,Totale,Y15-29,15-29 anni,99,Totale,2022,33.774526,,
A,Annuale,IT,Italia,EMP_R,Tasso di occupazione,9,Totale,Y15-29,15-29 anni,99,Totale,2023,34.679241,,
A,Annuale,IT,Italia,EMP_R,Tasso di occupazione,9,Totale,Y15-29,15-29 anni,99,Totale,2024,34.411187,,
A,Annuale,IT,Italia,EMP_R,Tasso di occupazione,9,Totale,Y25-34,25-34 anni,13,'Nessun titolo di studio, licenza di scuola elementare e media',2018,52.746634,,
A,Annuale,IT,Italia,EMP_R,Tasso di occupazione,9,Totale,Y25-34,25-34 anni,13,'Nessun titolo di studio, licenza di scuola elementare e media',2019,52.656527,,
A,Annuale,IT,Italia,EMP_R,Tasso di occupazione,9,Totale,Y25-34,25-34 anni,13,'Nessun titolo di studio, licenza di scuola elementare e media',2020,48.930916,,
A,Annuale,IT,Italia,EMP_R,Tasso di occupazione,9,Totale,Y25-34,25-34 anni,13,'Nessun titolo di studio, licenza di scuola elementare e media',2021,50.341409,,
A,Annuale,IT,Italia,EMP_R,Tasso di occupazione,9,Totale,Y25-34,25-34 anni,13,'Nessun titolo di studio, licenza di scuola elementare e media',2022,54.046234,,
A,Annuale,IT,Italia,EMP_R,Tasso di occupazione,9,Totale,Y25-34,25-34 anni,13,'Nessun titolo di studio, licenza di scuola elementare e media',2023,57.194843,,
A,Annuale,IT,Italia,EMP_R,Tasso di occupazione,9,Totale,Y25-34,25-34 anni,13,'Nessun titolo di studio, licenza di scuola elementare e media',2024,57.984235,,
A,Annuale,IT,Italia,EMP_R,Tasso di occupazione,9,Totale,Y25-34,25-34 anni,7,Diploma,2018,63.28516,,
A,Annuale,IT,Italia,EMP_R,Tasso di occupazione,9,Totale,Y25-34,25-34 anni,7,Diploma,2019,64.584721,,
A,Annuale,IT,Italia,EMP_R,Tasso di occupazione,9,Totale,Y25-34,25-34 anni,7,Diploma,2020,61.986557,,
A,Annuale,IT,Italia,EMP_R,Tasso di occupazione,9,Totale,Y25-34,25-34 anni,7,Diploma,2021,64.164012,,
A,Annuale,IT,Italia,EMP_R,Tasso di occupazione,9,Totale,Y25-34,25-34 anni,7,Diploma,2022,67.61276,,
A,Annuale,IT,Italia,EMP_R,Tasso di occupazione,9,Totale,Y25-34,25-34 anni,7,Diploma,2023,68.915526,,
A,Annuale,IT,Italia,EMP_R,Tasso di occupazione,9,Totale,Y25-34,25-34 anni,7,Diploma,2024,69.177769,,
A,Annuale,IT,Italia,EMP_R,Tasso di occupazione,9,Totale,Y25-34,25-34 anni,11,Laurea e post-laurea,2018,67.447399,,
A,Annuale,IT,Italia,EMP_R,Tasso di occupazione,9,Totale,Y25-34,25-34 anni,11,Laurea e post-laurea,2019,68.025498,,
A,Annuale,IT,Italia,EMP_R,Tasso di occupazione,9,Totale,Y25-34,25-34 anni,11,Laurea e post-laurea,2020,66.427114,,
A,Annuale,IT,Italia,EMP_R,Tasso di occupazione,9,Totale,Y25-34,25-34 anni,11,Laurea e post-laurea,2021,70.212839,,
A,Annuale,IT,Italia,EMP_R,Tasso di occupazione,9,Totale,Y25-34,25-34 anni,11,Laurea e post-laurea,2022,72.821708,,
A,Annuale,IT,Italia,EMP_R,Tasso di occupazione,9,Totale,Y25-34,25-34 anni,11,Laurea e post-laurea,2023,73.989615,,
A,Annuale,IT,Italia,EMP_R,Tasso di occupazione,9,Totale,Y25-34,25-34 anni,11,Laurea e post-laurea,2024,74.514974,,
A,Annuale,IT,Italia,EMP_R,Tasso di occupazione,9,Totale,Y25-34,25-34 anni,99,Totale,2018,61.887211,,
A,Annuale,IT,Italia,EMP_R,Tasso di occupazione,9,Totale,Y25-34,25-34 anni,99,Totale,2019,62.69274,,
A,Annuale,IT,Italia,EMP_R,Tasso di occupazione,9,Totale,Y25-34,25-34 anni,99,Totale,2020,60.187616,,
A,Annuale,IT,Italia,EMP_R,Tasso di occupazione,9,Totale,Y25-34,25-34 anni,99,Totale,2021,62.610094,,
A,Annuale,IT,Italia,EMP_R,Tasso di occupazione,9,Totale,Y25-34,25-34 anni,99,Totale,2022,66.105447,,
A,Annuale,IT,Italia,EMP_R,Tasso di occupazione,9,Totale,Y25-34,25-34 anni,99,Totale,2023,68.124197,,
A,Annuale,IT,Italia,EMP_R,Tasso di occupazione,9,Totale,Y25-34,25-34 anni,99,Totale,2024,68.689589,,
A,Annuale,IT,Italia,EMP_R,Tasso di occupazione,9,Totale,Y15-34,15-34 anni,13,'Nessun titolo di studio, licenza di scuola elementare e media',2018,23.323162,,
A,Annuale,IT,Italia,EMP_R,Tasso di occupazione,9,Totale,Y15-34,15-34 anni,13,'Nessun titolo di studio, licenza di scuola elementare e media',2019,23.152653,,
A,Annuale,IT,Italia,EMP_R,Tasso di occupazione,9,Totale,Y15-34,15-34 anni,13,'Nessun titolo di studio, licenza di scuola elementare e media',2020,21.323986,,
A,Annuale,IT,Italia,EMP_R,Tasso di occupazione,9,Totale,Y15-34,15-34 anni,13,'Nessun titolo di studio, licenza di scuola elementare e media',2021,21.68627,,
A,Annuale,IT,Italia,EMP_R,Tasso di occupazione,9,Totale,Y15-34,15-34 anni,13,'Nessun titolo di studio, licenza di scuola elementare e media',2022,22.819252,,
A,Annuale,IT,Italia,EMP_R,Tasso di occupazione,9,Totale,Y15-34,15-34 anni,13,'Nessun titolo di studio, licenza di scuola elementare e media',2023,23.022444,,
A,Annuale,IT,Italia,EMP_R,Tasso di occupazione,9,Totale,Y15-34,15-34 anni,13,'Nessun titolo di studio, licenza di scuola elementare e media',2024,22.713405,,
A,Annuale,IT,Italia,EMP_R,Tasso di occupazione,9,Totale,Y15-34,15-34 anni,7,Diploma,2018,47.705388,,
A,Annuale,IT,Italia,EMP_R,Tasso di occupazione,9,Totale,Y15-34,15-34 anni,7,Diploma,2019,48.899064,,
A,Annuale,IT,Italia,EMP_R,Tasso di occupazione,9,Totale,Y15-34,15-34 anni,7,Diploma,2020,46.141446,,
A,Annuale,IT,Italia,EMP_R,Tasso di occupazione,9,Totale,Y15-34,15-34 anni,7,Diploma,2021,47.831994,,
A,Annuale,IT,Italia,EMP_R,Tasso di occupazione,9,Totale,Y15-34,15-34 anni,7,Diploma,2022,51.062557,,
A,Annuale,IT,Italia,EMP_R,Tasso di occupazione,9,Totale,Y15-34,15-34 anni,7,Diploma,2023,52.008971,,
A,Annuale,IT,Italia,EMP_R,Tasso di occupazione,9,Totale,Y15-34,15-34 anni,7,Diploma,2024,51.454146,,
A,Annuale,IT,Italia,EMP_R,Tasso di occupazione,9,Totale,Y15-34,15-34 anni,11,Laurea e post-laurea,2018,61.692468,,
A,Annuale,IT,Italia,EMP_R,Tasso di occupazione,9,Totale,Y15-34,15-34 anni,11,Laurea e post-laurea,2019,62.020142,,
A,Annuale,IT,Italia,EMP_R,Tasso di occupazione,9,Totale,Y15-34,15-34 anni,11,Laurea e post-laurea,2020,59.890392,,
A,Annuale,IT,Italia,EMP_R,Tasso di occupazione,9,Totale,Y15-34,15-34 anni,11,Laurea e post-laurea,2021,62.778477,,
A,Annuale,IT,Italia,EMP_R,Tasso di occupazione,9,Totale,Y15-34,15-34 anni,11,Laurea e post-laurea,2022,65.646153,,
A,Annuale,IT,Italia,EMP_R,Tasso di occupazione,9,Totale,Y15-34,15-34 anni,11,Laurea e post-laurea,2023,66.988072,,
A,Annuale,IT,Italia,EMP_R,Tasso di occupazione,9,Totale,Y15-34,15-34 anni,11,Laurea e post-laurea,2024,68.030284,,
A,Annuale,IT,Italia,EMP_R,Tasso di occupazione,9,Totale,Y15-34,15-34 anni,99,Totale,2018,41.008504,,
A,Annuale,IT,Italia,EMP_R,Tasso di occupazione,9,Totale,Y15-34,15-34 anni,99,Totale,2019,41.700741,,
A,Annuale,IT,Italia,EMP_R,Tasso di occupazione,9,Totale,Y15-34,15-34 anni,99,Totale,2020,39.431504,,
A,Annuale,IT,Italia,EMP_R,Tasso di occupazione,9,Totale,Y15-34,15-34 anni,99,Totale,2021,40.975017,,
A,Annuale,IT,Italia,EMP_R,Tasso di occupazione,9,Totale,Y15-34,15-34 anni,99,Totale,2022,43.729679,,
A,Annuale,IT,Italia,EMP_R,Tasso di occupazione,9,Totale,Y15-34,15-34 anni,99,Totale,2023,44.970476,,
A,Annuale,IT,Italia,EMP_R,Tasso di occupazione,9,Totale,Y15-34,15-34 anni,99,Totale,2024,44.921541,,
A,Annuale,IT,Italia,EMP_R,Tasso di occupazione,9,Totale,Y35-44,35-44 anni,13,'Nessun titolo di studio, licenza di scuola elementare e media',2018,60.44923,,
A,Annuale,IT,Italia,EMP_R,Tasso di occupazione,9,Totale,Y35-44,35-44 anni,13,'Nessun titolo di studio, licenza di scuola elementare e media',2019,60.078526,,
A,Annuale,IT,Italia,EMP_R,Tasso di occupazione,9,Totale,Y35-44,35-44 anni,13,'Nessun titolo di studio, licenza di scuola elementare e media',2020,57.948952,,
A,Annuale,IT,Italia,EMP_R,Tasso di occupazione,9,Totale,Y35-44,35-44 anni,13,'Nessun titolo di studio, licenza di scuola elementare e media',2021,59.057395,,
A,Annuale,IT,Italia,EMP_R,Tasso di occupazione,9,Totale,Y35-44,35-44 anni,13,'Nessun titolo di studio, licenza di scuola elementare e media',2022,60.716765,,
A,Annuale,IT,Italia,EMP_R,Tasso di occupazione,9,Totale,Y35-44,35-44 anni,13,'Nessun titolo di studio, licenza di scuola elementare e media',2023,60.834056,,
A,Annuale,IT,Italia,EMP_R,Tasso di occupazione,9,Totale,Y35-44,35-44 anni,13,'Nessun titolo di studio, licenza di scuola elementare e media',2024,61.673748,,
A,Annuale,IT,Italia,EMP_R,Tasso di occupazione,9,Totale,Y35-44,35-44 anni,7,Diploma,2018,76.548731,,
A,Annuale,IT,Italia,EMP_R,Tasso di occupazione,9,Totale,Y35-44,35-44 anni,7,Diploma,2019,76.486281,,
A,Annuale,IT,Italia,EMP_R,Tasso di occupazione,9,Totale,Y35-44,35-44 anni,7,Diploma,2020,75.177697,,
A,Annuale,IT,Italia,EMP_R,Tasso di occupazione,9,Totale,Y35-44,35-44 anni,7,Diploma,2021,75.058817,,
A,Annuale,IT,Italia,EMP_R,Tasso di occupazione,9,Totale,Y35-44,35-44 anni,7,Diploma,2022,76.498964,,
A,Annuale,IT,Italia,EMP_R,Tasso di occupazione,9,Totale,Y35-44,35-44 anni,7,Diploma,2023,77.533625,,
A,Annuale,IT,Italia,EMP_R,Tasso di occupazione,9,Totale,Y35-44,35-44 anni,7,Diploma,2024,77.432564,,
A,Annuale,IT,Italia,EMP_R,Tasso di occupazione,9,Totale,Y35-44,35-44 anni,11,Laurea e post-laurea,2018,86.059283,,
A,Annuale,IT,Italia,EMP_R,Tasso di occupazione,9,Totale,Y35-44,35-44 anni,11,Laurea e post-laurea,2019,86.329295,,
A,Annuale,IT,Italia,EMP_R,Tasso di occupazione,9,Totale,Y35-44,35-44 anni,11,Laurea e post-laurea,2020,85.438363,,
A,Annuale,IT,Italia,EMP_R,Tasso di occupazione,9,Totale,Y35-44,35-44 anni,11,Laurea e post-laurea,2021,86.592849,,
A,Annuale,IT,Italia,EMP_R,Tasso di occupazione,9,Totale,Y35-44,35-44 anni,11,Laurea e post-laurea,2022,88.094542,,
A,Annuale,IT,Italia,EMP_R,Tasso di occupazione,9,Totale,Y35-44,35-44 anni,11,Laurea e post-laurea,2023,88.9387,,
A,Annuale,IT,Italia,EMP_R,Tasso di occupazione,9,Totale,Y35-44,35-44 anni,11,Laurea e post-laurea,2024,88.42966,,
A,Annuale,IT,Italia,EMP_R,Tasso di occupazione,9,Totale,Y35-44,35-44 anni,99,Totale,2018,73.480849,,
A,Annuale,IT,Italia,EMP_R,Tasso di occupazione,9,Totale,Y35-44,35-44 anni,99,Totale,2019,73.623991,,
A,Annuale,IT,Italia,EMP_R,Tasso di occupazione,9,Totale,Y35-44,35-44 anni,99,Totale,2020,72.302094,,
A,Annuale,IT,Italia,EMP_R,Tasso di occupazione,9,Totale,Y35-44,35-44 anni,99,Totale,2021,72.941727,,
A,Annuale,IT,Italia,EMP_R,Tasso di occupazione,9,Totale,Y35-44,35-44 anni,99,Totale,2022,74.700755,,
A,Annuale,IT,Italia,EMP_R,Tasso di occupazione,9,Totale,Y35-44,35-44 anni,99,Totale,2023,76.070601,,
A,Annuale,IT,Italia,EMP_R,Tasso di occupazione,9,Totale,Y35-44,35-44 anni,99,Totale,2024,76.354428,,
A,Annuale,IT,Italia,EMP_R,Tasso di occupazione,9,Totale,Y35-49,35-49 anni,13,'Nessun titolo di studio, licenza di scuola elementare e media',2018,60.660008,,
A,Annuale,IT,Italia,EMP_R,Tasso di occupazione,9,Totale,Y35-49,35-49 anni,13,'Nessun titolo di studio, licenza di scuola elementare e media',2019,60.918018,,
A,Annuale,IT,Italia,EMP_R,Tasso di occupazione,9,Totale,Y35-49,35-49 anni,13,'Nessun titolo di studio, licenza di scuola elementare e media',2020,58.688171,,
A,Annuale,IT,Italia,EMP_R,Tasso di occupazione,9,Totale,Y35-49,35-49 anni,13,'Nessun titolo di studio, licenza di scuola elementare e media',2021,59.73748,,
A,Annuale,IT,Italia,EMP_R,Tasso di occupazione,9,Totale,Y35-49,35-49 anni,13,'Nessun titolo di studio, licenza di scuola elementare e media',2022,61.724719,,
A,Annuale,IT,Italia,EMP_R,Tasso di occupazione,9,Totale,Y35-49,35-49 anni,13,'Nessun titolo di studio, licenza di scuola elementare e media',2023,61.750671,,
A,Annuale,IT,Italia,EMP_R,Tasso di occupazione,9,Totale,Y35-49,35-49 anni,13,'Nessun titolo di studio, licenza di scuola elementare e media',2024,62.92307,,
A,Annuale,IT,Italia,EMP_R,Tasso di occupazione,9,Totale,Y35-49,35-49 anni,7,Diploma,2018,77.208481,,
A,Annuale,IT,Italia,EMP_R,Tasso di occupazione,9,Totale,Y35-49,35-49 anni,7,Diploma,2019,77.431431,,
A,Annuale,IT,Italia,EMP_R,Tasso di occupazione,9,Totale,Y35-49,35-49 anni,7,Diploma,2020,75.971407,,
A,Annuale,IT,Italia,EMP_R,Tasso di occupazione,9,Totale,Y35-49,35-49 anni,7,Diploma,2021,76.44333,,
A,Annuale,IT,Italia,EMP_R,Tasso di occupazione,9,Totale,Y35-49,35-49 anni,7,Diploma,2022,77.994688,,
A,Annuale,IT,Italia,EMP_R,Tasso di occupazione,9,Totale,Y35-49,35-49 anni,7,Diploma,2023,78.688966,,
A,Annuale,IT,Italia,EMP_R,Tasso di occupazione,9,Totale,Y35-49,35-49 anni,7,Diploma,2024,79.280125,,
A,Annuale,IT,Italia,EMP_R,Tasso di occupazione,9,Totale,Y35-49,35-49 anni,11,Laurea e post-laurea,2018,87.359615,,
A,Annuale,IT,Italia,EMP_R,Tasso di occupazione,9,Totale,Y35-49,35-49 anni,11,Laurea e post-laurea,2019,87.216981,,
A,Annuale,IT,Italia,EMP_R,Tasso di occupazione,9,Totale,Y35-49,35-49 anni,11,Laurea e post-laurea,2020,86.477419,,
A,Annuale,IT,Italia,EMP_R,Tasso di occupazione,9,Totale,Y35-49,35-49 anni,11,Laurea e post-laurea,2021,87.704585,,
A,Annuale,IT,Italia,EMP_R,Tasso di occupazione,9,Totale,Y35-49,35-49 anni,11,Laurea e post-laurea,2022,88.745397,,
A,Annuale,IT,Italia,EMP_R,Tasso di occupazione,9,Totale,Y35-49,35-49 anni,11,Laurea e post-laurea,2023,89.623887,,
A,Annuale,IT,Italia,EMP_R,Tasso di occupazione,9,Totale,Y35-49,35-49 anni,11,Laurea e post-laurea,2024,89.480846,,
A,Annuale,IT,Italia,EMP_R,Tasso di occupazione,9,Totale,Y35-49,35-49 anni,99,Totale,2018,73.485817,,
A,Annuale,IT,Italia,EMP_R,Tasso di occupazione,9,Totale,Y35-49,35-49 anni,99,Totale,2019,73.840015,,
A,Annuale,IT,Italia,EMP_R,Tasso di occupazione,9,Totale,Y35-49,35-49 anni,99,Totale,2020,72.423439,,
A,Annuale,IT,Italia,EMP_R,Tasso di occupazione,9,Totale,Y35-49,35-49 anni,99,Totale,2021,73.37471,,
A,Annuale,IT,Italia,EMP_R,Tasso di occupazione,9,Totale,Y35-49,35-49 anni,99,Totale,2022,75.212498,,
A,Annuale,IT,Italia,EMP_R,Tasso di occupazione,9,Totale,Y35-49,35-49 anni,99,Totale,2023,76.331093,,
A,Annuale,IT,Italia,EMP_R,Tasso di occupazione,9,Totale,Y35-49,35-49 anni,99,Totale,2024,77.202894,,
A,Annuale,IT,Italia,EMP_R,Tasso di occupazione,9,Totale,Y45-54,45-54 anni,13,'Nessun titolo di studio, licenza di scuola elementare e media',2018,60.399322,,
A,Annuale,IT,Italia,EMP_R,Tasso di occupazione,9,Totale,Y45-54,45-54 anni,13,'Nessun titolo di studio, licenza di scuola elementare e media',2019,61.232069,,
A,Annuale,IT,Italia,EMP_R,Tasso di occupazione,9,Totale,Y45-54,45-54 anni,13,'Nessun titolo di studio, licenza di scuola elementare e media',2020,59.640066,,
A,Annuale,IT,Italia,EMP_R,Tasso di occupazione,9,Totale,Y45-54,45-54 anni,13,'Nessun titolo di studio, licenza di scuola elementare e media',2021,60.220457,,
A,Annuale,IT,Italia,EMP_R,Tasso di occupazione,9,Totale,Y45-54,45-54 anni,13,'Nessun titolo di studio, licenza di scuola elementare e media',2022,62.226124,,
A,Annuale,IT,Italia,EMP_R,Tasso di occupazione,9,Totale,Y45-54,45-54 anni,13,'Nessun titolo di studio, licenza di scuola elementare e media',2023,62.338683,,
A,Annuale,IT,Italia,EMP_R,Tasso di occupazione,9,Totale,Y45-54,45-54 anni,13,'Nessun titolo di studio, licenza di scuola elementare e media',2024,63.704919,,
A,Annuale,IT,Italia,EMP_R,Tasso di occupazione,9,Totale,Y45-54,45-54 anni,7,Diploma,2018,77.936485,,
A,Annuale,IT,Italia,EMP_R,Tasso di occupazione,9,Totale,Y45-54,45-54 anni,7,Diploma,2019,78.882495,,
A,Annuale,IT,Italia,EMP_R,Tasso di occupazione,9,Totale,Y45-54,45-54 anni,7,Diploma,2020,77.616566,,
A,Annuale,IT,Italia,EMP_R,Tasso di occupazione,9,Totale,Y45-54,45-54 anni,7,Diploma,2021,78.509584,,
A,Annuale,IT,Italia,EMP_R,Tasso di occupazione,9,Totale,Y45-54,45-54 anni,7,Diploma,2022,79.976293,,
A,Annuale,IT,Italia,EMP_R,Tasso di occupazione,9,Totale,Y45-54,45-54 anni,7,Diploma,2023,80.784077,,
A,Annuale,IT,Italia,EMP_R,Tasso di occupazione,9,Totale,Y45-54,45-54 anni,7,Diploma,2024,81.350724,,
A,Annuale,IT,Italia,EMP_R,Tasso di occupazione,9,Totale,Y45-54,45-54 anni,11,Laurea e post-laurea,2018,90.444694,,
A,Annuale,IT,Italia,EMP_R,Tasso di occupazione,9,Totale,Y45-54,45-54 anni,11,Laurea e post-laurea,2019,89.916777,,
A,Annuale,IT,Italia,EMP_R,Tasso di occupazione,9,Totale,Y45-54,45-54 anni,11,Laurea e post-laurea,2020,89.593242,,
A,Annuale,IT,Italia,EMP_R,Tasso di occupazione,9,Totale,Y45-54,45-54 anni,11,Laurea e post-laurea,2021,90.354901,,
A,Annuale,IT,Italia,EMP_R,Tasso di occupazione,9,Totale,Y45-54,45-54 anni,11,Laurea e post-laurea,2022,90.591847,,
A,Annuale,IT,Italia,EMP_R,Tasso di occupazione,9,Totale,Y45-54,45-54 anni,11,Laurea e post-laurea,2023,90.620706,,
A,Annuale,IT,Italia,EMP_R,Tasso di occupazione,9,Totale,Y45-54,45-54 anni,11,Laurea e post-laurea,2024,91.029111,,
A,Annuale,IT,Italia,EMP_R,Tasso di occupazione,9,Totale,Y45-54,45-54 anni,99,Totale,2018,72.283655,,
A,Annuale,IT,Italia,EMP_R,Tasso di occupazione,9,Totale,Y45-54,45-54 anni,99,Totale,2019,73.194893,,
A,Annuale,IT,Italia,EMP_R,Tasso di occupazione,9,Totale,Y45-54,45-54 anni,99,Totale,2020,72.060885,,
A,Annuale,IT,Italia,EMP_R,Tasso di occupazione,9,Totale,Y45-54,45-54 anni,99,Totale,2021,72.946254,,
A,Annuale,IT,Italia,EMP_R,Tasso di occupazione,9,Totale,Y45-54,45-54 anni,99,Totale,2022,74.709605,,
A,Annuale,IT,Italia,EMP_R,Tasso di occupazione,9,Totale,Y45-54,45-54 anni,99,Totale,2023,75.76066,,
A,Annuale,IT,Italia,EMP_R,Tasso di occupazione,9,Totale,Y45-54,45-54 anni,99,Totale,2024,77.02365,,
A,Annuale,IT,Italia,EMP_R,Tasso di occupazione,9,Totale,Y55-64,55-64 anni,13,'Nessun titolo di studio, licenza di scuola elementare e media',2018,39.164275,,
A,Annuale,IT,Italia,EMP_R,Tasso di occupazione,9,Totale,Y55-64,55-64 anni,13,'Nessun titolo di studio, licenza di scuola elementare e media',2019,39.93999,,
A,Annuale,IT,Italia,EMP_R,Tasso di occupazione,9,Totale,Y55-64,55-64 anni,13,'Nessun titolo di studio, licenza di scuola elementare e media',2020,39.54043,,
A,Annuale,IT,Italia,EMP_R,Tasso di occupazione,9,Totale,Y55-64,55-64 anni,13,'Nessun titolo di studio, licenza di scuola elementare e media',2021,40.183906,,
A,Annuale,IT,Italia,EMP_R,Tasso di occupazione,9,Totale,Y55-64,55-64 anni,13,'Nessun titolo di studio, licenza di scuola elementare e media',2022,42.358721,,
A,Annuale,IT,Italia,EMP_R,Tasso di occupazione,9,Totale,Y55-64,55-64 anni,13,'Nessun titolo di studio, licenza di scuola elementare e media',2023,43.722064,,
A,Annuale,IT,Italia,EMP_R,Tasso di occupazione,9,Totale,Y55-64,55-64 anni,13,'Nessun titolo di studio, licenza di scuola elementare e media',2024,44.709247,,
A,Annuale,IT,Italia,EMP_R,Tasso di occupazione,9,Totale,Y55-64,55-64 anni,7,Diploma,2018,62.625444,,
A,Annuale,IT,Italia,EMP_R,Tasso di occupazione,9,Totale,Y55-64,55-64 anni,7,Diploma,2019,63.206804,,
A,Annuale,IT,Italia,EMP_R,Tasso di occupazione,9,Totale,Y55-64,55-64 anni,7,Diploma,2020,61.880183,,
A,Annuale,IT,Italia,EMP_R,Tasso di occupazione,9,Totale,Y55-64,55-64 anni,7,Diploma,2021,61.589035,,
A,Annuale,IT,Italia,EMP_R,Tasso di occupazione,9,Totale,Y55-64,55-64 anni,7,Diploma,2022,63.488809,,
A,Annuale,IT,Italia,EMP_R,Tasso di occupazione,9,Totale,Y55-64,55-64 anni,7,Diploma,2023,64.995104,,
A,Annuale,IT,Italia,EMP_R,Tasso di occupazione,9,Totale,Y55-64,55-64 anni,7,Diploma,2024,66.879612,,
A,Annuale,IT,Italia,EMP_R,Tasso di occupazione,9,Totale,Y55-64,55-64 anni,11,Laurea e post-laurea,2018,82.771645,,
A,Annuale,IT,Italia,EMP_R,Tasso di occupazione,9,Totale,Y55-64,55-64 anni,11,Laurea e post-laurea,2019,82.952843,,
A,Annuale,IT,Italia,EMP_R,Tasso di occupazione,9,Totale,Y55-64,55-64 anni,11,Laurea e post-laurea,2020,81.174156,,
A,Annuale,IT,Italia,EMP_R,Tasso di occupazione,9,Totale,Y55-64,55-64 anni,11,Laurea e post-laurea,2021,81.687112,,
A,Annuale,IT,Italia,EMP_R,Tasso di occupazione,9,Totale,Y55-64,55-64 anni,11,Laurea e post-laurea,2022,82.127023,,
A,Annuale,IT,Italia,EMP_R,Tasso di occupazione,9,Totale,Y55-64,55-64 anni,11,Laurea e post-laurea,2023,83.854638,,
A,Annuale,IT,Italia,EMP_R,Tasso di occupazione,9,Totale,Y55-64,55-64 anni,11,Laurea e post-laurea,2024,85.122669,,
A,Annuale,IT,Italia,EMP_R,Tasso di occupazione,9,Totale,Y55-64,55-64 anni,99,Totale,2018,53.483107,,
A,Annuale,IT,Italia,EMP_R,Tasso di occupazione,9,Totale,Y55-64,55-64 anni,99,Totale,2019,54.098287,,
A,Annuale,IT,Italia,EMP_R,Tasso di occupazione,9,Totale,Y55-64,55-64 anni,99,Totale,2020,53.262647,,
A,Annuale,IT,Italia,EMP_R,Tasso di occupazione,9,Totale,Y55-64,55-64 anni,99,Totale,2021,53.406821,,
A,Annuale,IT,Italia,EMP_R,Tasso di occupazione,9,Totale,Y55-64,55-64 anni,99,Totale,2022,55.01235,,
A,Annuale,IT,Italia,EMP_R,Tasso di occupazione,9,Totale,Y55-64,55-64 anni,99,Totale,2023,57.271776,,
A,Annuale,IT,Italia,EMP_R,Tasso di occupazione,9,Totale,Y55-64,55-64 anni,99,Totale,2024,59.004579,,
A,Annuale,IT,Italia,EMP_R,Tasso di occupazione,9,Totale,Y50-64,50-64 anni,13,'Nessun titolo di studio, licenza di scuola elementare e media',2018,46.663286,,
A,Annuale,IT,Italia,EMP_R,Tasso di occupazione,9,Totale,Y50-64,50-64 anni,13,'Nessun titolo di studio, licenza di scuola elementare e media',2019,47.176091,,
A,Annuale,IT,Italia,EMP_R,Tasso di occupazione,9,Totale,Y50-64,50-64 anni,13,'Nessun titolo di studio, licenza di scuola elementare e media',2020,46.470355,,
A,Annuale,IT,Italia,EMP_R,Tasso di occupazione,9,Totale,Y50-64,50-64 anni,13,'Nessun titolo di studio, licenza di scuola elementare e media',2021,46.802456,,
A,Annuale,IT,Italia,EMP_R,Tasso di occupazione,9,Totale,Y50-64,50-64 anni,13,'Nessun titolo di studio, licenza di scuola elementare e media',2022,48.538501,,
A,Annuale,IT,Italia,EMP_R,Tasso di occupazione,9,Totale,Y50-64,50-64 anni,13,'Nessun titolo di studio, licenza di scuola elementare e media',2023,49.384077,,
A,Annuale,IT,Italia,EMP_R,Tasso di occupazione,9,Totale,Y50-64,50-64 anni,13,'Nessun titolo di studio, licenza di scuola elementare e media',2024,50.292944,,
A,Annuale,IT,Italia,EMP_R,Tasso di occupazione,9,Totale,Y50-64,50-64 anni,7,Diploma,2018,68.459073,,
A,Annuale,IT,Italia,EMP_R,Tasso di occupazione,9,Totale,Y50-64,50-64 anni,7,Diploma,2019,69.201374,,
A,Annuale,IT,Italia,EMP_R,Tasso di occupazione,9,Totale,Y50-64,50-64 anni,7,Diploma,2020,67.970443,,
A,Annuale,IT,Italia,EMP_R,Tasso di occupazione,9,Totale,Y50-64,50-64 anni,7,Diploma,2021,67.816655,,
A,Annuale,IT,Italia,EMP_R,Tasso di occupazione,9,Totale,Y50-64,50-64 anni,7,Diploma,2022,69.447265,,
A,Annuale,IT,Italia,EMP_R,Tasso di occupazione,9,Totale,Y50-64,50-64 anni,7,Diploma,2023,70.823909,,
A,Annuale,IT,Italia,EMP_R,Tasso di occupazione,9,Totale,Y50-64,50-64 anni,7,Diploma,2024,71.759513,,
A,Annuale,IT,Italia,EMP_R,Tasso di occupazione,9,Totale,Y50-64,50-64 anni,11,Laurea e post-laurea,2018,85.879061,,
A,Annuale,IT,Italia,EMP_R,Tasso di occupazione,9,Totale,Y50-64,50-64 anni,11,Laurea e post-laurea,2019,86.178835,,
A,Annuale,IT,Italia,EMP_R,Tasso di occupazione,9,Totale,Y50-64,50-64 anni,11,Laurea e post-laurea,2020,84.981089,,
A,Annuale,IT,Italia,EMP_R,Tasso di occupazione,9,Totale,Y50-64,50-64 anni,11,Laurea e post-laurea,2021,85.34138,,
A,Annuale,IT,Italia,EMP_R,Tasso di occupazione,9,Totale,Y50-64,50-64 anni,11,Laurea e post-laurea,2022,85.892625,,
A,Annuale,IT,Italia,EMP_R,Tasso di occupazione,9,Totale,Y50-64,50-64 anni,11,Laurea e post-laurea,2023,86.477619,,
A,Annuale,IT,Italia,EMP_R,Tasso di occupazione,9,Totale,Y50-64,50-64 anni,11,Laurea e post-laurea,2024,87.358384,,
A,Annuale,IT,Italia,EMP_R,Tasso di occupazione,9,Totale,Y50-64,50-64 anni,99,Totale,2018,60.126649,,
A,Annuale,IT,Italia,EMP_R,Tasso di occupazione,9,Totale,Y50-64,50-64 anni,99,Totale,2019,60.850987,,
A,Annuale,IT,Italia,EMP_R,Tasso di occupazione,9,Totale,Y50-64,50-64 anni,99,Totale,2020,59.936935,,
A,Annuale,IT,Italia,EMP_R,Tasso di occupazione,9,Totale,Y50-64,50-64 anni,99,Totale,2021,60.0269,,
A,Annuale,IT,Italia,EMP_R,Tasso di occupazione,9,Totale,Y50-64,50-64 anni,99,Totale,2022,61.521768,,
A,Annuale,IT,Italia,EMP_R,Tasso di occupazione,9,Totale,Y50-64,50-64 anni,99,Totale,2023,63.377512,,
A,Annuale,IT,Italia,EMP_R,Tasso di occupazione,9,Totale,Y50-64,50-64 anni,99,Totale,2024,64.731577,,
A,Annuale,IT,Italia,EMP_R,Tasso di occupazione,9,Totale,Y20-64,20-64 anni,13,'Nessun titolo di studio, licenza di scuola elementare e media',2018,51.793629,,
A,Annuale,IT,Italia,EMP_R,Tasso di occupazione,9,Totale,Y20-64,20-64 anni,13,'Nessun titolo di studio, licenza di scuola elementare e media',2019,52.07399,,
A,Annuale,IT,Italia,EMP_R,Tasso di occupazione,9,Totale,Y20-64,20-64 anni,13,'Nessun titolo di studio, licenza di scuola elementare e media',2020,50.282234,,
A,Annuale,IT,Italia,EMP_R,Tasso di occupazione,9,Totale,Y20-64,20-64 anni,13,'Nessun titolo di studio, licenza di scuola elementare e media',2021,50.974061,,
A,Annuale,IT,Italia,EMP_R,Tasso di occupazione,9,Totale,Y20-64,20-64 anni,13,'Nessun titolo di studio, licenza di scuola elementare e media',2022,52.919807,,
A,Annuale,IT,Italia,EMP_R,Tasso di occupazione,9,Totale,Y20-64,20-64 anni,13,'Nessun titolo di studio, licenza di scuola elementare e media',2023,53.696256,,
A,Annuale,IT,Italia,EMP_R,Tasso di occupazione,9,Totale,Y20-64,20-64 anni,13,'Nessun titolo di studio, licenza di scuola elementare e media',2024,54.607131,,
A,Annuale,IT,Italia,EMP_R,Tasso di occupazione,9,Totale,Y20-64,20-64 anni,7,Diploma,2018,65.649248,,
A,Annuale,IT,Italia,EMP_R,Tasso di occupazione,9,Totale,Y20-64,20-64 anni,7,Diploma,2019,66.35738,,
A,Annuale,IT,Italia,EMP_R,Tasso di occupazione,9,Totale,Y20-64,20-64 anni,7,Diploma,2020,64.556165,,
A,Annuale,IT,Italia,EMP_R,Tasso di occupazione,9,Totale,Y20-64,20-64 anni,7,Diploma,2021,65.17294,,
A,Annuale,IT,Italia,EMP_R,Tasso di occupazione,9,Totale,Y20-64,20-64 anni,7,Diploma,2022,67.327256,,
A,Annuale,IT,Italia,EMP_R,Tasso di occupazione,9,Totale,Y20-64,20-64 anni,7,Diploma,2023,68.349344,,
A,Annuale,IT,Italia,EMP_R,Tasso di occupazione,9,Totale,Y20-64,20-64 anni,7,Diploma,2024,68.650621,,
A,Annuale,IT,Italia,EMP_R,Tasso di occupazione,9,Totale,Y20-64,20-64 anni,11,Laurea e post-laurea,2018,78.787286,,
A,Annuale,IT,Italia,EMP_R,Tasso di occupazione,9,Totale,Y20-64,20-64 anni,11,Laurea e post-laurea,2019,79.011512,,
A,Annuale,IT,Italia,EMP_R,Tasso di occupazione,9,Totale,Y20-64,20-64 anni,11,Laurea e post-laurea,2020,77.661975,,
A,Annuale,IT,Italia,EMP_R,Tasso di occupazione,9,Totale,Y20-64,20-64 anni,11,Laurea e post-laurea,2021,79.183407,,
A,Annuale,IT,Italia,EMP_R,Tasso di occupazione,9,Totale,Y20-64,20-64 anni,11,Laurea e post-laurea,2022,80.587916,,
A,Annuale,IT,Italia,EMP_R,Tasso di occupazione,9,Totale,Y20-64,20-64 anni,11,Laurea e post-laurea,2023,81.633802,,
A,Annuale,IT,Italia,EMP_R,Tasso di occupazione,9,Totale,Y20-64,20-64 anni,11,Laurea e post-laurea,2024,82.201144,,
A,Annuale,IT,Italia,EMP_R,Tasso di occupazione,9,Totale,Y20-64,20-64 anni,99,Totale,2018,62.97185,,
A,Annuale,IT,Italia,EMP_R,Tasso di occupazione,9,Totale,Y20-64,20-64 anni,99,Totale,2019,63.547806,,
A,Annuale,IT,Italia,EMP_R,Tasso di occupazione,9,Totale,Y20-64,20-64 anni,99,Totale,2020,61.904197,,
A,Annuale,IT,Italia,EMP_R,Tasso di occupazione,9,Totale,Y20-64,20-64 anni,99,Totale,2021,62.747031,,
A,Annuale,IT,Italia,EMP_R,Tasso di occupazione,9,Totale,Y20-64,20-64 anni,99,Totale,2022,64.80939,,
A,Annuale,IT,Italia,EMP_R,Tasso di occupazione,9,Totale,Y20-64,20-64 anni,99,Totale,2023,66.262679,,
A,Annuale,IT,Italia,EMP_R,Tasso di occupazione,9,Totale,Y20-64,20-64 anni,99,Totale,2024,67.074339,,
A,Annuale,IT,Italia,EMP_R,Tasso di occupazione,9,Totale,Y15-64,15-64 anni,13,'Nessun titolo di studio, licenza di scuola elementare e media',2018,43.933361,,
A,Annuale,IT,Italia,EMP_R,Tasso di occupazione,9,Totale,Y15-64,15-64 anni,13,'Nessun titolo di studio, licenza di scuola elementare e media',2019,44.094544,,
A,Annuale,IT,Italia,EMP_R,Tasso di occupazione,9,Totale,Y15-64,15-64 anni,13,'Nessun titolo di studio, licenza di scuola elementare e media',2020,42.481793,,
A,Annuale,IT,Italia,EMP_R,Tasso di occupazione,9,Totale,Y15-64,15-64 anni,13,'Nessun titolo di studio, licenza di scuola elementare e media',2021,42.990925,,
A,Annuale,IT,Italia,EMP_R,Tasso di occupazione,9,Totale,Y15-64,15-64 anni,13,'Nessun titolo di studio, licenza di scuola elementare e media',2022,44.57015,,
A,Annuale,IT,Italia,EMP_R,Tasso di occupazione,9,Totale,Y15-64,15-64 anni,13,'Nessun titolo di studio, licenza di scuola elementare e media',2023,44.713481,,
A,Annuale,IT,Italia,EMP_R,Tasso di occupazione,9,Totale,Y15-64,15-64 anni,13,'Nessun titolo di studio, licenza di scuola elementare e media',2024,45.054909,,
A,Annuale,IT,Italia,EMP_R,Tasso di occupazione,9,Totale,Y15-64,15-64 anni,7,Diploma,2018,64.283322,,
A,Annuale,IT,Italia,EMP_R,Tasso di occupazione,9,Totale,Y15-64,15-64 anni,7,Diploma,2019,64.93171,,
A,Annuale,IT,Italia,EMP_R,Tasso di occupazione,9,Totale,Y15-64,15-64 anni,7,Diploma,2020,63.114385,,
A,Annuale,IT,Italia,EMP_R,Tasso di occupazione,9,Totale,Y15-64,15-64 anni,7,Diploma,2021,63.708331,,
A,Annuale,IT,Italia,EMP_R,Tasso di occupazione,9,Totale,Y15-64,15-64 anni,7,Diploma,2022,65.791692,,
A,Annuale,IT,Italia,EMP_R,Tasso di occupazione,9,Totale,Y15-64,15-64 anni,7,Diploma,2023,66.809724,,
A,Annuale,IT,Italia,EMP_R,Tasso di occupazione,9,Totale,Y15-64,15-64 anni,7,Diploma,2024,67.166694,,
A,Annuale,IT,Italia,EMP_R,Tasso di occupazione,9,Totale,Y15-64,15-64 anni,11,Laurea e post-laurea,2018,78.783677,,
A,Annuale,IT,Italia,EMP_R,Tasso di occupazione,9,Totale,Y15-64,15-64 anni,11,Laurea e post-laurea,2019,79.005163,,
A,Annuale,IT,Italia,EMP_R,Tasso di occupazione,9,Totale,Y15-64,15-64 anni,11,Laurea e post-laurea,2020,77.656788,,
A,Annuale,IT,Italia,EMP_R,Tasso di occupazione,9,Totale,Y15-64,15-64 anni,11,Laurea e post-laurea,2021,79.178804,,
A,Annuale,IT,Italia,EMP_R,Tasso di occupazione,9,Totale,Y15-64,15-64 anni,11,Laurea e post-laurea,2022,80.587552,,
A,Annuale,IT,Italia,EMP_R,Tasso di occupazione,9,Totale,Y15-64,15-64 anni,11,Laurea e post-laurea,2023,81.632601,,
A,Annuale,IT,Italia,EMP_R,Tasso di occupazione,9,Totale,Y15-64,15-64 anni,11,Laurea e post-laurea,2024,82.195655,,
A,Annuale,IT,Italia,EMP_R,Tasso di occupazione,9,Totale,Y15-64,15-64 anni,99,Totale,2018,58.52055,,
A,Annuale,IT,Italia,EMP_R,Tasso di occupazione,9,Totale,Y15-64,15-64 anni,99,Totale,2019,59.049285,,
A,Annuale,IT,Italia,EMP_R,Tasso di occupazione,9,Totale,Y15-64,15-64 anni,99,Totale,2020,57.466765,,
A,Annuale,IT,Italia,EMP_R,Tasso di occupazione,9,Totale,Y15-64,15-64 anni,99,Totale,2021,58.224408,,
A,Annuale,IT,Italia,EMP_R,Tasso di occupazione,9,Totale,Y15-64,15-64 anni,99,Totale,2022,60.141852,,
A,Annuale,IT,Italia,EMP_R,Tasso di occupazione,9,Totale,Y15-64,15-64 anni,99,Totale,2023,61.479051,,
A,Annuale,IT,Italia,EMP_R,Tasso di occupazione,9,Totale,Y15-64,15-64 anni,99,Totale,2024,62.180504,,
A,Annuale,IT,Italia,EMP_R,Tasso di occupazione,9,Totale,Y15-74,15-74 anni,13,'Nessun titolo di studio, licenza di scuola elementare e media',2018,35.562299,,
A,Annuale,IT,Italia,EMP_R,Tasso di occupazione,9,Totale,Y15-74,15-74 anni,13,'Nessun titolo di studio, licenza di scuola elementare e media',2019,35.724158,,
A,Annuale,IT,Italia,EMP_R,Tasso di occupazione,9,Totale,Y15-74,15-74 anni,13,'Nessun titolo di studio, licenza di scuola elementare e media',2020,34.273157,,
A,Annuale,IT,Italia,EMP_R,Tasso di occupazione,9,Totale,Y15-74,15-74 anni,13,'Nessun titolo di studio, licenza di scuola elementare e media',2021,34.525109,,
A,Annuale,IT,Italia,EMP_R,Tasso di occupazione,9,Totale,Y15-74,15-74 anni,13,'Nessun titolo di studio, licenza di scuola elementare e media',2022,35.643671,,
A,Annuale,IT,Italia,EMP_R,Tasso di occupazione,9,Totale,Y15-74,15-74 anni,13,'Nessun titolo di studio, licenza di scuola elementare e media',2023,35.816077,,
A,Annuale,IT,Italia,EMP_R,Tasso di occupazione,9,Totale,Y15-74,15-74 anni,13,'Nessun titolo di studio, licenza di scuola elementare e media',2024,36.226925,,
A,Annuale,IT,Italia,EMP_R,Tasso di occupazione,9,Totale,Y15-74,15-74 anni,7,Diploma,2018,59.438444,,
A,Annuale,IT,Italia,EMP_R,Tasso di occupazione,9,Totale,Y15-74,15-74 anni,7,Diploma,2019,59.73823,,
A,Annuale,IT,Italia,EMP_R,Tasso di occupazione,9,Totale,Y15-74,15-74 anni,7,Diploma,2020,57.961259,,
A,Annuale,IT,Italia,EMP_R,Tasso di occupazione,9,Totale,Y15-74,15-74 anni,7,Diploma,2021,58.405385,,
A,Annuale,IT,Italia,EMP_R,Tasso di occupazione,9,Totale,Y15-74,15-74 anni,7,Diploma,2022,60.238164,,
A,Annuale,IT,Italia,EMP_R,Tasso di occupazione,9,Totale,Y15-74,15-74 anni,7,Diploma,2023,60.803889,,
A,Annuale,IT,Italia,EMP_R,Tasso di occupazione,9,Totale,Y15-74,15-74 anni,7,Diploma,2024,60.975304,,
A,Annuale,IT,Italia,EMP_R,Tasso di occupazione,9,Totale,Y15-74,15-74 anni,11,Laurea e post-laurea,2018,73.26221,,
A,Annuale,IT,Italia,EMP_R,Tasso di occupazione,9,Totale,Y15-74,15-74 anni,11,Laurea e post-laurea,2019,73.424262,,
A,Annuale,IT,Italia,EMP_R,Tasso di occupazione,9,Totale,Y15-74,15-74 anni,11,Laurea e post-laurea,2020,72.325921,,
A,Annuale,IT,Italia,EMP_R,Tasso di occupazione,9,Totale,Y15-74,15-74 anni,11,Laurea e post-laurea,2021,73.986623,,
A,Annuale,IT,Italia,EMP_R,Tasso di occupazione,9,Totale,Y15-74,15-74 anni,11,Laurea e post-laurea,2022,75.306503,,
A,Annuale,IT,Italia,EMP_R,Tasso di occupazione,9,Totale,Y15-74,15-74 anni,11,Laurea e post-laurea,2023,76.133126,,
A,Annuale,IT,Italia,EMP_R,Tasso di occupazione,9,Totale,Y15-74,15-74 anni,11,Laurea e post-laurea,2024,76.651033,,
A,Annuale,IT,Italia,EMP_R,Tasso di occupazione,9,Totale,Y15-74,15-74 anni,99,Totale,2018,51.13784,,
A,Annuale,IT,Italia,EMP_R,Tasso di occupazione,9,Totale,Y15-74,15-74 anni,99,Totale,2019,51.550881,,
A,Annuale,IT,Italia,EMP_R,Tasso di occupazione,9,Totale,Y15-74,15-74 anni,99,Totale,2020,50.0602,,
A,Annuale,IT,Italia,EMP_R,Tasso di occupazione,9,Totale,Y15-74,15-74 anni,99,Totale,2021,50.602168,,
A,Annuale,IT,Italia,EMP_R,Tasso di occupazione,9,Totale,Y15-74,15-74 anni,99,Totale,2022,52.184722,,
A,Annuale,IT,Italia,EMP_R,Tasso di occupazione,9,Totale,Y15-74,15-74 anni,99,Totale,2023,53.404928,,
A,Annuale,IT,Italia,EMP_R,Tasso di occupazione,9,Totale,Y15-74,15-74 anni,99,Totale,2024,54.106434,,
A,Annuale,IT,Italia,EMP_R,Tasso di occupazione,9,Totale,Y50-89,50-89 anni,13,'Nessun titolo di studio, licenza di scuola elementare e media',2018,20.539265,,
A,Annuale,IT,Italia,EMP_R,Tasso di occupazione,9,Totale,Y50-89,50-89 anni,13,'Nessun titolo di studio, licenza di scuola elementare e media',2019,21.016446,,
A,Annuale,IT,Italia,EMP_R,Tasso di occupazione,9,Totale,Y50-89,50-89 anni,13,'Nessun titolo di studio, licenza di scuola elementare e media',2020,20.676632,,
A,Annuale,IT,Italia,EMP_R,Tasso di occupazione,9,Totale,Y50-89,50-89 anni,13,'Nessun titolo di studio, licenza di scuola elementare e media',2021,20.904658,,
A,Annuale,IT,Italia,EMP_R,Tasso di occupazione,9,Totale,Y50-89,50-89 anni,13,'Nessun titolo di studio, licenza di scuola elementare e media',2022,21.763274,,
A,Annuale,IT,Italia,EMP_R,Tasso di occupazione,9,Totale,Y50-89,50-89 anni,13,'Nessun titolo di studio, licenza di scuola elementare e media',2023,21.964283,,
A,Annuale,IT,Italia,EMP_R,Tasso di occupazione,9,Totale,Y50-89,50-89 anni,13,'Nessun titolo di studio, licenza di scuola elementare e media',2024,22.177412,,
A,Annuale,IT,Italia,EMP_R,Tasso di occupazione,9,Totale,Y50-89,50-89 anni,7,Diploma,2018,48.508607,,
A,Annuale,IT,Italia,EMP_R,Tasso di occupazione,9,Totale,Y50-89,50-89 anni,7,Diploma,2019,48.485378,,
A,Annuale,IT,Italia,EMP_R,Tasso di occupazione,9,Totale,Y50-89,50-89 anni,7,Diploma,2020,47.790501,,
A,Annuale,IT,Italia,EMP_R,Tasso di occupazione,9,Totale,Y50-89,50-89 anni,7,Diploma,2021,47.957557,,
A,Annuale,IT,Italia,EMP_R,Tasso di occupazione,9,Totale,Y50-89,50-89 anni,7,Diploma,2022,48.366246,,
A,Annuale,IT,Italia,EMP_R,Tasso di occupazione,9,Totale,Y50-89,50-89 anni,7,Diploma,2023,48.640498,,
A,Annuale,IT,Italia,EMP_R,Tasso di occupazione,9,Totale,Y50-89,50-89 anni,7,Diploma,2024,49.138416,,
A,Annuale,IT,Italia,EMP_R,Tasso di occupazione,9,Totale,Y50-89,50-89 anni,11,Laurea e post-laurea,2018,60.048693,,
A,Annuale,IT,Italia,EMP_R,Tasso di occupazione,9,Totale,Y50-89,50-89 anni,11,Laurea e post-laurea,2019,60.323267,,
A,Annuale,IT,Italia,EMP_R,Tasso di occupazione,9,Totale,Y50-89,50-89 anni,11,Laurea e post-laurea,2020,59.763779,,
A,Annuale,IT,Italia,EMP_R,Tasso di occupazione,9,Totale,Y50-89,50-89 anni,11,Laurea e post-laurea,2021,62.390885,,
A,Annuale,IT,Italia,EMP_R,Tasso di occupazione,9,Totale,Y50-89,50-89 anni,11,Laurea e post-laurea,2022,61.966651,,
A,Annuale,IT,Italia,EMP_R,Tasso di occupazione,9,Totale,Y50-89,50-89 anni,11,Laurea e post-laurea,2023,62.213602,,
A,Annuale,IT,Italia,EMP_R,Tasso di occupazione,9,Totale,Y50-89,50-89 anni,11,Laurea e post-laurea,2024,62.761,,
A,Annuale,IT,Italia,EMP_R,Tasso di occupazione,9,Totale,Y50-89,50-89 anni,99,Totale,2018,32.703818,,
A,Annuale,IT,Italia,EMP_R,Tasso di occupazione,9,Totale,Y50-89,50-89 anni,99,Totale,2019,33.328252,,
A,Annuale,IT,Italia,EMP_R,Tasso di occupazione,9,Totale,Y50-89,50-89 anni,99,Totale,2020,32.894301,,
A,Annuale,IT,Italia,EMP_R,Tasso di occupazione,9,Totale,Y50-89,50-89 anni,99,Totale,2021,33.11403,,
A,Annuale,IT,Italia,EMP_R,Tasso di occupazione,9,Totale,Y50-89,50-89 anni,99,Totale,2022,33.799303,,
A,Annuale,IT,Italia,EMP_R,Tasso di occupazione,9,Totale,Y50-89,50-89 anni,99,Totale,2023,34.989034,,
A,Annuale,IT,Italia,EMP_R,Tasso di occupazione,9,Totale,Y50-89,50-89 anni,99,Totale,2024,35.802744,,
A,Annuale,IT,Italia,EMP_R,Tasso di occupazione,9,Totale,Y15-89,15-89 anni,13,'Nessun titolo di studio, licenza di scuola elementare e media',2018,28.519986,,
A,Annuale,IT,Italia,EMP_R,Tasso di occupazione,9,Totale,Y15-89,15-89 anni,13,'Nessun titolo di studio, licenza di scuola elementare e media',2019,28.630881,,
A,Annuale,IT,Italia,EMP_R,Tasso di occupazione,9,Totale,Y15-89,15-89 anni,13,'Nessun titolo di studio, licenza di scuola elementare e media',2020,27.417607,,
A,Annuale,IT,Italia,EMP_R,Tasso di occupazione,9,Totale,Y15-89,15-89 anni,13,'Nessun titolo di studio, licenza di scuola elementare e media',2021,27.520529,,
A,Annuale,IT,Italia,EMP_R,Tasso di occupazione,9,Totale,Y15-89,15-89 anni,13,'Nessun titolo di studio, licenza di scuola elementare e media',2022,28.293893,,
A,Annuale,IT,Italia,EMP_R,Tasso di occupazione,9,Totale,Y15-89,15-89 anni,13,'Nessun titolo di studio, licenza di scuola elementare e media',2023,28.147769,,
A,Annuale,IT,Italia,EMP_R,Tasso di occupazione,9,Totale,Y15-89,15-89 anni,13,'Nessun titolo di studio, licenza di scuola elementare e media',2024,28.240095,,
A,Annuale,IT,Italia,EMP_R,Tasso di occupazione,9,Totale,Y15-89,15-89 anni,7,Diploma,2018,57.007304,,
A,Annuale,IT,Italia,EMP_R,Tasso di occupazione,9,Totale,Y15-89,15-89 anni,7,Diploma,2019,57.154921,,
A,Annuale,IT,Italia,EMP_R,Tasso di occupazione,9,Totale,Y15-89,15-89 anni,7,Diploma,2020,55.46574,,
A,Annuale,IT,Italia,EMP_R,Tasso di occupazione,9,Totale,Y15-89,15-89 anni,7,Diploma,2021,56.074546,,
A,Annuale,IT,Italia,EMP_R,Tasso di occupazione,9,Totale,Y15-89,15-89 anni,7,Diploma,2022,57.522481,,
A,Annuale,IT,Italia,EMP_R,Tasso di occupazione,9,Totale,Y15-89,15-89 anni,7,Diploma,2023,57.756444,,
A,Annuale,IT,Italia,EMP_R,Tasso di occupazione,9,Totale,Y15-89,15-89 anni,7,Diploma,2024,57.837202,,
A,Annuale,IT,Italia,EMP_R,Tasso di occupazione,9,Totale,Y15-89,15-89 anni,11,Laurea e post-laurea,2018,70.404964,,
A,Annuale,IT,Italia,EMP_R,Tasso di occupazione,9,Totale,Y15-89,15-89 anni,11,Laurea e post-laurea,2019,70.492058,,
A,Annuale,IT,Italia,EMP_R,Tasso di occupazione,9,Totale,Y15-89,15-89 anni,11,Laurea e post-laurea,2020,69.366352,,
A,Annuale,IT,Italia,EMP_R,Tasso di occupazione,9,Totale,Y15-89,15-89 anni,11,Laurea e post-laurea,2021,71.563367,,
A,Annuale,IT,Italia,EMP_R,Tasso di occupazione,9,Totale,Y15-89,15-89 anni,11,Laurea e post-laurea,2022,72.457461,,
A,Annuale,IT,Italia,EMP_R,Tasso di occupazione,9,Totale,Y15-89,15-89 anni,11,Laurea e post-laurea,2023,73.021911,,
A,Annuale,IT,Italia,EMP_R,Tasso di occupazione,9,Totale,Y15-89,15-89 anni,11,Laurea e post-laurea,2024,73.379838,,
A,Annuale,IT,Italia,EMP_R,Tasso di occupazione,9,Totale,Y15-89,15-89 anni,99,Totale,2018,45.132042,,
A,Annuale,IT,Italia,EMP_R,Tasso di occupazione,9,Totale,Y15-89,15-89 anni,99,Totale,2019,45.481132,,
A,Annuale,IT,Italia,EMP_R,Tasso di occupazione,9,Totale,Y15-89,15-89 anni,99,Totale,2020,44.132046,,
A,Annuale,IT,Italia,EMP_R,Tasso di occupazione,9,Totale,Y15-89,15-89 anni,99,Totale,2021,44.623988,,
A,Annuale,IT,Italia,EMP_R,Tasso di occupazione,9,Totale,Y15-89,15-89 anni,99,Totale,2022,45.845775,,
A,Annuale,IT,Italia,EMP_R,Tasso di occupazione,9,Totale,Y15-89,15-89 anni,99,Totale,2023,46.805152,,
A,Annuale,IT,Italia,EMP_R,Tasso di occupazione,9,Totale,Y15-89,15-89 anni,99,Totale,2024,47.339467,,
A,Annuale,IT,Italia,EMP_R,Tasso di occupazione,9,Totale,Y50-74,50-74 anni,13,'Nessun titolo di studio, licenza di scuola elementare e media',2018,29.916312,,
A,Annuale,IT,Italia,EMP_R,Tasso di occupazione,9,Totale,Y50-74,50-74 anni,13,'Nessun titolo di studio, licenza di scuola elementare e media',2019,30.508303,,
A,Annuale,IT,Italia,EMP_R,Tasso di occupazione,9,Totale,Y50-74,50-74 anni,13,'Nessun titolo di studio, licenza di scuola elementare e media',2020,29.973046,,
A,Annuale,IT,Italia,EMP_R,Tasso di occupazione,9,Totale,Y50-74,50-74 anni,13,'Nessun titolo di studio, licenza di scuola elementare e media',2021,30.237858,,
A,Annuale,IT,Italia,EMP_R,Tasso di occupazione,9,Totale,Y50-74,50-74 anni,13,'Nessun titolo di studio, licenza di scuola elementare e media',2022,31.477164,,
A,Annuale,IT,Italia,EMP_R,Tasso di occupazione,9,Totale,Y50-74,50-74 anni,13,'Nessun titolo di studio, licenza di scuola elementare e media',2023,32.187426,,
A,Annuale,IT,Italia,EMP_R,Tasso di occupazione,9,Totale,Y50-74,50-74 anni,13,'Nessun titolo di studio, licenza di scuola elementare e media',2024,32.957079,,
A,Annuale,IT,Italia,EMP_R,Tasso di occupazione,9,Totale,Y50-74,50-74 anni,7,Diploma,2018,54.146919,,
A,Annuale,IT,Italia,EMP_R,Tasso di occupazione,9,Totale,Y50-74,50-74 anni,7,Diploma,2019,54.281877,,
A,Annuale,IT,Italia,EMP_R,Tasso di occupazione,9,Totale,Y50-74,50-74 anni,7,Diploma,2020,53.338188,,
A,Annuale,IT,Italia,EMP_R,Tasso di occupazione,9,Totale,Y50-74,50-74 anni,7,Diploma,2021,53.060215,,
A,Annuale,IT,Italia,EMP_R,Tasso di occupazione,9,Totale,Y50-74,50-74 anni,7,Diploma,2022,54.205311,,
A,Annuale,IT,Italia,EMP_R,Tasso di occupazione,9,Totale,Y50-74,50-74 anni,7,Diploma,2023,54.935589,,
A,Annuale,IT,Italia,EMP_R,Tasso di occupazione,9,Totale,Y50-74,50-74 anni,7,Diploma,2024,55.543075,,
A,Annuale,IT,Italia,EMP_R,Tasso di occupazione,9,Totale,Y50-74,50-74 anni,11,Laurea e post-laurea,2018,67.238304,,
A,Annuale,IT,Italia,EMP_R,Tasso di occupazione,9,Totale,Y50-74,50-74 anni,11,Laurea e post-laurea,2019,67.608724,,
A,Annuale,IT,Italia,EMP_R,Tasso di occupazione,9,Totale,Y50-74,50-74 anni,11,Laurea e post-laurea,2020,67.176163,,
A,Annuale,IT,Italia,EMP_R,Tasso di occupazione,9,Totale,Y50-74,50-74 anni,11,Laurea e post-laurea,2021,68.464419,,
A,Annuale,IT,Italia,EMP_R,Tasso di occupazione,9,Totale,Y50-74,50-74 anni,11,Laurea e post-laurea,2022,69.010738,,
A,Annuale,IT,Italia,EMP_R,Tasso di occupazione,9,Totale,Y50-74,50-74 anni,11,Laurea e post-laurea,2023,69.611178,,
A,Annuale,IT,Italia,EMP_R,Tasso di occupazione,9,Totale,Y50-74,50-74 anni,11,Laurea e post-laurea,2024,70.48834,,
A,Annuale,IT,Italia,EMP_R,Tasso di occupazione,9,Totale,Y50-74,50-74 anni,99,Totale,2018,42.60862,,
A,Annuale,IT,Italia,EMP_R,Tasso di occupazione,9,Totale,Y50-74,50-74 anni,99,Totale,2019,43.280522,,
A,Annuale,IT,Italia,EMP_R,Tasso di occupazione,9,Totale,Y50-74,50-74 anni,99,Totale,2020,42.628873,,
A,Annuale,IT,Italia,EMP_R,Tasso di occupazione,9,Totale,Y50-74,50-74 anni,99,Totale,2021,42.716929,,
A,Annuale,IT,Italia,EMP_R,Tasso di occupazione,9,Totale,Y50-74,50-74 anni,99,Totale,2022,43.826595,,
A,Annuale,IT,Italia,EMP_R,Tasso di occupazione,9,Totale,Y50-74,50-74 anni,99,Totale,2023,45.456332,,
A,Annuale,IT,Italia,EMP_R,Tasso di occupazione,9,Totale,Y50-74,50-74 anni,99,Totale,2024,46.649646,,
