FREQ,Frequenza,REF_AREA,Territorio,DATA_TYPE,Indicatore,AGE_ENTERPRISE,Età della impresa,TYPE_OF_CONTRACT,Tipologia contrattuale,TIME_PERIOD,Osservazione,OBS_STATUS,'Stato dell"'osservazione'
A,Annuale,ITC1,Piemonte,AENTEMPYAA,Numero dipendenti delle imprese attive (valori medi annui),Y0-2,0-2 anni,2,Tempo indeterminato,2012,41177.96,,
A,Annuale,ITC1,Piemonte,AENTEMPYAA,Numero dipendenti delle imprese attive (valori medi annui),Y0-2,0-2 anni,2,Tempo indeterminato,2013,34730.71,,
A,Annuale,ITC1,Piemonte,AENTEMPYAA,Numero dipendenti delle imprese attive (valori medi annui),Y0-2,0-2 anni,2,Tempo indeterminato,2014,38619.95,,
A,Annuale,ITC1,Piemonte,AENTEMPYAA,Numero dipendenti delle imprese attive (valori medi annui),Y0-2,0-2 anni,2,Tempo indeterminato,2015,40749.34,,
A,Annuale,ITC1,Piemonte,AENTEMPYAA,Numero dipendenti delle imprese attive (valori medi annui),Y0-2,0-2 anni,2,Tempo indeterminato,2016,47371.77,,
A,Annuale,ITC1,Piemonte,AENTEMPYAA,Numero dipendenti delle imprese attive (valori medi annui),Y0-2,0-2 anni,2,Tempo indeterminato,2017,47676.32,,
A,Annuale,ITC1,Piemonte,AENTEMPYAA,Numero dipendenti delle imprese attive (valori medi annui),Y0-2,0-2 anni,9,Totale,2012,52788.87,,
A,Annuale,ITC1,Piemonte,AENTEMPYAA,Numero dipendenti delle imprese attive (valori medi annui),Y0-2,0-2 anni,9,Totale,2013,45832.12,,
A,Annuale,ITC1,Piemonte,AENTEMPYAA,Numero dipendenti delle imprese attive (valori medi annui),Y0-2,0-2 anni,9,Totale,2014,48462.19,,
A,Annuale,ITC1,Piemonte,AENTEMPYAA,Numero dipendenti delle imprese attive (valori medi annui),Y0-2,0-2 anni,9,Totale,2015,48502.52,,
A,Annuale,ITC1,Piemonte,AENTEMPYAA,Numero dipendenti delle imprese attive (valori medi annui),Y0-2,0-2 anni,9,Totale,2016,55792.86,,
A,Annuale,ITC1,Piemonte,AENTEMPYAA,Numero dipendenti delle imprese attive (valori medi annui),Y0-2,0-2 anni,9,Totale,2017,60052.64,,
A,Annuale,ITC1,Piemonte,AENTEMPYAA,Numero dipendenti delle imprese attive (valori medi annui),Y3-5,3-5 anni,2,Tempo indeterminato,2012,84255.73,,
A,Annuale,ITC1,Piemonte,AENTEMPYAA,Numero dipendenti delle imprese attive (valori medi annui),Y3-5,3-5 anni,2,Tempo indeterminato,2013,68399.02,,
A,Annuale,ITC1,Piemonte,AENTEMPYAA,Numero dipendenti delle imprese attive (valori medi annui),Y3-5,3-5 anni,2,Tempo indeterminato,2014,49749.87,,
A,Annuale,ITC1,Piemonte,AENTEMPYAA,Numero dipendenti delle imprese attive (valori medi annui),Y3-5,3-5 anni,2,Tempo indeterminato,2015,48139.75,,
A,Annuale,ITC1,Piemonte,AENTEMPYAA,Numero dipendenti delle imprese attive (valori medi annui),Y3-5,3-5 anni,2,Tempo indeterminato,2016,48906.22,,
A,Annuale,ITC1,Piemonte,AENTEMPYAA,Numero dipendenti delle imprese attive (valori medi annui),Y3-5,3-5 anni,2,Tempo indeterminato,2017,49449.43,,
A,Annuale,ITC1,Piemonte,AENTEMPYAA,Numero dipendenti delle imprese attive (valori medi annui),Y3-5,3-5 anni,9,Totale,2012,95885.08,,
A,Annuale,ITC1,Piemonte,AENTEMPYAA,Numero dipendenti delle imprese attive (valori medi annui),Y3-5,3-5 anni,9,Totale,2013,79233.1,,
A,Annuale,ITC1,Piemonte,AENTEMPYAA,Numero dipendenti delle imprese attive (valori medi annui),Y3-5,3-5 anni,9,Totale,2014,59713.46,,
A,Annuale,ITC1,Piemonte,AENTEMPYAA,Numero dipendenti delle imprese attive (valori medi annui),Y3-5,3-5 anni,9,Totale,2015,57025.34,,
A,Annuale,ITC1,Piemonte,AENTEMPYAA,Numero dipendenti delle imprese attive (valori medi annui),Y3-5,3-5 anni,9,Totale,2016,56640.75,,
A,Annuale,ITC1,Piemonte,AENTEMPYAA,Numero dipendenti delle imprese attive (valori medi annui),Y3-5,3-5 anni,9,Totale,2017,60748.74,,
A,Annuale,ITC1,Piemonte,AENTEMPYAA,Numero dipendenti delle imprese attive (valori medi annui),Y6-10,6-10 anni,2,Tempo indeterminato,2012,95372.62,,
A,Annuale,ITC1,Piemonte,AENTEMPYAA,Numero dipendenti delle imprese attive (valori medi annui),Y6-10,6-10 anni,2,Tempo indeterminato,2013,105935.12,,
A,Annuale,ITC1,Piemonte,AENTEMPYAA,Numero dipendenti delle imprese attive (valori medi annui),Y6-10,6-10 anni,2,Tempo indeterminato,2014,98678.67,,
A,Annuale,ITC1,Piemonte,AENTEMPYAA,Numero dipendenti delle imprese attive (valori medi annui),Y6-10,6-10 anni,2,Tempo indeterminato,2015,100114.93,,
A,Annuale,ITC1,Piemonte,AENTEMPYAA,Numero dipendenti delle imprese attive (valori medi annui),Y6-10,6-10 anni,2,Tempo indeterminato,2016,100080.03,,
A,Annuale,ITC1,Piemonte,AENTEMPYAA,Numero dipendenti delle imprese attive (valori medi annui),Y6-10,6-10 anni,2,Tempo indeterminato,2017,84807.34,,
A,Annuale,ITC1,Piemonte,AENTEMPYAA,Numero dipendenti delle imprese attive (valori medi annui),Y6-10,6-10 anni,9,Totale,2012,108843.64,,
A,Annuale,ITC1,Piemonte,AENTEMPYAA,Numero dipendenti delle imprese attive (valori medi annui),Y6-10,6-10 anni,9,Totale,2013,117902.4,,
A,Annuale,ITC1,Piemonte,AENTEMPYAA,Numero dipendenti delle imprese attive (valori medi annui),Y6-10,6-10 anni,9,Totale,2014,110604.88,,
A,Annuale,ITC1,Piemonte,AENTEMPYAA,Numero dipendenti delle imprese attive (valori medi annui),Y6-10,6-10 anni,9,Totale,2015,111873.48,,
A,Annuale,ITC1,Piemonte,AENTEMPYAA,Numero dipendenti delle imprese attive (valori medi annui),Y6-10,6-10 anni,9,Totale,2016,110702.75,,
A,Annuale,ITC1,Piemonte,AENTEMPYAA,Numero dipendenti delle imprese attive (valori medi annui),Y6-10,6-10 anni,9,Totale,2017,98191.59,,
A,Annuale,ITC1,Piemonte,AENTEMPYAA,Numero dipendenti delle imprese attive (valori medi annui),Y11-15,11-15 anni,2,Tempo indeterminato,2012,128392.17,,
A,Annuale,ITC1,Piemonte,AENTEMPYAA,Numero dipendenti delle imprese attive (valori medi annui),Y11-15,11-15 anni,2,Tempo indeterminato,2013,129601.28,,
A,Annuale,ITC1,Piemonte,AENTEMPYAA,Numero dipendenti delle imprese attive (valori medi annui),Y11-15,11-15 anni,2,Tempo indeterminato,2014,126749.78,,
A,Annuale,ITC1,Piemonte,AENTEMPYAA,Numero dipendenti delle imprese attive (valori medi annui),Y11-15,11-15 anni,2,Tempo indeterminato,2015,130084.22,,
A,Annuale,ITC1,Piemonte,AENTEMPYAA,Numero dipendenti delle imprese attive (valori medi annui),Y11-15,11-15 anni,2,Tempo indeterminato,2016,93090.56,,
A,Annuale,ITC1,Piemonte,AENTEMPYAA,Numero dipendenti delle imprese attive (valori medi annui),Y11-15,11-15 anni,2,Tempo indeterminato,2017,92435.98,,
A,Annuale,ITC1,Piemonte,AENTEMPYAA,Numero dipendenti delle imprese attive (valori medi annui),Y11-15,11-15 anni,9,Totale,2012,142123.01,,
A,Annuale,ITC1,Piemonte,AENTEMPYAA,Numero dipendenti delle imprese attive (valori medi annui),Y11-15,11-15 anni,9,Totale,2013,143364.03,,
A,Annuale,ITC1,Piemonte,AENTEMPYAA,Numero dipendenti delle imprese attive (valori medi annui),Y11-15,11-15 anni,9,Totale,2014,141158.05,,
A,Annuale,ITC1,Piemonte,AENTEMPYAA,Numero dipendenti delle imprese attive (valori medi annui),Y11-15,11-15 anni,9,Totale,2015,138937.02,,
A,Annuale,ITC1,Piemonte,AENTEMPYAA,Numero dipendenti delle imprese attive (valori medi annui),Y11-15,11-15 anni,9,Totale,2016,101810.23,,
A,Annuale,ITC1,Piemonte,AENTEMPYAA,Numero dipendenti delle imprese attive (valori medi annui),Y11-15,11-15 anni,9,Totale,2017,104842.61,,
A,Annuale,ITC1,Piemonte,AENTEMPYAA,Numero dipendenti delle imprese attive (valori medi annui),Y_GE16,16 anni e più,2,Tempo indeterminato,2012,497301.83,,
A,Annuale,ITC1,Piemonte,AENTEMPYAA,Numero dipendenti delle imprese attive (valori medi annui),Y_GE16,16 anni e più,2,Tempo indeterminato,2013,489528.49,,
A,Annuale,ITC1,Piemonte,AENTEMPYAA,Numero dipendenti delle imprese attive (valori medi annui),Y_GE16,16 anni e più,2,Tempo indeterminato,2014,489700.78,,
A,Annuale,ITC1,Piemonte,AENTEMPYAA,Numero dipendenti delle imprese attive (valori medi annui),Y_GE16,16 anni e più,2,Tempo indeterminato,2015,494692.74,,
A,Annuale,ITC1,Piemonte,AENTEMPYAA,Numero dipendenti delle imprese attive (valori medi annui),Y_GE16,16 anni e più,2,Tempo indeterminato,2016,549019.29,,
A,Annuale,ITC1,Piemonte,AENTEMPYAA,Numero dipendenti delle imprese attive (valori medi annui),Y_GE16,16 anni e più,2,Tempo indeterminato,2017,564766.64,,
A,Annuale,ITC1,Piemonte,AENTEMPYAA,Numero dipendenti delle imprese attive (valori medi annui),Y_GE16,16 anni e più,9,Totale,2012,536123.92,,
A,Annuale,ITC1,Piemonte,AENTEMPYAA,Numero dipendenti delle imprese attive (valori medi annui),Y_GE16,16 anni e più,9,Totale,2013,522538.82,,
A,Annuale,ITC1,Piemonte,AENTEMPYAA,Numero dipendenti delle imprese attive (valori medi annui),Y_GE16,16 anni e più,9,Totale,2014,524806.75,,
A,Annuale,ITC1,Piemonte,AENTEMPYAA,Numero dipendenti delle imprese attive (valori medi annui),Y_GE16,16 anni e più,9,Totale,2015,536755.35,,
A,Annuale,ITC1,Piemonte,AENTEMPYAA,Numero dipendenti delle imprese attive (valori medi annui),Y_GE16,16 anni e più,9,Totale,2016,589591.79,,
A,Annuale,ITC1,Piemonte,AENTEMPYAA,Numero dipendenti delle imprese attive (valori medi annui),Y_GE16,16 anni e più,9,Totale,2017,617548,,
A,Annuale,ITC1,Piemonte,AENTEMPYAA,Numero dipendenti delle imprese attive (valori medi annui),TOTAL,Totale,2,Tempo indeterminato,2012,846500.31,,
A,Annuale,ITC1,Piemonte,AENTEMPYAA,Numero dipendenti delle imprese attive (valori medi annui),TOTAL,Totale,2,Tempo indeterminato,2013,828194.62,,
A,Annuale,ITC1,Piemonte,AENTEMPYAA,Numero dipendenti delle imprese attive (valori medi annui),TOTAL,Totale,2,Tempo indeterminato,2014,803499.05,,
A,Annuale,ITC1,Piemonte,AENTEMPYAA,Numero dipendenti delle imprese attive (valori medi annui),TOTAL,Totale,2,Tempo indeterminato,2015,813780.98,,
A,Annuale,ITC1,Piemonte,AENTEMPYAA,Numero dipendenti delle imprese attive (valori medi annui),TOTAL,Totale,2,Tempo indeterminato,2016,838467.87,,
A,Annuale,ITC1,Piemonte,AENTEMPYAA,Numero dipendenti delle imprese attive (valori medi annui),TOTAL,Totale,2,Tempo indeterminato,2017,839135.71,,
A,Annuale,ITC1,Piemonte,AENTEMPYAA,Numero dipendenti delle imprese attive (valori medi annui),TOTAL,Totale,9,Totale,2012,935764.52,,
A,Annuale,ITC1,Piemonte,AENTEMPYAA,Numero dipendenti delle imprese attive (valori medi annui),TOTAL,Totale,9,Totale,2013,908870.47,,
A,Annuale,ITC1,Piemonte,AENTEMPYAA,Numero dipendenti delle imprese attive (valori medi annui),TOTAL,Totale,9,Totale,2014,884745.33,,
A,Annuale,ITC1,Piemonte,AENTEMPYAA,Numero dipendenti delle imprese attive (valori medi annui),TOTAL,Totale,9,Totale,2015,893093.71,,
A,Annuale,ITC1,Piemonte,AENTEMPYAA,Numero dipendenti delle imprese attive (valori medi annui),TOTAL,Totale,9,Totale,2016,914538.38,,
A,Annuale,ITC1,Piemonte,AENTEMPYAA,Numero dipendenti delle imprese attive (valori medi annui),TOTAL,Totale,9,Totale,2017,941383.58,,
A,Annuale,ITC2,'Valle d"'Aosta / Vallée d"'Aoste',AENTEMPYAA,Numero dipendenti delle imprese attive (valori medi annui),Y0-2,0-2 anni,2,Tempo indeterminato,2012,1011.89,,
A,Annuale,ITC2,'Valle d"'Aosta / Vallée d"'Aoste',AENTEMPYAA,Numero dipendenti delle imprese attive (valori medi annui),Y0-2,0-2 anni,2,Tempo indeterminato,2013,1141.33,,
A,Annuale,ITC2,'Valle d"'Aosta / Vallée d"'Aoste',AENTEMPYAA,Numero dipendenti delle imprese attive (valori medi annui),Y0-2,0-2 anni,2,Tempo indeterminato,2014,1074.8,,
A,Annuale,ITC2,'Valle d"'Aosta / Vallée d"'Aoste',AENTEMPYAA,Numero dipendenti delle imprese attive (valori medi annui),Y0-2,0-2 anni,2,Tempo indeterminato,2015,831.23,,
A,Annuale,ITC2,'Valle d"'Aosta / Vallée d"'Aoste',AENTEMPYAA,Numero dipendenti delle imprese attive (valori medi annui),Y0-2,0-2 anni,2,Tempo indeterminato,2016,946.27,,
A,Annuale,ITC2,'Valle d"'Aosta / Vallée d"'Aoste',AENTEMPYAA,Numero dipendenti delle imprese attive (valori medi annui),Y0-2,0-2 anni,2,Tempo indeterminato,2017,667.74,,
A,Annuale,ITC2,'Valle d"'Aosta / Vallée d"'Aoste',AENTEMPYAA,Numero dipendenti delle imprese attive (valori medi annui),Y0-2,0-2 anni,9,Totale,2012,1549.42,,
A,Annuale,ITC2,'Valle d"'Aosta / Vallée d"'Aoste',AENTEMPYAA,Numero dipendenti delle imprese attive (valori medi annui),Y0-2,0-2 anni,9,Totale,2013,1577.03,,
A,Annuale,ITC2,'Valle d"'Aosta / Vallée d"'Aoste',AENTEMPYAA,Numero dipendenti delle imprese attive (valori medi annui),Y0-2,0-2 anni,9,Totale,2014,1401.24,,
A,Annuale,ITC2,'Valle d"'Aosta / Vallée d"'Aoste',AENTEMPYAA,Numero dipendenti delle imprese attive (valori medi annui),Y0-2,0-2 anni,9,Totale,2015,1111.64,,
A,Annuale,ITC2,'Valle d"'Aosta / Vallée d"'Aoste',AENTEMPYAA,Numero dipendenti delle imprese attive (valori medi annui),Y0-2,0-2 anni,9,Totale,2016,1207.01,,
A,Annuale,ITC2,'Valle d"'Aosta / Vallée d"'Aoste',AENTEMPYAA,Numero dipendenti delle imprese attive (valori medi annui),Y0-2,0-2 anni,9,Totale,2017,1058.6,,
A,Annuale,ITC2,'Valle d"'Aosta / Vallée d"'Aoste',AENTEMPYAA,Numero dipendenti delle imprese attive (valori medi annui),Y3-5,3-5 anni,2,Tempo indeterminato,2012,1587.73,,
A,Annuale,ITC2,'Valle d"'Aosta / Vallée d"'Aoste',AENTEMPYAA,Numero dipendenti delle imprese attive (valori medi annui),Y3-5,3-5 anni,2,Tempo indeterminato,2013,1295.42,,
A,Annuale,ITC2,'Valle d"'Aosta / Vallée d"'Aoste',AENTEMPYAA,Numero dipendenti delle imprese attive (valori medi annui),Y3-5,3-5 anni,2,Tempo indeterminato,2014,1257.83,,
A,Annuale,ITC2,'Valle d"'Aosta / Vallée d"'Aoste',AENTEMPYAA,Numero dipendenti delle imprese attive (valori medi annui),Y3-5,3-5 anni,2,Tempo indeterminato,2015,1378.33,,
A,Annuale,ITC2,'Valle d"'Aosta / Vallée d"'Aoste',AENTEMPYAA,Numero dipendenti delle imprese attive (valori medi annui),Y3-5,3-5 anni,2,Tempo indeterminato,2016,1494.19,,
A,Annuale,ITC2,'Valle d"'Aosta / Vallée d"'Aoste',AENTEMPYAA,Numero dipendenti delle imprese attive (valori medi annui),Y3-5,3-5 anni,2,Tempo indeterminato,2017,1278.24,,
A,Annuale,ITC2,'Valle d"'Aosta / Vallée d"'Aoste',AENTEMPYAA,Numero dipendenti delle imprese attive (valori medi annui),Y3-5,3-5 anni,9,Totale,2012,2045.83,,
A,Annuale,ITC2,'Valle d"'Aosta / Vallée d"'Aoste',AENTEMPYAA,Numero dipendenti delle imprese attive (valori medi annui),Y3-5,3-5 anni,9,Totale,2013,1697.52,,
A,Annuale,ITC2,'Valle d"'Aosta / Vallée d"'Aoste',AENTEMPYAA,Numero dipendenti delle imprese attive (valori medi annui),Y3-5,3-5 anni,9,Totale,2014,1690.5,,
A,Annuale,ITC2,'Valle d"'Aosta / Vallée d"'Aoste',AENTEMPYAA,Numero dipendenti delle imprese attive (valori medi annui),Y3-5,3-5 anni,9,Totale,2015,1768.67,,
A,Annuale,ITC2,'Valle d"'Aosta / Vallée d"'Aoste',AENTEMPYAA,Numero dipendenti delle imprese attive (valori medi annui),Y3-5,3-5 anni,9,Totale,2016,1868.66,,
A,Annuale,ITC2,'Valle d"'Aosta / Vallée d"'Aoste',AENTEMPYAA,Numero dipendenti delle imprese attive (valori medi annui),Y3-5,3-5 anni,9,Totale,2017,1692.6,,
A,Annuale,ITC2,'Valle d"'Aosta / Vallée d"'Aoste',AENTEMPYAA,Numero dipendenti delle imprese attive (valori medi annui),Y6-10,6-10 anni,2,Tempo indeterminato,2012,2830.51,,
A,Annuale,ITC2,'Valle d"'Aosta / Vallée d"'Aoste',AENTEMPYAA,Numero dipendenti delle imprese attive (valori medi annui),Y6-10,6-10 anni,2,Tempo indeterminato,2013,2851.1,,
A,Annuale,ITC2,'Valle d"'Aosta / Vallée d"'Aoste',AENTEMPYAA,Numero dipendenti delle imprese attive (valori medi annui),Y6-10,6-10 anni,2,Tempo indeterminato,2014,1960.9,,
A,Annuale,ITC2,'Valle d"'Aosta / Vallée d"'Aoste',AENTEMPYAA,Numero dipendenti delle imprese attive (valori medi annui),Y6-10,6-10 anni,2,Tempo indeterminato,2015,2022.29,,
A,Annuale,ITC2,'Valle d"'Aosta / Vallée d"'Aoste',AENTEMPYAA,Numero dipendenti delle imprese attive (valori medi annui),Y6-10,6-10 anni,2,Tempo indeterminato,2016,1664.38,,
A,Annuale,ITC2,'Valle d"'Aosta / Vallée d"'Aoste',AENTEMPYAA,Numero dipendenti delle imprese attive (valori medi annui),Y6-10,6-10 anni,2,Tempo indeterminato,2017,2003.95,,
A,Annuale,ITC2,'Valle d"'Aosta / Vallée d"'Aoste',AENTEMPYAA,Numero dipendenti delle imprese attive (valori medi annui),Y6-10,6-10 anni,9,Totale,2012,3477.6,,
A,Annuale,ITC2,'Valle d"'Aosta / Vallée d"'Aoste',AENTEMPYAA,Numero dipendenti delle imprese attive (valori medi annui),Y6-10,6-10 anni,9,Totale,2013,3460.85,,
A,Annuale,ITC2,'Valle d"'Aosta / Vallée d"'Aoste',AENTEMPYAA,Numero dipendenti delle imprese attive (valori medi annui),Y6-10,6-10 anni,9,Totale,2014,2541.65,,
A,Annuale,ITC2,'Valle d"'Aosta / Vallée d"'Aoste',AENTEMPYAA,Numero dipendenti delle imprese attive (valori medi annui),Y6-10,6-10 anni,9,Totale,2015,2563.83,,
A,Annuale,ITC2,'Valle d"'Aosta / Vallée d"'Aoste',AENTEMPYAA,Numero dipendenti delle imprese attive (valori medi annui),Y6-10,6-10 anni,9,Totale,2016,2160.91,,
A,Annuale,ITC2,'Valle d"'Aosta / Vallée d"'Aoste',AENTEMPYAA,Numero dipendenti delle imprese attive (valori medi annui),Y6-10,6-10 anni,9,Totale,2017,2815.54,,
A,Annuale,ITC2,'Valle d"'Aosta / Vallée d"'Aoste',AENTEMPYAA,Numero dipendenti delle imprese attive (valori medi annui),Y11-15,11-15 anni,2,Tempo indeterminato,2012,2394.52,,
A,Annuale,ITC2,'Valle d"'Aosta / Vallée d"'Aoste',AENTEMPYAA,Numero dipendenti delle imprese attive (valori medi annui),Y11-15,11-15 anni,2,Tempo indeterminato,2013,2603.03,,
A,Annuale,ITC2,'Valle d"'Aosta / Vallée d"'Aoste',AENTEMPYAA,Numero dipendenti delle imprese attive (valori medi annui),Y11-15,11-15 anni,2,Tempo indeterminato,2014,3193.03,,
A,Annuale,ITC2,'Valle d"'Aosta / Vallée d"'Aoste',AENTEMPYAA,Numero dipendenti delle imprese attive (valori medi annui),Y11-15,11-15 anni,2,Tempo indeterminato,2015,3160.6,,
A,Annuale,ITC2,'Valle d"'Aosta / Vallée d"'Aoste',AENTEMPYAA,Numero dipendenti delle imprese attive (valori medi annui),Y11-15,11-15 anni,2,Tempo indeterminato,2016,2968.46,,
A,Annuale,ITC2,'Valle d"'Aosta / Vallée d"'Aoste',AENTEMPYAA,Numero dipendenti delle imprese attive (valori medi annui),Y11-15,11-15 anni,2,Tempo indeterminato,2017,2539.66,,
A,Annuale,ITC2,'Valle d"'Aosta / Vallée d"'Aoste',AENTEMPYAA,Numero dipendenti delle imprese attive (valori medi annui),Y11-15,11-15 anni,9,Totale,2012,2899.14,,
A,Annuale,ITC2,'Valle d"'Aosta / Vallée d"'Aoste',AENTEMPYAA,Numero dipendenti delle imprese attive (valori medi annui),Y11-15,11-15 anni,9,Totale,2013,3105.62,,
A,Annuale,ITC2,'Valle d"'Aosta / Vallée d"'Aoste',AENTEMPYAA,Numero dipendenti delle imprese attive (valori medi annui),Y11-15,11-15 anni,9,Totale,2014,3738.64,,
A,Annuale,ITC2,'Valle d"'Aosta / Vallée d"'Aoste',AENTEMPYAA,Numero dipendenti delle imprese attive (valori medi annui),Y11-15,11-15 anni,9,Totale,2015,3711.33,,
A,Annuale,ITC2,'Valle d"'Aosta / Vallée d"'Aoste',AENTEMPYAA,Numero dipendenti delle imprese attive (valori medi annui),Y11-15,11-15 anni,9,Totale,2016,3593.5,,
A,Annuale,ITC2,'Valle d"'Aosta / Vallée d"'Aoste',AENTEMPYAA,Numero dipendenti delle imprese attive (valori medi annui),Y11-15,11-15 anni,9,Totale,2017,3272.67,,
A,Annuale,ITC2,'Valle d"'Aosta / Vallée d"'Aoste',AENTEMPYAA,Numero dipendenti delle imprese attive (valori medi annui),Y_GE16,16 anni e più,2,Tempo indeterminato,2012,10068.77,,
A,Annuale,ITC2,'Valle d"'Aosta / Vallée d"'Aoste',AENTEMPYAA,Numero dipendenti delle imprese attive (valori medi annui),Y_GE16,16 anni e più,2,Tempo indeterminato,2013,10353.25,,
A,Annuale,ITC2,'Valle d"'Aosta / Vallée d"'Aoste',AENTEMPYAA,Numero dipendenti delle imprese attive (valori medi annui),Y_GE16,16 anni e più,2,Tempo indeterminato,2014,9833.58,,
A,Annuale,ITC2,'Valle d"'Aosta / Vallée d"'Aoste',AENTEMPYAA,Numero dipendenti delle imprese attive (valori medi annui),Y_GE16,16 anni e più,2,Tempo indeterminato,2015,9828.51,,
A,Annuale,ITC2,'Valle d"'Aosta / Vallée d"'Aoste',AENTEMPYAA,Numero dipendenti delle imprese attive (valori medi annui),Y_GE16,16 anni e più,2,Tempo indeterminato,2016,10837.94,,
A,Annuale,ITC2,'Valle d"'Aosta / Vallée d"'Aoste',AENTEMPYAA,Numero dipendenti delle imprese attive (valori medi annui),Y_GE16,16 anni e più,2,Tempo indeterminato,2017,11444.65,,
A,Annuale,ITC2,'Valle d"'Aosta / Vallée d"'Aoste',AENTEMPYAA,Numero dipendenti delle imprese attive (valori medi annui),Y_GE16,16 anni e più,9,Totale,2012,12321.88,,
A,Annuale,ITC2,'Valle d"'Aosta / Vallée d"'Aoste',AENTEMPYAA,Numero dipendenti delle imprese attive (valori medi annui),Y_GE16,16 anni e più,9,Totale,2013,12333.76,,
A,Annuale,ITC2,'Valle d"'Aosta / Vallée d"'Aoste',AENTEMPYAA,Numero dipendenti delle imprese attive (valori medi annui),Y_GE16,16 anni e più,9,Totale,2014,11933.45,,
A,Annuale,ITC2,'Valle d"'Aosta / Vallée d"'Aoste',AENTEMPYAA,Numero dipendenti delle imprese attive (valori medi annui),Y_GE16,16 anni e più,9,Totale,2015,11901.44,,
A,Annuale,ITC2,'Valle d"'Aosta / Vallée d"'Aoste',AENTEMPYAA,Numero dipendenti delle imprese attive (valori medi annui),Y_GE16,16 anni e più,9,Totale,2016,13030.76,,
A,Annuale,ITC2,'Valle d"'Aosta / Vallée d"'Aoste',AENTEMPYAA,Numero dipendenti delle imprese attive (valori medi annui),Y_GE16,16 anni e più,9,Totale,2017,14208.11,,
A,Annuale,ITC2,'Valle d"'Aosta / Vallée d"'Aoste',AENTEMPYAA,Numero dipendenti delle imprese attive (valori medi annui),TOTAL,Totale,2,Tempo indeterminato,2012,17893.42,,
A,Annuale,ITC2,'Valle d"'Aosta / Vallée d"'Aoste',AENTEMPYAA,Numero dipendenti delle imprese attive (valori medi annui),TOTAL,Totale,2,Tempo indeterminato,2013,18244.13,,
A,Annuale,ITC2,'Valle d"'Aosta / Vallée d"'Aoste',AENTEMPYAA,Numero dipendenti delle imprese attive (valori medi annui),TOTAL,Totale,2,Tempo indeterminato,2014,17320.14,,
A,Annuale,ITC2,'Valle d"'Aosta / Vallée d"'Aoste',AENTEMPYAA,Numero dipendenti delle imprese attive (valori medi annui),TOTAL,Totale,2,Tempo indeterminato,2015,17220.96,,
A,Annuale,ITC2,'Valle d"'Aosta / Vallée d"'Aoste',AENTEMPYAA,Numero dipendenti delle imprese attive (valori medi annui),TOTAL,Totale,2,Tempo indeterminato,2016,17911.24,,
A,Annuale,ITC2,'Valle d"'Aosta / Vallée d"'Aoste',AENTEMPYAA,Numero dipendenti delle imprese attive (valori medi annui),TOTAL,Totale,2,Tempo indeterminato,2017,17934.24,,
A,Annuale,ITC2,'Valle d"'Aosta / Vallée d"'Aoste',AENTEMPYAA,Numero dipendenti delle imprese attive (valori medi annui),TOTAL,Totale,9,Totale,2012,22293.87,,
A,Annuale,ITC2,'Valle d"'Aosta / Vallée d"'Aoste',AENTEMPYAA,Numero dipendenti delle imprese attive (valori medi annui),TOTAL,Totale,9,Totale,2013,22174.78,,
A,Annuale,ITC2,'Valle d"'Aosta / Vallée d"'Aoste',AENTEMPYAA,Numero dipendenti delle imprese attive (valori medi annui),TOTAL,Totale,9,Totale,2014,21305.48,,
A,Annuale,ITC2,'Valle d"'Aosta / Vallée d"'Aoste',AENTEMPYAA,Numero dipendenti delle imprese attive (valori medi annui),TOTAL,Totale,9,Totale,2015,21056.91,,
A,Annuale,ITC2,'Valle d"'Aosta / Vallée d"'Aoste',AENTEMPYAA,Numero dipendenti delle imprese attive (valori medi annui),TOTAL,Totale,9,Totale,2016,21860.84,,
A,Annuale,ITC2,'Valle d"'Aosta / Vallée d"'Aoste',AENTEMPYAA,Numero dipendenti delle imprese attive (valori medi annui),TOTAL,Totale,9,Totale,2017,23047.52,,
A,Annuale,ITC3,Liguria,AENTEMPYAA,Numero dipendenti delle imprese attive (valori medi annui),Y0-2,0-2 anni,2,Tempo indeterminato,2012,13678.2,,
A,Annuale,ITC3,Liguria,AENTEMPYAA,Numero dipendenti delle imprese attive (valori medi annui),Y0-2,0-2 anni,2,Tempo indeterminato,2013,13978.04,,
A,Annuale,ITC3,Liguria,AENTEMPYAA,Numero dipendenti delle imprese attive (valori medi annui),Y0-2,0-2 anni,2,Tempo indeterminato,2014,14431.47,,
A,Annuale,ITC3,Liguria,AENTEMPYAA,Numero dipendenti delle imprese attive (valori medi annui),Y0-2,0-2 anni,2,Tempo indeterminato,2015,12360.21,,
A,Annuale,ITC3,Liguria,AENTEMPYAA,Numero dipendenti delle imprese attive (valori medi annui),Y0-2,0-2 anni,2,Tempo indeterminato,2016,13756.9,,
A,Annuale,ITC3,Liguria,AENTEMPYAA,Numero dipendenti delle imprese attive (valori medi annui),Y0-2,0-2 anni,2,Tempo indeterminato,2017,12125.27,,
A,Annuale,ITC3,Liguria,AENTEMPYAA,Numero dipendenti delle imprese attive (valori medi annui),Y0-2,0-2 anni,9,Totale,2012,18448.5,,
A,Annuale,ITC3,Liguria,AENTEMPYAA,Numero dipendenti delle imprese attive (valori medi annui),Y0-2,0-2 anni,9,Totale,2013,18165.55,,
A,Annuale,ITC3,Liguria,AENTEMPYAA,Numero dipendenti delle imprese attive (valori medi annui),Y0-2,0-2 anni,9,Totale,2014,18982.21,,
A,Annuale,ITC3,Liguria,AENTEMPYAA,Numero dipendenti delle imprese attive (valori medi annui),Y0-2,0-2 anni,9,Totale,2015,16632.9,,
A,Annuale,ITC3,Liguria,AENTEMPYAA,Numero dipendenti delle imprese attive (valori medi annui),Y0-2,0-2 anni,9,Totale,2016,17238.72,,
A,Annuale,ITC3,Liguria,AENTEMPYAA,Numero dipendenti delle imprese attive (valori medi annui),Y0-2,0-2 anni,9,Totale,2017,17294.99,,
A,Annuale,ITC3,Liguria,AENTEMPYAA,Numero dipendenti delle imprese attive (valori medi annui),Y3-5,3-5 anni,2,Tempo indeterminato,2012,18782.99,,
A,Annuale,ITC3,Liguria,AENTEMPYAA,Numero dipendenti delle imprese attive (valori medi annui),Y3-5,3-5 anni,2,Tempo indeterminato,2013,16418.55,,
A,Annuale,ITC3,Liguria,AENTEMPYAA,Numero dipendenti delle imprese attive (valori medi annui),Y3-5,3-5 anni,2,Tempo indeterminato,2014,14279.2,,
A,Annuale,ITC3,Liguria,AENTEMPYAA,Numero dipendenti delle imprese attive (valori medi annui),Y3-5,3-5 anni,2,Tempo indeterminato,2015,16132.27,,
A,Annuale,ITC3,Liguria,AENTEMPYAA,Numero dipendenti delle imprese attive (valori medi annui),Y3-5,3-5 anni,2,Tempo indeterminato,2016,13707.88,,
A,Annuale,ITC3,Liguria,AENTEMPYAA,Numero dipendenti delle imprese attive (valori medi annui),Y3-5,3-5 anni,2,Tempo indeterminato,2017,14325.73,,
A,Annuale,ITC3,Liguria,AENTEMPYAA,Numero dipendenti delle imprese attive (valori medi annui),Y3-5,3-5 anni,9,Totale,2012,23359.88,,
A,Annuale,ITC3,Liguria,AENTEMPYAA,Numero dipendenti delle imprese attive (valori medi annui),Y3-5,3-5 anni,9,Totale,2013,20648.5,,
A,Annuale,ITC3,Liguria,AENTEMPYAA,Numero dipendenti delle imprese attive (valori medi annui),Y3-5,3-5 anni,9,Totale,2014,17602.6,,
A,Annuale,ITC3,Liguria,AENTEMPYAA,Numero dipendenti delle imprese attive (valori medi annui),Y3-5,3-5 anni,9,Totale,2015,18878.53,,
A,Annuale,ITC3,Liguria,AENTEMPYAA,Numero dipendenti delle imprese attive (valori medi annui),Y3-5,3-5 anni,9,Totale,2016,16845.48,,
A,Annuale,ITC3,Liguria,AENTEMPYAA,Numero dipendenti delle imprese attive (valori medi annui),Y3-5,3-5 anni,9,Totale,2017,18990.93,,
A,Annuale,ITC3,Liguria,AENTEMPYAA,Numero dipendenti delle imprese attive (valori medi annui),Y6-10,6-10 anni,2,Tempo indeterminato,2012,30901.51,,
A,Annuale,ITC3,Liguria,AENTEMPYAA,Numero dipendenti delle imprese attive (valori medi annui),Y6-10,6-10 anni,2,Tempo indeterminato,2013,29589.16,,
A,Annuale,ITC3,Liguria,AENTEMPYAA,Numero dipendenti delle imprese attive (valori medi annui),Y6-10,6-10 anni,2,Tempo indeterminato,2014,27445.61,,
A,Annuale,ITC3,Liguria,AENTEMPYAA,Numero dipendenti delle imprese attive (valori medi annui),Y6-10,6-10 anni,2,Tempo indeterminato,2015,25721.99,,
A,Annuale,ITC3,Liguria,AENTEMPYAA,Numero dipendenti delle imprese attive (valori medi annui),Y6-10,6-10 anni,2,Tempo indeterminato,2016,24170.7,,
A,Annuale,ITC3,Liguria,AENTEMPYAA,Numero dipendenti delle imprese attive (valori medi annui),Y6-10,6-10 anni,2,Tempo indeterminato,2017,21987.94,,
A,Annuale,ITC3,Liguria,AENTEMPYAA,Numero dipendenti delle imprese attive (valori medi annui),Y6-10,6-10 anni,9,Totale,2012,38917.27,,
A,Annuale,ITC3,Liguria,AENTEMPYAA,Numero dipendenti delle imprese attive (valori medi annui),Y6-10,6-10 anni,9,Totale,2013,37481.17,,
A,Annuale,ITC3,Liguria,AENTEMPYAA,Numero dipendenti delle imprese attive (valori medi annui),Y6-10,6-10 anni,9,Totale,2014,35473.92,,
A,Annuale,ITC3,Liguria,AENTEMPYAA,Numero dipendenti delle imprese attive (valori medi annui),Y6-10,6-10 anni,9,Totale,2015,29603.43,,
A,Annuale,ITC3,Liguria,AENTEMPYAA,Numero dipendenti delle imprese attive (valori medi annui),Y6-10,6-10 anni,9,Totale,2016,28017.16,,
A,Annuale,ITC3,Liguria,AENTEMPYAA,Numero dipendenti delle imprese attive (valori medi annui),Y6-10,6-10 anni,9,Totale,2017,27332.73,,
A,Annuale,ITC3,Liguria,AENTEMPYAA,Numero dipendenti delle imprese attive (valori medi annui),Y11-15,11-15 anni,2,Tempo indeterminato,2012,28514.63,,
A,Annuale,ITC3,Liguria,AENTEMPYAA,Numero dipendenti delle imprese attive (valori medi annui),Y11-15,11-15 anni,2,Tempo indeterminato,2013,32485.16,,
A,Annuale,ITC3,Liguria,AENTEMPYAA,Numero dipendenti delle imprese attive (valori medi annui),Y11-15,11-15 anni,2,Tempo indeterminato,2014,32201.4,,
A,Annuale,ITC3,Liguria,AENTEMPYAA,Numero dipendenti delle imprese attive (valori medi annui),Y11-15,11-15 anni,2,Tempo indeterminato,2015,32115.04,,
A,Annuale,ITC3,Liguria,AENTEMPYAA,Numero dipendenti delle imprese attive (valori medi annui),Y11-15,11-15 anni,2,Tempo indeterminato,2016,25270.37,,
A,Annuale,ITC3,Liguria,AENTEMPYAA,Numero dipendenti delle imprese attive (valori medi annui),Y11-15,11-15 anni,2,Tempo indeterminato,2017,24891.92,,
A,Annuale,ITC3,Liguria,AENTEMPYAA,Numero dipendenti delle imprese attive (valori medi annui),Y11-15,11-15 anni,9,Totale,2012,45192.74,,
A,Annuale,ITC3,Liguria,AENTEMPYAA,Numero dipendenti delle imprese attive (valori medi annui),Y11-15,11-15 anni,9,Totale,2013,49437.68,,
A,Annuale,ITC3,Liguria,AENTEMPYAA,Numero dipendenti delle imprese attive (valori medi annui),Y11-15,11-15 anni,9,Totale,2014,44947.17,,
A,Annuale,ITC3,Liguria,AENTEMPYAA,Numero dipendenti delle imprese attive (valori medi annui),Y11-15,11-15 anni,9,Totale,2015,48663.79,,
A,Annuale,ITC3,Liguria,AENTEMPYAA,Numero dipendenti delle imprese attive (valori medi annui),Y11-15,11-15 anni,9,Totale,2016,32125.31,,
A,Annuale,ITC3,Liguria,AENTEMPYAA,Numero dipendenti delle imprese attive (valori medi annui),Y11-15,11-15 anni,9,Totale,2017,33255.19,,
A,Annuale,ITC3,Liguria,AENTEMPYAA,Numero dipendenti delle imprese attive (valori medi annui),Y_GE16,16 anni e più,2,Tempo indeterminato,2012,142523.45,,
A,Annuale,ITC3,Liguria,AENTEMPYAA,Numero dipendenti delle imprese attive (valori medi annui),Y_GE16,16 anni e più,2,Tempo indeterminato,2013,120067.06,,
A,Annuale,ITC3,Liguria,AENTEMPYAA,Numero dipendenti delle imprese attive (valori medi annui),Y_GE16,16 anni e più,2,Tempo indeterminato,2014,119602.28,,
A,Annuale,ITC3,Liguria,AENTEMPYAA,Numero dipendenti delle imprese attive (valori medi annui),Y_GE16,16 anni e più,2,Tempo indeterminato,2015,123115.81,,
A,Annuale,ITC3,Liguria,AENTEMPYAA,Numero dipendenti delle imprese attive (valori medi annui),Y_GE16,16 anni e più,2,Tempo indeterminato,2016,135050.39,,
A,Annuale,ITC3,Liguria,AENTEMPYAA,Numero dipendenti delle imprese attive (valori medi annui),Y_GE16,16 anni e più,2,Tempo indeterminato,2017,137466.75,,
A,Annuale,ITC3,Liguria,AENTEMPYAA,Numero dipendenti delle imprese attive (valori medi annui),Y_GE16,16 anni e più,9,Totale,2012,160577.34,,
A,Annuale,ITC3,Liguria,AENTEMPYAA,Numero dipendenti delle imprese attive (valori medi annui),Y_GE16,16 anni e più,9,Totale,2013,136723.75,,
A,Annuale,ITC3,Liguria,AENTEMPYAA,Numero dipendenti delle imprese attive (valori medi annui),Y_GE16,16 anni e più,9,Totale,2014,136955.97,,
A,Annuale,ITC3,Liguria,AENTEMPYAA,Numero dipendenti delle imprese attive (valori medi annui),Y_GE16,16 anni e più,9,Totale,2015,140087.5,,
A,Annuale,ITC3,Liguria,AENTEMPYAA,Numero dipendenti delle imprese attive (valori medi annui),Y_GE16,16 anni e più,9,Totale,2016,162954.59,,
A,Annuale,ITC3,Liguria,AENTEMPYAA,Numero dipendenti delle imprese attive (valori medi annui),Y_GE16,16 anni e più,9,Totale,2017,170040.79,,
A,Annuale,ITC3,Liguria,AENTEMPYAA,Numero dipendenti delle imprese attive (valori medi annui),TOTAL,Totale,2,Tempo indeterminato,2012,234400.78,,
A,Annuale,ITC3,Liguria,AENTEMPYAA,Numero dipendenti delle imprese attive (valori medi annui),TOTAL,Totale,2,Tempo indeterminato,2013,212537.97,,
A,Annuale,ITC3,Liguria,AENTEMPYAA,Numero dipendenti delle imprese attive (valori medi annui),TOTAL,Totale,2,Tempo indeterminato,2014,207959.96,,
A,Annuale,ITC3,Liguria,AENTEMPYAA,Numero dipendenti delle imprese attive (valori medi annui),TOTAL,Totale,2,Tempo indeterminato,2015,209445.32,,
A,Annuale,ITC3,Liguria,AENTEMPYAA,Numero dipendenti delle imprese attive (valori medi annui),TOTAL,Totale,2,Tempo indeterminato,2016,211956.24,,
A,Annuale,ITC3,Liguria,AENTEMPYAA,Numero dipendenti delle imprese attive (valori medi annui),TOTAL,Totale,2,Tempo indeterminato,2017,210797.61,,
A,Annuale,ITC3,Liguria,AENTEMPYAA,Numero dipendenti delle imprese attive (valori medi annui),TOTAL,Totale,9,Totale,2012,286495.73,,
A,Annuale,ITC3,Liguria,AENTEMPYAA,Numero dipendenti delle imprese attive (valori medi annui),TOTAL,Totale,9,Totale,2013,262456.65,,
A,Annuale,ITC3,Liguria,AENTEMPYAA,Numero dipendenti delle imprese attive (valori medi annui),TOTAL,Totale,9,Totale,2014,253961.87,,
A,Annuale,ITC3,Liguria,AENTEMPYAA,Numero dipendenti delle imprese attive (valori medi annui),TOTAL,Totale,9,Totale,2015,253866.15,,
A,Annuale,ITC3,Liguria,AENTEMPYAA,Numero dipendenti delle imprese attive (valori medi annui),TOTAL,Totale,9,Totale,2016,257181.26,,
A,Annuale,ITC3,Liguria,AENTEMPYAA,Numero dipendenti delle imprese attive (valori medi annui),TOTAL,Totale,9,Totale,2017,266914.63,,
A,Annuale,ITC4,Lombardia,AENTEMPYAA,Numero dipendenti delle imprese attive (valori medi annui),Y0-2,0-2 anni,2,Tempo indeterminato,2012,158807.92,,
A,Annuale,ITC4,Lombardia,AENTEMPYAA,Numero dipendenti delle imprese attive (valori medi annui),Y0-2,0-2 anni,2,Tempo indeterminato,2013,133093.95,,
A,Annuale,ITC4,Lombardia,AENTEMPYAA,Numero dipendenti delle imprese attive (valori medi annui),Y0-2,0-2 anni,2,Tempo indeterminato,2014,142021.69,,
A,Annuale,ITC4,Lombardia,AENTEMPYAA,Numero dipendenti delle imprese attive (valori medi annui),Y0-2,0-2 anni,2,Tempo indeterminato,2015,155742.39,,
A,Annuale,ITC4,Lombardia,AENTEMPYAA,Numero dipendenti delle imprese attive (valori medi annui),Y0-2,0-2 anni,2,Tempo indeterminato,2016,185065.54,,
A,Annuale,ITC4,Lombardia,AENTEMPYAA,Numero dipendenti delle imprese attive (valori medi annui),Y0-2,0-2 anni,2,Tempo indeterminato,2017,172245.33,,
A,Annuale,ITC4,Lombardia,AENTEMPYAA,Numero dipendenti delle imprese attive (valori medi annui),Y0-2,0-2 anni,9,Totale,2012,197635.99,,
A,Annuale,ITC4,Lombardia,AENTEMPYAA,Numero dipendenti delle imprese attive (valori medi annui),Y0-2,0-2 anni,9,Totale,2013,166906.24,,
A,Annuale,ITC4,Lombardia,AENTEMPYAA,Numero dipendenti delle imprese attive (valori medi annui),Y0-2,0-2 anni,9,Totale,2014,181409.9,,
A,Annuale,ITC4,Lombardia,AENTEMPYAA,Numero dipendenti delle imprese attive (valori medi annui),Y0-2,0-2 anni,9,Totale,2015,192933.4,,
A,Annuale,ITC4,Lombardia,AENTEMPYAA,Numero dipendenti delle imprese attive (valori medi annui),Y0-2,0-2 anni,9,Totale,2016,226031.61,,
A,Annuale,ITC4,Lombardia,AENTEMPYAA,Numero dipendenti delle imprese attive (valori medi annui),Y0-2,0-2 anni,9,Totale,2017,225637.72,,
A,Annuale,ITC4,Lombardia,AENTEMPYAA,Numero dipendenti delle imprese attive (valori medi annui),Y3-5,3-5 anni,2,Tempo indeterminato,2012,204487.34,,
A,Annuale,ITC4,Lombardia,AENTEMPYAA,Numero dipendenti delle imprese attive (valori medi annui),Y3-5,3-5 anni,2,Tempo indeterminato,2013,181421.69,,
A,Annuale,ITC4,Lombardia,AENTEMPYAA,Numero dipendenti delle imprese attive (valori medi annui),Y3-5,3-5 anni,2,Tempo indeterminato,2014,160426.3,,
A,Annuale,ITC4,Lombardia,AENTEMPYAA,Numero dipendenti delle imprese attive (valori medi annui),Y3-5,3-5 anni,2,Tempo indeterminato,2015,160798.92,,
A,Annuale,ITC4,Lombardia,AENTEMPYAA,Numero dipendenti delle imprese attive (valori medi annui),Y3-5,3-5 anni,2,Tempo indeterminato,2016,162701.66,,
A,Annuale,ITC4,Lombardia,AENTEMPYAA,Numero dipendenti delle imprese attive (valori medi annui),Y3-5,3-5 anni,2,Tempo indeterminato,2017,173491.3,,
A,Annuale,ITC4,Lombardia,AENTEMPYAA,Numero dipendenti delle imprese attive (valori medi annui),Y3-5,3-5 anni,9,Totale,2012,235975.21,,
A,Annuale,ITC4,Lombardia,AENTEMPYAA,Numero dipendenti delle imprese attive (valori medi annui),Y3-5,3-5 anni,9,Totale,2013,212944.89,,
A,Annuale,ITC4,Lombardia,AENTEMPYAA,Numero dipendenti delle imprese attive (valori medi annui),Y3-5,3-5 anni,9,Totale,2014,191947.87,,
A,Annuale,ITC4,Lombardia,AENTEMPYAA,Numero dipendenti delle imprese attive (valori medi annui),Y3-5,3-5 anni,9,Totale,2015,194119.49,,
A,Annuale,ITC4,Lombardia,AENTEMPYAA,Numero dipendenti delle imprese attive (valori medi annui),Y3-5,3-5 anni,9,Totale,2016,191518.04,,
A,Annuale,ITC4,Lombardia,AENTEMPYAA,Numero dipendenti delle imprese attive (valori medi annui),Y3-5,3-5 anni,9,Totale,2017,212894.26,,
A,Annuale,ITC4,Lombardia,AENTEMPYAA,Numero dipendenti delle imprese attive (valori medi annui),Y6-10,6-10 anni,2,Tempo indeterminato,2012,297200.65,,
A,Annuale,ITC4,Lombardia,AENTEMPYAA,Numero dipendenti delle imprese attive (valori medi annui),Y6-10,6-10 anni,2,Tempo indeterminato,2013,313495.04,,
A,Annuale,ITC4,Lombardia,AENTEMPYAA,Numero dipendenti delle imprese attive (valori medi annui),Y6-10,6-10 anni,2,Tempo indeterminato,2014,296321.83,,
A,Annuale,ITC4,Lombardia,AENTEMPYAA,Numero dipendenti delle imprese attive (valori medi annui),Y6-10,6-10 anni,2,Tempo indeterminato,2015,289010.43,,
A,Annuale,ITC4,Lombardia,AENTEMPYAA,Numero dipendenti delle imprese attive (valori medi annui),Y6-10,6-10 anni,2,Tempo indeterminato,2016,291996.28,,
A,Annuale,ITC4,Lombardia,AENTEMPYAA,Numero dipendenti delle imprese attive (valori medi annui),Y6-10,6-10 anni,2,Tempo indeterminato,2017,266872.02,,
A,Annuale,ITC4,Lombardia,AENTEMPYAA,Numero dipendenti delle imprese attive (valori medi annui),Y6-10,6-10 anni,9,Totale,2012,336148.26,,
A,Annuale,ITC4,Lombardia,AENTEMPYAA,Numero dipendenti delle imprese attive (valori medi annui),Y6-10,6-10 anni,9,Totale,2013,351236.06,,
A,Annuale,ITC4,Lombardia,AENTEMPYAA,Numero dipendenti delle imprese attive (valori medi annui),Y6-10,6-10 anni,9,Totale,2014,336467.27,,
A,Annuale,ITC4,Lombardia,AENTEMPYAA,Numero dipendenti delle imprese attive (valori medi annui),Y6-10,6-10 anni,9,Totale,2015,326238.61,,
A,Annuale,ITC4,Lombardia,AENTEMPYAA,Numero dipendenti delle imprese attive (valori medi annui),Y6-10,6-10 anni,9,Totale,2016,330421.89,,
A,Annuale,ITC4,Lombardia,AENTEMPYAA,Numero dipendenti delle imprese attive (valori medi annui),Y6-10,6-10 anni,9,Totale,2017,316564.05,,
A,Annuale,ITC4,Lombardia,AENTEMPYAA,Numero dipendenti delle imprese attive (valori medi annui),Y11-15,11-15 anni,2,Tempo indeterminato,2012,353879.47,,
A,Annuale,ITC4,Lombardia,AENTEMPYAA,Numero dipendenti delle imprese attive (valori medi annui),Y11-15,11-15 anni,2,Tempo indeterminato,2013,340505.74,,
A,Annuale,ITC4,Lombardia,AENTEMPYAA,Numero dipendenti delle imprese attive (valori medi annui),Y11-15,11-15 anni,2,Tempo indeterminato,2014,333861.74,,
A,Annuale,ITC4,Lombardia,AENTEMPYAA,Numero dipendenti delle imprese attive (valori medi annui),Y11-15,11-15 anni,2,Tempo indeterminato,2015,303959.27,,
A,Annuale,ITC4,Lombardia,AENTEMPYAA,Numero dipendenti delle imprese attive (valori medi annui),Y11-15,11-15 anni,2,Tempo indeterminato,2016,305584.63,,
A,Annuale,ITC4,Lombardia,AENTEMPYAA,Numero dipendenti delle imprese attive (valori medi annui),Y11-15,11-15 anni,2,Tempo indeterminato,2017,280687.77,,
A,Annuale,ITC4,Lombardia,AENTEMPYAA,Numero dipendenti delle imprese attive (valori medi annui),Y11-15,11-15 anni,9,Totale,2012,458820.27,,
A,Annuale,ITC4,Lombardia,AENTEMPYAA,Numero dipendenti delle imprese attive (valori medi annui),Y11-15,11-15 anni,9,Totale,2013,436673.87,,
A,Annuale,ITC4,Lombardia,AENTEMPYAA,Numero dipendenti delle imprese attive (valori medi annui),Y11-15,11-15 anni,9,Totale,2014,423977.29,,
A,Annuale,ITC4,Lombardia,AENTEMPYAA,Numero dipendenti delle imprese attive (valori medi annui),Y11-15,11-15 anni,9,Totale,2015,382169.15,,
A,Annuale,ITC4,Lombardia,AENTEMPYAA,Numero dipendenti delle imprese attive (valori medi annui),Y11-15,11-15 anni,9,Totale,2016,383700.71,,
A,Annuale,ITC4,Lombardia,AENTEMPYAA,Numero dipendenti delle imprese attive (valori medi annui),Y11-15,11-15 anni,9,Totale,2017,319548.05,,
A,Annuale,ITC4,Lombardia,AENTEMPYAA,Numero dipendenti delle imprese attive (valori medi annui),Y_GE16,16 anni e più,2,Tempo indeterminato,2012,1498516.71,,
A,Annuale,ITC4,Lombardia,AENTEMPYAA,Numero dipendenti delle imprese attive (valori medi annui),Y_GE16,16 anni e più,2,Tempo indeterminato,2013,1534846.16,,
A,Annuale,ITC4,Lombardia,AENTEMPYAA,Numero dipendenti delle imprese attive (valori medi annui),Y_GE16,16 anni e più,2,Tempo indeterminato,2014,1537477.9,,
A,Annuale,ITC4,Lombardia,AENTEMPYAA,Numero dipendenti delle imprese attive (valori medi annui),Y_GE16,16 anni e più,2,Tempo indeterminato,2015,1574132.64,,
A,Annuale,ITC4,Lombardia,AENTEMPYAA,Numero dipendenti delle imprese attive (valori medi annui),Y_GE16,16 anni e più,2,Tempo indeterminato,2016,1649007.77,,
A,Annuale,ITC4,Lombardia,AENTEMPYAA,Numero dipendenti delle imprese attive (valori medi annui),Y_GE16,16 anni e più,2,Tempo indeterminato,2017,1717285.4,,
A,Annuale,ITC4,Lombardia,AENTEMPYAA,Numero dipendenti delle imprese attive (valori medi annui),Y_GE16,16 anni e più,9,Totale,2012,1643102.4,,
A,Annuale,ITC4,Lombardia,AENTEMPYAA,Numero dipendenti delle imprese attive (valori medi annui),Y_GE16,16 anni e più,9,Totale,2013,1677010.52,,
A,Annuale,ITC4,Lombardia,AENTEMPYAA,Numero dipendenti delle imprese attive (valori medi annui),Y_GE16,16 anni e più,9,Totale,2014,1700499.37,,
A,Annuale,ITC4,Lombardia,AENTEMPYAA,Numero dipendenti delle imprese attive (valori medi annui),Y_GE16,16 anni e più,9,Totale,2015,1776051.92,,
A,Annuale,ITC4,Lombardia,AENTEMPYAA,Numero dipendenti delle imprese attive (valori medi annui),Y_GE16,16 anni e più,9,Totale,2016,1855615.4,,
A,Annuale,ITC4,Lombardia,AENTEMPYAA,Numero dipendenti delle imprese attive (valori medi annui),Y_GE16,16 anni e più,9,Totale,2017,2043753.73,,
A,Annuale,ITC4,Lombardia,AENTEMPYAA,Numero dipendenti delle imprese attive (valori medi annui),TOTAL,Totale,2,Tempo indeterminato,2012,2512892.09,,
A,Annuale,ITC4,Lombardia,AENTEMPYAA,Numero dipendenti delle imprese attive (valori medi annui),TOTAL,Totale,2,Tempo indeterminato,2013,2503362.58,,
A,Annuale,ITC4,Lombardia,AENTEMPYAA,Numero dipendenti delle imprese attive (valori medi annui),TOTAL,Totale,2,Tempo indeterminato,2014,2470109.46,,
A,Annuale,ITC4,Lombardia,AENTEMPYAA,Numero dipendenti delle imprese attive (valori medi annui),TOTAL,Totale,2,Tempo indeterminato,2015,2483643.65,,
A,Annuale,ITC4,Lombardia,AENTEMPYAA,Numero dipendenti delle imprese attive (valori medi annui),TOTAL,Totale,2,Tempo indeterminato,2016,2594355.88,,
A,Annuale,ITC4,Lombardia,AENTEMPYAA,Numero dipendenti delle imprese attive (valori medi annui),TOTAL,Totale,2,Tempo indeterminato,2017,2610581.82,,
A,Annuale,ITC4,Lombardia,AENTEMPYAA,Numero dipendenti delle imprese attive (valori medi annui),TOTAL,Totale,9,Totale,2012,2871682.13,,
A,Annuale,ITC4,Lombardia,AENTEMPYAA,Numero dipendenti delle imprese attive (valori medi annui),TOTAL,Totale,9,Totale,2013,2844771.58,,
A,Annuale,ITC4,Lombardia,AENTEMPYAA,Numero dipendenti delle imprese attive (valori medi annui),TOTAL,Totale,9,Totale,2014,2834301.7,,
A,Annuale,ITC4,Lombardia,AENTEMPYAA,Numero dipendenti delle imprese attive (valori medi annui),TOTAL,Totale,9,Totale,2015,2871512.57,,
A,Annuale,ITC4,Lombardia,AENTEMPYAA,Numero dipendenti delle imprese attive (valori medi annui),TOTAL,Totale,9,Totale,2016,2987287.65,,
A,Annuale,ITC4,Lombardia,AENTEMPYAA,Numero dipendenti delle imprese attive (valori medi annui),TOTAL,Totale,9,Totale,2017,3118397.81,,
A,Annuale,ITDA,Trentino Alto Adige / Südtirol,AENTEMPYAA,Numero dipendenti delle imprese attive (valori medi annui),Y0-2,0-2 anni,2,Tempo indeterminato,2012,7898.91,,
A,Annuale,ITDA,Trentino Alto Adige / Südtirol,AENTEMPYAA,Numero dipendenti delle imprese attive (valori medi annui),Y0-2,0-2 anni,2,Tempo indeterminato,2013,6795.41,,
A,Annuale,ITDA,Trentino Alto Adige / Südtirol,AENTEMPYAA,Numero dipendenti delle imprese attive (valori medi annui),Y0-2,0-2 anni,2,Tempo indeterminato,2014,6789.61,,
A,Annuale,ITDA,Trentino Alto Adige / Südtirol,AENTEMPYAA,Numero dipendenti delle imprese attive (valori medi annui),Y0-2,0-2 anni,2,Tempo indeterminato,2015,8202.06,,
A,Annuale,ITDA,Trentino Alto Adige / Südtirol,AENTEMPYAA,Numero dipendenti delle imprese attive (valori medi annui),Y0-2,0-2 anni,2,Tempo indeterminato,2016,10619.2,,
A,Annuale,ITDA,Trentino Alto Adige / Südtirol,AENTEMPYAA,Numero dipendenti delle imprese attive (valori medi annui),Y0-2,0-2 anni,2,Tempo indeterminato,2017,10399.05,,
A,Annuale,ITDA,Trentino Alto Adige / Südtirol,AENTEMPYAA,Numero dipendenti delle imprese attive (valori medi annui),Y0-2,0-2 anni,9,Totale,2012,11478.42,,
A,Annuale,ITDA,Trentino Alto Adige / Südtirol,AENTEMPYAA,Numero dipendenti delle imprese attive (valori medi annui),Y0-2,0-2 anni,9,Totale,2013,9913,,
A,Annuale,ITDA,Trentino Alto Adige / Südtirol,AENTEMPYAA,Numero dipendenti delle imprese attive (valori medi annui),Y0-2,0-2 anni,9,Totale,2014,10055.99,,
A,Annuale,ITDA,Trentino Alto Adige / Südtirol,AENTEMPYAA,Numero dipendenti delle imprese attive (valori medi annui),Y0-2,0-2 anni,9,Totale,2015,11334.51,,
A,Annuale,ITDA,Trentino Alto Adige / Südtirol,AENTEMPYAA,Numero dipendenti delle imprese attive (valori medi annui),Y0-2,0-2 anni,9,Totale,2016,14150.44,,
A,Annuale,ITDA,Trentino Alto Adige / Südtirol,AENTEMPYAA,Numero dipendenti delle imprese attive (valori medi annui),Y0-2,0-2 anni,9,Totale,2017,15020.02,,
A,Annuale,ITDA,Trentino Alto Adige / Südtirol,AENTEMPYAA,Numero dipendenti delle imprese attive (valori medi annui),Y3-5,3-5 anni,2,Tempo indeterminato,2012,13707.19,,
A,Annuale,ITDA,Trentino Alto Adige / Südtirol,AENTEMPYAA,Numero dipendenti delle imprese attive (valori medi annui),Y3-5,3-5 anni,2,Tempo indeterminato,2013,11186.64,,
A,Annuale,ITDA,Trentino Alto Adige / Südtirol,AENTEMPYAA,Numero dipendenti delle imprese attive (valori medi annui),Y3-5,3-5 anni,2,Tempo indeterminato,2014,9677.01,,
A,Annuale,ITDA,Trentino Alto Adige / Südtirol,AENTEMPYAA,Numero dipendenti delle imprese attive (valori medi annui),Y3-5,3-5 anni,2,Tempo indeterminato,2015,9800.38,,
A,Annuale,ITDA,Trentino Alto Adige / Südtirol,AENTEMPYAA,Numero dipendenti delle imprese attive (valori medi annui),Y3-5,3-5 anni,2,Tempo indeterminato,2016,9846.85,,
A,Annuale,ITDA,Trentino Alto Adige / Südtirol,AENTEMPYAA,Numero dipendenti delle imprese attive (valori medi annui),Y3-5,3-5 anni,2,Tempo indeterminato,2017,9976.16,,
A,Annuale,ITDA,Trentino Alto Adige / Südtirol,AENTEMPYAA,Numero dipendenti delle imprese attive (valori medi annui),Y3-5,3-5 anni,9,Totale,2012,18033.86,,
A,Annuale,ITDA,Trentino Alto Adige / Südtirol,AENTEMPYAA,Numero dipendenti delle imprese attive (valori medi annui),Y3-5,3-5 anni,9,Totale,2013,14895.65,,
A,Annuale,ITDA,Trentino Alto Adige / Südtirol,AENTEMPYAA,Numero dipendenti delle imprese attive (valori medi annui),Y3-5,3-5 anni,9,Totale,2014,13196.47,,
A,Annuale,ITDA,Trentino Alto Adige / Südtirol,AENTEMPYAA,Numero dipendenti delle imprese attive (valori medi annui),Y3-5,3-5 anni,9,Totale,2015,13277.59,,
A,Annuale,ITDA,Trentino Alto Adige / Südtirol,AENTEMPYAA,Numero dipendenti delle imprese attive (valori medi annui),Y3-5,3-5 anni,9,Totale,2016,13223.6,,
A,Annuale,ITDA,Trentino Alto Adige / Südtirol,AENTEMPYAA,Numero dipendenti delle imprese attive (valori medi annui),Y3-5,3-5 anni,9,Totale,2017,14302.06,,
A,Annuale,ITDA,Trentino Alto Adige / Südtirol,AENTEMPYAA,Numero dipendenti delle imprese attive (valori medi annui),Y6-10,6-10 anni,2,Tempo indeterminato,2012,20892.41,,
A,Annuale,ITDA,Trentino Alto Adige / Südtirol,AENTEMPYAA,Numero dipendenti delle imprese attive (valori medi annui),Y6-10,6-10 anni,2,Tempo indeterminato,2013,21712.86,,
A,Annuale,ITDA,Trentino Alto Adige / Südtirol,AENTEMPYAA,Numero dipendenti delle imprese attive (valori medi annui),Y6-10,6-10 anni,2,Tempo indeterminato,2014,20924.97,,
A,Annuale,ITDA,Trentino Alto Adige / Südtirol,AENTEMPYAA,Numero dipendenti delle imprese attive (valori medi annui),Y6-10,6-10 anni,2,Tempo indeterminato,2015,20386.44,,
A,Annuale,ITDA,Trentino Alto Adige / Südtirol,AENTEMPYAA,Numero dipendenti delle imprese attive (valori medi annui),Y6-10,6-10 anni,2,Tempo indeterminato,2016,18937.1,,
A,Annuale,ITDA,Trentino Alto Adige / Südtirol,AENTEMPYAA,Numero dipendenti delle imprese attive (valori medi annui),Y6-10,6-10 anni,2,Tempo indeterminato,2017,18358.67,,
A,Annuale,ITDA,Trentino Alto Adige / Südtirol,AENTEMPYAA,Numero dipendenti delle imprese attive (valori medi annui),Y6-10,6-10 anni,9,Totale,2012,26967.58,,
A,Annuale,ITDA,Trentino Alto Adige / Südtirol,AENTEMPYAA,Numero dipendenti delle imprese attive (valori medi annui),Y6-10,6-10 anni,9,Totale,2013,27926.67,,
A,Annuale,ITDA,Trentino Alto Adige / Südtirol,AENTEMPYAA,Numero dipendenti delle imprese attive (valori medi annui),Y6-10,6-10 anni,9,Totale,2014,27191.78,,
A,Annuale,ITDA,Trentino Alto Adige / Südtirol,AENTEMPYAA,Numero dipendenti delle imprese attive (valori medi annui),Y6-10,6-10 anni,9,Totale,2015,26507.64,,
A,Annuale,ITDA,Trentino Alto Adige / Südtirol,AENTEMPYAA,Numero dipendenti delle imprese attive (valori medi annui),Y6-10,6-10 anni,9,Totale,2016,24659.21,,
A,Annuale,ITDA,Trentino Alto Adige / Südtirol,AENTEMPYAA,Numero dipendenti delle imprese attive (valori medi annui),Y6-10,6-10 anni,9,Totale,2017,25049.34,,
A,Annuale,ITDA,Trentino Alto Adige / Südtirol,AENTEMPYAA,Numero dipendenti delle imprese attive (valori medi annui),Y11-15,11-15 anni,2,Tempo indeterminato,2012,21859.99,,
A,Annuale,ITDA,Trentino Alto Adige / Südtirol,AENTEMPYAA,Numero dipendenti delle imprese attive (valori medi annui),Y11-15,11-15 anni,2,Tempo indeterminato,2013,22648.63,,
A,Annuale,ITDA,Trentino Alto Adige / Südtirol,AENTEMPYAA,Numero dipendenti delle imprese attive (valori medi annui),Y11-15,11-15 anni,2,Tempo indeterminato,2014,21603.99,,
A,Annuale,ITDA,Trentino Alto Adige / Südtirol,AENTEMPYAA,Numero dipendenti delle imprese attive (valori medi annui),Y11-15,11-15 anni,2,Tempo indeterminato,2015,21377.63,,
A,Annuale,ITDA,Trentino Alto Adige / Südtirol,AENTEMPYAA,Numero dipendenti delle imprese attive (valori medi annui),Y11-15,11-15 anni,2,Tempo indeterminato,2016,22791.1,,
A,Annuale,ITDA,Trentino Alto Adige / Südtirol,AENTEMPYAA,Numero dipendenti delle imprese attive (valori medi annui),Y11-15,11-15 anni,2,Tempo indeterminato,2017,22803.3,,
A,Annuale,ITDA,Trentino Alto Adige / Südtirol,AENTEMPYAA,Numero dipendenti delle imprese attive (valori medi annui),Y11-15,11-15 anni,9,Totale,2012,27395.01,,
A,Annuale,ITDA,Trentino Alto Adige / Südtirol,AENTEMPYAA,Numero dipendenti delle imprese attive (valori medi annui),Y11-15,11-15 anni,9,Totale,2013,28279.51,,
A,Annuale,ITDA,Trentino Alto Adige / Südtirol,AENTEMPYAA,Numero dipendenti delle imprese attive (valori medi annui),Y11-15,11-15 anni,9,Totale,2014,27555.5,,
A,Annuale,ITDA,Trentino Alto Adige / Südtirol,AENTEMPYAA,Numero dipendenti delle imprese attive (valori medi annui),Y11-15,11-15 anni,9,Totale,2015,26921.87,,
A,Annuale,ITDA,Trentino Alto Adige / Südtirol,AENTEMPYAA,Numero dipendenti delle imprese attive (valori medi annui),Y11-15,11-15 anni,9,Totale,2016,28979.96,,
A,Annuale,ITDA,Trentino Alto Adige / Südtirol,AENTEMPYAA,Numero dipendenti delle imprese attive (valori medi annui),Y11-15,11-15 anni,9,Totale,2017,30004.66,,
A,Annuale,ITDA,Trentino Alto Adige / Südtirol,AENTEMPYAA,Numero dipendenti delle imprese attive (valori medi annui),Y_GE16,16 anni e più,2,Tempo indeterminato,2012,128662.23,,
A,Annuale,ITDA,Trentino Alto Adige / Südtirol,AENTEMPYAA,Numero dipendenti delle imprese attive (valori medi annui),Y_GE16,16 anni e più,2,Tempo indeterminato,2013,133652.37,,
A,Annuale,ITDA,Trentino Alto Adige / Südtirol,AENTEMPYAA,Numero dipendenti delle imprese attive (valori medi annui),Y_GE16,16 anni e più,2,Tempo indeterminato,2014,139044.66,,
A,Annuale,ITDA,Trentino Alto Adige / Südtirol,AENTEMPYAA,Numero dipendenti delle imprese attive (valori medi annui),Y_GE16,16 anni e più,2,Tempo indeterminato,2015,136939,,
A,Annuale,ITDA,Trentino Alto Adige / Südtirol,AENTEMPYAA,Numero dipendenti delle imprese attive (valori medi annui),Y_GE16,16 anni e più,2,Tempo indeterminato,2016,142116.73,,
A,Annuale,ITDA,Trentino Alto Adige / Südtirol,AENTEMPYAA,Numero dipendenti delle imprese attive (valori medi annui),Y_GE16,16 anni e più,2,Tempo indeterminato,2017,146151.96,,
A,Annuale,ITDA,Trentino Alto Adige / Südtirol,AENTEMPYAA,Numero dipendenti delle imprese attive (valori medi annui),Y_GE16,16 anni e più,9,Totale,2012,156227.2,,
A,Annuale,ITDA,Trentino Alto Adige / Südtirol,AENTEMPYAA,Numero dipendenti delle imprese attive (valori medi annui),Y_GE16,16 anni e più,9,Totale,2013,160858.17,,
A,Annuale,ITDA,Trentino Alto Adige / Südtirol,AENTEMPYAA,Numero dipendenti delle imprese attive (valori medi annui),Y_GE16,16 anni e più,9,Totale,2014,167630.92,,
A,Annuale,ITDA,Trentino Alto Adige / Südtirol,AENTEMPYAA,Numero dipendenti delle imprese attive (valori medi annui),Y_GE16,16 anni e più,9,Totale,2015,167800.64,,
A,Annuale,ITDA,Trentino Alto Adige / Südtirol,AENTEMPYAA,Numero dipendenti delle imprese attive (valori medi annui),Y_GE16,16 anni e più,9,Totale,2016,174797.57,,
A,Annuale,ITDA,Trentino Alto Adige / Südtirol,AENTEMPYAA,Numero dipendenti delle imprese attive (valori medi annui),Y_GE16,16 anni e più,9,Totale,2017,185136.41,,
A,Annuale,ITDA,Trentino Alto Adige / Südtirol,AENTEMPYAA,Numero dipendenti delle imprese attive (valori medi annui),TOTAL,Totale,2,Tempo indeterminato,2012,193020.73,,
A,Annuale,ITDA,Trentino Alto Adige / Südtirol,AENTEMPYAA,Numero dipendenti delle imprese attive (valori medi annui),TOTAL,Totale,2,Tempo indeterminato,2013,195995.91,,
A,Annuale,ITDA,Trentino Alto Adige / Südtirol,AENTEMPYAA,Numero dipendenti delle imprese attive (valori medi annui),TOTAL,Totale,2,Tempo indeterminato,2014,198040.24,,
A,Annuale,ITDA,Trentino Alto Adige / Südtirol,AENTEMPYAA,Numero dipendenti delle imprese attive (valori medi annui),TOTAL,Totale,2,Tempo indeterminato,2015,196705.51,,
A,Annuale,ITDA,Trentino Alto Adige / Südtirol,AENTEMPYAA,Numero dipendenti delle imprese attive (valori medi annui),TOTAL,Totale,2,Tempo indeterminato,2016,204310.98,,
A,Annuale,ITDA,Trentino Alto Adige / Südtirol,AENTEMPYAA,Numero dipendenti delle imprese attive (valori medi annui),TOTAL,Totale,2,Tempo indeterminato,2017,207689.14,,
A,Annuale,ITDA,Trentino Alto Adige / Südtirol,AENTEMPYAA,Numero dipendenti delle imprese attive (valori medi annui),TOTAL,Totale,9,Totale,2012,240102.07,,
A,Annuale,ITDA,Trentino Alto Adige / Südtirol,AENTEMPYAA,Numero dipendenti delle imprese attive (valori medi annui),TOTAL,Totale,9,Totale,2013,241873,,
A,Annuale,ITDA,Trentino Alto Adige / Südtirol,AENTEMPYAA,Numero dipendenti delle imprese attive (valori medi annui),TOTAL,Totale,9,Totale,2014,245630.66,,
A,Annuale,ITDA,Trentino Alto Adige / Südtirol,AENTEMPYAA,Numero dipendenti delle imprese attive (valori medi annui),TOTAL,Totale,9,Totale,2015,245842.25,,
A,Annuale,ITDA,Trentino Alto Adige / Südtirol,AENTEMPYAA,Numero dipendenti delle imprese attive (valori medi annui),TOTAL,Totale,9,Totale,2016,255810.78,,
A,Annuale,ITDA,Trentino Alto Adige / Südtirol,AENTEMPYAA,Numero dipendenti delle imprese attive (valori medi annui),TOTAL,Totale,9,Totale,2017,269512.49,,
A,Annuale,ITD1,Provincia Autonoma Bolzano / Bozen,AENTEMPYAA,Numero dipendenti delle imprese attive (valori medi annui),Y0-2,0-2 anni,2,Tempo indeterminato,2012,4932.74,,
A,Annuale,ITD1,Provincia Autonoma Bolzano / Bozen,AENTEMPYAA,Numero dipendenti delle imprese attive (valori medi annui),Y0-2,0-2 anni,2,Tempo indeterminato,2013,3989,,
A,Annuale,ITD1,Provincia Autonoma Bolzano / Bozen,AENTEMPYAA,Numero dipendenti delle imprese attive (valori medi annui),Y0-2,0-2 anni,2,Tempo indeterminato,2014,3357.59,,
A,Annuale,ITD1,Provincia Autonoma Bolzano / Bozen,AENTEMPYAA,Numero dipendenti delle imprese attive (valori medi annui),Y0-2,0-2 anni,2,Tempo indeterminato,2015,4397.3,,
A,Annuale,ITD1,Provincia Autonoma Bolzano / Bozen,AENTEMPYAA,Numero dipendenti delle imprese attive (valori medi annui),Y0-2,0-2 anni,2,Tempo indeterminato,2016,5972.55,,
A,Annuale,ITD1,Provincia Autonoma Bolzano / Bozen,AENTEMPYAA,Numero dipendenti delle imprese attive (valori medi annui),Y0-2,0-2 anni,2,Tempo indeterminato,2017,5811.83,,
A,Annuale,ITD1,Provincia Autonoma Bolzano / Bozen,AENTEMPYAA,Numero dipendenti delle imprese attive (valori medi annui),Y0-2,0-2 anni,9,Totale,2012,6821.01,,
A,Annuale,ITD1,Provincia Autonoma Bolzano / Bozen,AENTEMPYAA,Numero dipendenti delle imprese attive (valori medi annui),Y0-2,0-2 anni,9,Totale,2013,5631.28,,
A,Annuale,ITD1,Provincia Autonoma Bolzano / Bozen,AENTEMPYAA,Numero dipendenti delle imprese attive (valori medi annui),Y0-2,0-2 anni,9,Totale,2014,5100.29,,
A,Annuale,ITD1,Provincia Autonoma Bolzano / Bozen,AENTEMPYAA,Numero dipendenti delle imprese attive (valori medi annui),Y0-2,0-2 anni,9,Totale,2015,6227.3,,
A,Annuale,ITD1,Provincia Autonoma Bolzano / Bozen,AENTEMPYAA,Numero dipendenti delle imprese attive (valori medi annui),Y0-2,0-2 anni,9,Totale,2016,8084.69,,
A,Annuale,ITD1,Provincia Autonoma Bolzano / Bozen,AENTEMPYAA,Numero dipendenti delle imprese attive (valori medi annui),Y0-2,0-2 anni,9,Totale,2017,8462.06,,
A,Annuale,ITD1,Provincia Autonoma Bolzano / Bozen,AENTEMPYAA,Numero dipendenti delle imprese attive (valori medi annui),Y3-5,3-5 anni,2,Tempo indeterminato,2012,7009.48,,
A,Annuale,ITD1,Provincia Autonoma Bolzano / Bozen,AENTEMPYAA,Numero dipendenti delle imprese attive (valori medi annui),Y3-5,3-5 anni,2,Tempo indeterminato,2013,6412.05,,
A,Annuale,ITD1,Provincia Autonoma Bolzano / Bozen,AENTEMPYAA,Numero dipendenti delle imprese attive (valori medi annui),Y3-5,3-5 anni,2,Tempo indeterminato,2014,6056.63,,
A,Annuale,ITD1,Provincia Autonoma Bolzano / Bozen,AENTEMPYAA,Numero dipendenti delle imprese attive (valori medi annui),Y3-5,3-5 anni,2,Tempo indeterminato,2015,5870.98,,
A,Annuale,ITD1,Provincia Autonoma Bolzano / Bozen,AENTEMPYAA,Numero dipendenti delle imprese attive (valori medi annui),Y3-5,3-5 anni,2,Tempo indeterminato,2016,5632.46,,
A,Annuale,ITD1,Provincia Autonoma Bolzano / Bozen,AENTEMPYAA,Numero dipendenti delle imprese attive (valori medi annui),Y3-5,3-5 anni,2,Tempo indeterminato,2017,5679.76,,
A,Annuale,ITD1,Provincia Autonoma Bolzano / Bozen,AENTEMPYAA,Numero dipendenti delle imprese attive (valori medi annui),Y3-5,3-5 anni,9,Totale,2012,9202.02,,
A,Annuale,ITD1,Provincia Autonoma Bolzano / Bozen,AENTEMPYAA,Numero dipendenti delle imprese attive (valori medi annui),Y3-5,3-5 anni,9,Totale,2013,8191.71,,
A,Annuale,ITD1,Provincia Autonoma Bolzano / Bozen,AENTEMPYAA,Numero dipendenti delle imprese attive (valori medi annui),Y3-5,3-5 anni,9,Totale,2014,8079.97,,
A,Annuale,ITD1,Provincia Autonoma Bolzano / Bozen,AENTEMPYAA,Numero dipendenti delle imprese attive (valori medi annui),Y3-5,3-5 anni,9,Totale,2015,7844.09,,
A,Annuale,ITD1,Provincia Autonoma Bolzano / Bozen,AENTEMPYAA,Numero dipendenti delle imprese attive (valori medi annui),Y3-5,3-5 anni,9,Totale,2016,7595.29,,
A,Annuale,ITD1,Provincia Autonoma Bolzano / Bozen,AENTEMPYAA,Numero dipendenti delle imprese attive (valori medi annui),Y3-5,3-5 anni,9,Totale,2017,8195.68,,
A,Annuale,ITD1,Provincia Autonoma Bolzano / Bozen,AENTEMPYAA,Numero dipendenti delle imprese attive (valori medi annui),Y6-10,6-10 anni,2,Tempo indeterminato,2012,10436,,
A,Annuale,ITD1,Provincia Autonoma Bolzano / Bozen,AENTEMPYAA,Numero dipendenti delle imprese attive (valori medi annui),Y6-10,6-10 anni,2,Tempo indeterminato,2013,11415.52,,
A,Annuale,ITD1,Provincia Autonoma Bolzano / Bozen,AENTEMPYAA,Numero dipendenti delle imprese attive (valori medi annui),Y6-10,6-10 anni,2,Tempo indeterminato,2014,11001.81,,
A,Annuale,ITD1,Provincia Autonoma Bolzano / Bozen,AENTEMPYAA,Numero dipendenti delle imprese attive (valori medi annui),Y6-10,6-10 anni,2,Tempo indeterminato,2015,10881.19,,
A,Annuale,ITD1,Provincia Autonoma Bolzano / Bozen,AENTEMPYAA,Numero dipendenti delle imprese attive (valori medi annui),Y6-10,6-10 anni,2,Tempo indeterminato,2016,10727.73,,
A,Annuale,ITD1,Provincia Autonoma Bolzano / Bozen,AENTEMPYAA,Numero dipendenti delle imprese attive (valori medi annui),Y6-10,6-10 anni,2,Tempo indeterminato,2017,10881.24,,
A,Annuale,ITD1,Provincia Autonoma Bolzano / Bozen,AENTEMPYAA,Numero dipendenti delle imprese attive (valori medi annui),Y6-10,6-10 anni,9,Totale,2012,13800.96,,
A,Annuale,ITD1,Provincia Autonoma Bolzano / Bozen,AENTEMPYAA,Numero dipendenti delle imprese attive (valori medi annui),Y6-10,6-10 anni,9,Totale,2013,15124.08,,
A,Annuale,ITD1,Provincia Autonoma Bolzano / Bozen,AENTEMPYAA,Numero dipendenti delle imprese attive (valori medi annui),Y6-10,6-10 anni,9,Totale,2014,14478.33,,
A,Annuale,ITD1,Provincia Autonoma Bolzano / Bozen,AENTEMPYAA,Numero dipendenti delle imprese attive (valori medi annui),Y6-10,6-10 anni,9,Totale,2015,14247.12,,
A,Annuale,ITD1,Provincia Autonoma Bolzano / Bozen,AENTEMPYAA,Numero dipendenti delle imprese attive (valori medi annui),Y6-10,6-10 anni,9,Totale,2016,13938.15,,
A,Annuale,ITD1,Provincia Autonoma Bolzano / Bozen,AENTEMPYAA,Numero dipendenti delle imprese attive (valori medi annui),Y6-10,6-10 anni,9,Totale,2017,14589.69,,
A,Annuale,ITD1,Provincia Autonoma Bolzano / Bozen,AENTEMPYAA,Numero dipendenti delle imprese attive (valori medi annui),Y11-15,11-15 anni,2,Tempo indeterminato,2012,11865.6,,
A,Annuale,ITD1,Provincia Autonoma Bolzano / Bozen,AENTEMPYAA,Numero dipendenti delle imprese attive (valori medi annui),Y11-15,11-15 anni,2,Tempo indeterminato,2013,11714.42,,
A,Annuale,ITD1,Provincia Autonoma Bolzano / Bozen,AENTEMPYAA,Numero dipendenti delle imprese attive (valori medi annui),Y11-15,11-15 anni,2,Tempo indeterminato,2014,11755.39,,
A,Annuale,ITD1,Provincia Autonoma Bolzano / Bozen,AENTEMPYAA,Numero dipendenti delle imprese attive (valori medi annui),Y11-15,11-15 anni,2,Tempo indeterminato,2015,11646.72,,
A,Annuale,ITD1,Provincia Autonoma Bolzano / Bozen,AENTEMPYAA,Numero dipendenti delle imprese attive (valori medi annui),Y11-15,11-15 anni,2,Tempo indeterminato,2016,11504.9,,
A,Annuale,ITD1,Provincia Autonoma Bolzano / Bozen,AENTEMPYAA,Numero dipendenti delle imprese attive (valori medi annui),Y11-15,11-15 anni,2,Tempo indeterminato,2017,11235.62,,
A,Annuale,ITD1,Provincia Autonoma Bolzano / Bozen,AENTEMPYAA,Numero dipendenti delle imprese attive (valori medi annui),Y11-15,11-15 anni,9,Totale,2012,15132.56,,
A,Annuale,ITD1,Provincia Autonoma Bolzano / Bozen,AENTEMPYAA,Numero dipendenti delle imprese attive (valori medi annui),Y11-15,11-15 anni,9,Totale,2013,15092.52,,
A,Annuale,ITD1,Provincia Autonoma Bolzano / Bozen,AENTEMPYAA,Numero dipendenti delle imprese attive (valori medi annui),Y11-15,11-15 anni,9,Totale,2014,15392.02,,
A,Annuale,ITD1,Provincia Autonoma Bolzano / Bozen,AENTEMPYAA,Numero dipendenti delle imprese attive (valori medi annui),Y11-15,11-15 anni,9,Totale,2015,15220.79,,
A,Annuale,ITD1,Provincia Autonoma Bolzano / Bozen,AENTEMPYAA,Numero dipendenti delle imprese attive (valori medi annui),Y11-15,11-15 anni,9,Totale,2016,15527.56,,
A,Annuale,ITD1,Provincia Autonoma Bolzano / Bozen,AENTEMPYAA,Numero dipendenti delle imprese attive (valori medi annui),Y11-15,11-15 anni,9,Totale,2017,15615.14,,
A,Annuale,ITD1,Provincia Autonoma Bolzano / Bozen,AENTEMPYAA,Numero dipendenti delle imprese attive (valori medi annui),Y_GE16,16 anni e più,2,Tempo indeterminato,2012,67266.72,,
A,Annuale,ITD1,Provincia Autonoma Bolzano / Bozen,AENTEMPYAA,Numero dipendenti delle imprese attive (valori medi annui),Y_GE16,16 anni e più,2,Tempo indeterminato,2013,69801.28,,
A,Annuale,ITD1,Provincia Autonoma Bolzano / Bozen,AENTEMPYAA,Numero dipendenti delle imprese attive (valori medi annui),Y_GE16,16 anni e più,2,Tempo indeterminato,2014,77065.24,,
A,Annuale,ITD1,Provincia Autonoma Bolzano / Bozen,AENTEMPYAA,Numero dipendenti delle imprese attive (valori medi annui),Y_GE16,16 anni e più,2,Tempo indeterminato,2015,74159.48,,
A,Annuale,ITD1,Provincia Autonoma Bolzano / Bozen,AENTEMPYAA,Numero dipendenti delle imprese attive (valori medi annui),Y_GE16,16 anni e più,2,Tempo indeterminato,2016,77379.42,,
A,Annuale,ITD1,Provincia Autonoma Bolzano / Bozen,AENTEMPYAA,Numero dipendenti delle imprese attive (valori medi annui),Y_GE16,16 anni e più,2,Tempo indeterminato,2017,80344.83,,
A,Annuale,ITD1,Provincia Autonoma Bolzano / Bozen,AENTEMPYAA,Numero dipendenti delle imprese attive (valori medi annui),Y_GE16,16 anni e più,9,Totale,2012,82305.47,,
A,Annuale,ITD1,Provincia Autonoma Bolzano / Bozen,AENTEMPYAA,Numero dipendenti delle imprese attive (valori medi annui),Y_GE16,16 anni e più,9,Totale,2013,84159.88,,
A,Annuale,ITD1,Provincia Autonoma Bolzano / Bozen,AENTEMPYAA,Numero dipendenti delle imprese attive (valori medi annui),Y_GE16,16 anni e più,9,Totale,2014,93157.19,,
A,Annuale,ITD1,Provincia Autonoma Bolzano / Bozen,AENTEMPYAA,Numero dipendenti delle imprese attive (valori medi annui),Y_GE16,16 anni e più,9,Totale,2015,91750.39,,
A,Annuale,ITD1,Provincia Autonoma Bolzano / Bozen,AENTEMPYAA,Numero dipendenti delle imprese attive (valori medi annui),Y_GE16,16 anni e più,9,Totale,2016,96052.63,,
A,Annuale,ITD1,Provincia Autonoma Bolzano / Bozen,AENTEMPYAA,Numero dipendenti delle imprese attive (valori medi annui),Y_GE16,16 anni e più,9,Totale,2017,102987.27,,
A,Annuale,ITD1,Provincia Autonoma Bolzano / Bozen,AENTEMPYAA,Numero dipendenti delle imprese attive (valori medi annui),TOTAL,Totale,2,Tempo indeterminato,2012,101510.54,,
A,Annuale,ITD1,Provincia Autonoma Bolzano / Bozen,AENTEMPYAA,Numero dipendenti delle imprese attive (valori medi annui),TOTAL,Totale,2,Tempo indeterminato,2013,103332.27,,
A,Annuale,ITD1,Provincia Autonoma Bolzano / Bozen,AENTEMPYAA,Numero dipendenti delle imprese attive (valori medi annui),TOTAL,Totale,2,Tempo indeterminato,2014,109236.66,,
A,Annuale,ITD1,Provincia Autonoma Bolzano / Bozen,AENTEMPYAA,Numero dipendenti delle imprese attive (valori medi annui),TOTAL,Totale,2,Tempo indeterminato,2015,106955.67,,
A,Annuale,ITD1,Provincia Autonoma Bolzano / Bozen,AENTEMPYAA,Numero dipendenti delle imprese attive (valori medi annui),TOTAL,Totale,2,Tempo indeterminato,2016,111217.06,,
A,Annuale,ITD1,Provincia Autonoma Bolzano / Bozen,AENTEMPYAA,Numero dipendenti delle imprese attive (valori medi annui),TOTAL,Totale,2,Tempo indeterminato,2017,113953.28,,
A,Annuale,ITD1,Provincia Autonoma Bolzano / Bozen,AENTEMPYAA,Numero dipendenti delle imprese attive (valori medi annui),TOTAL,Totale,9,Totale,2012,127262.02,,
A,Annuale,ITD1,Provincia Autonoma Bolzano / Bozen,AENTEMPYAA,Numero dipendenti delle imprese attive (valori medi annui),TOTAL,Totale,9,Totale,2013,128199.47,,
A,Annuale,ITD1,Provincia Autonoma Bolzano / Bozen,AENTEMPYAA,Numero dipendenti delle imprese attive (valori medi annui),TOTAL,Totale,9,Totale,2014,136207.8,,
A,Annuale,ITD1,Provincia Autonoma Bolzano / Bozen,AENTEMPYAA,Numero dipendenti delle imprese attive (valori medi annui),TOTAL,Totale,9,Totale,2015,135289.69,,
A,Annuale,ITD1,Provincia Autonoma Bolzano / Bozen,AENTEMPYAA,Numero dipendenti delle imprese attive (valori medi annui),TOTAL,Totale,9,Totale,2016,141198.32,,
A,Annuale,ITD1,Provincia Autonoma Bolzano / Bozen,AENTEMPYAA,Numero dipendenti delle imprese attive (valori medi annui),TOTAL,Totale,9,Totale,2017,149849.84,,
A,Annuale,ITD2,Provincia Autonoma Trento,AENTEMPYAA,Numero dipendenti delle imprese attive (valori medi annui),Y0-2,0-2 anni,2,Tempo indeterminato,2012,2966.17,,
A,Annuale,ITD2,Provincia Autonoma Trento,AENTEMPYAA,Numero dipendenti delle imprese attive (valori medi annui),Y0-2,0-2 anni,2,Tempo indeterminato,2013,2806.41,,
A,Annuale,ITD2,Provincia Autonoma Trento,AENTEMPYAA,Numero dipendenti delle imprese attive (valori medi annui),Y0-2,0-2 anni,2,Tempo indeterminato,2014,3432.02,,
A,Annuale,ITD2,Provincia Autonoma Trento,AENTEMPYAA,Numero dipendenti delle imprese attive (valori medi annui),Y0-2,0-2 anni,2,Tempo indeterminato,2015,3804.76,,
A,Annuale,ITD2,Provincia Autonoma Trento,AENTEMPYAA,Numero dipendenti delle imprese attive (valori medi annui),Y0-2,0-2 anni,2,Tempo indeterminato,2016,4646.65,,
A,Annuale,ITD2,Provincia Autonoma Trento,AENTEMPYAA,Numero dipendenti delle imprese attive (valori medi annui),Y0-2,0-2 anni,2,Tempo indeterminato,2017,4587.22,,
A,Annuale,ITD2,Provincia Autonoma Trento,AENTEMPYAA,Numero dipendenti delle imprese attive (valori medi annui),Y0-2,0-2 anni,9,Totale,2012,4657.41,,
A,Annuale,ITD2,Provincia Autonoma Trento,AENTEMPYAA,Numero dipendenti delle imprese attive (valori medi annui),Y0-2,0-2 anni,9,Totale,2013,4281.72,,
A,Annuale,ITD2,Provincia Autonoma Trento,AENTEMPYAA,Numero dipendenti delle imprese attive (valori medi annui),Y0-2,0-2 anni,9,Totale,2014,4955.7,,
A,Annuale,ITD2,Provincia Autonoma Trento,AENTEMPYAA,Numero dipendenti delle imprese attive (valori medi annui),Y0-2,0-2 anni,9,Totale,2015,5107.21,,
A,Annuale,ITD2,Provincia Autonoma Trento,AENTEMPYAA,Numero dipendenti delle imprese attive (valori medi annui),Y0-2,0-2 anni,9,Totale,2016,6065.75,,
A,Annuale,ITD2,Provincia Autonoma Trento,AENTEMPYAA,Numero dipendenti delle imprese attive (valori medi annui),Y0-2,0-2 anni,9,Totale,2017,6557.96,,
A,Annuale,ITD2,Provincia Autonoma Trento,AENTEMPYAA,Numero dipendenti delle imprese attive (valori medi annui),Y3-5,3-5 anni,2,Tempo indeterminato,2012,6697.71,,
A,Annuale,ITD2,Provincia Autonoma Trento,AENTEMPYAA,Numero dipendenti delle imprese attive (valori medi annui),Y3-5,3-5 anni,2,Tempo indeterminato,2013,4774.59,,
A,Annuale,ITD2,Provincia Autonoma Trento,AENTEMPYAA,Numero dipendenti delle imprese attive (valori medi annui),Y3-5,3-5 anni,2,Tempo indeterminato,2014,3620.38,,
A,Annuale,ITD2,Provincia Autonoma Trento,AENTEMPYAA,Numero dipendenti delle imprese attive (valori medi annui),Y3-5,3-5 anni,2,Tempo indeterminato,2015,3929.4,,
A,Annuale,ITD2,Provincia Autonoma Trento,AENTEMPYAA,Numero dipendenti delle imprese attive (valori medi annui),Y3-5,3-5 anni,2,Tempo indeterminato,2016,4214.39,,
A,Annuale,ITD2,Provincia Autonoma Trento,AENTEMPYAA,Numero dipendenti delle imprese attive (valori medi annui),Y3-5,3-5 anni,2,Tempo indeterminato,2017,4296.4,,
A,Annuale,ITD2,Provincia Autonoma Trento,AENTEMPYAA,Numero dipendenti delle imprese attive (valori medi annui),Y3-5,3-5 anni,9,Totale,2012,8831.84,,
A,Annuale,ITD2,Provincia Autonoma Trento,AENTEMPYAA,Numero dipendenti delle imprese attive (valori medi annui),Y3-5,3-5 anni,9,Totale,2013,6703.94,,
A,Annuale,ITD2,Provincia Autonoma Trento,AENTEMPYAA,Numero dipendenti delle imprese attive (valori medi annui),Y3-5,3-5 anni,9,Totale,2014,5116.5,,
A,Annuale,ITD2,Provincia Autonoma Trento,AENTEMPYAA,Numero dipendenti delle imprese attive (valori medi annui),Y3-5,3-5 anni,9,Totale,2015,5433.5,,
A,Annuale,ITD2,Provincia Autonoma Trento,AENTEMPYAA,Numero dipendenti delle imprese attive (valori medi annui),Y3-5,3-5 anni,9,Totale,2016,5628.31,,
A,Annuale,ITD2,Provincia Autonoma Trento,AENTEMPYAA,Numero dipendenti delle imprese attive (valori medi annui),Y3-5,3-5 anni,9,Totale,2017,6106.38,,
A,Annuale,ITD2,Provincia Autonoma Trento,AENTEMPYAA,Numero dipendenti delle imprese attive (valori medi annui),Y6-10,6-10 anni,2,Tempo indeterminato,2012,10456.41,,
A,Annuale,ITD2,Provincia Autonoma Trento,AENTEMPYAA,Numero dipendenti delle imprese attive (valori medi annui),Y6-10,6-10 anni,2,Tempo indeterminato,2013,10297.34,,
A,Annuale,ITD2,Provincia Autonoma Trento,AENTEMPYAA,Numero dipendenti delle imprese attive (valori medi annui),Y6-10,6-10 anni,2,Tempo indeterminato,2014,9923.16,,
A,Annuale,ITD2,Provincia Autonoma Trento,AENTEMPYAA,Numero dipendenti delle imprese attive (valori medi annui),Y6-10,6-10 anni,2,Tempo indeterminato,2015,9505.25,,
A,Annuale,ITD2,Provincia Autonoma Trento,AENTEMPYAA,Numero dipendenti delle imprese attive (valori medi annui),Y6-10,6-10 anni,2,Tempo indeterminato,2016,8209.37,,
A,Annuale,ITD2,Provincia Autonoma Trento,AENTEMPYAA,Numero dipendenti delle imprese attive (valori medi annui),Y6-10,6-10 anni,2,Tempo indeterminato,2017,7477.43,,
A,Annuale,ITD2,Provincia Autonoma Trento,AENTEMPYAA,Numero dipendenti delle imprese attive (valori medi annui),Y6-10,6-10 anni,9,Totale,2012,13166.62,,
A,Annuale,ITD2,Provincia Autonoma Trento,AENTEMPYAA,Numero dipendenti delle imprese attive (valori medi annui),Y6-10,6-10 anni,9,Totale,2013,12802.59,,
A,Annuale,ITD2,Provincia Autonoma Trento,AENTEMPYAA,Numero dipendenti delle imprese attive (valori medi annui),Y6-10,6-10 anni,9,Totale,2014,12713.45,,
A,Annuale,ITD2,Provincia Autonoma Trento,AENTEMPYAA,Numero dipendenti delle imprese attive (valori medi annui),Y6-10,6-10 anni,9,Totale,2015,12260.52,,
A,Annuale,ITD2,Provincia Autonoma Trento,AENTEMPYAA,Numero dipendenti delle imprese attive (valori medi annui),Y6-10,6-10 anni,9,Totale,2016,10721.06,,
A,Annuale,ITD2,Provincia Autonoma Trento,AENTEMPYAA,Numero dipendenti delle imprese attive (valori medi annui),Y6-10,6-10 anni,9,Totale,2017,10459.65,,
A,Annuale,ITD2,Provincia Autonoma Trento,AENTEMPYAA,Numero dipendenti delle imprese attive (valori medi annui),Y11-15,11-15 anni,2,Tempo indeterminato,2012,9994.39,,
A,Annuale,ITD2,Provincia Autonoma Trento,AENTEMPYAA,Numero dipendenti delle imprese attive (valori medi annui),Y11-15,11-15 anni,2,Tempo indeterminato,2013,10934.21,,
A,Annuale,ITD2,Provincia Autonoma Trento,AENTEMPYAA,Numero dipendenti delle imprese attive (valori medi annui),Y11-15,11-15 anni,2,Tempo indeterminato,2014,9848.6,,
A,Annuale,ITD2,Provincia Autonoma Trento,AENTEMPYAA,Numero dipendenti delle imprese attive (valori medi annui),Y11-15,11-15 anni,2,Tempo indeterminato,2015,9730.91,,
A,Annuale,ITD2,Provincia Autonoma Trento,AENTEMPYAA,Numero dipendenti delle imprese attive (valori medi annui),Y11-15,11-15 anni,2,Tempo indeterminato,2016,11286.2,,
A,Annuale,ITD2,Provincia Autonoma Trento,AENTEMPYAA,Numero dipendenti delle imprese attive (valori medi annui),Y11-15,11-15 anni,2,Tempo indeterminato,2017,11567.68,,
A,Annuale,ITD2,Provincia Autonoma Trento,AENTEMPYAA,Numero dipendenti delle imprese attive (valori medi annui),Y11-15,11-15 anni,9,Totale,2012,12262.45,,
A,Annuale,ITD2,Provincia Autonoma Trento,AENTEMPYAA,Numero dipendenti delle imprese attive (valori medi annui),Y11-15,11-15 anni,9,Totale,2013,13186.99,,
A,Annuale,ITD2,Provincia Autonoma Trento,AENTEMPYAA,Numero dipendenti delle imprese attive (valori medi annui),Y11-15,11-15 anni,9,Totale,2014,12163.48,,
A,Annuale,ITD2,Provincia Autonoma Trento,AENTEMPYAA,Numero dipendenti delle imprese attive (valori medi annui),Y11-15,11-15 anni,9,Totale,2015,11701.08,,
A,Annuale,ITD2,Provincia Autonoma Trento,AENTEMPYAA,Numero dipendenti delle imprese attive (valori medi annui),Y11-15,11-15 anni,9,Totale,2016,13452.4,,
A,Annuale,ITD2,Provincia Autonoma Trento,AENTEMPYAA,Numero dipendenti delle imprese attive (valori medi annui),Y11-15,11-15 anni,9,Totale,2017,14389.52,,
A,Annuale,ITD2,Provincia Autonoma Trento,AENTEMPYAA,Numero dipendenti delle imprese attive (valori medi annui),Y_GE16,16 anni e più,2,Tempo indeterminato,2012,61395.51,,
A,Annuale,ITD2,Provincia Autonoma Trento,AENTEMPYAA,Numero dipendenti delle imprese attive (valori medi annui),Y_GE16,16 anni e più,2,Tempo indeterminato,2013,63851.09,,
A,Annuale,ITD2,Provincia Autonoma Trento,AENTEMPYAA,Numero dipendenti delle imprese attive (valori medi annui),Y_GE16,16 anni e più,2,Tempo indeterminato,2014,61979.42,,
A,Annuale,ITD2,Provincia Autonoma Trento,AENTEMPYAA,Numero dipendenti delle imprese attive (valori medi annui),Y_GE16,16 anni e più,2,Tempo indeterminato,2015,62779.52,,
A,Annuale,ITD2,Provincia Autonoma Trento,AENTEMPYAA,Numero dipendenti delle imprese attive (valori medi annui),Y_GE16,16 anni e più,2,Tempo indeterminato,2016,64737.31,,
A,Annuale,ITD2,Provincia Autonoma Trento,AENTEMPYAA,Numero dipendenti delle imprese attive (valori medi annui),Y_GE16,16 anni e più,2,Tempo indeterminato,2017,65807.13,,
A,Annuale,ITD2,Provincia Autonoma Trento,AENTEMPYAA,Numero dipendenti delle imprese attive (valori medi annui),Y_GE16,16 anni e più,9,Totale,2012,73921.73,,
A,Annuale,ITD2,Provincia Autonoma Trento,AENTEMPYAA,Numero dipendenti delle imprese attive (valori medi annui),Y_GE16,16 anni e più,9,Totale,2013,76698.29,,
A,Annuale,ITD2,Provincia Autonoma Trento,AENTEMPYAA,Numero dipendenti delle imprese attive (valori medi annui),Y_GE16,16 anni e più,9,Totale,2014,74473.73,,
A,Annuale,ITD2,Provincia Autonoma Trento,AENTEMPYAA,Numero dipendenti delle imprese attive (valori medi annui),Y_GE16,16 anni e più,9,Totale,2015,76050.25,,
A,Annuale,ITD2,Provincia Autonoma Trento,AENTEMPYAA,Numero dipendenti delle imprese attive (valori medi annui),Y_GE16,16 anni e più,9,Totale,2016,78744.94,,
A,Annuale,ITD2,Provincia Autonoma Trento,AENTEMPYAA,Numero dipendenti delle imprese attive (valori medi annui),Y_GE16,16 anni e più,9,Totale,2017,82149.14,,
A,Annuale,ITD2,Provincia Autonoma Trento,AENTEMPYAA,Numero dipendenti delle imprese attive (valori medi annui),TOTAL,Totale,2,Tempo indeterminato,2012,91510.19,,
A,Annuale,ITD2,Provincia Autonoma Trento,AENTEMPYAA,Numero dipendenti delle imprese attive (valori medi annui),TOTAL,Totale,2,Tempo indeterminato,2013,92663.64,,
A,Annuale,ITD2,Provincia Autonoma Trento,AENTEMPYAA,Numero dipendenti delle imprese attive (valori medi annui),TOTAL,Totale,2,Tempo indeterminato,2014,88803.58,,
A,Annuale,ITD2,Provincia Autonoma Trento,AENTEMPYAA,Numero dipendenti delle imprese attive (valori medi annui),TOTAL,Totale,2,Tempo indeterminato,2015,89749.84,,
A,Annuale,ITD2,Provincia Autonoma Trento,AENTEMPYAA,Numero dipendenti delle imprese attive (valori medi annui),TOTAL,Totale,2,Tempo indeterminato,2016,93093.92,,
A,Annuale,ITD2,Provincia Autonoma Trento,AENTEMPYAA,Numero dipendenti delle imprese attive (valori medi annui),TOTAL,Totale,2,Tempo indeterminato,2017,93735.86,,
A,Annuale,ITD2,Provincia Autonoma Trento,AENTEMPYAA,Numero dipendenti delle imprese attive (valori medi annui),TOTAL,Totale,9,Totale,2012,112840.05,,
A,Annuale,ITD2,Provincia Autonoma Trento,AENTEMPYAA,Numero dipendenti delle imprese attive (valori medi annui),TOTAL,Totale,9,Totale,2013,113673.53,,
A,Annuale,ITD2,Provincia Autonoma Trento,AENTEMPYAA,Numero dipendenti delle imprese attive (valori medi annui),TOTAL,Totale,9,Totale,2014,109422.86,,
A,Annuale,ITD2,Provincia Autonoma Trento,AENTEMPYAA,Numero dipendenti delle imprese attive (valori medi annui),TOTAL,Totale,9,Totale,2015,110552.56,,
A,Annuale,ITD2,Provincia Autonoma Trento,AENTEMPYAA,Numero dipendenti delle imprese attive (valori medi annui),TOTAL,Totale,9,Totale,2016,114612.46,,
A,Annuale,ITD2,Provincia Autonoma Trento,AENTEMPYAA,Numero dipendenti delle imprese attive (valori medi annui),TOTAL,Totale,9,Totale,2017,119662.65,,
A,Annuale,ITD3,Veneto,AENTEMPYAA,Numero dipendenti delle imprese attive (valori medi annui),Y0-2,0-2 anni,2,Tempo indeterminato,2012,57965.59,,
A,Annuale,ITD3,Veneto,AENTEMPYAA,Numero dipendenti delle imprese attive (valori medi annui),Y0-2,0-2 anni,2,Tempo indeterminato,2013,51226.11,,
A,Annuale,ITD3,Veneto,AENTEMPYAA,Numero dipendenti delle imprese attive (valori medi annui),Y0-2,0-2 anni,2,Tempo indeterminato,2014,54522.1,,
A,Annuale,ITD3,Veneto,AENTEMPYAA,Numero dipendenti delle imprese attive (valori medi annui),Y0-2,0-2 anni,2,Tempo indeterminato,2015,64337.87,,
A,Annuale,ITD3,Veneto,AENTEMPYAA,Numero dipendenti delle imprese attive (valori medi annui),Y0-2,0-2 anni,2,Tempo indeterminato,2016,73569.81,,
A,Annuale,ITD3,Veneto,AENTEMPYAA,Numero dipendenti delle imprese attive (valori medi annui),Y0-2,0-2 anni,2,Tempo indeterminato,2017,81686.35,,
A,Annuale,ITD3,Veneto,AENTEMPYAA,Numero dipendenti delle imprese attive (valori medi annui),Y0-2,0-2 anni,9,Totale,2012,74072.5,,
A,Annuale,ITD3,Veneto,AENTEMPYAA,Numero dipendenti delle imprese attive (valori medi annui),Y0-2,0-2 anni,9,Totale,2013,65098.27,,
A,Annuale,ITD3,Veneto,AENTEMPYAA,Numero dipendenti delle imprese attive (valori medi annui),Y0-2,0-2 anni,9,Totale,2014,68787.21,,
A,Annuale,ITD3,Veneto,AENTEMPYAA,Numero dipendenti delle imprese attive (valori medi annui),Y0-2,0-2 anni,9,Totale,2015,80088.17,,
A,Annuale,ITD3,Veneto,AENTEMPYAA,Numero dipendenti delle imprese attive (valori medi annui),Y0-2,0-2 anni,9,Totale,2016,90134.47,,
A,Annuale,ITD3,Veneto,AENTEMPYAA,Numero dipendenti delle imprese attive (valori medi annui),Y0-2,0-2 anni,9,Totale,2017,101968.02,,
A,Annuale,ITD3,Veneto,AENTEMPYAA,Numero dipendenti delle imprese attive (valori medi annui),Y3-5,3-5 anni,2,Tempo indeterminato,2012,91887.29,,
A,Annuale,ITD3,Veneto,AENTEMPYAA,Numero dipendenti delle imprese attive (valori medi annui),Y3-5,3-5 anni,2,Tempo indeterminato,2013,70069.72,,
A,Annuale,ITD3,Veneto,AENTEMPYAA,Numero dipendenti delle imprese attive (valori medi annui),Y3-5,3-5 anni,2,Tempo indeterminato,2014,61919.94,,
A,Annuale,ITD3,Veneto,AENTEMPYAA,Numero dipendenti delle imprese attive (valori medi annui),Y3-5,3-5 anni,2,Tempo indeterminato,2015,62155.69,,
A,Annuale,ITD3,Veneto,AENTEMPYAA,Numero dipendenti delle imprese attive (valori medi annui),Y3-5,3-5 anni,2,Tempo indeterminato,2016,62548.31,,
A,Annuale,ITD3,Veneto,AENTEMPYAA,Numero dipendenti delle imprese attive (valori medi annui),Y3-5,3-5 anni,2,Tempo indeterminato,2017,73847.33,,
A,Annuale,ITD3,Veneto,AENTEMPYAA,Numero dipendenti delle imprese attive (valori medi annui),Y3-5,3-5 anni,9,Totale,2012,105326.31,,
A,Annuale,ITD3,Veneto,AENTEMPYAA,Numero dipendenti delle imprese attive (valori medi annui),Y3-5,3-5 anni,9,Totale,2013,82971.15,,
A,Annuale,ITD3,Veneto,AENTEMPYAA,Numero dipendenti delle imprese attive (valori medi annui),Y3-5,3-5 anni,9,Totale,2014,74525.69,,
A,Annuale,ITD3,Veneto,AENTEMPYAA,Numero dipendenti delle imprese attive (valori medi annui),Y3-5,3-5 anni,9,Totale,2015,73978.17,,
A,Annuale,ITD3,Veneto,AENTEMPYAA,Numero dipendenti delle imprese attive (valori medi annui),Y3-5,3-5 anni,9,Totale,2016,74296.97,,
A,Annuale,ITD3,Veneto,AENTEMPYAA,Numero dipendenti delle imprese attive (valori medi annui),Y3-5,3-5 anni,9,Totale,2017,92594.94,,
A,Annuale,ITD3,Veneto,AENTEMPYAA,Numero dipendenti delle imprese attive (valori medi annui),Y6-10,6-10 anni,2,Tempo indeterminato,2012,126275.75,,
A,Annuale,ITD3,Veneto,AENTEMPYAA,Numero dipendenti delle imprese attive (valori medi annui),Y6-10,6-10 anni,2,Tempo indeterminato,2013,134964.27,,
A,Annuale,ITD3,Veneto,AENTEMPYAA,Numero dipendenti delle imprese attive (valori medi annui),Y6-10,6-10 anni,2,Tempo indeterminato,2014,131229.95,,
A,Annuale,ITD3,Veneto,AENTEMPYAA,Numero dipendenti delle imprese attive (valori medi annui),Y6-10,6-10 anni,2,Tempo indeterminato,2015,122150.24,,
A,Annuale,ITD3,Veneto,AENTEMPYAA,Numero dipendenti delle imprese attive (valori medi annui),Y6-10,6-10 anni,2,Tempo indeterminato,2016,117214.74,,
A,Annuale,ITD3,Veneto,AENTEMPYAA,Numero dipendenti delle imprese attive (valori medi annui),Y6-10,6-10 anni,2,Tempo indeterminato,2017,98914.55,,
A,Annuale,ITD3,Veneto,AENTEMPYAA,Numero dipendenti delle imprese attive (valori medi annui),Y6-10,6-10 anni,9,Totale,2012,145293.04,,
A,Annuale,ITD3,Veneto,AENTEMPYAA,Numero dipendenti delle imprese attive (valori medi annui),Y6-10,6-10 anni,9,Totale,2013,152874.5,,
A,Annuale,ITD3,Veneto,AENTEMPYAA,Numero dipendenti delle imprese attive (valori medi annui),Y6-10,6-10 anni,9,Totale,2014,149443.82,,
A,Annuale,ITD3,Veneto,AENTEMPYAA,Numero dipendenti delle imprese attive (valori medi annui),Y6-10,6-10 anni,9,Totale,2015,138830.7,,
A,Annuale,ITD3,Veneto,AENTEMPYAA,Numero dipendenti delle imprese attive (valori medi annui),Y6-10,6-10 anni,9,Totale,2016,132912.6,,
A,Annuale,ITD3,Veneto,AENTEMPYAA,Numero dipendenti delle imprese attive (valori medi annui),Y6-10,6-10 anni,9,Totale,2017,119074,,
A,Annuale,ITD3,Veneto,AENTEMPYAA,Numero dipendenti delle imprese attive (valori medi annui),Y11-15,11-15 anni,2,Tempo indeterminato,2012,149970.5,,
A,Annuale,ITD3,Veneto,AENTEMPYAA,Numero dipendenti delle imprese attive (valori medi annui),Y11-15,11-15 anni,2,Tempo indeterminato,2013,144021.6,,
A,Annuale,ITD3,Veneto,AENTEMPYAA,Numero dipendenti delle imprese attive (valori medi annui),Y11-15,11-15 anni,2,Tempo indeterminato,2014,132886.13,,
A,Annuale,ITD3,Veneto,AENTEMPYAA,Numero dipendenti delle imprese attive (valori medi annui),Y11-15,11-15 anni,2,Tempo indeterminato,2015,119218.02,,
A,Annuale,ITD3,Veneto,AENTEMPYAA,Numero dipendenti delle imprese attive (valori medi annui),Y11-15,11-15 anni,2,Tempo indeterminato,2016,113824.49,,
A,Annuale,ITD3,Veneto,AENTEMPYAA,Numero dipendenti delle imprese attive (valori medi annui),Y11-15,11-15 anni,2,Tempo indeterminato,2017,99092.81,,
A,Annuale,ITD3,Veneto,AENTEMPYAA,Numero dipendenti delle imprese attive (valori medi annui),Y11-15,11-15 anni,9,Totale,2012,174890.64,,
A,Annuale,ITD3,Veneto,AENTEMPYAA,Numero dipendenti delle imprese attive (valori medi annui),Y11-15,11-15 anni,9,Totale,2013,160801.81,,
A,Annuale,ITD3,Veneto,AENTEMPYAA,Numero dipendenti delle imprese attive (valori medi annui),Y11-15,11-15 anni,9,Totale,2014,148459.13,,
A,Annuale,ITD3,Veneto,AENTEMPYAA,Numero dipendenti delle imprese attive (valori medi annui),Y11-15,11-15 anni,9,Totale,2015,133029.38,,
A,Annuale,ITD3,Veneto,AENTEMPYAA,Numero dipendenti delle imprese attive (valori medi annui),Y11-15,11-15 anni,9,Totale,2016,127320.08,,
A,Annuale,ITD3,Veneto,AENTEMPYAA,Numero dipendenti delle imprese attive (valori medi annui),Y11-15,11-15 anni,9,Totale,2017,115949.54,,
A,Annuale,ITD3,Veneto,AENTEMPYAA,Numero dipendenti delle imprese attive (valori medi annui),Y_GE16,16 anni e più,2,Tempo indeterminato,2012,611801.77,,
A,Annuale,ITD3,Veneto,AENTEMPYAA,Numero dipendenti delle imprese attive (valori medi annui),Y_GE16,16 anni e più,2,Tempo indeterminato,2013,617441.13,,
A,Annuale,ITD3,Veneto,AENTEMPYAA,Numero dipendenti delle imprese attive (valori medi annui),Y_GE16,16 anni e più,2,Tempo indeterminato,2014,614527.33,,
A,Annuale,ITD3,Veneto,AENTEMPYAA,Numero dipendenti delle imprese attive (valori medi annui),Y_GE16,16 anni e più,2,Tempo indeterminato,2015,644642.54,,
A,Annuale,ITD3,Veneto,AENTEMPYAA,Numero dipendenti delle imprese attive (valori medi annui),Y_GE16,16 anni e più,2,Tempo indeterminato,2016,674447.75,,
A,Annuale,ITD3,Veneto,AENTEMPYAA,Numero dipendenti delle imprese attive (valori medi annui),Y_GE16,16 anni e più,2,Tempo indeterminato,2017,689528.32,,
A,Annuale,ITD3,Veneto,AENTEMPYAA,Numero dipendenti delle imprese attive (valori medi annui),Y_GE16,16 anni e più,9,Totale,2012,665714.27,,
A,Annuale,ITD3,Veneto,AENTEMPYAA,Numero dipendenti delle imprese attive (valori medi annui),Y_GE16,16 anni e più,9,Totale,2013,676762.15,,
A,Annuale,ITD3,Veneto,AENTEMPYAA,Numero dipendenti delle imprese attive (valori medi annui),Y_GE16,16 anni e più,9,Totale,2014,683177.09,,
A,Annuale,ITD3,Veneto,AENTEMPYAA,Numero dipendenti delle imprese attive (valori medi annui),Y_GE16,16 anni e più,9,Totale,2015,720795.79,,
A,Annuale,ITD3,Veneto,AENTEMPYAA,Numero dipendenti delle imprese attive (valori medi annui),Y_GE16,16 anni e più,9,Totale,2016,754019.05,,
A,Annuale,ITD3,Veneto,AENTEMPYAA,Numero dipendenti delle imprese attive (valori medi annui),Y_GE16,16 anni e più,9,Totale,2017,791860.39,,
A,Annuale,ITD3,Veneto,AENTEMPYAA,Numero dipendenti delle imprese attive (valori medi annui),TOTAL,Totale,2,Tempo indeterminato,2012,1037900.9,,
A,Annuale,ITD3,Veneto,AENTEMPYAA,Numero dipendenti delle imprese attive (valori medi annui),TOTAL,Totale,2,Tempo indeterminato,2013,1017722.83,,
A,Annuale,ITD3,Veneto,AENTEMPYAA,Numero dipendenti delle imprese attive (valori medi annui),TOTAL,Totale,2,Tempo indeterminato,2014,995085.45,,
A,Annuale,ITD3,Veneto,AENTEMPYAA,Numero dipendenti delle imprese attive (valori medi annui),TOTAL,Totale,2,Tempo indeterminato,2015,1012504.36,,
A,Annuale,ITD3,Veneto,AENTEMPYAA,Numero dipendenti delle imprese attive (valori medi annui),TOTAL,Totale,2,Tempo indeterminato,2016,1041605.1,,
A,Annuale,ITD3,Veneto,AENTEMPYAA,Numero dipendenti delle imprese attive (valori medi annui),TOTAL,Totale,2,Tempo indeterminato,2017,1043069.36,,
A,Annuale,ITD3,Veneto,AENTEMPYAA,Numero dipendenti delle imprese attive (valori medi annui),TOTAL,Totale,9,Totale,2012,1165296.76,,
A,Annuale,ITD3,Veneto,AENTEMPYAA,Numero dipendenti delle imprese attive (valori medi annui),TOTAL,Totale,9,Totale,2013,1138507.88,,
A,Annuale,ITD3,Veneto,AENTEMPYAA,Numero dipendenti delle imprese attive (valori medi annui),TOTAL,Totale,9,Totale,2014,1124392.94,,
A,Annuale,ITD3,Veneto,AENTEMPYAA,Numero dipendenti delle imprese attive (valori medi annui),TOTAL,Totale,9,Totale,2015,1146722.21,,
A,Annuale,ITD3,Veneto,AENTEMPYAA,Numero dipendenti delle imprese attive (valori medi annui),TOTAL,Totale,9,Totale,2016,1178683.17,,
A,Annuale,ITD3,Veneto,AENTEMPYAA,Numero dipendenti delle imprese attive (valori medi annui),TOTAL,Totale,9,Totale,2017,1221446.89,,
A,Annuale,ITD4,Friuli-Venezia Giulia,AENTEMPYAA,Numero dipendenti delle imprese attive (valori medi annui),Y0-2,0-2 anni,2,Tempo indeterminato,2012,9475.67,,
A,Annuale,ITD4,Friuli-Venezia Giulia,AENTEMPYAA,Numero dipendenti delle imprese attive (valori medi annui),Y0-2,0-2 anni,2,Tempo indeterminato,2013,8174.59,,
A,Annuale,ITD4,Friuli-Venezia Giulia,AENTEMPYAA,Numero dipendenti delle imprese attive (valori medi annui),Y0-2,0-2 anni,2,Tempo indeterminato,2014,8137.67,,
A,Annuale,ITD4,Friuli-Venezia Giulia,AENTEMPYAA,Numero dipendenti delle imprese attive (valori medi annui),Y0-2,0-2 anni,2,Tempo indeterminato,2015,9675.24,,
A,Annuale,ITD4,Friuli-Venezia Giulia,AENTEMPYAA,Numero dipendenti delle imprese attive (valori medi annui),Y0-2,0-2 anni,2,Tempo indeterminato,2016,13569.88,,
A,Annuale,ITD4,Friuli-Venezia Giulia,AENTEMPYAA,Numero dipendenti delle imprese attive (valori medi annui),Y0-2,0-2 anni,2,Tempo indeterminato,2017,11891.06,,
A,Annuale,ITD4,Friuli-Venezia Giulia,AENTEMPYAA,Numero dipendenti delle imprese attive (valori medi annui),Y0-2,0-2 anni,9,Totale,2012,12544.49,,
A,Annuale,ITD4,Friuli-Venezia Giulia,AENTEMPYAA,Numero dipendenti delle imprese attive (valori medi annui),Y0-2,0-2 anni,9,Totale,2013,10933.53,,
A,Annuale,ITD4,Friuli-Venezia Giulia,AENTEMPYAA,Numero dipendenti delle imprese attive (valori medi annui),Y0-2,0-2 anni,9,Totale,2014,10680.86,,
A,Annuale,ITD4,Friuli-Venezia Giulia,AENTEMPYAA,Numero dipendenti delle imprese attive (valori medi annui),Y0-2,0-2 anni,9,Totale,2015,12160.08,,
A,Annuale,ITD4,Friuli-Venezia Giulia,AENTEMPYAA,Numero dipendenti delle imprese attive (valori medi annui),Y0-2,0-2 anni,9,Totale,2016,16400.02,,
A,Annuale,ITD4,Friuli-Venezia Giulia,AENTEMPYAA,Numero dipendenti delle imprese attive (valori medi annui),Y0-2,0-2 anni,9,Totale,2017,15829.67,,
A,Annuale,ITD4,Friuli-Venezia Giulia,AENTEMPYAA,Numero dipendenti delle imprese attive (valori medi annui),Y3-5,3-5 anni,2,Tempo indeterminato,2012,19538.89,,
A,Annuale,ITD4,Friuli-Venezia Giulia,AENTEMPYAA,Numero dipendenti delle imprese attive (valori medi annui),Y3-5,3-5 anni,2,Tempo indeterminato,2013,13459.18,,
A,Annuale,ITD4,Friuli-Venezia Giulia,AENTEMPYAA,Numero dipendenti delle imprese attive (valori medi annui),Y3-5,3-5 anni,2,Tempo indeterminato,2014,11215.72,,
A,Annuale,ITD4,Friuli-Venezia Giulia,AENTEMPYAA,Numero dipendenti delle imprese attive (valori medi annui),Y3-5,3-5 anni,2,Tempo indeterminato,2015,10965.23,,
A,Annuale,ITD4,Friuli-Venezia Giulia,AENTEMPYAA,Numero dipendenti delle imprese attive (valori medi annui),Y3-5,3-5 anni,2,Tempo indeterminato,2016,10723.36,,
A,Annuale,ITD4,Friuli-Venezia Giulia,AENTEMPYAA,Numero dipendenti delle imprese attive (valori medi annui),Y3-5,3-5 anni,2,Tempo indeterminato,2017,11492.43,,
A,Annuale,ITD4,Friuli-Venezia Giulia,AENTEMPYAA,Numero dipendenti delle imprese attive (valori medi annui),Y3-5,3-5 anni,9,Totale,2012,22690.21,,
A,Annuale,ITD4,Friuli-Venezia Giulia,AENTEMPYAA,Numero dipendenti delle imprese attive (valori medi annui),Y3-5,3-5 anni,9,Totale,2013,16410.03,,
A,Annuale,ITD4,Friuli-Venezia Giulia,AENTEMPYAA,Numero dipendenti delle imprese attive (valori medi annui),Y3-5,3-5 anni,9,Totale,2014,13600.15,,
A,Annuale,ITD4,Friuli-Venezia Giulia,AENTEMPYAA,Numero dipendenti delle imprese attive (valori medi annui),Y3-5,3-5 anni,9,Totale,2015,12858.47,,
A,Annuale,ITD4,Friuli-Venezia Giulia,AENTEMPYAA,Numero dipendenti delle imprese attive (valori medi annui),Y3-5,3-5 anni,9,Totale,2016,12517.63,,
A,Annuale,ITD4,Friuli-Venezia Giulia,AENTEMPYAA,Numero dipendenti delle imprese attive (valori medi annui),Y3-5,3-5 anni,9,Totale,2017,14611.4,,
A,Annuale,ITD4,Friuli-Venezia Giulia,AENTEMPYAA,Numero dipendenti delle imprese attive (valori medi annui),Y6-10,6-10 anni,2,Tempo indeterminato,2012,29405.43,,
A,Annuale,ITD4,Friuli-Venezia Giulia,AENTEMPYAA,Numero dipendenti delle imprese attive (valori medi annui),Y6-10,6-10 anni,2,Tempo indeterminato,2013,34750.52,,
A,Annuale,ITD4,Friuli-Venezia Giulia,AENTEMPYAA,Numero dipendenti delle imprese attive (valori medi annui),Y6-10,6-10 anni,2,Tempo indeterminato,2014,33185.75,,
A,Annuale,ITD4,Friuli-Venezia Giulia,AENTEMPYAA,Numero dipendenti delle imprese attive (valori medi annui),Y6-10,6-10 anni,2,Tempo indeterminato,2015,31255.5,,
A,Annuale,ITD4,Friuli-Venezia Giulia,AENTEMPYAA,Numero dipendenti delle imprese attive (valori medi annui),Y6-10,6-10 anni,2,Tempo indeterminato,2016,25939.67,,
A,Annuale,ITD4,Friuli-Venezia Giulia,AENTEMPYAA,Numero dipendenti delle imprese attive (valori medi annui),Y6-10,6-10 anni,2,Tempo indeterminato,2017,25684.16,,
A,Annuale,ITD4,Friuli-Venezia Giulia,AENTEMPYAA,Numero dipendenti delle imprese attive (valori medi annui),Y6-10,6-10 anni,9,Totale,2012,33706.99,,
A,Annuale,ITD4,Friuli-Venezia Giulia,AENTEMPYAA,Numero dipendenti delle imprese attive (valori medi annui),Y6-10,6-10 anni,9,Totale,2013,38688.04,,
A,Annuale,ITD4,Friuli-Venezia Giulia,AENTEMPYAA,Numero dipendenti delle imprese attive (valori medi annui),Y6-10,6-10 anni,9,Totale,2014,37262.12,,
A,Annuale,ITD4,Friuli-Venezia Giulia,AENTEMPYAA,Numero dipendenti delle imprese attive (valori medi annui),Y6-10,6-10 anni,9,Totale,2015,34793.6,,
A,Annuale,ITD4,Friuli-Venezia Giulia,AENTEMPYAA,Numero dipendenti delle imprese attive (valori medi annui),Y6-10,6-10 anni,9,Totale,2016,29426.12,,
A,Annuale,ITD4,Friuli-Venezia Giulia,AENTEMPYAA,Numero dipendenti delle imprese attive (valori medi annui),Y6-10,6-10 anni,9,Totale,2017,30484.01,,
A,Annuale,ITD4,Friuli-Venezia Giulia,AENTEMPYAA,Numero dipendenti delle imprese attive (valori medi annui),Y11-15,11-15 anni,2,Tempo indeterminato,2012,25160.33,,
A,Annuale,ITD4,Friuli-Venezia Giulia,AENTEMPYAA,Numero dipendenti delle imprese attive (valori medi annui),Y11-15,11-15 anni,2,Tempo indeterminato,2013,24516.65,,
A,Annuale,ITD4,Friuli-Venezia Giulia,AENTEMPYAA,Numero dipendenti delle imprese attive (valori medi annui),Y11-15,11-15 anni,2,Tempo indeterminato,2014,27802.76,,
A,Annuale,ITD4,Friuli-Venezia Giulia,AENTEMPYAA,Numero dipendenti delle imprese attive (valori medi annui),Y11-15,11-15 anni,2,Tempo indeterminato,2015,23465.33,,
A,Annuale,ITD4,Friuli-Venezia Giulia,AENTEMPYAA,Numero dipendenti delle imprese attive (valori medi annui),Y11-15,11-15 anni,2,Tempo indeterminato,2016,27305.72,,
A,Annuale,ITD4,Friuli-Venezia Giulia,AENTEMPYAA,Numero dipendenti delle imprese attive (valori medi annui),Y11-15,11-15 anni,2,Tempo indeterminato,2017,26723.56,,
A,Annuale,ITD4,Friuli-Venezia Giulia,AENTEMPYAA,Numero dipendenti delle imprese attive (valori medi annui),Y11-15,11-15 anni,9,Totale,2012,28532.44,,
A,Annuale,ITD4,Friuli-Venezia Giulia,AENTEMPYAA,Numero dipendenti delle imprese attive (valori medi annui),Y11-15,11-15 anni,9,Totale,2013,27698.32,,
A,Annuale,ITD4,Friuli-Venezia Giulia,AENTEMPYAA,Numero dipendenti delle imprese attive (valori medi annui),Y11-15,11-15 anni,9,Totale,2014,31804.99,,
A,Annuale,ITD4,Friuli-Venezia Giulia,AENTEMPYAA,Numero dipendenti delle imprese attive (valori medi annui),Y11-15,11-15 anni,9,Totale,2015,27207.91,,
A,Annuale,ITD4,Friuli-Venezia Giulia,AENTEMPYAA,Numero dipendenti delle imprese attive (valori medi annui),Y11-15,11-15 anni,9,Totale,2016,30098.33,,
A,Annuale,ITD4,Friuli-Venezia Giulia,AENTEMPYAA,Numero dipendenti delle imprese attive (valori medi annui),Y11-15,11-15 anni,9,Totale,2017,30280.65,,
A,Annuale,ITD4,Friuli-Venezia Giulia,AENTEMPYAA,Numero dipendenti delle imprese attive (valori medi annui),Y_GE16,16 anni e più,2,Tempo indeterminato,2012,146587.85,,
A,Annuale,ITD4,Friuli-Venezia Giulia,AENTEMPYAA,Numero dipendenti delle imprese attive (valori medi annui),Y_GE16,16 anni e più,2,Tempo indeterminato,2013,145118.41,,
A,Annuale,ITD4,Friuli-Venezia Giulia,AENTEMPYAA,Numero dipendenti delle imprese attive (valori medi annui),Y_GE16,16 anni e più,2,Tempo indeterminato,2014,142610.53,,
A,Annuale,ITD4,Friuli-Venezia Giulia,AENTEMPYAA,Numero dipendenti delle imprese attive (valori medi annui),Y_GE16,16 anni e più,2,Tempo indeterminato,2015,147134.83,,
A,Annuale,ITD4,Friuli-Venezia Giulia,AENTEMPYAA,Numero dipendenti delle imprese attive (valori medi annui),Y_GE16,16 anni e più,2,Tempo indeterminato,2016,150862.68,,
A,Annuale,ITD4,Friuli-Venezia Giulia,AENTEMPYAA,Numero dipendenti delle imprese attive (valori medi annui),Y_GE16,16 anni e più,2,Tempo indeterminato,2017,151689.35,,
A,Annuale,ITD4,Friuli-Venezia Giulia,AENTEMPYAA,Numero dipendenti delle imprese attive (valori medi annui),Y_GE16,16 anni e più,9,Totale,2012,159722.53,,
A,Annuale,ITD4,Friuli-Venezia Giulia,AENTEMPYAA,Numero dipendenti delle imprese attive (valori medi annui),Y_GE16,16 anni e più,9,Totale,2013,157095.23,,
A,Annuale,ITD4,Friuli-Venezia Giulia,AENTEMPYAA,Numero dipendenti delle imprese attive (valori medi annui),Y_GE16,16 anni e più,9,Totale,2014,154813.65,,
A,Annuale,ITD4,Friuli-Venezia Giulia,AENTEMPYAA,Numero dipendenti delle imprese attive (valori medi annui),Y_GE16,16 anni e più,9,Totale,2015,159880.01,,
A,Annuale,ITD4,Friuli-Venezia Giulia,AENTEMPYAA,Numero dipendenti delle imprese attive (valori medi annui),Y_GE16,16 anni e più,9,Totale,2016,165036.31,,
A,Annuale,ITD4,Friuli-Venezia Giulia,AENTEMPYAA,Numero dipendenti delle imprese attive (valori medi annui),Y_GE16,16 anni e più,9,Totale,2017,172110.37,,
A,Annuale,ITD4,Friuli-Venezia Giulia,AENTEMPYAA,Numero dipendenti delle imprese attive (valori medi annui),TOTAL,Totale,2,Tempo indeterminato,2012,230168.17,,
A,Annuale,ITD4,Friuli-Venezia Giulia,AENTEMPYAA,Numero dipendenti delle imprese attive (valori medi annui),TOTAL,Totale,2,Tempo indeterminato,2013,226019.35,,
A,Annuale,ITD4,Friuli-Venezia Giulia,AENTEMPYAA,Numero dipendenti delle imprese attive (valori medi annui),TOTAL,Totale,2,Tempo indeterminato,2014,222952.43,,
A,Annuale,ITD4,Friuli-Venezia Giulia,AENTEMPYAA,Numero dipendenti delle imprese attive (valori medi annui),TOTAL,Totale,2,Tempo indeterminato,2015,222496.13,,
A,Annuale,ITD4,Friuli-Venezia Giulia,AENTEMPYAA,Numero dipendenti delle imprese attive (valori medi annui),TOTAL,Totale,2,Tempo indeterminato,2016,228401.31,,
A,Annuale,ITD4,Friuli-Venezia Giulia,AENTEMPYAA,Numero dipendenti delle imprese attive (valori medi annui),TOTAL,Totale,2,Tempo indeterminato,2017,227480.56,,
A,Annuale,ITD4,Friuli-Venezia Giulia,AENTEMPYAA,Numero dipendenti delle imprese attive (valori medi annui),TOTAL,Totale,9,Totale,2012,257196.66,,
A,Annuale,ITD4,Friuli-Venezia Giulia,AENTEMPYAA,Numero dipendenti delle imprese attive (valori medi annui),TOTAL,Totale,9,Totale,2013,250825.15,,
A,Annuale,ITD4,Friuli-Venezia Giulia,AENTEMPYAA,Numero dipendenti delle imprese attive (valori medi annui),TOTAL,Totale,9,Totale,2014,248161.77,,
A,Annuale,ITD4,Friuli-Venezia Giulia,AENTEMPYAA,Numero dipendenti delle imprese attive (valori medi annui),TOTAL,Totale,9,Totale,2015,246900.07,,
A,Annuale,ITD4,Friuli-Venezia Giulia,AENTEMPYAA,Numero dipendenti delle imprese attive (valori medi annui),TOTAL,Totale,9,Totale,2016,253478.41,,
A,Annuale,ITD4,Friuli-Venezia Giulia,AENTEMPYAA,Numero dipendenti delle imprese attive (valori medi annui),TOTAL,Totale,9,Totale,2017,263316.1,,
A,Annuale,ITD5,Emilia-Romagna,AENTEMPYAA,Numero dipendenti delle imprese attive (valori medi annui),Y0-2,0-2 anni,2,Tempo indeterminato,2012,55465.33,,
A,Annuale,ITD5,Emilia-Romagna,AENTEMPYAA,Numero dipendenti delle imprese attive (valori medi annui),Y0-2,0-2 anni,2,Tempo indeterminato,2013,47596.16,,
A,Annuale,ITD5,Emilia-Romagna,AENTEMPYAA,Numero dipendenti delle imprese attive (valori medi annui),Y0-2,0-2 anni,2,Tempo indeterminato,2014,46003.46,,
A,Annuale,ITD5,Emilia-Romagna,AENTEMPYAA,Numero dipendenti delle imprese attive (valori medi annui),Y0-2,0-2 anni,2,Tempo indeterminato,2015,47701.03,,
A,Annuale,ITD5,Emilia-Romagna,AENTEMPYAA,Numero dipendenti delle imprese attive (valori medi annui),Y0-2,0-2 anni,2,Tempo indeterminato,2016,76602.05,,
A,Annuale,ITD5,Emilia-Romagna,AENTEMPYAA,Numero dipendenti delle imprese attive (valori medi annui),Y0-2,0-2 anni,2,Tempo indeterminato,2017,76161.7,,
A,Annuale,ITD5,Emilia-Romagna,AENTEMPYAA,Numero dipendenti delle imprese attive (valori medi annui),Y0-2,0-2 anni,9,Totale,2012,74067.25,,
A,Annuale,ITD5,Emilia-Romagna,AENTEMPYAA,Numero dipendenti delle imprese attive (valori medi annui),Y0-2,0-2 anni,9,Totale,2013,63145.95,,
A,Annuale,ITD5,Emilia-Romagna,AENTEMPYAA,Numero dipendenti delle imprese attive (valori medi annui),Y0-2,0-2 anni,9,Totale,2014,61116.13,,
A,Annuale,ITD5,Emilia-Romagna,AENTEMPYAA,Numero dipendenti delle imprese attive (valori medi annui),Y0-2,0-2 anni,9,Totale,2015,60751.77,,
A,Annuale,ITD5,Emilia-Romagna,AENTEMPYAA,Numero dipendenti delle imprese attive (valori medi annui),Y0-2,0-2 anni,9,Totale,2016,91494.51,,
A,Annuale,ITD5,Emilia-Romagna,AENTEMPYAA,Numero dipendenti delle imprese attive (valori medi annui),Y0-2,0-2 anni,9,Totale,2017,97645.51,,
A,Annuale,ITD5,Emilia-Romagna,AENTEMPYAA,Numero dipendenti delle imprese attive (valori medi annui),Y3-5,3-5 anni,2,Tempo indeterminato,2012,72205.61,,
A,Annuale,ITD5,Emilia-Romagna,AENTEMPYAA,Numero dipendenti delle imprese attive (valori medi annui),Y3-5,3-5 anni,2,Tempo indeterminato,2013,62885.2,,
A,Annuale,ITD5,Emilia-Romagna,AENTEMPYAA,Numero dipendenti delle imprese attive (valori medi annui),Y3-5,3-5 anni,2,Tempo indeterminato,2014,56127.58,,
A,Annuale,ITD5,Emilia-Romagna,AENTEMPYAA,Numero dipendenti delle imprese attive (valori medi annui),Y3-5,3-5 anni,2,Tempo indeterminato,2015,57770.64,,
A,Annuale,ITD5,Emilia-Romagna,AENTEMPYAA,Numero dipendenti delle imprese attive (valori medi annui),Y3-5,3-5 anni,2,Tempo indeterminato,2016,57297.4,,
A,Annuale,ITD5,Emilia-Romagna,AENTEMPYAA,Numero dipendenti delle imprese attive (valori medi annui),Y3-5,3-5 anni,2,Tempo indeterminato,2017,55491.62,,
A,Annuale,ITD5,Emilia-Romagna,AENTEMPYAA,Numero dipendenti delle imprese attive (valori medi annui),Y3-5,3-5 anni,9,Totale,2012,89466.45,,
A,Annuale,ITD5,Emilia-Romagna,AENTEMPYAA,Numero dipendenti delle imprese attive (valori medi annui),Y3-5,3-5 anni,9,Totale,2013,77959.76,,
A,Annuale,ITD5,Emilia-Romagna,AENTEMPYAA,Numero dipendenti delle imprese attive (valori medi annui),Y3-5,3-5 anni,9,Totale,2014,70118.03,,
A,Annuale,ITD5,Emilia-Romagna,AENTEMPYAA,Numero dipendenti delle imprese attive (valori medi annui),Y3-5,3-5 anni,9,Totale,2015,69981.01,,
A,Annuale,ITD5,Emilia-Romagna,AENTEMPYAA,Numero dipendenti delle imprese attive (valori medi annui),Y3-5,3-5 anni,9,Totale,2016,68008.26,,
A,Annuale,ITD5,Emilia-Romagna,AENTEMPYAA,Numero dipendenti delle imprese attive (valori medi annui),Y3-5,3-5 anni,9,Totale,2017,70800.76,,
A,Annuale,ITD5,Emilia-Romagna,AENTEMPYAA,Numero dipendenti delle imprese attive (valori medi annui),Y6-10,6-10 anni,2,Tempo indeterminato,2012,108955.08,,
A,Annuale,ITD5,Emilia-Romagna,AENTEMPYAA,Numero dipendenti delle imprese attive (valori medi annui),Y6-10,6-10 anni,2,Tempo indeterminato,2013,115068.76,,
A,Annuale,ITD5,Emilia-Romagna,AENTEMPYAA,Numero dipendenti delle imprese attive (valori medi annui),Y6-10,6-10 anni,2,Tempo indeterminato,2014,94607.49,,
A,Annuale,ITD5,Emilia-Romagna,AENTEMPYAA,Numero dipendenti delle imprese attive (valori medi annui),Y6-10,6-10 anni,2,Tempo indeterminato,2015,91826.35,,
A,Annuale,ITD5,Emilia-Romagna,AENTEMPYAA,Numero dipendenti delle imprese attive (valori medi annui),Y6-10,6-10 anni,2,Tempo indeterminato,2016,90261.34,,
A,Annuale,ITD5,Emilia-Romagna,AENTEMPYAA,Numero dipendenti delle imprese attive (valori medi annui),Y6-10,6-10 anni,2,Tempo indeterminato,2017,88225.34,,
A,Annuale,ITD5,Emilia-Romagna,AENTEMPYAA,Numero dipendenti delle imprese attive (valori medi annui),Y6-10,6-10 anni,9,Totale,2012,128863.86,,
A,Annuale,ITD5,Emilia-Romagna,AENTEMPYAA,Numero dipendenti delle imprese attive (valori medi annui),Y6-10,6-10 anni,9,Totale,2013,137113.5,,
A,Annuale,ITD5,Emilia-Romagna,AENTEMPYAA,Numero dipendenti delle imprese attive (valori medi annui),Y6-10,6-10 anni,9,Totale,2014,116998.6,,
A,Annuale,ITD5,Emilia-Romagna,AENTEMPYAA,Numero dipendenti delle imprese attive (valori medi annui),Y6-10,6-10 anni,9,Totale,2015,112290.08,,
A,Annuale,ITD5,Emilia-Romagna,AENTEMPYAA,Numero dipendenti delle imprese attive (valori medi annui),Y6-10,6-10 anni,9,Totale,2016,109515.75,,
A,Annuale,ITD5,Emilia-Romagna,AENTEMPYAA,Numero dipendenti delle imprese attive (valori medi annui),Y6-10,6-10 anni,9,Totale,2017,113742.85,,
A,Annuale,ITD5,Emilia-Romagna,AENTEMPYAA,Numero dipendenti delle imprese attive (valori medi annui),Y11-15,11-15 anni,2,Tempo indeterminato,2012,111836.07,,
A,Annuale,ITD5,Emilia-Romagna,AENTEMPYAA,Numero dipendenti delle imprese attive (valori medi annui),Y11-15,11-15 anni,2,Tempo indeterminato,2013,111449.58,,
A,Annuale,ITD5,Emilia-Romagna,AENTEMPYAA,Numero dipendenti delle imprese attive (valori medi annui),Y11-15,11-15 anni,2,Tempo indeterminato,2014,120276.45,,
A,Annuale,ITD5,Emilia-Romagna,AENTEMPYAA,Numero dipendenti delle imprese attive (valori medi annui),Y11-15,11-15 anni,2,Tempo indeterminato,2015,115930.75,,
A,Annuale,ITD5,Emilia-Romagna,AENTEMPYAA,Numero dipendenti delle imprese attive (valori medi annui),Y11-15,11-15 anni,2,Tempo indeterminato,2016,102879.41,,
A,Annuale,ITD5,Emilia-Romagna,AENTEMPYAA,Numero dipendenti delle imprese attive (valori medi annui),Y11-15,11-15 anni,2,Tempo indeterminato,2017,95290.45,,
A,Annuale,ITD5,Emilia-Romagna,AENTEMPYAA,Numero dipendenti delle imprese attive (valori medi annui),Y11-15,11-15 anni,9,Totale,2012,133047.18,,
A,Annuale,ITD5,Emilia-Romagna,AENTEMPYAA,Numero dipendenti delle imprese attive (valori medi annui),Y11-15,11-15 anni,9,Totale,2013,131851.02,,
A,Annuale,ITD5,Emilia-Romagna,AENTEMPYAA,Numero dipendenti delle imprese attive (valori medi annui),Y11-15,11-15 anni,9,Totale,2014,140236.49,,
A,Annuale,ITD5,Emilia-Romagna,AENTEMPYAA,Numero dipendenti delle imprese attive (valori medi annui),Y11-15,11-15 anni,9,Totale,2015,131356.07,,
A,Annuale,ITD5,Emilia-Romagna,AENTEMPYAA,Numero dipendenti delle imprese attive (valori medi annui),Y11-15,11-15 anni,9,Totale,2016,119179.26,,
A,Annuale,ITD5,Emilia-Romagna,AENTEMPYAA,Numero dipendenti delle imprese attive (valori medi annui),Y11-15,11-15 anni,9,Totale,2017,116967.47,,
A,Annuale,ITD5,Emilia-Romagna,AENTEMPYAA,Numero dipendenti delle imprese attive (valori medi annui),Y_GE16,16 anni e più,2,Tempo indeterminato,2012,616443.08,,
A,Annuale,ITD5,Emilia-Romagna,AENTEMPYAA,Numero dipendenti delle imprese attive (valori medi annui),Y_GE16,16 anni e più,2,Tempo indeterminato,2013,626679.64,,
A,Annuale,ITD5,Emilia-Romagna,AENTEMPYAA,Numero dipendenti delle imprese attive (valori medi annui),Y_GE16,16 anni e più,2,Tempo indeterminato,2014,623054.78,,
A,Annuale,ITD5,Emilia-Romagna,AENTEMPYAA,Numero dipendenti delle imprese attive (valori medi annui),Y_GE16,16 anni e più,2,Tempo indeterminato,2015,633759.31,,
A,Annuale,ITD5,Emilia-Romagna,AENTEMPYAA,Numero dipendenti delle imprese attive (valori medi annui),Y_GE16,16 anni e più,2,Tempo indeterminato,2016,645750.38,,
A,Annuale,ITD5,Emilia-Romagna,AENTEMPYAA,Numero dipendenti delle imprese attive (valori medi annui),Y_GE16,16 anni e più,2,Tempo indeterminato,2017,657138.23,,
A,Annuale,ITD5,Emilia-Romagna,AENTEMPYAA,Numero dipendenti delle imprese attive (valori medi annui),Y_GE16,16 anni e più,9,Totale,2012,676601.08,,
A,Annuale,ITD5,Emilia-Romagna,AENTEMPYAA,Numero dipendenti delle imprese attive (valori medi annui),Y_GE16,16 anni e più,9,Totale,2013,680111.98,,
A,Annuale,ITD5,Emilia-Romagna,AENTEMPYAA,Numero dipendenti delle imprese attive (valori medi annui),Y_GE16,16 anni e più,9,Totale,2014,690521.01,,
A,Annuale,ITD5,Emilia-Romagna,AENTEMPYAA,Numero dipendenti delle imprese attive (valori medi annui),Y_GE16,16 anni e più,9,Totale,2015,707986.68,,
A,Annuale,ITD5,Emilia-Romagna,AENTEMPYAA,Numero dipendenti delle imprese attive (valori medi annui),Y_GE16,16 anni e più,9,Totale,2016,720295.51,,
A,Annuale,ITD5,Emilia-Romagna,AENTEMPYAA,Numero dipendenti delle imprese attive (valori medi annui),Y_GE16,16 anni e più,9,Totale,2017,745322.66,,
A,Annuale,ITD5,Emilia-Romagna,AENTEMPYAA,Numero dipendenti delle imprese attive (valori medi annui),TOTAL,Totale,2,Tempo indeterminato,2012,964905.17,,
A,Annuale,ITD5,Emilia-Romagna,AENTEMPYAA,Numero dipendenti delle imprese attive (valori medi annui),TOTAL,Totale,2,Tempo indeterminato,2013,963679.34,,
A,Annuale,ITD5,Emilia-Romagna,AENTEMPYAA,Numero dipendenti delle imprese attive (valori medi annui),TOTAL,Totale,2,Tempo indeterminato,2014,940069.76,,
A,Annuale,ITD5,Emilia-Romagna,AENTEMPYAA,Numero dipendenti delle imprese attive (valori medi annui),TOTAL,Totale,2,Tempo indeterminato,2015,946988.08,,
A,Annuale,ITD5,Emilia-Romagna,AENTEMPYAA,Numero dipendenti delle imprese attive (valori medi annui),TOTAL,Totale,2,Tempo indeterminato,2016,972790.58,,
A,Annuale,ITD5,Emilia-Romagna,AENTEMPYAA,Numero dipendenti delle imprese attive (valori medi annui),TOTAL,Totale,2,Tempo indeterminato,2017,972307.34,,
A,Annuale,ITD5,Emilia-Romagna,AENTEMPYAA,Numero dipendenti delle imprese attive (valori medi annui),TOTAL,Totale,9,Totale,2012,1102045.82,,
A,Annuale,ITD5,Emilia-Romagna,AENTEMPYAA,Numero dipendenti delle imprese attive (valori medi annui),TOTAL,Totale,9,Totale,2013,1090182.21,,
A,Annuale,ITD5,Emilia-Romagna,AENTEMPYAA,Numero dipendenti delle imprese attive (valori medi annui),TOTAL,Totale,9,Totale,2014,1078990.26,,
A,Annuale,ITD5,Emilia-Romagna,AENTEMPYAA,Numero dipendenti delle imprese attive (valori medi annui),TOTAL,Totale,9,Totale,2015,1082365.61,,
A,Annuale,ITD5,Emilia-Romagna,AENTEMPYAA,Numero dipendenti delle imprese attive (valori medi annui),TOTAL,Totale,9,Totale,2016,1108493.29,,
A,Annuale,ITD5,Emilia-Romagna,AENTEMPYAA,Numero dipendenti delle imprese attive (valori medi annui),TOTAL,Totale,9,Totale,2017,1144479.25,,
A,Annuale,ITE1,Toscana,AENTEMPYAA,Numero dipendenti delle imprese attive (valori medi annui),Y0-2,0-2 anni,2,Tempo indeterminato,2012,52265.02,,
A,Annuale,ITE1,Toscana,AENTEMPYAA,Numero dipendenti delle imprese attive (valori medi annui),Y0-2,0-2 anni,2,Tempo indeterminato,2013,47262.42,,
A,Annuale,ITE1,Toscana,AENTEMPYAA,Numero dipendenti delle imprese attive (valori medi annui),Y0-2,0-2 anni,2,Tempo indeterminato,2014,52335.05,,
A,Annuale,ITE1,Toscana,AENTEMPYAA,Numero dipendenti delle imprese attive (valori medi annui),Y0-2,0-2 anni,2,Tempo indeterminato,2015,52033.88,,
A,Annuale,ITE1,Toscana,AENTEMPYAA,Numero dipendenti delle imprese attive (valori medi annui),Y0-2,0-2 anni,2,Tempo indeterminato,2016,65493.99,,
A,Annuale,ITE1,Toscana,AENTEMPYAA,Numero dipendenti delle imprese attive (valori medi annui),Y0-2,0-2 anni,2,Tempo indeterminato,2017,61323.24,,
A,Annuale,ITE1,Toscana,AENTEMPYAA,Numero dipendenti delle imprese attive (valori medi annui),Y0-2,0-2 anni,9,Totale,2012,65978.28,,
A,Annuale,ITE1,Toscana,AENTEMPYAA,Numero dipendenti delle imprese attive (valori medi annui),Y0-2,0-2 anni,9,Totale,2013,59723.36,,
A,Annuale,ITE1,Toscana,AENTEMPYAA,Numero dipendenti delle imprese attive (valori medi annui),Y0-2,0-2 anni,9,Totale,2014,65062.37,,
A,Annuale,ITE1,Toscana,AENTEMPYAA,Numero dipendenti delle imprese attive (valori medi annui),Y0-2,0-2 anni,9,Totale,2015,63268.71,,
A,Annuale,ITE1,Toscana,AENTEMPYAA,Numero dipendenti delle imprese attive (valori medi annui),Y0-2,0-2 anni,9,Totale,2016,77579.21,,
A,Annuale,ITE1,Toscana,AENTEMPYAA,Numero dipendenti delle imprese attive (valori medi annui),Y0-2,0-2 anni,9,Totale,2017,77788.56,,
A,Annuale,ITE1,Toscana,AENTEMPYAA,Numero dipendenti delle imprese attive (valori medi annui),Y3-5,3-5 anni,2,Tempo indeterminato,2012,51381.33,,
A,Annuale,ITE1,Toscana,AENTEMPYAA,Numero dipendenti delle imprese attive (valori medi annui),Y3-5,3-5 anni,2,Tempo indeterminato,2013,54295.58,,
A,Annuale,ITE1,Toscana,AENTEMPYAA,Numero dipendenti delle imprese attive (valori medi annui),Y3-5,3-5 anni,2,Tempo indeterminato,2014,51885.91,,
A,Annuale,ITE1,Toscana,AENTEMPYAA,Numero dipendenti delle imprese attive (valori medi annui),Y3-5,3-5 anni,2,Tempo indeterminato,2015,57073.58,,
A,Annuale,ITE1,Toscana,AENTEMPYAA,Numero dipendenti delle imprese attive (valori medi annui),Y3-5,3-5 anni,2,Tempo indeterminato,2016,52934.98,,
A,Annuale,ITE1,Toscana,AENTEMPYAA,Numero dipendenti delle imprese attive (valori medi annui),Y3-5,3-5 anni,2,Tempo indeterminato,2017,57851.07,,
A,Annuale,ITE1,Toscana,AENTEMPYAA,Numero dipendenti delle imprese attive (valori medi annui),Y3-5,3-5 anni,9,Totale,2012,62076.78,,
A,Annuale,ITE1,Toscana,AENTEMPYAA,Numero dipendenti delle imprese attive (valori medi annui),Y3-5,3-5 anni,9,Totale,2013,64091.47,,
A,Annuale,ITE1,Toscana,AENTEMPYAA,Numero dipendenti delle imprese attive (valori medi annui),Y3-5,3-5 anni,9,Totale,2014,61981.13,,
A,Annuale,ITE1,Toscana,AENTEMPYAA,Numero dipendenti delle imprese attive (valori medi annui),Y3-5,3-5 anni,9,Totale,2015,66415.91,,
A,Annuale,ITE1,Toscana,AENTEMPYAA,Numero dipendenti delle imprese attive (valori medi annui),Y3-5,3-5 anni,9,Totale,2016,61430.78,,
A,Annuale,ITE1,Toscana,AENTEMPYAA,Numero dipendenti delle imprese attive (valori medi annui),Y3-5,3-5 anni,9,Totale,2017,70427.94,,
A,Annuale,ITE1,Toscana,AENTEMPYAA,Numero dipendenti delle imprese attive (valori medi annui),Y6-10,6-10 anni,2,Tempo indeterminato,2012,80252.61,,
A,Annuale,ITE1,Toscana,AENTEMPYAA,Numero dipendenti delle imprese attive (valori medi annui),Y6-10,6-10 anni,2,Tempo indeterminato,2013,73990.05,,
A,Annuale,ITE1,Toscana,AENTEMPYAA,Numero dipendenti delle imprese attive (valori medi annui),Y6-10,6-10 anni,2,Tempo indeterminato,2014,70783.94,,
A,Annuale,ITE1,Toscana,AENTEMPYAA,Numero dipendenti delle imprese attive (valori medi annui),Y6-10,6-10 anni,2,Tempo indeterminato,2015,69147.8,,
A,Annuale,ITE1,Toscana,AENTEMPYAA,Numero dipendenti delle imprese attive (valori medi annui),Y6-10,6-10 anni,2,Tempo indeterminato,2016,74085.64,,
A,Annuale,ITE1,Toscana,AENTEMPYAA,Numero dipendenti delle imprese attive (valori medi annui),Y6-10,6-10 anni,2,Tempo indeterminato,2017,72636.97,,
A,Annuale,ITE1,Toscana,AENTEMPYAA,Numero dipendenti delle imprese attive (valori medi annui),Y6-10,6-10 anni,9,Totale,2012,94805.56,,
A,Annuale,ITE1,Toscana,AENTEMPYAA,Numero dipendenti delle imprese attive (valori medi annui),Y6-10,6-10 anni,9,Totale,2013,86436.55,,
A,Annuale,ITE1,Toscana,AENTEMPYAA,Numero dipendenti delle imprese attive (valori medi annui),Y6-10,6-10 anni,9,Totale,2014,83814.98,,
A,Annuale,ITE1,Toscana,AENTEMPYAA,Numero dipendenti delle imprese attive (valori medi annui),Y6-10,6-10 anni,9,Totale,2015,80605.87,,
A,Annuale,ITE1,Toscana,AENTEMPYAA,Numero dipendenti delle imprese attive (valori medi annui),Y6-10,6-10 anni,9,Totale,2016,85241.17,,
A,Annuale,ITE1,Toscana,AENTEMPYAA,Numero dipendenti delle imprese attive (valori medi annui),Y6-10,6-10 anni,9,Totale,2017,87104.58,,
A,Annuale,ITE1,Toscana,AENTEMPYAA,Numero dipendenti delle imprese attive (valori medi annui),Y11-15,11-15 anni,2,Tempo indeterminato,2012,76557.67,,
A,Annuale,ITE1,Toscana,AENTEMPYAA,Numero dipendenti delle imprese attive (valori medi annui),Y11-15,11-15 anni,2,Tempo indeterminato,2013,75811.93,,
A,Annuale,ITE1,Toscana,AENTEMPYAA,Numero dipendenti delle imprese attive (valori medi annui),Y11-15,11-15 anni,2,Tempo indeterminato,2014,71564.66,,
A,Annuale,ITE1,Toscana,AENTEMPYAA,Numero dipendenti delle imprese attive (valori medi annui),Y11-15,11-15 anni,2,Tempo indeterminato,2015,72744.45,,
A,Annuale,ITE1,Toscana,AENTEMPYAA,Numero dipendenti delle imprese attive (valori medi annui),Y11-15,11-15 anni,2,Tempo indeterminato,2016,73166.11,,
A,Annuale,ITE1,Toscana,AENTEMPYAA,Numero dipendenti delle imprese attive (valori medi annui),Y11-15,11-15 anni,2,Tempo indeterminato,2017,65471.36,,
A,Annuale,ITE1,Toscana,AENTEMPYAA,Numero dipendenti delle imprese attive (valori medi annui),Y11-15,11-15 anni,9,Totale,2012,87646.67,,
A,Annuale,ITE1,Toscana,AENTEMPYAA,Numero dipendenti delle imprese attive (valori medi annui),Y11-15,11-15 anni,9,Totale,2013,87064.2,,
A,Annuale,ITE1,Toscana,AENTEMPYAA,Numero dipendenti delle imprese attive (valori medi annui),Y11-15,11-15 anni,9,Totale,2014,82569.84,,
A,Annuale,ITE1,Toscana,AENTEMPYAA,Numero dipendenti delle imprese attive (valori medi annui),Y11-15,11-15 anni,9,Totale,2015,82799.98,,
A,Annuale,ITE1,Toscana,AENTEMPYAA,Numero dipendenti delle imprese attive (valori medi annui),Y11-15,11-15 anni,9,Totale,2016,83093.74,,
A,Annuale,ITE1,Toscana,AENTEMPYAA,Numero dipendenti delle imprese attive (valori medi annui),Y11-15,11-15 anni,9,Totale,2017,77825.08,,
A,Annuale,ITE1,Toscana,AENTEMPYAA,Numero dipendenti delle imprese attive (valori medi annui),Y_GE16,16 anni e più,2,Tempo indeterminato,2012,362252.89,,
A,Annuale,ITE1,Toscana,AENTEMPYAA,Numero dipendenti delle imprese attive (valori medi annui),Y_GE16,16 anni e più,2,Tempo indeterminato,2013,366340.64,,
A,Annuale,ITE1,Toscana,AENTEMPYAA,Numero dipendenti delle imprese attive (valori medi annui),Y_GE16,16 anni e più,2,Tempo indeterminato,2014,359046.32,,
A,Annuale,ITE1,Toscana,AENTEMPYAA,Numero dipendenti delle imprese attive (valori medi annui),Y_GE16,16 anni e più,2,Tempo indeterminato,2015,362960.21,,
A,Annuale,ITE1,Toscana,AENTEMPYAA,Numero dipendenti delle imprese attive (valori medi annui),Y_GE16,16 anni e più,2,Tempo indeterminato,2016,370020.49,,
A,Annuale,ITE1,Toscana,AENTEMPYAA,Numero dipendenti delle imprese attive (valori medi annui),Y_GE16,16 anni e più,2,Tempo indeterminato,2017,378771.37,,
A,Annuale,ITE1,Toscana,AENTEMPYAA,Numero dipendenti delle imprese attive (valori medi annui),Y_GE16,16 anni e più,9,Totale,2012,397350.69,,
A,Annuale,ITE1,Toscana,AENTEMPYAA,Numero dipendenti delle imprese attive (valori medi annui),Y_GE16,16 anni e più,9,Totale,2013,401560.84,,
A,Annuale,ITE1,Toscana,AENTEMPYAA,Numero dipendenti delle imprese attive (valori medi annui),Y_GE16,16 anni e più,9,Totale,2014,396776.36,,
A,Annuale,ITE1,Toscana,AENTEMPYAA,Numero dipendenti delle imprese attive (valori medi annui),Y_GE16,16 anni e più,9,Totale,2015,401656.18,,
A,Annuale,ITE1,Toscana,AENTEMPYAA,Numero dipendenti delle imprese attive (valori medi annui),Y_GE16,16 anni e più,9,Totale,2016,409195.41,,
A,Annuale,ITE1,Toscana,AENTEMPYAA,Numero dipendenti delle imprese attive (valori medi annui),Y_GE16,16 anni e più,9,Totale,2017,429827.87,,
A,Annuale,ITE1,Toscana,AENTEMPYAA,Numero dipendenti delle imprese attive (valori medi annui),TOTAL,Totale,2,Tempo indeterminato,2012,622709.52,,
A,Annuale,ITE1,Toscana,AENTEMPYAA,Numero dipendenti delle imprese attive (valori medi annui),TOTAL,Totale,2,Tempo indeterminato,2013,617700.62,,
A,Annuale,ITE1,Toscana,AENTEMPYAA,Numero dipendenti delle imprese attive (valori medi annui),TOTAL,Totale,2,Tempo indeterminato,2014,605615.88,,
A,Annuale,ITE1,Toscana,AENTEMPYAA,Numero dipendenti delle imprese attive (valori medi annui),TOTAL,Totale,2,Tempo indeterminato,2015,613959.92,,
A,Annuale,ITE1,Toscana,AENTEMPYAA,Numero dipendenti delle imprese attive (valori medi annui),TOTAL,Totale,2,Tempo indeterminato,2016,635701.21,,
A,Annuale,ITE1,Toscana,AENTEMPYAA,Numero dipendenti delle imprese attive (valori medi annui),TOTAL,Totale,2,Tempo indeterminato,2017,636054.01,,
A,Annuale,ITE1,Toscana,AENTEMPYAA,Numero dipendenti delle imprese attive (valori medi annui),TOTAL,Totale,9,Totale,2012,707857.98,,
A,Annuale,ITE1,Toscana,AENTEMPYAA,Numero dipendenti delle imprese attive (valori medi annui),TOTAL,Totale,9,Totale,2013,698876.42,,
A,Annuale,ITE1,Toscana,AENTEMPYAA,Numero dipendenti delle imprese attive (valori medi annui),TOTAL,Totale,9,Totale,2014,690204.68,,
A,Annuale,ITE1,Toscana,AENTEMPYAA,Numero dipendenti delle imprese attive (valori medi annui),TOTAL,Totale,9,Totale,2015,694746.65,,
A,Annuale,ITE1,Toscana,AENTEMPYAA,Numero dipendenti delle imprese attive (valori medi annui),TOTAL,Totale,9,Totale,2016,716540.31,,
A,Annuale,ITE1,Toscana,AENTEMPYAA,Numero dipendenti delle imprese attive (valori medi annui),TOTAL,Totale,9,Totale,2017,742974.03,,
A,Annuale,ITE2,Umbria,AENTEMPYAA,Numero dipendenti delle imprese attive (valori medi annui),Y0-2,0-2 anni,2,Tempo indeterminato,2012,10298.18,,
A,Annuale,ITE2,Umbria,AENTEMPYAA,Numero dipendenti delle imprese attive (valori medi annui),Y0-2,0-2 anni,2,Tempo indeterminato,2013,7703.19,,
A,Annuale,ITE2,Umbria,AENTEMPYAA,Numero dipendenti delle imprese attive (valori medi annui),Y0-2,0-2 anni,2,Tempo indeterminato,2014,8402.87,,
A,Annuale,ITE2,Umbria,AENTEMPYAA,Numero dipendenti delle imprese attive (valori medi annui),Y0-2,0-2 anni,2,Tempo indeterminato,2015,8396.36,,
A,Annuale,ITE2,Umbria,AENTEMPYAA,Numero dipendenti delle imprese attive (valori medi annui),Y0-2,0-2 anni,2,Tempo indeterminato,2016,10097.93,,
A,Annuale,ITE2,Umbria,AENTEMPYAA,Numero dipendenti delle imprese attive (valori medi annui),Y0-2,0-2 anni,2,Tempo indeterminato,2017,8633.13,,
A,Annuale,ITE2,Umbria,AENTEMPYAA,Numero dipendenti delle imprese attive (valori medi annui),Y0-2,0-2 anni,9,Totale,2012,12891.98,,
A,Annuale,ITE2,Umbria,AENTEMPYAA,Numero dipendenti delle imprese attive (valori medi annui),Y0-2,0-2 anni,9,Totale,2013,9930.71,,
A,Annuale,ITE2,Umbria,AENTEMPYAA,Numero dipendenti delle imprese attive (valori medi annui),Y0-2,0-2 anni,9,Totale,2014,10844.73,,
A,Annuale,ITE2,Umbria,AENTEMPYAA,Numero dipendenti delle imprese attive (valori medi annui),Y0-2,0-2 anni,9,Totale,2015,10318.87,,
A,Annuale,ITE2,Umbria,AENTEMPYAA,Numero dipendenti delle imprese attive (valori medi annui),Y0-2,0-2 anni,9,Totale,2016,11820.82,,
A,Annuale,ITE2,Umbria,AENTEMPYAA,Numero dipendenti delle imprese attive (valori medi annui),Y0-2,0-2 anni,9,Totale,2017,11100.42,,
A,Annuale,ITE2,Umbria,AENTEMPYAA,Numero dipendenti delle imprese attive (valori medi annui),Y3-5,3-5 anni,2,Tempo indeterminato,2012,12094.42,,
A,Annuale,ITE2,Umbria,AENTEMPYAA,Numero dipendenti delle imprese attive (valori medi annui),Y3-5,3-5 anni,2,Tempo indeterminato,2013,12250.98,,
A,Annuale,ITE2,Umbria,AENTEMPYAA,Numero dipendenti delle imprese attive (valori medi annui),Y3-5,3-5 anni,2,Tempo indeterminato,2014,9941.71,,
A,Annuale,ITE2,Umbria,AENTEMPYAA,Numero dipendenti delle imprese attive (valori medi annui),Y3-5,3-5 anni,2,Tempo indeterminato,2015,10126.02,,
A,Annuale,ITE2,Umbria,AENTEMPYAA,Numero dipendenti delle imprese attive (valori medi annui),Y3-5,3-5 anni,2,Tempo indeterminato,2016,10033.47,,
A,Annuale,ITE2,Umbria,AENTEMPYAA,Numero dipendenti delle imprese attive (valori medi annui),Y3-5,3-5 anni,2,Tempo indeterminato,2017,10539.17,,
A,Annuale,ITE2,Umbria,AENTEMPYAA,Numero dipendenti delle imprese attive (valori medi annui),Y3-5,3-5 anni,9,Totale,2012,15218.48,,
A,Annuale,ITE2,Umbria,AENTEMPYAA,Numero dipendenti delle imprese attive (valori medi annui),Y3-5,3-5 anni,9,Totale,2013,15124.24,,
A,Annuale,ITE2,Umbria,AENTEMPYAA,Numero dipendenti delle imprese attive (valori medi annui),Y3-5,3-5 anni,9,Totale,2014,11742.28,,
A,Annuale,ITE2,Umbria,AENTEMPYAA,Numero dipendenti delle imprese attive (valori medi annui),Y3-5,3-5 anni,9,Totale,2015,11805.24,,
A,Annuale,ITE2,Umbria,AENTEMPYAA,Numero dipendenti delle imprese attive (valori medi annui),Y3-5,3-5 anni,9,Totale,2016,11478.73,,
A,Annuale,ITE2,Umbria,AENTEMPYAA,Numero dipendenti delle imprese attive (valori medi annui),Y3-5,3-5 anni,9,Totale,2017,12812.24,,
A,Annuale,ITE2,Umbria,AENTEMPYAA,Numero dipendenti delle imprese attive (valori medi annui),Y6-10,6-10 anni,2,Tempo indeterminato,2012,17058.66,,
A,Annuale,ITE2,Umbria,AENTEMPYAA,Numero dipendenti delle imprese attive (valori medi annui),Y6-10,6-10 anni,2,Tempo indeterminato,2013,16762.82,,
A,Annuale,ITE2,Umbria,AENTEMPYAA,Numero dipendenti delle imprese attive (valori medi annui),Y6-10,6-10 anni,2,Tempo indeterminato,2014,15902.08,,
A,Annuale,ITE2,Umbria,AENTEMPYAA,Numero dipendenti delle imprese attive (valori medi annui),Y6-10,6-10 anni,2,Tempo indeterminato,2015,14554.35,,
A,Annuale,ITE2,Umbria,AENTEMPYAA,Numero dipendenti delle imprese attive (valori medi annui),Y6-10,6-10 anni,2,Tempo indeterminato,2016,16039.79,,
A,Annuale,ITE2,Umbria,AENTEMPYAA,Numero dipendenti delle imprese attive (valori medi annui),Y6-10,6-10 anni,2,Tempo indeterminato,2017,15754.29,,
A,Annuale,ITE2,Umbria,AENTEMPYAA,Numero dipendenti delle imprese attive (valori medi annui),Y6-10,6-10 anni,9,Totale,2012,19506.11,,
A,Annuale,ITE2,Umbria,AENTEMPYAA,Numero dipendenti delle imprese attive (valori medi annui),Y6-10,6-10 anni,9,Totale,2013,19044.11,,
A,Annuale,ITE2,Umbria,AENTEMPYAA,Numero dipendenti delle imprese attive (valori medi annui),Y6-10,6-10 anni,9,Totale,2014,19413.97,,
A,Annuale,ITE2,Umbria,AENTEMPYAA,Numero dipendenti delle imprese attive (valori medi annui),Y6-10,6-10 anni,9,Totale,2015,17714.61,,
A,Annuale,ITE2,Umbria,AENTEMPYAA,Numero dipendenti delle imprese attive (valori medi annui),Y6-10,6-10 anni,9,Totale,2016,19109.08,,
A,Annuale,ITE2,Umbria,AENTEMPYAA,Numero dipendenti delle imprese attive (valori medi annui),Y6-10,6-10 anni,9,Totale,2017,20092.72,,
A,Annuale,ITE2,Umbria,AENTEMPYAA,Numero dipendenti delle imprese attive (valori medi annui),Y11-15,11-15 anni,2,Tempo indeterminato,2012,16938.03,,
A,Annuale,ITE2,Umbria,AENTEMPYAA,Numero dipendenti delle imprese attive (valori medi annui),Y11-15,11-15 anni,2,Tempo indeterminato,2013,16725.15,,
A,Annuale,ITE2,Umbria,AENTEMPYAA,Numero dipendenti delle imprese attive (valori medi annui),Y11-15,11-15 anni,2,Tempo indeterminato,2014,13994.96,,
A,Annuale,ITE2,Umbria,AENTEMPYAA,Numero dipendenti delle imprese attive (valori medi annui),Y11-15,11-15 anni,2,Tempo indeterminato,2015,14611.29,,
A,Annuale,ITE2,Umbria,AENTEMPYAA,Numero dipendenti delle imprese attive (valori medi annui),Y11-15,11-15 anni,2,Tempo indeterminato,2016,14946.89,,
A,Annuale,ITE2,Umbria,AENTEMPYAA,Numero dipendenti delle imprese attive (valori medi annui),Y11-15,11-15 anni,2,Tempo indeterminato,2017,13620.33,,
A,Annuale,ITE2,Umbria,AENTEMPYAA,Numero dipendenti delle imprese attive (valori medi annui),Y11-15,11-15 anni,9,Totale,2012,18744.75,,
A,Annuale,ITE2,Umbria,AENTEMPYAA,Numero dipendenti delle imprese attive (valori medi annui),Y11-15,11-15 anni,9,Totale,2013,18519.03,,
A,Annuale,ITE2,Umbria,AENTEMPYAA,Numero dipendenti delle imprese attive (valori medi annui),Y11-15,11-15 anni,9,Totale,2014,15607.67,,
A,Annuale,ITE2,Umbria,AENTEMPYAA,Numero dipendenti delle imprese attive (valori medi annui),Y11-15,11-15 anni,9,Totale,2015,16215.62,,
A,Annuale,ITE2,Umbria,AENTEMPYAA,Numero dipendenti delle imprese attive (valori medi annui),Y11-15,11-15 anni,9,Totale,2016,16464.15,,
A,Annuale,ITE2,Umbria,AENTEMPYAA,Numero dipendenti delle imprese attive (valori medi annui),Y11-15,11-15 anni,9,Totale,2017,15601.53,,
A,Annuale,ITE2,Umbria,AENTEMPYAA,Numero dipendenti delle imprese attive (valori medi annui),Y_GE16,16 anni e più,2,Tempo indeterminato,2012,86064.5,,
A,Annuale,ITE2,Umbria,AENTEMPYAA,Numero dipendenti delle imprese attive (valori medi annui),Y_GE16,16 anni e più,2,Tempo indeterminato,2013,85638.17,,
A,Annuale,ITE2,Umbria,AENTEMPYAA,Numero dipendenti delle imprese attive (valori medi annui),Y_GE16,16 anni e più,2,Tempo indeterminato,2014,83128.16,,
A,Annuale,ITE2,Umbria,AENTEMPYAA,Numero dipendenti delle imprese attive (valori medi annui),Y_GE16,16 anni e più,2,Tempo indeterminato,2015,83087.14,,
A,Annuale,ITE2,Umbria,AENTEMPYAA,Numero dipendenti delle imprese attive (valori medi annui),Y_GE16,16 anni e più,2,Tempo indeterminato,2016,83849.3,,
A,Annuale,ITE2,Umbria,AENTEMPYAA,Numero dipendenti delle imprese attive (valori medi annui),Y_GE16,16 anni e più,2,Tempo indeterminato,2017,85241.28,,
A,Annuale,ITE2,Umbria,AENTEMPYAA,Numero dipendenti delle imprese attive (valori medi annui),Y_GE16,16 anni e più,9,Totale,2012,94403.77,,
A,Annuale,ITE2,Umbria,AENTEMPYAA,Numero dipendenti delle imprese attive (valori medi annui),Y_GE16,16 anni e più,9,Totale,2013,92588.12,,
A,Annuale,ITE2,Umbria,AENTEMPYAA,Numero dipendenti delle imprese attive (valori medi annui),Y_GE16,16 anni e più,9,Totale,2014,90643.05,,
A,Annuale,ITE2,Umbria,AENTEMPYAA,Numero dipendenti delle imprese attive (valori medi annui),Y_GE16,16 anni e più,9,Totale,2015,90239.59,,
A,Annuale,ITE2,Umbria,AENTEMPYAA,Numero dipendenti delle imprese attive (valori medi annui),Y_GE16,16 anni e più,9,Totale,2016,90522.45,,
A,Annuale,ITE2,Umbria,AENTEMPYAA,Numero dipendenti delle imprese attive (valori medi annui),Y_GE16,16 anni e più,9,Totale,2017,94161.73,,
A,Annuale,ITE2,Umbria,AENTEMPYAA,Numero dipendenti delle imprese attive (valori medi annui),TOTAL,Totale,2,Tempo indeterminato,2012,142453.79,,
A,Annuale,ITE2,Umbria,AENTEMPYAA,Numero dipendenti delle imprese attive (valori medi annui),TOTAL,Totale,2,Tempo indeterminato,2013,139080.31,,
A,Annuale,ITE2,Umbria,AENTEMPYAA,Numero dipendenti delle imprese attive (valori medi annui),TOTAL,Totale,2,Tempo indeterminato,2014,131369.78,,
A,Annuale,ITE2,Umbria,AENTEMPYAA,Numero dipendenti delle imprese attive (valori medi annui),TOTAL,Totale,2,Tempo indeterminato,2015,130775.16,,
A,Annuale,ITE2,Umbria,AENTEMPYAA,Numero dipendenti delle imprese attive (valori medi annui),TOTAL,Totale,2,Tempo indeterminato,2016,134967.38,,
A,Annuale,ITE2,Umbria,AENTEMPYAA,Numero dipendenti delle imprese attive (valori medi annui),TOTAL,Totale,2,Tempo indeterminato,2017,133788.2,,
A,Annuale,ITE2,Umbria,AENTEMPYAA,Numero dipendenti delle imprese attive (valori medi annui),TOTAL,Totale,9,Totale,2012,160765.09,,
A,Annuale,ITE2,Umbria,AENTEMPYAA,Numero dipendenti delle imprese attive (valori medi annui),TOTAL,Totale,9,Totale,2013,155206.21,,
A,Annuale,ITE2,Umbria,AENTEMPYAA,Numero dipendenti delle imprese attive (valori medi annui),TOTAL,Totale,9,Totale,2014,148251.7,,
A,Annuale,ITE2,Umbria,AENTEMPYAA,Numero dipendenti delle imprese attive (valori medi annui),TOTAL,Totale,9,Totale,2015,146293.93,,
A,Annuale,ITE2,Umbria,AENTEMPYAA,Numero dipendenti delle imprese attive (valori medi annui),TOTAL,Totale,9,Totale,2016,149395.23,,
A,Annuale,ITE2,Umbria,AENTEMPYAA,Numero dipendenti delle imprese attive (valori medi annui),TOTAL,Totale,9,Totale,2017,153768.64,,
A,Annuale,ITE3,Marche,AENTEMPYAA,Numero dipendenti delle imprese attive (valori medi annui),Y0-2,0-2 anni,2,Tempo indeterminato,2012,17639.84,,
A,Annuale,ITE3,Marche,AENTEMPYAA,Numero dipendenti delle imprese attive (valori medi annui),Y0-2,0-2 anni,2,Tempo indeterminato,2013,15603.74,,
A,Annuale,ITE3,Marche,AENTEMPYAA,Numero dipendenti delle imprese attive (valori medi annui),Y0-2,0-2 anni,2,Tempo indeterminato,2014,16291.68,,
A,Annuale,ITE3,Marche,AENTEMPYAA,Numero dipendenti delle imprese attive (valori medi annui),Y0-2,0-2 anni,2,Tempo indeterminato,2015,16740.15,,
A,Annuale,ITE3,Marche,AENTEMPYAA,Numero dipendenti delle imprese attive (valori medi annui),Y0-2,0-2 anni,2,Tempo indeterminato,2016,19338.28,,
A,Annuale,ITE3,Marche,AENTEMPYAA,Numero dipendenti delle imprese attive (valori medi annui),Y0-2,0-2 anni,2,Tempo indeterminato,2017,18678.95,,
A,Annuale,ITE3,Marche,AENTEMPYAA,Numero dipendenti delle imprese attive (valori medi annui),Y0-2,0-2 anni,9,Totale,2012,23872.48,,
A,Annuale,ITE3,Marche,AENTEMPYAA,Numero dipendenti delle imprese attive (valori medi annui),Y0-2,0-2 anni,9,Totale,2013,20776.57,,
A,Annuale,ITE3,Marche,AENTEMPYAA,Numero dipendenti delle imprese attive (valori medi annui),Y0-2,0-2 anni,9,Totale,2014,21671.1,,
A,Annuale,ITE3,Marche,AENTEMPYAA,Numero dipendenti delle imprese attive (valori medi annui),Y0-2,0-2 anni,9,Totale,2015,21265.54,,
A,Annuale,ITE3,Marche,AENTEMPYAA,Numero dipendenti delle imprese attive (valori medi annui),Y0-2,0-2 anni,9,Totale,2016,23921.01,,
A,Annuale,ITE3,Marche,AENTEMPYAA,Numero dipendenti delle imprese attive (valori medi annui),Y0-2,0-2 anni,9,Totale,2017,25247.14,,
A,Annuale,ITE3,Marche,AENTEMPYAA,Numero dipendenti delle imprese attive (valori medi annui),Y3-5,3-5 anni,2,Tempo indeterminato,2012,23417.53,,
A,Annuale,ITE3,Marche,AENTEMPYAA,Numero dipendenti delle imprese attive (valori medi annui),Y3-5,3-5 anni,2,Tempo indeterminato,2013,21087.3,,
A,Annuale,ITE3,Marche,AENTEMPYAA,Numero dipendenti delle imprese attive (valori medi annui),Y3-5,3-5 anni,2,Tempo indeterminato,2014,18174.62,,
A,Annuale,ITE3,Marche,AENTEMPYAA,Numero dipendenti delle imprese attive (valori medi annui),Y3-5,3-5 anni,2,Tempo indeterminato,2015,17453.72,,
A,Annuale,ITE3,Marche,AENTEMPYAA,Numero dipendenti delle imprese attive (valori medi annui),Y3-5,3-5 anni,2,Tempo indeterminato,2016,17163.06,,
A,Annuale,ITE3,Marche,AENTEMPYAA,Numero dipendenti delle imprese attive (valori medi annui),Y3-5,3-5 anni,2,Tempo indeterminato,2017,18635.8,,
A,Annuale,ITE3,Marche,AENTEMPYAA,Numero dipendenti delle imprese attive (valori medi annui),Y3-5,3-5 anni,9,Totale,2012,29205.03,,
A,Annuale,ITE3,Marche,AENTEMPYAA,Numero dipendenti delle imprese attive (valori medi annui),Y3-5,3-5 anni,9,Totale,2013,26360.53,,
A,Annuale,ITE3,Marche,AENTEMPYAA,Numero dipendenti delle imprese attive (valori medi annui),Y3-5,3-5 anni,9,Totale,2014,21984.92,,
A,Annuale,ITE3,Marche,AENTEMPYAA,Numero dipendenti delle imprese attive (valori medi annui),Y3-5,3-5 anni,9,Totale,2015,20565.7,,
A,Annuale,ITE3,Marche,AENTEMPYAA,Numero dipendenti delle imprese attive (valori medi annui),Y3-5,3-5 anni,9,Totale,2016,20288.52,,
A,Annuale,ITE3,Marche,AENTEMPYAA,Numero dipendenti delle imprese attive (valori medi annui),Y3-5,3-5 anni,9,Totale,2017,24056.42,,
A,Annuale,ITE3,Marche,AENTEMPYAA,Numero dipendenti delle imprese attive (valori medi annui),Y6-10,6-10 anni,2,Tempo indeterminato,2012,35505.05,,
A,Annuale,ITE3,Marche,AENTEMPYAA,Numero dipendenti delle imprese attive (valori medi annui),Y6-10,6-10 anni,2,Tempo indeterminato,2013,32485.25,,
A,Annuale,ITE3,Marche,AENTEMPYAA,Numero dipendenti delle imprese attive (valori medi annui),Y6-10,6-10 anni,2,Tempo indeterminato,2014,29650.02,,
A,Annuale,ITE3,Marche,AENTEMPYAA,Numero dipendenti delle imprese attive (valori medi annui),Y6-10,6-10 anni,2,Tempo indeterminato,2015,28778.76,,
A,Annuale,ITE3,Marche,AENTEMPYAA,Numero dipendenti delle imprese attive (valori medi annui),Y6-10,6-10 anni,2,Tempo indeterminato,2016,30495.04,,
A,Annuale,ITE3,Marche,AENTEMPYAA,Numero dipendenti delle imprese attive (valori medi annui),Y6-10,6-10 anni,2,Tempo indeterminato,2017,27768.69,,
A,Annuale,ITE3,Marche,AENTEMPYAA,Numero dipendenti delle imprese attive (valori medi annui),Y6-10,6-10 anni,9,Totale,2012,40986.53,,
A,Annuale,ITE3,Marche,AENTEMPYAA,Numero dipendenti delle imprese attive (valori medi annui),Y6-10,6-10 anni,9,Totale,2013,37439.99,,
A,Annuale,ITE3,Marche,AENTEMPYAA,Numero dipendenti delle imprese attive (valori medi annui),Y6-10,6-10 anni,9,Totale,2014,35797.89,,
A,Annuale,ITE3,Marche,AENTEMPYAA,Numero dipendenti delle imprese attive (valori medi annui),Y6-10,6-10 anni,9,Totale,2015,34531,,
A,Annuale,ITE3,Marche,AENTEMPYAA,Numero dipendenti delle imprese attive (valori medi annui),Y6-10,6-10 anni,9,Totale,2016,36138.36,,
A,Annuale,ITE3,Marche,AENTEMPYAA,Numero dipendenti delle imprese attive (valori medi annui),Y6-10,6-10 anni,9,Totale,2017,35685.37,,
A,Annuale,ITE3,Marche,AENTEMPYAA,Numero dipendenti delle imprese attive (valori medi annui),Y11-15,11-15 anni,2,Tempo indeterminato,2012,31410.06,,
A,Annuale,ITE3,Marche,AENTEMPYAA,Numero dipendenti delle imprese attive (valori medi annui),Y11-15,11-15 anni,2,Tempo indeterminato,2013,31348.28,,
A,Annuale,ITE3,Marche,AENTEMPYAA,Numero dipendenti delle imprese attive (valori medi annui),Y11-15,11-15 anni,2,Tempo indeterminato,2014,29618.4,,
A,Annuale,ITE3,Marche,AENTEMPYAA,Numero dipendenti delle imprese attive (valori medi annui),Y11-15,11-15 anni,2,Tempo indeterminato,2015,28705.06,,
A,Annuale,ITE3,Marche,AENTEMPYAA,Numero dipendenti delle imprese attive (valori medi annui),Y11-15,11-15 anni,2,Tempo indeterminato,2016,27192.2,,
A,Annuale,ITE3,Marche,AENTEMPYAA,Numero dipendenti delle imprese attive (valori medi annui),Y11-15,11-15 anni,2,Tempo indeterminato,2017,26136.75,,
A,Annuale,ITE3,Marche,AENTEMPYAA,Numero dipendenti delle imprese attive (valori medi annui),Y11-15,11-15 anni,9,Totale,2012,35529.79,,
A,Annuale,ITE3,Marche,AENTEMPYAA,Numero dipendenti delle imprese attive (valori medi annui),Y11-15,11-15 anni,9,Totale,2013,34977.89,,
A,Annuale,ITE3,Marche,AENTEMPYAA,Numero dipendenti delle imprese attive (valori medi annui),Y11-15,11-15 anni,9,Totale,2014,33460.57,,
A,Annuale,ITE3,Marche,AENTEMPYAA,Numero dipendenti delle imprese attive (valori medi annui),Y11-15,11-15 anni,9,Totale,2015,32332.74,,
A,Annuale,ITE3,Marche,AENTEMPYAA,Numero dipendenti delle imprese attive (valori medi annui),Y11-15,11-15 anni,9,Totale,2016,30413.34,,
A,Annuale,ITE3,Marche,AENTEMPYAA,Numero dipendenti delle imprese attive (valori medi annui),Y11-15,11-15 anni,9,Totale,2017,30842.43,,
A,Annuale,ITE3,Marche,AENTEMPYAA,Numero dipendenti delle imprese attive (valori medi annui),Y_GE16,16 anni e più,2,Tempo indeterminato,2012,160301.83,,
A,Annuale,ITE3,Marche,AENTEMPYAA,Numero dipendenti delle imprese attive (valori medi annui),Y_GE16,16 anni e più,2,Tempo indeterminato,2013,159729.93,,
A,Annuale,ITE3,Marche,AENTEMPYAA,Numero dipendenti delle imprese attive (valori medi annui),Y_GE16,16 anni e più,2,Tempo indeterminato,2014,154624.77,,
A,Annuale,ITE3,Marche,AENTEMPYAA,Numero dipendenti delle imprese attive (valori medi annui),Y_GE16,16 anni e più,2,Tempo indeterminato,2015,153984.62,,
A,Annuale,ITE3,Marche,AENTEMPYAA,Numero dipendenti delle imprese attive (valori medi annui),Y_GE16,16 anni e più,2,Tempo indeterminato,2016,150021.23,,
A,Annuale,ITE3,Marche,AENTEMPYAA,Numero dipendenti delle imprese attive (valori medi annui),Y_GE16,16 anni e più,2,Tempo indeterminato,2017,150348.52,,
A,Annuale,ITE3,Marche,AENTEMPYAA,Numero dipendenti delle imprese attive (valori medi annui),Y_GE16,16 anni e più,9,Totale,2012,175866.45,,
A,Annuale,ITE3,Marche,AENTEMPYAA,Numero dipendenti delle imprese attive (valori medi annui),Y_GE16,16 anni e più,9,Totale,2013,173065.49,,
A,Annuale,ITE3,Marche,AENTEMPYAA,Numero dipendenti delle imprese attive (valori medi annui),Y_GE16,16 anni e più,9,Totale,2014,169249.8,,
A,Annuale,ITE3,Marche,AENTEMPYAA,Numero dipendenti delle imprese attive (valori medi annui),Y_GE16,16 anni e più,9,Totale,2015,168594.08,,
A,Annuale,ITE3,Marche,AENTEMPYAA,Numero dipendenti delle imprese attive (valori medi annui),Y_GE16,16 anni e più,9,Totale,2016,164655.01,,
A,Annuale,ITE3,Marche,AENTEMPYAA,Numero dipendenti delle imprese attive (valori medi annui),Y_GE16,16 anni e più,9,Totale,2017,170129.79,,
A,Annuale,ITE3,Marche,AENTEMPYAA,Numero dipendenti delle imprese attive (valori medi annui),TOTAL,Totale,2,Tempo indeterminato,2012,268274.31,,
A,Annuale,ITE3,Marche,AENTEMPYAA,Numero dipendenti delle imprese attive (valori medi annui),TOTAL,Totale,2,Tempo indeterminato,2013,260254.5,,
A,Annuale,ITE3,Marche,AENTEMPYAA,Numero dipendenti delle imprese attive (valori medi annui),TOTAL,Totale,2,Tempo indeterminato,2014,248359.49,,
A,Annuale,ITE3,Marche,AENTEMPYAA,Numero dipendenti delle imprese attive (valori medi annui),TOTAL,Totale,2,Tempo indeterminato,2015,245662.31,,
A,Annuale,ITE3,Marche,AENTEMPYAA,Numero dipendenti delle imprese attive (valori medi annui),TOTAL,Totale,2,Tempo indeterminato,2016,244209.81,,
A,Annuale,ITE3,Marche,AENTEMPYAA,Numero dipendenti delle imprese attive (valori medi annui),TOTAL,Totale,2,Tempo indeterminato,2017,241568.71,,
A,Annuale,ITE3,Marche,AENTEMPYAA,Numero dipendenti delle imprese attive (valori medi annui),TOTAL,Totale,9,Totale,2012,305460.28,,
A,Annuale,ITE3,Marche,AENTEMPYAA,Numero dipendenti delle imprese attive (valori medi annui),TOTAL,Totale,9,Totale,2013,292620.47,,
A,Annuale,ITE3,Marche,AENTEMPYAA,Numero dipendenti delle imprese attive (valori medi annui),TOTAL,Totale,9,Totale,2014,282164.28,,
A,Annuale,ITE3,Marche,AENTEMPYAA,Numero dipendenti delle imprese attive (valori medi annui),TOTAL,Totale,9,Totale,2015,277289.06,,
A,Annuale,ITE3,Marche,AENTEMPYAA,Numero dipendenti delle imprese attive (valori medi annui),TOTAL,Totale,9,Totale,2016,275416.24,,
A,Annuale,ITE3,Marche,AENTEMPYAA,Numero dipendenti delle imprese attive (valori medi annui),TOTAL,Totale,9,Totale,2017,285961.15,,
A,Annuale,ITE4,Lazio,AENTEMPYAA,Numero dipendenti delle imprese attive (valori medi annui),Y0-2,0-2 anni,2,Tempo indeterminato,2012,96694.6,,
A,Annuale,ITE4,Lazio,AENTEMPYAA,Numero dipendenti delle imprese attive (valori medi annui),Y0-2,0-2 anni,2,Tempo indeterminato,2013,86054.82,,
A,Annuale,ITE4,Lazio,AENTEMPYAA,Numero dipendenti delle imprese attive (valori medi annui),Y0-2,0-2 anni,2,Tempo indeterminato,2014,89304.92,,
A,Annuale,ITE4,Lazio,AENTEMPYAA,Numero dipendenti delle imprese attive (valori medi annui),Y0-2,0-2 anni,2,Tempo indeterminato,2015,111358.03,,
A,Annuale,ITE4,Lazio,AENTEMPYAA,Numero dipendenti delle imprese attive (valori medi annui),Y0-2,0-2 anni,2,Tempo indeterminato,2016,138830.68,,
A,Annuale,ITE4,Lazio,AENTEMPYAA,Numero dipendenti delle imprese attive (valori medi annui),Y0-2,0-2 anni,2,Tempo indeterminato,2017,122651.39,,
A,Annuale,ITE4,Lazio,AENTEMPYAA,Numero dipendenti delle imprese attive (valori medi annui),Y0-2,0-2 anni,9,Totale,2012,126995.67,,
A,Annuale,ITE4,Lazio,AENTEMPYAA,Numero dipendenti delle imprese attive (valori medi annui),Y0-2,0-2 anni,9,Totale,2013,113699.74,,
A,Annuale,ITE4,Lazio,AENTEMPYAA,Numero dipendenti delle imprese attive (valori medi annui),Y0-2,0-2 anni,9,Totale,2014,121420.83,,
A,Annuale,ITE4,Lazio,AENTEMPYAA,Numero dipendenti delle imprese attive (valori medi annui),Y0-2,0-2 anni,9,Totale,2015,143561.72,,
A,Annuale,ITE4,Lazio,AENTEMPYAA,Numero dipendenti delle imprese attive (valori medi annui),Y0-2,0-2 anni,9,Totale,2016,171125.99,,
A,Annuale,ITE4,Lazio,AENTEMPYAA,Numero dipendenti delle imprese attive (valori medi annui),Y0-2,0-2 anni,9,Totale,2017,164261.6,,
A,Annuale,ITE4,Lazio,AENTEMPYAA,Numero dipendenti delle imprese attive (valori medi annui),Y3-5,3-5 anni,2,Tempo indeterminato,2012,122275.23,,
A,Annuale,ITE4,Lazio,AENTEMPYAA,Numero dipendenti delle imprese attive (valori medi annui),Y3-5,3-5 anni,2,Tempo indeterminato,2013,117190.31,,
A,Annuale,ITE4,Lazio,AENTEMPYAA,Numero dipendenti delle imprese attive (valori medi annui),Y3-5,3-5 anni,2,Tempo indeterminato,2014,95038.04,,
A,Annuale,ITE4,Lazio,AENTEMPYAA,Numero dipendenti delle imprese attive (valori medi annui),Y3-5,3-5 anni,2,Tempo indeterminato,2015,97489.64,,
A,Annuale,ITE4,Lazio,AENTEMPYAA,Numero dipendenti delle imprese attive (valori medi annui),Y3-5,3-5 anni,2,Tempo indeterminato,2016,99720.12,,
A,Annuale,ITE4,Lazio,AENTEMPYAA,Numero dipendenti delle imprese attive (valori medi annui),Y3-5,3-5 anni,2,Tempo indeterminato,2017,109797.12,,
A,Annuale,ITE4,Lazio,AENTEMPYAA,Numero dipendenti delle imprese attive (valori medi annui),Y3-5,3-5 anni,9,Totale,2012,146998.41,,
A,Annuale,ITE4,Lazio,AENTEMPYAA,Numero dipendenti delle imprese attive (valori medi annui),Y3-5,3-5 anni,9,Totale,2013,138325.97,,
A,Annuale,ITE4,Lazio,AENTEMPYAA,Numero dipendenti delle imprese attive (valori medi annui),Y3-5,3-5 anni,9,Totale,2014,114918.69,,
A,Annuale,ITE4,Lazio,AENTEMPYAA,Numero dipendenti delle imprese attive (valori medi annui),Y3-5,3-5 anni,9,Totale,2015,117812.89,,
A,Annuale,ITE4,Lazio,AENTEMPYAA,Numero dipendenti delle imprese attive (valori medi annui),Y3-5,3-5 anni,9,Totale,2016,118490.87,,
A,Annuale,ITE4,Lazio,AENTEMPYAA,Numero dipendenti delle imprese attive (valori medi annui),Y3-5,3-5 anni,9,Totale,2017,136213.7,,
A,Annuale,ITE4,Lazio,AENTEMPYAA,Numero dipendenti delle imprese attive (valori medi annui),Y6-10,6-10 anni,2,Tempo indeterminato,2012,144908.07,,
A,Annuale,ITE4,Lazio,AENTEMPYAA,Numero dipendenti delle imprese attive (valori medi annui),Y6-10,6-10 anni,2,Tempo indeterminato,2013,166758.81,,
A,Annuale,ITE4,Lazio,AENTEMPYAA,Numero dipendenti delle imprese attive (valori medi annui),Y6-10,6-10 anni,2,Tempo indeterminato,2014,166094.89,,
A,Annuale,ITE4,Lazio,AENTEMPYAA,Numero dipendenti delle imprese attive (valori medi annui),Y6-10,6-10 anni,2,Tempo indeterminato,2015,161905.06,,
A,Annuale,ITE4,Lazio,AENTEMPYAA,Numero dipendenti delle imprese attive (valori medi annui),Y6-10,6-10 anni,2,Tempo indeterminato,2016,151417.79,,
A,Annuale,ITE4,Lazio,AENTEMPYAA,Numero dipendenti delle imprese attive (valori medi annui),Y6-10,6-10 anni,2,Tempo indeterminato,2017,146322.98,,
A,Annuale,ITE4,Lazio,AENTEMPYAA,Numero dipendenti delle imprese attive (valori medi annui),Y6-10,6-10 anni,9,Totale,2012,166365.08,,
A,Annuale,ITE4,Lazio,AENTEMPYAA,Numero dipendenti delle imprese attive (valori medi annui),Y6-10,6-10 anni,9,Totale,2013,188161.22,,
A,Annuale,ITE4,Lazio,AENTEMPYAA,Numero dipendenti delle imprese attive (valori medi annui),Y6-10,6-10 anni,9,Totale,2014,189252.8,,
A,Annuale,ITE4,Lazio,AENTEMPYAA,Numero dipendenti delle imprese attive (valori medi annui),Y6-10,6-10 anni,9,Totale,2015,182808.96,,
A,Annuale,ITE4,Lazio,AENTEMPYAA,Numero dipendenti delle imprese attive (valori medi annui),Y6-10,6-10 anni,9,Totale,2016,171091.23,,
A,Annuale,ITE4,Lazio,AENTEMPYAA,Numero dipendenti delle imprese attive (valori medi annui),Y6-10,6-10 anni,9,Totale,2017,170843.35,,
A,Annuale,ITE4,Lazio,AENTEMPYAA,Numero dipendenti delle imprese attive (valori medi annui),Y11-15,11-15 anni,2,Tempo indeterminato,2012,237600.99,,
A,Annuale,ITE4,Lazio,AENTEMPYAA,Numero dipendenti delle imprese attive (valori medi annui),Y11-15,11-15 anni,2,Tempo indeterminato,2013,194092.92,,
A,Annuale,ITE4,Lazio,AENTEMPYAA,Numero dipendenti delle imprese attive (valori medi annui),Y11-15,11-15 anni,2,Tempo indeterminato,2014,206142.3,,
A,Annuale,ITE4,Lazio,AENTEMPYAA,Numero dipendenti delle imprese attive (valori medi annui),Y11-15,11-15 anni,2,Tempo indeterminato,2015,193213.59,,
A,Annuale,ITE4,Lazio,AENTEMPYAA,Numero dipendenti delle imprese attive (valori medi annui),Y11-15,11-15 anni,2,Tempo indeterminato,2016,144155.75,,
A,Annuale,ITE4,Lazio,AENTEMPYAA,Numero dipendenti delle imprese attive (valori medi annui),Y11-15,11-15 anni,2,Tempo indeterminato,2017,119554.69,,
A,Annuale,ITE4,Lazio,AENTEMPYAA,Numero dipendenti delle imprese attive (valori medi annui),Y11-15,11-15 anni,9,Totale,2012,259997.68,,
A,Annuale,ITE4,Lazio,AENTEMPYAA,Numero dipendenti delle imprese attive (valori medi annui),Y11-15,11-15 anni,9,Totale,2013,211773.85,,
A,Annuale,ITE4,Lazio,AENTEMPYAA,Numero dipendenti delle imprese attive (valori medi annui),Y11-15,11-15 anni,9,Totale,2014,225002.29,,
A,Annuale,ITE4,Lazio,AENTEMPYAA,Numero dipendenti delle imprese attive (valori medi annui),Y11-15,11-15 anni,9,Totale,2015,207505.68,,
A,Annuale,ITE4,Lazio,AENTEMPYAA,Numero dipendenti delle imprese attive (valori medi annui),Y11-15,11-15 anni,9,Totale,2016,156675.66,,
A,Annuale,ITE4,Lazio,AENTEMPYAA,Numero dipendenti delle imprese attive (valori medi annui),Y11-15,11-15 anni,9,Totale,2017,136543.19,,
A,Annuale,ITE4,Lazio,AENTEMPYAA,Numero dipendenti delle imprese attive (valori medi annui),Y_GE16,16 anni e più,2,Tempo indeterminato,2012,670912.07,,
A,Annuale,ITE4,Lazio,AENTEMPYAA,Numero dipendenti delle imprese attive (valori medi annui),Y_GE16,16 anni e più,2,Tempo indeterminato,2013,703309.28,,
A,Annuale,ITE4,Lazio,AENTEMPYAA,Numero dipendenti delle imprese attive (valori medi annui),Y_GE16,16 anni e più,2,Tempo indeterminato,2014,706902.97,,
A,Annuale,ITE4,Lazio,AENTEMPYAA,Numero dipendenti delle imprese attive (valori medi annui),Y_GE16,16 anni e più,2,Tempo indeterminato,2015,709984.31,,
A,Annuale,ITE4,Lazio,AENTEMPYAA,Numero dipendenti delle imprese attive (valori medi annui),Y_GE16,16 anni e più,2,Tempo indeterminato,2016,787174.83,,
A,Annuale,ITE4,Lazio,AENTEMPYAA,Numero dipendenti delle imprese attive (valori medi annui),Y_GE16,16 anni e più,2,Tempo indeterminato,2017,797898.54,,
A,Annuale,ITE4,Lazio,AENTEMPYAA,Numero dipendenti delle imprese attive (valori medi annui),Y_GE16,16 anni e più,9,Totale,2012,712228.77,,
A,Annuale,ITE4,Lazio,AENTEMPYAA,Numero dipendenti delle imprese attive (valori medi annui),Y_GE16,16 anni e più,9,Totale,2013,742764.43,,
A,Annuale,ITE4,Lazio,AENTEMPYAA,Numero dipendenti delle imprese attive (valori medi annui),Y_GE16,16 anni e più,9,Totale,2014,749182.91,,
A,Annuale,ITE4,Lazio,AENTEMPYAA,Numero dipendenti delle imprese attive (valori medi annui),Y_GE16,16 anni e più,9,Totale,2015,757472.35,,
A,Annuale,ITE4,Lazio,AENTEMPYAA,Numero dipendenti delle imprese attive (valori medi annui),Y_GE16,16 anni e più,9,Totale,2016,836961.66,,
A,Annuale,ITE4,Lazio,AENTEMPYAA,Numero dipendenti delle imprese attive (valori medi annui),Y_GE16,16 anni e più,9,Totale,2017,864256.78,,
A,Annuale,ITE4,Lazio,AENTEMPYAA,Numero dipendenti delle imprese attive (valori medi annui),TOTAL,Totale,2,Tempo indeterminato,2012,1272390.96,,
A,Annuale,ITE4,Lazio,AENTEMPYAA,Numero dipendenti delle imprese attive (valori medi annui),TOTAL,Totale,2,Tempo indeterminato,2013,1267406.14,,
A,Annuale,ITE4,Lazio,AENTEMPYAA,Numero dipendenti delle imprese attive (valori medi annui),TOTAL,Totale,2,Tempo indeterminato,2014,1263483.12,,
A,Annuale,ITE4,Lazio,AENTEMPYAA,Numero dipendenti delle imprese attive (valori medi annui),TOTAL,Totale,2,Tempo indeterminato,2015,1273950.63,,
A,Annuale,ITE4,Lazio,AENTEMPYAA,Numero dipendenti delle imprese attive (valori medi annui),TOTAL,Totale,2,Tempo indeterminato,2016,1321299.17,,
A,Annuale,ITE4,Lazio,AENTEMPYAA,Numero dipendenti delle imprese attive (valori medi annui),TOTAL,Totale,2,Tempo indeterminato,2017,1296224.72,,
A,Annuale,ITE4,Lazio,AENTEMPYAA,Numero dipendenti delle imprese attive (valori medi annui),TOTAL,Totale,9,Totale,2012,1412585.61,,
A,Annuale,ITE4,Lazio,AENTEMPYAA,Numero dipendenti delle imprese attive (valori medi annui),TOTAL,Totale,9,Totale,2013,1394725.21,,
A,Annuale,ITE4,Lazio,AENTEMPYAA,Numero dipendenti delle imprese attive (valori medi annui),TOTAL,Totale,9,Totale,2014,1399777.52,,
A,Annuale,ITE4,Lazio,AENTEMPYAA,Numero dipendenti delle imprese attive (valori medi annui),TOTAL,Totale,9,Totale,2015,1409161.6,,
A,Annuale,ITE4,Lazio,AENTEMPYAA,Numero dipendenti delle imprese attive (valori medi annui),TOTAL,Totale,9,Totale,2016,1454345.41,,
A,Annuale,ITE4,Lazio,AENTEMPYAA,Numero dipendenti delle imprese attive (valori medi annui),TOTAL,Totale,9,Totale,2017,1472118.62,,
A,Annuale,ITF1,Abruzzo,AENTEMPYAA,Numero dipendenti delle imprese attive (valori medi annui),Y0-2,0-2 anni,2,Tempo indeterminato,2012,17737.84,,
A,Annuale,ITF1,Abruzzo,AENTEMPYAA,Numero dipendenti delle imprese attive (valori medi annui),Y0-2,0-2 anni,2,Tempo indeterminato,2013,12586.66,,
A,Annuale,ITF1,Abruzzo,AENTEMPYAA,Numero dipendenti delle imprese attive (valori medi annui),Y0-2,0-2 anni,2,Tempo indeterminato,2014,13038.11,,
A,Annuale,ITF1,Abruzzo,AENTEMPYAA,Numero dipendenti delle imprese attive (valori medi annui),Y0-2,0-2 anni,2,Tempo indeterminato,2015,14099.07,,
A,Annuale,ITF1,Abruzzo,AENTEMPYAA,Numero dipendenti delle imprese attive (valori medi annui),Y0-2,0-2 anni,2,Tempo indeterminato,2016,16937.58,,
A,Annuale,ITF1,Abruzzo,AENTEMPYAA,Numero dipendenti delle imprese attive (valori medi annui),Y0-2,0-2 anni,2,Tempo indeterminato,2017,13928.89,,
A,Annuale,ITF1,Abruzzo,AENTEMPYAA,Numero dipendenti delle imprese attive (valori medi annui),Y0-2,0-2 anni,9,Totale,2012,23072.14,,
A,Annuale,ITF1,Abruzzo,AENTEMPYAA,Numero dipendenti delle imprese attive (valori medi annui),Y0-2,0-2 anni,9,Totale,2013,16624.82,,
A,Annuale,ITF1,Abruzzo,AENTEMPYAA,Numero dipendenti delle imprese attive (valori medi annui),Y0-2,0-2 anni,9,Totale,2014,17315.27,,
A,Annuale,ITF1,Abruzzo,AENTEMPYAA,Numero dipendenti delle imprese attive (valori medi annui),Y0-2,0-2 anni,9,Totale,2015,18617.39,,
A,Annuale,ITF1,Abruzzo,AENTEMPYAA,Numero dipendenti delle imprese attive (valori medi annui),Y0-2,0-2 anni,9,Totale,2016,21291.73,,
A,Annuale,ITF1,Abruzzo,AENTEMPYAA,Numero dipendenti delle imprese attive (valori medi annui),Y0-2,0-2 anni,9,Totale,2017,19503.77,,
A,Annuale,ITF1,Abruzzo,AENTEMPYAA,Numero dipendenti delle imprese attive (valori medi annui),Y3-5,3-5 anni,2,Tempo indeterminato,2012,19024.22,,
A,Annuale,ITF1,Abruzzo,AENTEMPYAA,Numero dipendenti delle imprese attive (valori medi annui),Y3-5,3-5 anni,2,Tempo indeterminato,2013,19040.94,,
A,Annuale,ITF1,Abruzzo,AENTEMPYAA,Numero dipendenti delle imprese attive (valori medi annui),Y3-5,3-5 anni,2,Tempo indeterminato,2014,16874.91,,
A,Annuale,ITF1,Abruzzo,AENTEMPYAA,Numero dipendenti delle imprese attive (valori medi annui),Y3-5,3-5 anni,2,Tempo indeterminato,2015,17152.06,,
A,Annuale,ITF1,Abruzzo,AENTEMPYAA,Numero dipendenti delle imprese attive (valori medi annui),Y3-5,3-5 anni,2,Tempo indeterminato,2016,15489.42,,
A,Annuale,ITF1,Abruzzo,AENTEMPYAA,Numero dipendenti delle imprese attive (valori medi annui),Y3-5,3-5 anni,2,Tempo indeterminato,2017,16883.94,,
A,Annuale,ITF1,Abruzzo,AENTEMPYAA,Numero dipendenti delle imprese attive (valori medi annui),Y3-5,3-5 anni,9,Totale,2012,23487.41,,
A,Annuale,ITF1,Abruzzo,AENTEMPYAA,Numero dipendenti delle imprese attive (valori medi annui),Y3-5,3-5 anni,9,Totale,2013,22766.93,,
A,Annuale,ITF1,Abruzzo,AENTEMPYAA,Numero dipendenti delle imprese attive (valori medi annui),Y3-5,3-5 anni,9,Totale,2014,20592.9,,
A,Annuale,ITF1,Abruzzo,AENTEMPYAA,Numero dipendenti delle imprese attive (valori medi annui),Y3-5,3-5 anni,9,Totale,2015,20444.53,,
A,Annuale,ITF1,Abruzzo,AENTEMPYAA,Numero dipendenti delle imprese attive (valori medi annui),Y3-5,3-5 anni,9,Totale,2016,18380.77,,
A,Annuale,ITF1,Abruzzo,AENTEMPYAA,Numero dipendenti delle imprese attive (valori medi annui),Y3-5,3-5 anni,9,Totale,2017,21814.91,,
A,Annuale,ITF1,Abruzzo,AENTEMPYAA,Numero dipendenti delle imprese attive (valori medi annui),Y6-10,6-10 anni,2,Tempo indeterminato,2012,25305.37,,
A,Annuale,ITF1,Abruzzo,AENTEMPYAA,Numero dipendenti delle imprese attive (valori medi annui),Y6-10,6-10 anni,2,Tempo indeterminato,2013,25583.49,,
A,Annuale,ITF1,Abruzzo,AENTEMPYAA,Numero dipendenti delle imprese attive (valori medi annui),Y6-10,6-10 anni,2,Tempo indeterminato,2014,23695.53,,
A,Annuale,ITF1,Abruzzo,AENTEMPYAA,Numero dipendenti delle imprese attive (valori medi annui),Y6-10,6-10 anni,2,Tempo indeterminato,2015,23038.95,,
A,Annuale,ITF1,Abruzzo,AENTEMPYAA,Numero dipendenti delle imprese attive (valori medi annui),Y6-10,6-10 anni,2,Tempo indeterminato,2016,25183.83,,
A,Annuale,ITF1,Abruzzo,AENTEMPYAA,Numero dipendenti delle imprese attive (valori medi annui),Y6-10,6-10 anni,2,Tempo indeterminato,2017,25331.71,,
A,Annuale,ITF1,Abruzzo,AENTEMPYAA,Numero dipendenti delle imprese attive (valori medi annui),Y6-10,6-10 anni,9,Totale,2012,33408.04,,
A,Annuale,ITF1,Abruzzo,AENTEMPYAA,Numero dipendenti delle imprese attive (valori medi annui),Y6-10,6-10 anni,9,Totale,2013,33655,,
A,Annuale,ITF1,Abruzzo,AENTEMPYAA,Numero dipendenti delle imprese attive (valori medi annui),Y6-10,6-10 anni,9,Totale,2014,32356.98,,
A,Annuale,ITF1,Abruzzo,AENTEMPYAA,Numero dipendenti delle imprese attive (valori medi annui),Y6-10,6-10 anni,9,Totale,2015,31015.03,,
A,Annuale,ITF1,Abruzzo,AENTEMPYAA,Numero dipendenti delle imprese attive (valori medi annui),Y6-10,6-10 anni,9,Totale,2016,29250.52,,
A,Annuale,ITF1,Abruzzo,AENTEMPYAA,Numero dipendenti delle imprese attive (valori medi annui),Y6-10,6-10 anni,9,Totale,2017,30751.76,,
A,Annuale,ITF1,Abruzzo,AENTEMPYAA,Numero dipendenti delle imprese attive (valori medi annui),Y11-15,11-15 anni,2,Tempo indeterminato,2012,20710.62,,
A,Annuale,ITF1,Abruzzo,AENTEMPYAA,Numero dipendenti delle imprese attive (valori medi annui),Y11-15,11-15 anni,2,Tempo indeterminato,2013,21912.36,,
A,Annuale,ITF1,Abruzzo,AENTEMPYAA,Numero dipendenti delle imprese attive (valori medi annui),Y11-15,11-15 anni,2,Tempo indeterminato,2014,19927.35,,
A,Annuale,ITF1,Abruzzo,AENTEMPYAA,Numero dipendenti delle imprese attive (valori medi annui),Y11-15,11-15 anni,2,Tempo indeterminato,2015,19276.25,,
A,Annuale,ITF1,Abruzzo,AENTEMPYAA,Numero dipendenti delle imprese attive (valori medi annui),Y11-15,11-15 anni,2,Tempo indeterminato,2016,20657.48,,
A,Annuale,ITF1,Abruzzo,AENTEMPYAA,Numero dipendenti delle imprese attive (valori medi annui),Y11-15,11-15 anni,2,Tempo indeterminato,2017,18607.69,,
A,Annuale,ITF1,Abruzzo,AENTEMPYAA,Numero dipendenti delle imprese attive (valori medi annui),Y11-15,11-15 anni,9,Totale,2012,23684.07,,
A,Annuale,ITF1,Abruzzo,AENTEMPYAA,Numero dipendenti delle imprese attive (valori medi annui),Y11-15,11-15 anni,9,Totale,2013,25102.99,,
A,Annuale,ITF1,Abruzzo,AENTEMPYAA,Numero dipendenti delle imprese attive (valori medi annui),Y11-15,11-15 anni,9,Totale,2014,23682.02,,
A,Annuale,ITF1,Abruzzo,AENTEMPYAA,Numero dipendenti delle imprese attive (valori medi annui),Y11-15,11-15 anni,9,Totale,2015,22821.05,,
A,Annuale,ITF1,Abruzzo,AENTEMPYAA,Numero dipendenti delle imprese attive (valori medi annui),Y11-15,11-15 anni,9,Totale,2016,27679.79,,
A,Annuale,ITF1,Abruzzo,AENTEMPYAA,Numero dipendenti delle imprese attive (valori medi annui),Y11-15,11-15 anni,9,Totale,2017,26878.77,,
A,Annuale,ITF1,Abruzzo,AENTEMPYAA,Numero dipendenti delle imprese attive (valori medi annui),Y_GE16,16 anni e più,2,Tempo indeterminato,2012,90729.12,,
A,Annuale,ITF1,Abruzzo,AENTEMPYAA,Numero dipendenti delle imprese attive (valori medi annui),Y_GE16,16 anni e più,2,Tempo indeterminato,2013,87447.14,,
A,Annuale,ITF1,Abruzzo,AENTEMPYAA,Numero dipendenti delle imprese attive (valori medi annui),Y_GE16,16 anni e più,2,Tempo indeterminato,2014,87332.04,,
A,Annuale,ITF1,Abruzzo,AENTEMPYAA,Numero dipendenti delle imprese attive (valori medi annui),Y_GE16,16 anni e più,2,Tempo indeterminato,2015,87673.85,,
A,Annuale,ITF1,Abruzzo,AENTEMPYAA,Numero dipendenti delle imprese attive (valori medi annui),Y_GE16,16 anni e più,2,Tempo indeterminato,2016,90074.82,,
A,Annuale,ITF1,Abruzzo,AENTEMPYAA,Numero dipendenti delle imprese attive (valori medi annui),Y_GE16,16 anni e più,2,Tempo indeterminato,2017,91807.91,,
A,Annuale,ITF1,Abruzzo,AENTEMPYAA,Numero dipendenti delle imprese attive (valori medi annui),Y_GE16,16 anni e più,9,Totale,2012,101502.83,,
A,Annuale,ITF1,Abruzzo,AENTEMPYAA,Numero dipendenti delle imprese attive (valori medi annui),Y_GE16,16 anni e più,9,Totale,2013,95287.22,,
A,Annuale,ITF1,Abruzzo,AENTEMPYAA,Numero dipendenti delle imprese attive (valori medi annui),Y_GE16,16 anni e più,9,Totale,2014,96168.77,,
A,Annuale,ITF1,Abruzzo,AENTEMPYAA,Numero dipendenti delle imprese attive (valori medi annui),Y_GE16,16 anni e più,9,Totale,2015,97046.1,,
A,Annuale,ITF1,Abruzzo,AENTEMPYAA,Numero dipendenti delle imprese attive (valori medi annui),Y_GE16,16 anni e più,9,Totale,2016,99449.66,,
A,Annuale,ITF1,Abruzzo,AENTEMPYAA,Numero dipendenti delle imprese attive (valori medi annui),Y_GE16,16 anni e più,9,Totale,2017,104372.82,,
A,Annuale,ITF1,Abruzzo,AENTEMPYAA,Numero dipendenti delle imprese attive (valori medi annui),TOTAL,Totale,2,Tempo indeterminato,2012,173507.17,,
A,Annuale,ITF1,Abruzzo,AENTEMPYAA,Numero dipendenti delle imprese attive (valori medi annui),TOTAL,Totale,2,Tempo indeterminato,2013,166570.59,,
A,Annuale,ITF1,Abruzzo,AENTEMPYAA,Numero dipendenti delle imprese attive (valori medi annui),TOTAL,Totale,2,Tempo indeterminato,2014,160867.94,,
A,Annuale,ITF1,Abruzzo,AENTEMPYAA,Numero dipendenti delle imprese attive (valori medi annui),TOTAL,Totale,2,Tempo indeterminato,2015,161240.18,,
A,Annuale,ITF1,Abruzzo,AENTEMPYAA,Numero dipendenti delle imprese attive (valori medi annui),TOTAL,Totale,2,Tempo indeterminato,2016,168343.13,,
A,Annuale,ITF1,Abruzzo,AENTEMPYAA,Numero dipendenti delle imprese attive (valori medi annui),TOTAL,Totale,2,Tempo indeterminato,2017,166560.14,,
A,Annuale,ITF1,Abruzzo,AENTEMPYAA,Numero dipendenti delle imprese attive (valori medi annui),TOTAL,Totale,9,Totale,2012,205154.49,,
A,Annuale,ITF1,Abruzzo,AENTEMPYAA,Numero dipendenti delle imprese attive (valori medi annui),TOTAL,Totale,9,Totale,2013,193436.96,,
A,Annuale,ITF1,Abruzzo,AENTEMPYAA,Numero dipendenti delle imprese attive (valori medi annui),TOTAL,Totale,9,Totale,2014,190115.94,,
A,Annuale,ITF1,Abruzzo,AENTEMPYAA,Numero dipendenti delle imprese attive (valori medi annui),TOTAL,Totale,9,Totale,2015,189944.1,,
A,Annuale,ITF1,Abruzzo,AENTEMPYAA,Numero dipendenti delle imprese attive (valori medi annui),TOTAL,Totale,9,Totale,2016,196052.47,,
A,Annuale,ITF1,Abruzzo,AENTEMPYAA,Numero dipendenti delle imprese attive (valori medi annui),TOTAL,Totale,9,Totale,2017,203322.03,,
A,Annuale,ITF2,Molise,AENTEMPYAA,Numero dipendenti delle imprese attive (valori medi annui),Y0-2,0-2 anni,2,Tempo indeterminato,2012,3529.23,,
A,Annuale,ITF2,Molise,AENTEMPYAA,Numero dipendenti delle imprese attive (valori medi annui),Y0-2,0-2 anni,2,Tempo indeterminato,2013,3378.39,,
A,Annuale,ITF2,Molise,AENTEMPYAA,Numero dipendenti delle imprese attive (valori medi annui),Y0-2,0-2 anni,2,Tempo indeterminato,2014,2545.84,,
A,Annuale,ITF2,Molise,AENTEMPYAA,Numero dipendenti delle imprese attive (valori medi annui),Y0-2,0-2 anni,2,Tempo indeterminato,2015,2888.16,,
A,Annuale,ITF2,Molise,AENTEMPYAA,Numero dipendenti delle imprese attive (valori medi annui),Y0-2,0-2 anni,2,Tempo indeterminato,2016,3442.43,,
A,Annuale,ITF2,Molise,AENTEMPYAA,Numero dipendenti delle imprese attive (valori medi annui),Y0-2,0-2 anni,2,Tempo indeterminato,2017,3041.56,,
A,Annuale,ITF2,Molise,AENTEMPYAA,Numero dipendenti delle imprese attive (valori medi annui),Y0-2,0-2 anni,9,Totale,2012,4410.05,,
A,Annuale,ITF2,Molise,AENTEMPYAA,Numero dipendenti delle imprese attive (valori medi annui),Y0-2,0-2 anni,9,Totale,2013,4232.76,,
A,Annuale,ITF2,Molise,AENTEMPYAA,Numero dipendenti delle imprese attive (valori medi annui),Y0-2,0-2 anni,9,Totale,2014,3513.29,,
A,Annuale,ITF2,Molise,AENTEMPYAA,Numero dipendenti delle imprese attive (valori medi annui),Y0-2,0-2 anni,9,Totale,2015,3694.34,,
A,Annuale,ITF2,Molise,AENTEMPYAA,Numero dipendenti delle imprese attive (valori medi annui),Y0-2,0-2 anni,9,Totale,2016,4219.11,,
A,Annuale,ITF2,Molise,AENTEMPYAA,Numero dipendenti delle imprese attive (valori medi annui),Y0-2,0-2 anni,9,Totale,2017,4260.93,,
A,Annuale,ITF2,Molise,AENTEMPYAA,Numero dipendenti delle imprese attive (valori medi annui),Y3-5,3-5 anni,2,Tempo indeterminato,2012,3147.72,,
A,Annuale,ITF2,Molise,AENTEMPYAA,Numero dipendenti delle imprese attive (valori medi annui),Y3-5,3-5 anni,2,Tempo indeterminato,2013,3022.15,,
A,Annuale,ITF2,Molise,AENTEMPYAA,Numero dipendenti delle imprese attive (valori medi annui),Y3-5,3-5 anni,2,Tempo indeterminato,2014,3538,,
A,Annuale,ITF2,Molise,AENTEMPYAA,Numero dipendenti delle imprese attive (valori medi annui),Y3-5,3-5 anni,2,Tempo indeterminato,2015,3705.51,,
A,Annuale,ITF2,Molise,AENTEMPYAA,Numero dipendenti delle imprese attive (valori medi annui),Y3-5,3-5 anni,2,Tempo indeterminato,2016,3515.77,,
A,Annuale,ITF2,Molise,AENTEMPYAA,Numero dipendenti delle imprese attive (valori medi annui),Y3-5,3-5 anni,2,Tempo indeterminato,2017,3444.8,,
A,Annuale,ITF2,Molise,AENTEMPYAA,Numero dipendenti delle imprese attive (valori medi annui),Y3-5,3-5 anni,9,Totale,2012,3973.4,,
A,Annuale,ITF2,Molise,AENTEMPYAA,Numero dipendenti delle imprese attive (valori medi annui),Y3-5,3-5 anni,9,Totale,2013,3733.39,,
A,Annuale,ITF2,Molise,AENTEMPYAA,Numero dipendenti delle imprese attive (valori medi annui),Y3-5,3-5 anni,9,Totale,2014,4285.16,,
A,Annuale,ITF2,Molise,AENTEMPYAA,Numero dipendenti delle imprese attive (valori medi annui),Y3-5,3-5 anni,9,Totale,2015,4452.96,,
A,Annuale,ITF2,Molise,AENTEMPYAA,Numero dipendenti delle imprese attive (valori medi annui),Y3-5,3-5 anni,9,Totale,2016,4222.98,,
A,Annuale,ITF2,Molise,AENTEMPYAA,Numero dipendenti delle imprese attive (valori medi annui),Y3-5,3-5 anni,9,Totale,2017,4298.02,,
A,Annuale,ITF2,Molise,AENTEMPYAA,Numero dipendenti delle imprese attive (valori medi annui),Y6-10,6-10 anni,2,Tempo indeterminato,2012,4268.11,,
A,Annuale,ITF2,Molise,AENTEMPYAA,Numero dipendenti delle imprese attive (valori medi annui),Y6-10,6-10 anni,2,Tempo indeterminato,2013,3949.51,,
A,Annuale,ITF2,Molise,AENTEMPYAA,Numero dipendenti delle imprese attive (valori medi annui),Y6-10,6-10 anni,2,Tempo indeterminato,2014,3712.5,,
A,Annuale,ITF2,Molise,AENTEMPYAA,Numero dipendenti delle imprese attive (valori medi annui),Y6-10,6-10 anni,2,Tempo indeterminato,2015,3707.49,,
A,Annuale,ITF2,Molise,AENTEMPYAA,Numero dipendenti delle imprese attive (valori medi annui),Y6-10,6-10 anni,2,Tempo indeterminato,2016,4671.18,,
A,Annuale,ITF2,Molise,AENTEMPYAA,Numero dipendenti delle imprese attive (valori medi annui),Y6-10,6-10 anni,2,Tempo indeterminato,2017,4718.05,,
A,Annuale,ITF2,Molise,AENTEMPYAA,Numero dipendenti delle imprese attive (valori medi annui),Y6-10,6-10 anni,9,Totale,2012,4950.82,,
A,Annuale,ITF2,Molise,AENTEMPYAA,Numero dipendenti delle imprese attive (valori medi annui),Y6-10,6-10 anni,9,Totale,2013,4529.67,,
A,Annuale,ITF2,Molise,AENTEMPYAA,Numero dipendenti delle imprese attive (valori medi annui),Y6-10,6-10 anni,9,Totale,2014,4301,,
A,Annuale,ITF2,Molise,AENTEMPYAA,Numero dipendenti delle imprese attive (valori medi annui),Y6-10,6-10 anni,9,Totale,2015,4336.46,,
A,Annuale,ITF2,Molise,AENTEMPYAA,Numero dipendenti delle imprese attive (valori medi annui),Y6-10,6-10 anni,9,Totale,2016,5426.93,,
A,Annuale,ITF2,Molise,AENTEMPYAA,Numero dipendenti delle imprese attive (valori medi annui),Y6-10,6-10 anni,9,Totale,2017,5822.61,,
A,Annuale,ITF2,Molise,AENTEMPYAA,Numero dipendenti delle imprese attive (valori medi annui),Y11-15,11-15 anni,2,Tempo indeterminato,2012,3289.41,,
A,Annuale,ITF2,Molise,AENTEMPYAA,Numero dipendenti delle imprese attive (valori medi annui),Y11-15,11-15 anni,2,Tempo indeterminato,2013,3365.29,,
A,Annuale,ITF2,Molise,AENTEMPYAA,Numero dipendenti delle imprese attive (valori medi annui),Y11-15,11-15 anni,2,Tempo indeterminato,2014,3181,,
A,Annuale,ITF2,Molise,AENTEMPYAA,Numero dipendenti delle imprese attive (valori medi annui),Y11-15,11-15 anni,2,Tempo indeterminato,2015,3337.85,,
A,Annuale,ITF2,Molise,AENTEMPYAA,Numero dipendenti delle imprese attive (valori medi annui),Y11-15,11-15 anni,2,Tempo indeterminato,2016,3503,,
A,Annuale,ITF2,Molise,AENTEMPYAA,Numero dipendenti delle imprese attive (valori medi annui),Y11-15,11-15 anni,2,Tempo indeterminato,2017,3412.85,,
A,Annuale,ITF2,Molise,AENTEMPYAA,Numero dipendenti delle imprese attive (valori medi annui),Y11-15,11-15 anni,9,Totale,2012,3787.64,,
A,Annuale,ITF2,Molise,AENTEMPYAA,Numero dipendenti delle imprese attive (valori medi annui),Y11-15,11-15 anni,9,Totale,2013,3848.22,,
A,Annuale,ITF2,Molise,AENTEMPYAA,Numero dipendenti delle imprese attive (valori medi annui),Y11-15,11-15 anni,9,Totale,2014,3666.23,,
A,Annuale,ITF2,Molise,AENTEMPYAA,Numero dipendenti delle imprese attive (valori medi annui),Y11-15,11-15 anni,9,Totale,2015,3805.54,,
A,Annuale,ITF2,Molise,AENTEMPYAA,Numero dipendenti delle imprese attive (valori medi annui),Y11-15,11-15 anni,9,Totale,2016,4053.06,,
A,Annuale,ITF2,Molise,AENTEMPYAA,Numero dipendenti delle imprese attive (valori medi annui),Y11-15,11-15 anni,9,Totale,2017,4025.17,,
A,Annuale,ITF2,Molise,AENTEMPYAA,Numero dipendenti delle imprese attive (valori medi annui),Y_GE16,16 anni e più,2,Tempo indeterminato,2012,11452.25,,
A,Annuale,ITF2,Molise,AENTEMPYAA,Numero dipendenti delle imprese attive (valori medi annui),Y_GE16,16 anni e più,2,Tempo indeterminato,2013,10982.95,,
A,Annuale,ITF2,Molise,AENTEMPYAA,Numero dipendenti delle imprese attive (valori medi annui),Y_GE16,16 anni e più,2,Tempo indeterminato,2014,10705.72,,
A,Annuale,ITF2,Molise,AENTEMPYAA,Numero dipendenti delle imprese attive (valori medi annui),Y_GE16,16 anni e più,2,Tempo indeterminato,2015,10500.78,,
A,Annuale,ITF2,Molise,AENTEMPYAA,Numero dipendenti delle imprese attive (valori medi annui),Y_GE16,16 anni e più,2,Tempo indeterminato,2016,10909.82,,
A,Annuale,ITF2,Molise,AENTEMPYAA,Numero dipendenti delle imprese attive (valori medi annui),Y_GE16,16 anni e più,2,Tempo indeterminato,2017,10981.31,,
A,Annuale,ITF2,Molise,AENTEMPYAA,Numero dipendenti delle imprese attive (valori medi annui),Y_GE16,16 anni e più,9,Totale,2012,12825.22,,
A,Annuale,ITF2,Molise,AENTEMPYAA,Numero dipendenti delle imprese attive (valori medi annui),Y_GE16,16 anni e più,9,Totale,2013,12184.91,,
A,Annuale,ITF2,Molise,AENTEMPYAA,Numero dipendenti delle imprese attive (valori medi annui),Y_GE16,16 anni e più,9,Totale,2014,11877.46,,
A,Annuale,ITF2,Molise,AENTEMPYAA,Numero dipendenti delle imprese attive (valori medi annui),Y_GE16,16 anni e più,9,Totale,2015,11602.55,,
A,Annuale,ITF2,Molise,AENTEMPYAA,Numero dipendenti delle imprese attive (valori medi annui),Y_GE16,16 anni e più,9,Totale,2016,12069.65,,
A,Annuale,ITF2,Molise,AENTEMPYAA,Numero dipendenti delle imprese attive (valori medi annui),Y_GE16,16 anni e più,9,Totale,2017,12773.91,,
A,Annuale,ITF2,Molise,AENTEMPYAA,Numero dipendenti delle imprese attive (valori medi annui),TOTAL,Totale,2,Tempo indeterminato,2012,25686.72,,
A,Annuale,ITF2,Molise,AENTEMPYAA,Numero dipendenti delle imprese attive (valori medi annui),TOTAL,Totale,2,Tempo indeterminato,2013,24698.29,,
A,Annuale,ITF2,Molise,AENTEMPYAA,Numero dipendenti delle imprese attive (valori medi annui),TOTAL,Totale,2,Tempo indeterminato,2014,23683.06,,
A,Annuale,ITF2,Molise,AENTEMPYAA,Numero dipendenti delle imprese attive (valori medi annui),TOTAL,Totale,2,Tempo indeterminato,2015,24139.79,,
A,Annuale,ITF2,Molise,AENTEMPYAA,Numero dipendenti delle imprese attive (valori medi annui),TOTAL,Totale,2,Tempo indeterminato,2016,26042.2,,
A,Annuale,ITF2,Molise,AENTEMPYAA,Numero dipendenti delle imprese attive (valori medi annui),TOTAL,Totale,2,Tempo indeterminato,2017,25598.57,,
A,Annuale,ITF2,Molise,AENTEMPYAA,Numero dipendenti delle imprese attive (valori medi annui),TOTAL,Totale,9,Totale,2012,29947.13,,
A,Annuale,ITF2,Molise,AENTEMPYAA,Numero dipendenti delle imprese attive (valori medi annui),TOTAL,Totale,9,Totale,2013,28528.95,,
A,Annuale,ITF2,Molise,AENTEMPYAA,Numero dipendenti delle imprese attive (valori medi annui),TOTAL,Totale,9,Totale,2014,27643.14,,
A,Annuale,ITF2,Molise,AENTEMPYAA,Numero dipendenti delle imprese attive (valori medi annui),TOTAL,Totale,9,Totale,2015,27891.85,,
A,Annuale,ITF2,Molise,AENTEMPYAA,Numero dipendenti delle imprese attive (valori medi annui),TOTAL,Totale,9,Totale,2016,29991.73,,
A,Annuale,ITF2,Molise,AENTEMPYAA,Numero dipendenti delle imprese attive (valori medi annui),TOTAL,Totale,9,Totale,2017,31180.64,,
A,Annuale,ITF3,Campania,AENTEMPYAA,Numero dipendenti delle imprese attive (valori medi annui),Y0-2,0-2 anni,2,Tempo indeterminato,2012,66637.3,,
A,Annuale,ITF3,Campania,AENTEMPYAA,Numero dipendenti delle imprese attive (valori medi annui),Y0-2,0-2 anni,2,Tempo indeterminato,2013,56149.28,,
A,Annuale,ITF3,Campania,AENTEMPYAA,Numero dipendenti delle imprese attive (valori medi annui),Y0-2,0-2 anni,2,Tempo indeterminato,2014,58307.19,,
A,Annuale,ITF3,Campania,AENTEMPYAA,Numero dipendenti delle imprese attive (valori medi annui),Y0-2,0-2 anni,2,Tempo indeterminato,2015,66323.61,,
A,Annuale,ITF3,Campania,AENTEMPYAA,Numero dipendenti delle imprese attive (valori medi annui),Y0-2,0-2 anni,2,Tempo indeterminato,2016,86907.56,,
A,Annuale,ITF3,Campania,AENTEMPYAA,Numero dipendenti delle imprese attive (valori medi annui),Y0-2,0-2 anni,2,Tempo indeterminato,2017,78218.23,,
A,Annuale,ITF3,Campania,AENTEMPYAA,Numero dipendenti delle imprese attive (valori medi annui),Y0-2,0-2 anni,9,Totale,2012,83589.57,,
A,Annuale,ITF3,Campania,AENTEMPYAA,Numero dipendenti delle imprese attive (valori medi annui),Y0-2,0-2 anni,9,Totale,2013,69435.33,,
A,Annuale,ITF3,Campania,AENTEMPYAA,Numero dipendenti delle imprese attive (valori medi annui),Y0-2,0-2 anni,9,Totale,2014,73124.15,,
A,Annuale,ITF3,Campania,AENTEMPYAA,Numero dipendenti delle imprese attive (valori medi annui),Y0-2,0-2 anni,9,Totale,2015,80712.7,,
A,Annuale,ITF3,Campania,AENTEMPYAA,Numero dipendenti delle imprese attive (valori medi annui),Y0-2,0-2 anni,9,Totale,2016,104282.03,,
A,Annuale,ITF3,Campania,AENTEMPYAA,Numero dipendenti delle imprese attive (valori medi annui),Y0-2,0-2 anni,9,Totale,2017,99636.27,,
A,Annuale,ITF3,Campania,AENTEMPYAA,Numero dipendenti delle imprese attive (valori medi annui),Y3-5,3-5 anni,2,Tempo indeterminato,2012,80284.32,,
A,Annuale,ITF3,Campania,AENTEMPYAA,Numero dipendenti delle imprese attive (valori medi annui),Y3-5,3-5 anni,2,Tempo indeterminato,2013,77175.63,,
A,Annuale,ITF3,Campania,AENTEMPYAA,Numero dipendenti delle imprese attive (valori medi annui),Y3-5,3-5 anni,2,Tempo indeterminato,2014,71078.51,,
A,Annuale,ITF3,Campania,AENTEMPYAA,Numero dipendenti delle imprese attive (valori medi annui),Y3-5,3-5 anni,2,Tempo indeterminato,2015,77337.01,,
A,Annuale,ITF3,Campania,AENTEMPYAA,Numero dipendenti delle imprese attive (valori medi annui),Y3-5,3-5 anni,2,Tempo indeterminato,2016,75805.55,,
A,Annuale,ITF3,Campania,AENTEMPYAA,Numero dipendenti delle imprese attive (valori medi annui),Y3-5,3-5 anni,2,Tempo indeterminato,2017,79514.08,,
A,Annuale,ITF3,Campania,AENTEMPYAA,Numero dipendenti delle imprese attive (valori medi annui),Y3-5,3-5 anni,9,Totale,2012,94434.25,,
A,Annuale,ITF3,Campania,AENTEMPYAA,Numero dipendenti delle imprese attive (valori medi annui),Y3-5,3-5 anni,9,Totale,2013,91854.2,,
A,Annuale,ITF3,Campania,AENTEMPYAA,Numero dipendenti delle imprese attive (valori medi annui),Y3-5,3-5 anni,9,Totale,2014,85865.76,,
A,Annuale,ITF3,Campania,AENTEMPYAA,Numero dipendenti delle imprese attive (valori medi annui),Y3-5,3-5 anni,9,Totale,2015,91110.39,,
A,Annuale,ITF3,Campania,AENTEMPYAA,Numero dipendenti delle imprese attive (valori medi annui),Y3-5,3-5 anni,9,Totale,2016,88056.87,,
A,Annuale,ITF3,Campania,AENTEMPYAA,Numero dipendenti delle imprese attive (valori medi annui),Y3-5,3-5 anni,9,Totale,2017,96614.22,,
A,Annuale,ITF3,Campania,AENTEMPYAA,Numero dipendenti delle imprese attive (valori medi annui),Y6-10,6-10 anni,2,Tempo indeterminato,2012,104634.57,,
A,Annuale,ITF3,Campania,AENTEMPYAA,Numero dipendenti delle imprese attive (valori medi annui),Y6-10,6-10 anni,2,Tempo indeterminato,2013,95938.89,,
A,Annuale,ITF3,Campania,AENTEMPYAA,Numero dipendenti delle imprese attive (valori medi annui),Y6-10,6-10 anni,2,Tempo indeterminato,2014,90174.27,,
A,Annuale,ITF3,Campania,AENTEMPYAA,Numero dipendenti delle imprese attive (valori medi annui),Y6-10,6-10 anni,2,Tempo indeterminato,2015,93706.66,,
A,Annuale,ITF3,Campania,AENTEMPYAA,Numero dipendenti delle imprese attive (valori medi annui),Y6-10,6-10 anni,2,Tempo indeterminato,2016,101892.88,,
A,Annuale,ITF3,Campania,AENTEMPYAA,Numero dipendenti delle imprese attive (valori medi annui),Y6-10,6-10 anni,2,Tempo indeterminato,2017,102085.53,,
A,Annuale,ITF3,Campania,AENTEMPYAA,Numero dipendenti delle imprese attive (valori medi annui),Y6-10,6-10 anni,9,Totale,2012,121538.15,,
A,Annuale,ITF3,Campania,AENTEMPYAA,Numero dipendenti delle imprese attive (valori medi annui),Y6-10,6-10 anni,9,Totale,2013,112616.9,,
A,Annuale,ITF3,Campania,AENTEMPYAA,Numero dipendenti delle imprese attive (valori medi annui),Y6-10,6-10 anni,9,Totale,2014,108414.9,,
A,Annuale,ITF3,Campania,AENTEMPYAA,Numero dipendenti delle imprese attive (valori medi annui),Y6-10,6-10 anni,9,Totale,2015,111345.54,,
A,Annuale,ITF3,Campania,AENTEMPYAA,Numero dipendenti delle imprese attive (valori medi annui),Y6-10,6-10 anni,9,Totale,2016,118587.05,,
A,Annuale,ITF3,Campania,AENTEMPYAA,Numero dipendenti delle imprese attive (valori medi annui),Y6-10,6-10 anni,9,Totale,2017,122919.1,,
A,Annuale,ITF3,Campania,AENTEMPYAA,Numero dipendenti delle imprese attive (valori medi annui),Y11-15,11-15 anni,2,Tempo indeterminato,2012,81585.12,,
A,Annuale,ITF3,Campania,AENTEMPYAA,Numero dipendenti delle imprese attive (valori medi annui),Y11-15,11-15 anni,2,Tempo indeterminato,2013,86203.15,,
A,Annuale,ITF3,Campania,AENTEMPYAA,Numero dipendenti delle imprese attive (valori medi annui),Y11-15,11-15 anni,2,Tempo indeterminato,2014,87505.5,,
A,Annuale,ITF3,Campania,AENTEMPYAA,Numero dipendenti delle imprese attive (valori medi annui),Y11-15,11-15 anni,2,Tempo indeterminato,2015,87395.15,,
A,Annuale,ITF3,Campania,AENTEMPYAA,Numero dipendenti delle imprese attive (valori medi annui),Y11-15,11-15 anni,2,Tempo indeterminato,2016,86737.7,,
A,Annuale,ITF3,Campania,AENTEMPYAA,Numero dipendenti delle imprese attive (valori medi annui),Y11-15,11-15 anni,2,Tempo indeterminato,2017,78976.15,,
A,Annuale,ITF3,Campania,AENTEMPYAA,Numero dipendenti delle imprese attive (valori medi annui),Y11-15,11-15 anni,9,Totale,2012,92689.41,,
A,Annuale,ITF3,Campania,AENTEMPYAA,Numero dipendenti delle imprese attive (valori medi annui),Y11-15,11-15 anni,9,Totale,2013,99513.34,,
A,Annuale,ITF3,Campania,AENTEMPYAA,Numero dipendenti delle imprese attive (valori medi annui),Y11-15,11-15 anni,9,Totale,2014,99894.15,,
A,Annuale,ITF3,Campania,AENTEMPYAA,Numero dipendenti delle imprese attive (valori medi annui),Y11-15,11-15 anni,9,Totale,2015,98803.07,,
A,Annuale,ITF3,Campania,AENTEMPYAA,Numero dipendenti delle imprese attive (valori medi annui),Y11-15,11-15 anni,9,Totale,2016,101376.42,,
A,Annuale,ITF3,Campania,AENTEMPYAA,Numero dipendenti delle imprese attive (valori medi annui),Y11-15,11-15 anni,9,Totale,2017,95610.72,,
A,Annuale,ITF3,Campania,AENTEMPYAA,Numero dipendenti delle imprese attive (valori medi annui),Y_GE16,16 anni e più,2,Tempo indeterminato,2012,208083.95,,
A,Annuale,ITF3,Campania,AENTEMPYAA,Numero dipendenti delle imprese attive (valori medi annui),Y_GE16,16 anni e più,2,Tempo indeterminato,2013,209532.15,,
A,Annuale,ITF3,Campania,AENTEMPYAA,Numero dipendenti delle imprese attive (valori medi annui),Y_GE16,16 anni e più,2,Tempo indeterminato,2014,211957.55,,
A,Annuale,ITF3,Campania,AENTEMPYAA,Numero dipendenti delle imprese attive (valori medi annui),Y_GE16,16 anni e più,2,Tempo indeterminato,2015,228953.08,,
A,Annuale,ITF3,Campania,AENTEMPYAA,Numero dipendenti delle imprese attive (valori medi annui),Y_GE16,16 anni e più,2,Tempo indeterminato,2016,242699.06,,
A,Annuale,ITF3,Campania,AENTEMPYAA,Numero dipendenti delle imprese attive (valori medi annui),Y_GE16,16 anni e più,2,Tempo indeterminato,2017,251136.49,,
A,Annuale,ITF3,Campania,AENTEMPYAA,Numero dipendenti delle imprese attive (valori medi annui),Y_GE16,16 anni e più,9,Totale,2012,237238.55,,
A,Annuale,ITF3,Campania,AENTEMPYAA,Numero dipendenti delle imprese attive (valori medi annui),Y_GE16,16 anni e più,9,Totale,2013,239554.59,,
A,Annuale,ITF3,Campania,AENTEMPYAA,Numero dipendenti delle imprese attive (valori medi annui),Y_GE16,16 anni e più,9,Totale,2014,247624.5,,
A,Annuale,ITF3,Campania,AENTEMPYAA,Numero dipendenti delle imprese attive (valori medi annui),Y_GE16,16 anni e più,9,Totale,2015,263570.2,,
A,Annuale,ITF3,Campania,AENTEMPYAA,Numero dipendenti delle imprese attive (valori medi annui),Y_GE16,16 anni e più,9,Totale,2016,278738.52,,
A,Annuale,ITF3,Campania,AENTEMPYAA,Numero dipendenti delle imprese attive (valori medi annui),Y_GE16,16 anni e più,9,Totale,2017,295518.78,,
A,Annuale,ITF3,Campania,AENTEMPYAA,Numero dipendenti delle imprese attive (valori medi annui),TOTAL,Totale,2,Tempo indeterminato,2012,541225.26,,
A,Annuale,ITF3,Campania,AENTEMPYAA,Numero dipendenti delle imprese attive (valori medi annui),TOTAL,Totale,2,Tempo indeterminato,2013,524999.1,,
A,Annuale,ITF3,Campania,AENTEMPYAA,Numero dipendenti delle imprese attive (valori medi annui),TOTAL,Totale,2,Tempo indeterminato,2014,519023.02,,
A,Annuale,ITF3,Campania,AENTEMPYAA,Numero dipendenti delle imprese attive (valori medi annui),TOTAL,Totale,2,Tempo indeterminato,2015,553715.51,,
A,Annuale,ITF3,Campania,AENTEMPYAA,Numero dipendenti delle imprese attive (valori medi annui),TOTAL,Totale,2,Tempo indeterminato,2016,594042.75,,
A,Annuale,ITF3,Campania,AENTEMPYAA,Numero dipendenti delle imprese attive (valori medi annui),TOTAL,Totale,2,Tempo indeterminato,2017,589930.48,,
A,Annuale,ITF3,Campania,AENTEMPYAA,Numero dipendenti delle imprese attive (valori medi annui),TOTAL,Totale,9,Totale,2012,629489.93,,
A,Annuale,ITF3,Campania,AENTEMPYAA,Numero dipendenti delle imprese attive (valori medi annui),TOTAL,Totale,9,Totale,2013,612974.36,,
A,Annuale,ITF3,Campania,AENTEMPYAA,Numero dipendenti delle imprese attive (valori medi annui),TOTAL,Totale,9,Totale,2014,614923.46,,
A,Annuale,ITF3,Campania,AENTEMPYAA,Numero dipendenti delle imprese attive (valori medi annui),TOTAL,Totale,9,Totale,2015,645541.9,,
A,Annuale,ITF3,Campania,AENTEMPYAA,Numero dipendenti delle imprese attive (valori medi annui),TOTAL,Totale,9,Totale,2016,691040.89,,
A,Annuale,ITF3,Campania,AENTEMPYAA,Numero dipendenti delle imprese attive (valori medi annui),TOTAL,Totale,9,Totale,2017,710299.09,,
A,Annuale,ITF4,Puglia,AENTEMPYAA,Numero dipendenti delle imprese attive (valori medi annui),Y0-2,0-2 anni,2,Tempo indeterminato,2012,41582.06,,
A,Annuale,ITF4,Puglia,AENTEMPYAA,Numero dipendenti delle imprese attive (valori medi annui),Y0-2,0-2 anni,2,Tempo indeterminato,2013,34642.32,,
A,Annuale,ITF4,Puglia,AENTEMPYAA,Numero dipendenti delle imprese attive (valori medi annui),Y0-2,0-2 anni,2,Tempo indeterminato,2014,34010.23,,
A,Annuale,ITF4,Puglia,AENTEMPYAA,Numero dipendenti delle imprese attive (valori medi annui),Y0-2,0-2 anni,2,Tempo indeterminato,2015,36754.95,,
A,Annuale,ITF4,Puglia,AENTEMPYAA,Numero dipendenti delle imprese attive (valori medi annui),Y0-2,0-2 anni,2,Tempo indeterminato,2016,45778.92,,
A,Annuale,ITF4,Puglia,AENTEMPYAA,Numero dipendenti delle imprese attive (valori medi annui),Y0-2,0-2 anni,2,Tempo indeterminato,2017,42739.49,,
A,Annuale,ITF4,Puglia,AENTEMPYAA,Numero dipendenti delle imprese attive (valori medi annui),Y0-2,0-2 anni,9,Totale,2012,54013.54,,
A,Annuale,ITF4,Puglia,AENTEMPYAA,Numero dipendenti delle imprese attive (valori medi annui),Y0-2,0-2 anni,9,Totale,2013,44526.06,,
A,Annuale,ITF4,Puglia,AENTEMPYAA,Numero dipendenti delle imprese attive (valori medi annui),Y0-2,0-2 anni,9,Totale,2014,45215.36,,
A,Annuale,ITF4,Puglia,AENTEMPYAA,Numero dipendenti delle imprese attive (valori medi annui),Y0-2,0-2 anni,9,Totale,2015,47697.26,,
A,Annuale,ITF4,Puglia,AENTEMPYAA,Numero dipendenti delle imprese attive (valori medi annui),Y0-2,0-2 anni,9,Totale,2016,59047.38,,
A,Annuale,ITF4,Puglia,AENTEMPYAA,Numero dipendenti delle imprese attive (valori medi annui),Y0-2,0-2 anni,9,Totale,2017,59589.47,,
A,Annuale,ITF4,Puglia,AENTEMPYAA,Numero dipendenti delle imprese attive (valori medi annui),Y3-5,3-5 anni,2,Tempo indeterminato,2012,50146.03,,
A,Annuale,ITF4,Puglia,AENTEMPYAA,Numero dipendenti delle imprese attive (valori medi annui),Y3-5,3-5 anni,2,Tempo indeterminato,2013,49628.86,,
A,Annuale,ITF4,Puglia,AENTEMPYAA,Numero dipendenti delle imprese attive (valori medi annui),Y3-5,3-5 anni,2,Tempo indeterminato,2014,44386.17,,
A,Annuale,ITF4,Puglia,AENTEMPYAA,Numero dipendenti delle imprese attive (valori medi annui),Y3-5,3-5 anni,2,Tempo indeterminato,2015,47130.76,,
A,Annuale,ITF4,Puglia,AENTEMPYAA,Numero dipendenti delle imprese attive (valori medi annui),Y3-5,3-5 anni,2,Tempo indeterminato,2016,44833.92,,
A,Annuale,ITF4,Puglia,AENTEMPYAA,Numero dipendenti delle imprese attive (valori medi annui),Y3-5,3-5 anni,2,Tempo indeterminato,2017,47304.07,,
A,Annuale,ITF4,Puglia,AENTEMPYAA,Numero dipendenti delle imprese attive (valori medi annui),Y3-5,3-5 anni,9,Totale,2012,61162.4,,
A,Annuale,ITF4,Puglia,AENTEMPYAA,Numero dipendenti delle imprese attive (valori medi annui),Y3-5,3-5 anni,9,Totale,2013,59853.84,,
A,Annuale,ITF4,Puglia,AENTEMPYAA,Numero dipendenti delle imprese attive (valori medi annui),Y3-5,3-5 anni,9,Totale,2014,54875.38,,
A,Annuale,ITF4,Puglia,AENTEMPYAA,Numero dipendenti delle imprese attive (valori medi annui),Y3-5,3-5 anni,9,Totale,2015,56636.17,,
A,Annuale,ITF4,Puglia,AENTEMPYAA,Numero dipendenti delle imprese attive (valori medi annui),Y3-5,3-5 anni,9,Totale,2016,53995.82,,
A,Annuale,ITF4,Puglia,AENTEMPYAA,Numero dipendenti delle imprese attive (valori medi annui),Y3-5,3-5 anni,9,Totale,2017,61241.41,,
A,Annuale,ITF4,Puglia,AENTEMPYAA,Numero dipendenti delle imprese attive (valori medi annui),Y6-10,6-10 anni,2,Tempo indeterminato,2012,67205.78,,
A,Annuale,ITF4,Puglia,AENTEMPYAA,Numero dipendenti delle imprese attive (valori medi annui),Y6-10,6-10 anni,2,Tempo indeterminato,2013,62336.7,,
A,Annuale,ITF4,Puglia,AENTEMPYAA,Numero dipendenti delle imprese attive (valori medi annui),Y6-10,6-10 anni,2,Tempo indeterminato,2014,60190.5,,
A,Annuale,ITF4,Puglia,AENTEMPYAA,Numero dipendenti delle imprese attive (valori medi annui),Y6-10,6-10 anni,2,Tempo indeterminato,2015,60173.86,,
A,Annuale,ITF4,Puglia,AENTEMPYAA,Numero dipendenti delle imprese attive (valori medi annui),Y6-10,6-10 anni,2,Tempo indeterminato,2016,65693.93,,
A,Annuale,ITF4,Puglia,AENTEMPYAA,Numero dipendenti delle imprese attive (valori medi annui),Y6-10,6-10 anni,2,Tempo indeterminato,2017,65997.62,,
A,Annuale,ITF4,Puglia,AENTEMPYAA,Numero dipendenti delle imprese attive (valori medi annui),Y6-10,6-10 anni,9,Totale,2012,79201.5,,
A,Annuale,ITF4,Puglia,AENTEMPYAA,Numero dipendenti delle imprese attive (valori medi annui),Y6-10,6-10 anni,9,Totale,2013,73000.25,,
A,Annuale,ITF4,Puglia,AENTEMPYAA,Numero dipendenti delle imprese attive (valori medi annui),Y6-10,6-10 anni,9,Totale,2014,73896.59,,
A,Annuale,ITF4,Puglia,AENTEMPYAA,Numero dipendenti delle imprese attive (valori medi annui),Y6-10,6-10 anni,9,Totale,2015,72961.92,,
A,Annuale,ITF4,Puglia,AENTEMPYAA,Numero dipendenti delle imprese attive (valori medi annui),Y6-10,6-10 anni,9,Totale,2016,78615.75,,
A,Annuale,ITF4,Puglia,AENTEMPYAA,Numero dipendenti delle imprese attive (valori medi annui),Y6-10,6-10 anni,9,Totale,2017,82030.81,,
A,Annuale,ITF4,Puglia,AENTEMPYAA,Numero dipendenti delle imprese attive (valori medi annui),Y11-15,11-15 anni,2,Tempo indeterminato,2012,62289.45,,
A,Annuale,ITF4,Puglia,AENTEMPYAA,Numero dipendenti delle imprese attive (valori medi annui),Y11-15,11-15 anni,2,Tempo indeterminato,2013,64924.3,,
A,Annuale,ITF4,Puglia,AENTEMPYAA,Numero dipendenti delle imprese attive (valori medi annui),Y11-15,11-15 anni,2,Tempo indeterminato,2014,60540.59,,
A,Annuale,ITF4,Puglia,AENTEMPYAA,Numero dipendenti delle imprese attive (valori medi annui),Y11-15,11-15 anni,2,Tempo indeterminato,2015,58108.02,,
A,Annuale,ITF4,Puglia,AENTEMPYAA,Numero dipendenti delle imprese attive (valori medi annui),Y11-15,11-15 anni,2,Tempo indeterminato,2016,56248.77,,
A,Annuale,ITF4,Puglia,AENTEMPYAA,Numero dipendenti delle imprese attive (valori medi annui),Y11-15,11-15 anni,2,Tempo indeterminato,2017,47518.75,,
A,Annuale,ITF4,Puglia,AENTEMPYAA,Numero dipendenti delle imprese attive (valori medi annui),Y11-15,11-15 anni,9,Totale,2012,71644.04,,
A,Annuale,ITF4,Puglia,AENTEMPYAA,Numero dipendenti delle imprese attive (valori medi annui),Y11-15,11-15 anni,9,Totale,2013,73569.26,,
A,Annuale,ITF4,Puglia,AENTEMPYAA,Numero dipendenti delle imprese attive (valori medi annui),Y11-15,11-15 anni,9,Totale,2014,72083.14,,
A,Annuale,ITF4,Puglia,AENTEMPYAA,Numero dipendenti delle imprese attive (valori medi annui),Y11-15,11-15 anni,9,Totale,2015,68491.13,,
A,Annuale,ITF4,Puglia,AENTEMPYAA,Numero dipendenti delle imprese attive (valori medi annui),Y11-15,11-15 anni,9,Totale,2016,66697.11,,
A,Annuale,ITF4,Puglia,AENTEMPYAA,Numero dipendenti delle imprese attive (valori medi annui),Y11-15,11-15 anni,9,Totale,2017,60161.43,,
A,Annuale,ITF4,Puglia,AENTEMPYAA,Numero dipendenti delle imprese attive (valori medi annui),Y_GE16,16 anni e più,2,Tempo indeterminato,2012,168162.27,,
A,Annuale,ITF4,Puglia,AENTEMPYAA,Numero dipendenti delle imprese attive (valori medi annui),Y_GE16,16 anni e più,2,Tempo indeterminato,2013,167592.62,,
A,Annuale,ITF4,Puglia,AENTEMPYAA,Numero dipendenti delle imprese attive (valori medi annui),Y_GE16,16 anni e più,2,Tempo indeterminato,2014,162424.22,,
A,Annuale,ITF4,Puglia,AENTEMPYAA,Numero dipendenti delle imprese attive (valori medi annui),Y_GE16,16 anni e più,2,Tempo indeterminato,2015,169470.46,,
A,Annuale,ITF4,Puglia,AENTEMPYAA,Numero dipendenti delle imprese attive (valori medi annui),Y_GE16,16 anni e più,2,Tempo indeterminato,2016,183605.28,,
A,Annuale,ITF4,Puglia,AENTEMPYAA,Numero dipendenti delle imprese attive (valori medi annui),Y_GE16,16 anni e più,2,Tempo indeterminato,2017,189016.37,,
A,Annuale,ITF4,Puglia,AENTEMPYAA,Numero dipendenti delle imprese attive (valori medi annui),Y_GE16,16 anni e più,9,Totale,2012,186590.4,,
A,Annuale,ITF4,Puglia,AENTEMPYAA,Numero dipendenti delle imprese attive (valori medi annui),Y_GE16,16 anni e più,9,Totale,2013,184870.22,,
A,Annuale,ITF4,Puglia,AENTEMPYAA,Numero dipendenti delle imprese attive (valori medi annui),Y_GE16,16 anni e più,9,Totale,2014,186163.3,,
A,Annuale,ITF4,Puglia,AENTEMPYAA,Numero dipendenti delle imprese attive (valori medi annui),Y_GE16,16 anni e più,9,Totale,2015,194248.78,,
A,Annuale,ITF4,Puglia,AENTEMPYAA,Numero dipendenti delle imprese attive (valori medi annui),Y_GE16,16 anni e più,9,Totale,2016,211774.02,,
A,Annuale,ITF4,Puglia,AENTEMPYAA,Numero dipendenti delle imprese attive (valori medi annui),Y_GE16,16 anni e più,9,Totale,2017,222995.59,,
A,Annuale,ITF4,Puglia,AENTEMPYAA,Numero dipendenti delle imprese attive (valori medi annui),TOTAL,Totale,2,Tempo indeterminato,2012,389385.59,,
A,Annuale,ITF4,Puglia,AENTEMPYAA,Numero dipendenti delle imprese attive (valori medi annui),TOTAL,Totale,2,Tempo indeterminato,2013,379124.8,,
A,Annuale,ITF4,Puglia,AENTEMPYAA,Numero dipendenti delle imprese attive (valori medi annui),TOTAL,Totale,2,Tempo indeterminato,2014,361551.71,,
A,Annuale,ITF4,Puglia,AENTEMPYAA,Numero dipendenti delle imprese attive (valori medi annui),TOTAL,Totale,2,Tempo indeterminato,2015,371638.05,,
A,Annuale,ITF4,Puglia,AENTEMPYAA,Numero dipendenti delle imprese attive (valori medi annui),TOTAL,Totale,2,Tempo indeterminato,2016,396160.82,,
A,Annuale,ITF4,Puglia,AENTEMPYAA,Numero dipendenti delle imprese attive (valori medi annui),TOTAL,Totale,2,Tempo indeterminato,2017,392576.3,,
A,Annuale,ITF4,Puglia,AENTEMPYAA,Numero dipendenti delle imprese attive (valori medi annui),TOTAL,Totale,9,Totale,2012,452611.88,,
A,Annuale,ITF4,Puglia,AENTEMPYAA,Numero dipendenti delle imprese attive (valori medi annui),TOTAL,Totale,9,Totale,2013,435819.63,,
A,Annuale,ITF4,Puglia,AENTEMPYAA,Numero dipendenti delle imprese attive (valori medi annui),TOTAL,Totale,9,Totale,2014,432233.77,,
A,Annuale,ITF4,Puglia,AENTEMPYAA,Numero dipendenti delle imprese attive (valori medi annui),TOTAL,Totale,9,Totale,2015,440035.26,,
A,Annuale,ITF4,Puglia,AENTEMPYAA,Numero dipendenti delle imprese attive (valori medi annui),TOTAL,Totale,9,Totale,2016,470130.08,,
A,Annuale,ITF4,Puglia,AENTEMPYAA,Numero dipendenti delle imprese attive (valori medi annui),TOTAL,Totale,9,Totale,2017,486018.71,,
A,Annuale,ITF5,Basilicata,AENTEMPYAA,Numero dipendenti delle imprese attive (valori medi annui),Y0-2,0-2 anni,2,Tempo indeterminato,2012,4628.49,,
A,Annuale,ITF5,Basilicata,AENTEMPYAA,Numero dipendenti delle imprese attive (valori medi annui),Y0-2,0-2 anni,2,Tempo indeterminato,2013,4093.23,,
A,Annuale,ITF5,Basilicata,AENTEMPYAA,Numero dipendenti delle imprese attive (valori medi annui),Y0-2,0-2 anni,2,Tempo indeterminato,2014,4348.77,,
A,Annuale,ITF5,Basilicata,AENTEMPYAA,Numero dipendenti delle imprese attive (valori medi annui),Y0-2,0-2 anni,2,Tempo indeterminato,2015,4617.46,,
A,Annuale,ITF5,Basilicata,AENTEMPYAA,Numero dipendenti delle imprese attive (valori medi annui),Y0-2,0-2 anni,2,Tempo indeterminato,2016,4852.98,,
A,Annuale,ITF5,Basilicata,AENTEMPYAA,Numero dipendenti delle imprese attive (valori medi annui),Y0-2,0-2 anni,2,Tempo indeterminato,2017,4683.7,,
A,Annuale,ITF5,Basilicata,AENTEMPYAA,Numero dipendenti delle imprese attive (valori medi annui),Y0-2,0-2 anni,9,Totale,2012,5884.13,,
A,Annuale,ITF5,Basilicata,AENTEMPYAA,Numero dipendenti delle imprese attive (valori medi annui),Y0-2,0-2 anni,9,Totale,2013,5147.49,,
A,Annuale,ITF5,Basilicata,AENTEMPYAA,Numero dipendenti delle imprese attive (valori medi annui),Y0-2,0-2 anni,9,Totale,2014,5566.54,,
A,Annuale,ITF5,Basilicata,AENTEMPYAA,Numero dipendenti delle imprese attive (valori medi annui),Y0-2,0-2 anni,9,Totale,2015,5719.75,,
A,Annuale,ITF5,Basilicata,AENTEMPYAA,Numero dipendenti delle imprese attive (valori medi annui),Y0-2,0-2 anni,9,Totale,2016,6756.34,,
A,Annuale,ITF5,Basilicata,AENTEMPYAA,Numero dipendenti delle imprese attive (valori medi annui),Y0-2,0-2 anni,9,Totale,2017,7456.03,,
A,Annuale,ITF5,Basilicata,AENTEMPYAA,Numero dipendenti delle imprese attive (valori medi annui),Y3-5,3-5 anni,2,Tempo indeterminato,2012,5697.37,,
A,Annuale,ITF5,Basilicata,AENTEMPYAA,Numero dipendenti delle imprese attive (valori medi annui),Y3-5,3-5 anni,2,Tempo indeterminato,2013,5029.69,,
A,Annuale,ITF5,Basilicata,AENTEMPYAA,Numero dipendenti delle imprese attive (valori medi annui),Y3-5,3-5 anni,2,Tempo indeterminato,2014,4651.66,,
A,Annuale,ITF5,Basilicata,AENTEMPYAA,Numero dipendenti delle imprese attive (valori medi annui),Y3-5,3-5 anni,2,Tempo indeterminato,2015,4687.72,,
A,Annuale,ITF5,Basilicata,AENTEMPYAA,Numero dipendenti delle imprese attive (valori medi annui),Y3-5,3-5 anni,2,Tempo indeterminato,2016,5474.46,,
A,Annuale,ITF5,Basilicata,AENTEMPYAA,Numero dipendenti delle imprese attive (valori medi annui),Y3-5,3-5 anni,2,Tempo indeterminato,2017,5989.36,,
A,Annuale,ITF5,Basilicata,AENTEMPYAA,Numero dipendenti delle imprese attive (valori medi annui),Y3-5,3-5 anni,9,Totale,2012,6807.86,,
A,Annuale,ITF5,Basilicata,AENTEMPYAA,Numero dipendenti delle imprese attive (valori medi annui),Y3-5,3-5 anni,9,Totale,2013,5913.28,,
A,Annuale,ITF5,Basilicata,AENTEMPYAA,Numero dipendenti delle imprese attive (valori medi annui),Y3-5,3-5 anni,9,Totale,2014,5584.09,,
A,Annuale,ITF5,Basilicata,AENTEMPYAA,Numero dipendenti delle imprese attive (valori medi annui),Y3-5,3-5 anni,9,Totale,2015,5675.32,,
A,Annuale,ITF5,Basilicata,AENTEMPYAA,Numero dipendenti delle imprese attive (valori medi annui),Y3-5,3-5 anni,9,Totale,2016,6548.44,,
A,Annuale,ITF5,Basilicata,AENTEMPYAA,Numero dipendenti delle imprese attive (valori medi annui),Y3-5,3-5 anni,9,Totale,2017,7475.93,,
A,Annuale,ITF5,Basilicata,AENTEMPYAA,Numero dipendenti delle imprese attive (valori medi annui),Y6-10,6-10 anni,2,Tempo indeterminato,2012,9767.39,,
A,Annuale,ITF5,Basilicata,AENTEMPYAA,Numero dipendenti delle imprese attive (valori medi annui),Y6-10,6-10 anni,2,Tempo indeterminato,2013,8191.17,,
A,Annuale,ITF5,Basilicata,AENTEMPYAA,Numero dipendenti delle imprese attive (valori medi annui),Y6-10,6-10 anni,2,Tempo indeterminato,2014,7474.89,,
A,Annuale,ITF5,Basilicata,AENTEMPYAA,Numero dipendenti delle imprese attive (valori medi annui),Y6-10,6-10 anni,2,Tempo indeterminato,2015,7701.65,,
A,Annuale,ITF5,Basilicata,AENTEMPYAA,Numero dipendenti delle imprese attive (valori medi annui),Y6-10,6-10 anni,2,Tempo indeterminato,2016,7685.61,,
A,Annuale,ITF5,Basilicata,AENTEMPYAA,Numero dipendenti delle imprese attive (valori medi annui),Y6-10,6-10 anni,2,Tempo indeterminato,2017,7222.9,,
A,Annuale,ITF5,Basilicata,AENTEMPYAA,Numero dipendenti delle imprese attive (valori medi annui),Y6-10,6-10 anni,9,Totale,2012,11382.41,,
A,Annuale,ITF5,Basilicata,AENTEMPYAA,Numero dipendenti delle imprese attive (valori medi annui),Y6-10,6-10 anni,9,Totale,2013,9460.07,,
A,Annuale,ITF5,Basilicata,AENTEMPYAA,Numero dipendenti delle imprese attive (valori medi annui),Y6-10,6-10 anni,9,Totale,2014,8911.26,,
A,Annuale,ITF5,Basilicata,AENTEMPYAA,Numero dipendenti delle imprese attive (valori medi annui),Y6-10,6-10 anni,9,Totale,2015,9035.34,,
A,Annuale,ITF5,Basilicata,AENTEMPYAA,Numero dipendenti delle imprese attive (valori medi annui),Y6-10,6-10 anni,9,Totale,2016,9074.59,,
A,Annuale,ITF5,Basilicata,AENTEMPYAA,Numero dipendenti delle imprese attive (valori medi annui),Y6-10,6-10 anni,9,Totale,2017,8980.43,,
A,Annuale,ITF5,Basilicata,AENTEMPYAA,Numero dipendenti delle imprese attive (valori medi annui),Y11-15,11-15 anni,2,Tempo indeterminato,2012,6536.68,,
A,Annuale,ITF5,Basilicata,AENTEMPYAA,Numero dipendenti delle imprese attive (valori medi annui),Y11-15,11-15 anni,2,Tempo indeterminato,2013,8531.47,,
A,Annuale,ITF5,Basilicata,AENTEMPYAA,Numero dipendenti delle imprese attive (valori medi annui),Y11-15,11-15 anni,2,Tempo indeterminato,2014,8801.39,,
A,Annuale,ITF5,Basilicata,AENTEMPYAA,Numero dipendenti delle imprese attive (valori medi annui),Y11-15,11-15 anni,2,Tempo indeterminato,2015,9517.95,,
A,Annuale,ITF5,Basilicata,AENTEMPYAA,Numero dipendenti delle imprese attive (valori medi annui),Y11-15,11-15 anni,2,Tempo indeterminato,2016,8697.28,,
A,Annuale,ITF5,Basilicata,AENTEMPYAA,Numero dipendenti delle imprese attive (valori medi annui),Y11-15,11-15 anni,2,Tempo indeterminato,2017,8048.54,,
A,Annuale,ITF5,Basilicata,AENTEMPYAA,Numero dipendenti delle imprese attive (valori medi annui),Y11-15,11-15 anni,9,Totale,2012,7955.99,,
A,Annuale,ITF5,Basilicata,AENTEMPYAA,Numero dipendenti delle imprese attive (valori medi annui),Y11-15,11-15 anni,9,Totale,2013,9468.45,,
A,Annuale,ITF5,Basilicata,AENTEMPYAA,Numero dipendenti delle imprese attive (valori medi annui),Y11-15,11-15 anni,9,Totale,2014,10016.66,,
A,Annuale,ITF5,Basilicata,AENTEMPYAA,Numero dipendenti delle imprese attive (valori medi annui),Y11-15,11-15 anni,9,Totale,2015,10710.36,,
A,Annuale,ITF5,Basilicata,AENTEMPYAA,Numero dipendenti delle imprese attive (valori medi annui),Y11-15,11-15 anni,9,Totale,2016,10008.01,,
A,Annuale,ITF5,Basilicata,AENTEMPYAA,Numero dipendenti delle imprese attive (valori medi annui),Y11-15,11-15 anni,9,Totale,2017,9630.48,,
A,Annuale,ITF5,Basilicata,AENTEMPYAA,Numero dipendenti delle imprese attive (valori medi annui),Y_GE16,16 anni e più,2,Tempo indeterminato,2012,26582.77,,
A,Annuale,ITF5,Basilicata,AENTEMPYAA,Numero dipendenti delle imprese attive (valori medi annui),Y_GE16,16 anni e più,2,Tempo indeterminato,2013,26089.77,,
A,Annuale,ITF5,Basilicata,AENTEMPYAA,Numero dipendenti delle imprese attive (valori medi annui),Y_GE16,16 anni e più,2,Tempo indeterminato,2014,23790.38,,
A,Annuale,ITF5,Basilicata,AENTEMPYAA,Numero dipendenti delle imprese attive (valori medi annui),Y_GE16,16 anni e più,2,Tempo indeterminato,2015,26939.14,,
A,Annuale,ITF5,Basilicata,AENTEMPYAA,Numero dipendenti delle imprese attive (valori medi annui),Y_GE16,16 anni e più,2,Tempo indeterminato,2016,29985.28,,
A,Annuale,ITF5,Basilicata,AENTEMPYAA,Numero dipendenti delle imprese attive (valori medi annui),Y_GE16,16 anni e più,2,Tempo indeterminato,2017,30419.08,,
A,Annuale,ITF5,Basilicata,AENTEMPYAA,Numero dipendenti delle imprese attive (valori medi annui),Y_GE16,16 anni e più,9,Totale,2012,29153.04,,
A,Annuale,ITF5,Basilicata,AENTEMPYAA,Numero dipendenti delle imprese attive (valori medi annui),Y_GE16,16 anni e più,9,Totale,2013,28423.14,,
A,Annuale,ITF5,Basilicata,AENTEMPYAA,Numero dipendenti delle imprese attive (valori medi annui),Y_GE16,16 anni e più,9,Totale,2014,26367.86,,
A,Annuale,ITF5,Basilicata,AENTEMPYAA,Numero dipendenti delle imprese attive (valori medi annui),Y_GE16,16 anni e più,9,Totale,2015,29785.34,,
A,Annuale,ITF5,Basilicata,AENTEMPYAA,Numero dipendenti delle imprese attive (valori medi annui),Y_GE16,16 anni e più,9,Totale,2016,33051.66,,
A,Annuale,ITF5,Basilicata,AENTEMPYAA,Numero dipendenti delle imprese attive (valori medi annui),Y_GE16,16 anni e più,9,Totale,2017,34674.52,,
A,Annuale,ITF5,Basilicata,AENTEMPYAA,Numero dipendenti delle imprese attive (valori medi annui),TOTAL,Totale,2,Tempo indeterminato,2012,53212.7,,
A,Annuale,ITF5,Basilicata,AENTEMPYAA,Numero dipendenti delle imprese attive (valori medi annui),TOTAL,Totale,2,Tempo indeterminato,2013,51935.33,,
A,Annuale,ITF5,Basilicata,AENTEMPYAA,Numero dipendenti delle imprese attive (valori medi annui),TOTAL,Totale,2,Tempo indeterminato,2014,49067.09,,
A,Annuale,ITF5,Basilicata,AENTEMPYAA,Numero dipendenti delle imprese attive (valori medi annui),TOTAL,Totale,2,Tempo indeterminato,2015,53463.92,,
A,Annuale,ITF5,Basilicata,AENTEMPYAA,Numero dipendenti delle imprese attive (valori medi annui),TOTAL,Totale,2,Tempo indeterminato,2016,56695.61,,
A,Annuale,ITF5,Basilicata,AENTEMPYAA,Numero dipendenti delle imprese attive (valori medi annui),TOTAL,Totale,2,Tempo indeterminato,2017,56363.58,,
A,Annuale,ITF5,Basilicata,AENTEMPYAA,Numero dipendenti delle imprese attive (valori medi annui),TOTAL,Totale,9,Totale,2012,61183.43,,
A,Annuale,ITF5,Basilicata,AENTEMPYAA,Numero dipendenti delle imprese attive (valori medi annui),TOTAL,Totale,9,Totale,2013,58412.43,,
A,Annuale,ITF5,Basilicata,AENTEMPYAA,Numero dipendenti delle imprese attive (valori medi annui),TOTAL,Totale,9,Totale,2014,56446.41,,
A,Annuale,ITF5,Basilicata,AENTEMPYAA,Numero dipendenti delle imprese attive (valori medi annui),TOTAL,Totale,9,Totale,2015,60926.11,,
A,Annuale,ITF5,Basilicata,AENTEMPYAA,Numero dipendenti delle imprese attive (valori medi annui),TOTAL,Totale,9,Totale,2016,65439.04,,
A,Annuale,ITF5,Basilicata,AENTEMPYAA,Numero dipendenti delle imprese attive (valori medi annui),TOTAL,Totale,9,Totale,2017,68217.39,,
A,Annuale,ITF6,Calabria,AENTEMPYAA,Numero dipendenti delle imprese attive (valori medi annui),Y0-2,0-2 anni,2,Tempo indeterminato,2012,14065.95,,
A,Annuale,ITF6,Calabria,AENTEMPYAA,Numero dipendenti delle imprese attive (valori medi annui),Y0-2,0-2 anni,2,Tempo indeterminato,2013,11169.15,,
A,Annuale,ITF6,Calabria,AENTEMPYAA,Numero dipendenti delle imprese attive (valori medi annui),Y0-2,0-2 anni,2,Tempo indeterminato,2014,10528.96,,
A,Annuale,ITF6,Calabria,AENTEMPYAA,Numero dipendenti delle imprese attive (valori medi annui),Y0-2,0-2 anni,2,Tempo indeterminato,2015,12558.47,,
A,Annuale,ITF6,Calabria,AENTEMPYAA,Numero dipendenti delle imprese attive (valori medi annui),Y0-2,0-2 anni,2,Tempo indeterminato,2016,15342.24,,
A,Annuale,ITF6,Calabria,AENTEMPYAA,Numero dipendenti delle imprese attive (valori medi annui),Y0-2,0-2 anni,2,Tempo indeterminato,2017,13251.38,,
A,Annuale,ITF6,Calabria,AENTEMPYAA,Numero dipendenti delle imprese attive (valori medi annui),Y0-2,0-2 anni,9,Totale,2012,16934.5,,
A,Annuale,ITF6,Calabria,AENTEMPYAA,Numero dipendenti delle imprese attive (valori medi annui),Y0-2,0-2 anni,9,Totale,2013,13575.73,,
A,Annuale,ITF6,Calabria,AENTEMPYAA,Numero dipendenti delle imprese attive (valori medi annui),Y0-2,0-2 anni,9,Totale,2014,13715.31,,
A,Annuale,ITF6,Calabria,AENTEMPYAA,Numero dipendenti delle imprese attive (valori medi annui),Y0-2,0-2 anni,9,Totale,2015,15418.45,,
A,Annuale,ITF6,Calabria,AENTEMPYAA,Numero dipendenti delle imprese attive (valori medi annui),Y0-2,0-2 anni,9,Totale,2016,18692.04,,
A,Annuale,ITF6,Calabria,AENTEMPYAA,Numero dipendenti delle imprese attive (valori medi annui),Y0-2,0-2 anni,9,Totale,2017,17632.19,,
A,Annuale,ITF6,Calabria,AENTEMPYAA,Numero dipendenti delle imprese attive (valori medi annui),Y3-5,3-5 anni,2,Tempo indeterminato,2012,21836.62,,
A,Annuale,ITF6,Calabria,AENTEMPYAA,Numero dipendenti delle imprese attive (valori medi annui),Y3-5,3-5 anni,2,Tempo indeterminato,2013,18828.74,,
A,Annuale,ITF6,Calabria,AENTEMPYAA,Numero dipendenti delle imprese attive (valori medi annui),Y3-5,3-5 anni,2,Tempo indeterminato,2014,14942.89,,
A,Annuale,ITF6,Calabria,AENTEMPYAA,Numero dipendenti delle imprese attive (valori medi annui),Y3-5,3-5 anni,2,Tempo indeterminato,2015,14240.13,,
A,Annuale,ITF6,Calabria,AENTEMPYAA,Numero dipendenti delle imprese attive (valori medi annui),Y3-5,3-5 anni,2,Tempo indeterminato,2016,13970.23,,
A,Annuale,ITF6,Calabria,AENTEMPYAA,Numero dipendenti delle imprese attive (valori medi annui),Y3-5,3-5 anni,2,Tempo indeterminato,2017,14485.2,,
A,Annuale,ITF6,Calabria,AENTEMPYAA,Numero dipendenti delle imprese attive (valori medi annui),Y3-5,3-5 anni,9,Totale,2012,24874.84,,
A,Annuale,ITF6,Calabria,AENTEMPYAA,Numero dipendenti delle imprese attive (valori medi annui),Y3-5,3-5 anni,9,Totale,2013,21682.47,,
A,Annuale,ITF6,Calabria,AENTEMPYAA,Numero dipendenti delle imprese attive (valori medi annui),Y3-5,3-5 anni,9,Totale,2014,18292.71,,
A,Annuale,ITF6,Calabria,AENTEMPYAA,Numero dipendenti delle imprese attive (valori medi annui),Y3-5,3-5 anni,9,Totale,2015,17147.45,,
A,Annuale,ITF6,Calabria,AENTEMPYAA,Numero dipendenti delle imprese attive (valori medi annui),Y3-5,3-5 anni,9,Totale,2016,16634.54,,
A,Annuale,ITF6,Calabria,AENTEMPYAA,Numero dipendenti delle imprese attive (valori medi annui),Y3-5,3-5 anni,9,Totale,2017,17996.4,,
A,Annuale,ITF6,Calabria,AENTEMPYAA,Numero dipendenti delle imprese attive (valori medi annui),Y6-10,6-10 anni,2,Tempo indeterminato,2012,26174.34,,
A,Annuale,ITF6,Calabria,AENTEMPYAA,Numero dipendenti delle imprese attive (valori medi annui),Y6-10,6-10 anni,2,Tempo indeterminato,2013,25191.21,,
A,Annuale,ITF6,Calabria,AENTEMPYAA,Numero dipendenti delle imprese attive (valori medi annui),Y6-10,6-10 anni,2,Tempo indeterminato,2014,22406.01,,
A,Annuale,ITF6,Calabria,AENTEMPYAA,Numero dipendenti delle imprese attive (valori medi annui),Y6-10,6-10 anni,2,Tempo indeterminato,2015,23470.54,,
A,Annuale,ITF6,Calabria,AENTEMPYAA,Numero dipendenti delle imprese attive (valori medi annui),Y6-10,6-10 anni,2,Tempo indeterminato,2016,24254.43,,
A,Annuale,ITF6,Calabria,AENTEMPYAA,Numero dipendenti delle imprese attive (valori medi annui),Y6-10,6-10 anni,2,Tempo indeterminato,2017,23140.34,,
A,Annuale,ITF6,Calabria,AENTEMPYAA,Numero dipendenti delle imprese attive (valori medi annui),Y6-10,6-10 anni,9,Totale,2012,29542.07,,
A,Annuale,ITF6,Calabria,AENTEMPYAA,Numero dipendenti delle imprese attive (valori medi annui),Y6-10,6-10 anni,9,Totale,2013,28462.31,,
A,Annuale,ITF6,Calabria,AENTEMPYAA,Numero dipendenti delle imprese attive (valori medi annui),Y6-10,6-10 anni,9,Totale,2014,26852.13,,
A,Annuale,ITF6,Calabria,AENTEMPYAA,Numero dipendenti delle imprese attive (valori medi annui),Y6-10,6-10 anni,9,Totale,2015,28073.88,,
A,Annuale,ITF6,Calabria,AENTEMPYAA,Numero dipendenti delle imprese attive (valori medi annui),Y6-10,6-10 anni,9,Totale,2016,28979.49,,
A,Annuale,ITF6,Calabria,AENTEMPYAA,Numero dipendenti delle imprese attive (valori medi annui),Y6-10,6-10 anni,9,Totale,2017,28756.66,,
A,Annuale,ITF6,Calabria,AENTEMPYAA,Numero dipendenti delle imprese attive (valori medi annui),Y11-15,11-15 anni,2,Tempo indeterminato,2012,24539.03,,
A,Annuale,ITF6,Calabria,AENTEMPYAA,Numero dipendenti delle imprese attive (valori medi annui),Y11-15,11-15 anni,2,Tempo indeterminato,2013,24451.13,,
A,Annuale,ITF6,Calabria,AENTEMPYAA,Numero dipendenti delle imprese attive (valori medi annui),Y11-15,11-15 anni,2,Tempo indeterminato,2014,21706.63,,
A,Annuale,ITF6,Calabria,AENTEMPYAA,Numero dipendenti delle imprese attive (valori medi annui),Y11-15,11-15 anni,2,Tempo indeterminato,2015,21481.08,,
A,Annuale,ITF6,Calabria,AENTEMPYAA,Numero dipendenti delle imprese attive (valori medi annui),Y11-15,11-15 anni,2,Tempo indeterminato,2016,22409.12,,
A,Annuale,ITF6,Calabria,AENTEMPYAA,Numero dipendenti delle imprese attive (valori medi annui),Y11-15,11-15 anni,2,Tempo indeterminato,2017,18119.27,,
A,Annuale,ITF6,Calabria,AENTEMPYAA,Numero dipendenti delle imprese attive (valori medi annui),Y11-15,11-15 anni,9,Totale,2012,27434.94,,
A,Annuale,ITF6,Calabria,AENTEMPYAA,Numero dipendenti delle imprese attive (valori medi annui),Y11-15,11-15 anni,9,Totale,2013,27080.53,,
A,Annuale,ITF6,Calabria,AENTEMPYAA,Numero dipendenti delle imprese attive (valori medi annui),Y11-15,11-15 anni,9,Totale,2014,25285.14,,
A,Annuale,ITF6,Calabria,AENTEMPYAA,Numero dipendenti delle imprese attive (valori medi annui),Y11-15,11-15 anni,9,Totale,2015,24730.86,,
A,Annuale,ITF6,Calabria,AENTEMPYAA,Numero dipendenti delle imprese attive (valori medi annui),Y11-15,11-15 anni,9,Totale,2016,26622.06,,
A,Annuale,ITF6,Calabria,AENTEMPYAA,Numero dipendenti delle imprese attive (valori medi annui),Y11-15,11-15 anni,9,Totale,2017,21969.14,,
A,Annuale,ITF6,Calabria,AENTEMPYAA,Numero dipendenti delle imprese attive (valori medi annui),Y_GE16,16 anni e più,2,Tempo indeterminato,2012,52518.09,,
A,Annuale,ITF6,Calabria,AENTEMPYAA,Numero dipendenti delle imprese attive (valori medi annui),Y_GE16,16 anni e più,2,Tempo indeterminato,2013,50604.51,,
A,Annuale,ITF6,Calabria,AENTEMPYAA,Numero dipendenti delle imprese attive (valori medi annui),Y_GE16,16 anni e più,2,Tempo indeterminato,2014,47368.14,,
A,Annuale,ITF6,Calabria,AENTEMPYAA,Numero dipendenti delle imprese attive (valori medi annui),Y_GE16,16 anni e più,2,Tempo indeterminato,2015,49681.98,,
A,Annuale,ITF6,Calabria,AENTEMPYAA,Numero dipendenti delle imprese attive (valori medi annui),Y_GE16,16 anni e più,2,Tempo indeterminato,2016,52646.44,,
A,Annuale,ITF6,Calabria,AENTEMPYAA,Numero dipendenti delle imprese attive (valori medi annui),Y_GE16,16 anni e più,2,Tempo indeterminato,2017,56670.25,,
A,Annuale,ITF6,Calabria,AENTEMPYAA,Numero dipendenti delle imprese attive (valori medi annui),Y_GE16,16 anni e più,9,Totale,2012,57533.79,,
A,Annuale,ITF6,Calabria,AENTEMPYAA,Numero dipendenti delle imprese attive (valori medi annui),Y_GE16,16 anni e più,9,Totale,2013,55285.06,,
A,Annuale,ITF6,Calabria,AENTEMPYAA,Numero dipendenti delle imprese attive (valori medi annui),Y_GE16,16 anni e più,9,Totale,2014,55057.1,,
A,Annuale,ITF6,Calabria,AENTEMPYAA,Numero dipendenti delle imprese attive (valori medi annui),Y_GE16,16 anni e più,9,Totale,2015,57368.05,,
A,Annuale,ITF6,Calabria,AENTEMPYAA,Numero dipendenti delle imprese attive (valori medi annui),Y_GE16,16 anni e più,9,Totale,2016,60910.76,,
A,Annuale,ITF6,Calabria,AENTEMPYAA,Numero dipendenti delle imprese attive (valori medi annui),Y_GE16,16 anni e più,9,Totale,2017,67539.29,,
A,Annuale,ITF6,Calabria,AENTEMPYAA,Numero dipendenti delle imprese attive (valori medi annui),TOTAL,Totale,2,Tempo indeterminato,2012,139134.03,,
A,Annuale,ITF6,Calabria,AENTEMPYAA,Numero dipendenti delle imprese attive (valori medi annui),TOTAL,Totale,2,Tempo indeterminato,2013,130244.74,,
A,Annuale,ITF6,Calabria,AENTEMPYAA,Numero dipendenti delle imprese attive (valori medi annui),TOTAL,Totale,2,Tempo indeterminato,2014,116952.63,,
A,Annuale,ITF6,Calabria,AENTEMPYAA,Numero dipendenti delle imprese attive (valori medi annui),TOTAL,Totale,2,Tempo indeterminato,2015,121432.2,,
A,Annuale,ITF6,Calabria,AENTEMPYAA,Numero dipendenti delle imprese attive (valori medi annui),TOTAL,Totale,2,Tempo indeterminato,2016,128622.46,,
A,Annuale,ITF6,Calabria,AENTEMPYAA,Numero dipendenti delle imprese attive (valori medi annui),TOTAL,Totale,2,Tempo indeterminato,2017,125666.44,,
A,Annuale,ITF6,Calabria,AENTEMPYAA,Numero dipendenti delle imprese attive (valori medi annui),TOTAL,Totale,9,Totale,2012,156320.14,,
A,Annuale,ITF6,Calabria,AENTEMPYAA,Numero dipendenti delle imprese attive (valori medi annui),TOTAL,Totale,9,Totale,2013,146086.1,,
A,Annuale,ITF6,Calabria,AENTEMPYAA,Numero dipendenti delle imprese attive (valori medi annui),TOTAL,Totale,9,Totale,2014,139202.39,,
A,Annuale,ITF6,Calabria,AENTEMPYAA,Numero dipendenti delle imprese attive (valori medi annui),TOTAL,Totale,9,Totale,2015,142738.69,,
A,Annuale,ITF6,Calabria,AENTEMPYAA,Numero dipendenti delle imprese attive (valori medi annui),TOTAL,Totale,9,Totale,2016,151838.89,,
A,Annuale,ITF6,Calabria,AENTEMPYAA,Numero dipendenti delle imprese attive (valori medi annui),TOTAL,Totale,9,Totale,2017,153893.68,,
