FREQ,Frequenza,REF_AREA,Territorio,DATA_TYPE,Indicatore,FULL_PART_TIME,Regime orario,TIME_PERIOD,Osservazione,OBS_STATUS,'Stato dell"'osservazione',NOTE_REF_AREA,Territorio (NOTE_REF_AREA),NOTE_DATA_TYPE,Indicatore (NOTE_DATA_TYPE),NOTE_FULL_PART_TIME,Regime orario (NOTE_FULL_PART_TIME),NOTE_TIME_PERIOD,Tempo (NOTE_TIME_PERIOD),BASE_PER,Anno base,UNIT_MEAS,Unità di misura,UNIT_MULT,Unità di moltiplicazione
A,Annuale,ITC1,Piemonte,HOUWAG_ENTEMP_AV_MI,Retribuzione lorda oraria per ora retribuita delle posizioni lavorative dipendenti in euro (media),9,Totale,2014,14.47,,,,,TIPO_DATO7__HOUWAG_ENTEMP_AV_MI_N1,Media aritmetica semplice della retribuzione oraria calcolata a livello di singola posizione lavorativa. La retribuzione oraria della singola posizione lavorativa dipendente delle imprese è ottenuta come rapporto fra la retribuzione lorda imponibile a fini contributivi a carico del datore di lavoro e le ore retribuite stimate sempre a carico del datore di lavoro.,,,,,,,,,,
A,Annuale,ITC1,Piemonte,HOUWAG_ENTEMP_AV_MI,Retribuzione lorda oraria per ora retribuita delle posizioni lavorative dipendenti in euro (media),9,Totale,2015,14.69,,,,,TIPO_DATO7__HOUWAG_ENTEMP_AV_MI_N1,Media aritmetica semplice della retribuzione oraria calcolata a livello di singola posizione lavorativa. La retribuzione oraria della singola posizione lavorativa dipendente delle imprese è ottenuta come rapporto fra la retribuzione lorda imponibile a fini contributivi a carico del datore di lavoro e le ore retribuite stimate sempre a carico del datore di lavoro.,,,,,,,,,,
A,Annuale,ITC1,Piemonte,HOUWAG_ENTEMP_AV_MI,Retribuzione lorda oraria per ora retribuita delle posizioni lavorative dipendenti in euro (media),9,Totale,2016,14.56,,,,,TIPO_DATO7__HOUWAG_ENTEMP_AV_MI_N1,Media aritmetica semplice della retribuzione oraria calcolata a livello di singola posizione lavorativa. La retribuzione oraria della singola posizione lavorativa dipendente delle imprese è ottenuta come rapporto fra la retribuzione lorda imponibile a fini contributivi a carico del datore di lavoro e le ore retribuite stimate sempre a carico del datore di lavoro.,,,,,,,,,,
A,Annuale,ITC1,Piemonte,HOUWAG_ENTEMP_AV_MI,Retribuzione lorda oraria per ora retribuita delle posizioni lavorative dipendenti in euro (media),9,Totale,2017,14.56,,,,,TIPO_DATO7__HOUWAG_ENTEMP_AV_MI_N1,Media aritmetica semplice della retribuzione oraria calcolata a livello di singola posizione lavorativa. La retribuzione oraria della singola posizione lavorativa dipendente delle imprese è ottenuta come rapporto fra la retribuzione lorda imponibile a fini contributivi a carico del datore di lavoro e le ore retribuite stimate sempre a carico del datore di lavoro.,,,,,,,,,,
A,Annuale,ITC1,Piemonte,HOUWAG_ENTEMP_AV_MI,Retribuzione lorda oraria per ora retribuita delle posizioni lavorative dipendenti in euro (media),9,Totale,2018,14.45,,,,,TIPO_DATO7__HOUWAG_ENTEMP_AV_MI_N1,Media aritmetica semplice della retribuzione oraria calcolata a livello di singola posizione lavorativa. La retribuzione oraria della singola posizione lavorativa dipendente delle imprese è ottenuta come rapporto fra la retribuzione lorda imponibile a fini contributivi a carico del datore di lavoro e le ore retribuite stimate sempre a carico del datore di lavoro.,,,,,,,,,,
A,Annuale,ITC1,Piemonte,HOUWAG_ENTEMP_AV_MI,Retribuzione lorda oraria per ora retribuita delle posizioni lavorative dipendenti in euro (media),9,Totale,2019,14.64,,,,,TIPO_DATO7__HOUWAG_ENTEMP_AV_MI_N1,Media aritmetica semplice della retribuzione oraria calcolata a livello di singola posizione lavorativa. La retribuzione oraria della singola posizione lavorativa dipendente delle imprese è ottenuta come rapporto fra la retribuzione lorda imponibile a fini contributivi a carico del datore di lavoro e le ore retribuite stimate sempre a carico del datore di lavoro.,,,,,,,,,,
A,Annuale,ITC1,Piemonte,HOUWAG_ENTEMP_AV_MI,Retribuzione lorda oraria per ora retribuita delle posizioni lavorative dipendenti in euro (media),9,Totale,2020,14.88,,,,,TIPO_DATO7__HOUWAG_ENTEMP_AV_MI_N1,Media aritmetica semplice della retribuzione oraria calcolata a livello di singola posizione lavorativa. La retribuzione oraria della singola posizione lavorativa dipendente delle imprese è ottenuta come rapporto fra la retribuzione lorda imponibile a fini contributivi a carico del datore di lavoro e le ore retribuite stimate sempre a carico del datore di lavoro.,,,,,,,,,,
A,Annuale,ITC1,Piemonte,HOUWAG_ENTEMP_AV_MI,Retribuzione lorda oraria per ora retribuita delle posizioni lavorative dipendenti in euro (media),9,Totale,2021,14.95,,,,,TIPO_DATO7__HOUWAG_ENTEMP_AV_MI_N1,Media aritmetica semplice della retribuzione oraria calcolata a livello di singola posizione lavorativa. La retribuzione oraria della singola posizione lavorativa dipendente delle imprese è ottenuta come rapporto fra la retribuzione lorda imponibile a fini contributivi a carico del datore di lavoro e le ore retribuite stimate sempre a carico del datore di lavoro.,,,,,,,,,,
A,Annuale,ITC1,Piemonte,HOUWAG_ENTEMP_AV_MI,Retribuzione lorda oraria per ora retribuita delle posizioni lavorative dipendenti in euro (media),9,Totale,2022,15,,,,,TIPO_DATO7__HOUWAG_ENTEMP_AV_MI_N1,Media aritmetica semplice della retribuzione oraria calcolata a livello di singola posizione lavorativa. La retribuzione oraria della singola posizione lavorativa dipendente delle imprese è ottenuta come rapporto fra la retribuzione lorda imponibile a fini contributivi a carico del datore di lavoro e le ore retribuite stimate sempre a carico del datore di lavoro.,,,,,,,,,,
A,Annuale,ITC1,Piemonte,HOUWAG_ENTEMP_FIRD_MI,Retribuzione lorda  oraria per ora retribuita delle posizioni lavorative dipendenti in euro (primo decile),9,Totale,2014,8.21,,,,,TIPO_DATO7__HOUWAG_ENTEMP_FIRD_MI_N1,Primo decile della distribuzione della retribuzione oraria della singola posizione lavorativa dipendente delle imprese ottenuta come rapporto fra la retribuzione lorda imponibile a fini contributivi a carico del datore di lavoro e le ore retribuite stimate sempre a carico del datore di lavoro.,,,,,,,,,,
A,Annuale,ITC1,Piemonte,HOUWAG_ENTEMP_FIRD_MI,Retribuzione lorda  oraria per ora retribuita delle posizioni lavorative dipendenti in euro (primo decile),9,Totale,2015,8.3,,,,,TIPO_DATO7__HOUWAG_ENTEMP_FIRD_MI_N1,Primo decile della distribuzione della retribuzione oraria della singola posizione lavorativa dipendente delle imprese ottenuta come rapporto fra la retribuzione lorda imponibile a fini contributivi a carico del datore di lavoro e le ore retribuite stimate sempre a carico del datore di lavoro.,,,,,,,,,,
A,Annuale,ITC1,Piemonte,HOUWAG_ENTEMP_FIRD_MI,Retribuzione lorda  oraria per ora retribuita delle posizioni lavorative dipendenti in euro (primo decile),9,Totale,2016,8.35,,,,,TIPO_DATO7__HOUWAG_ENTEMP_FIRD_MI_N1,Primo decile della distribuzione della retribuzione oraria della singola posizione lavorativa dipendente delle imprese ottenuta come rapporto fra la retribuzione lorda imponibile a fini contributivi a carico del datore di lavoro e le ore retribuite stimate sempre a carico del datore di lavoro.,,,,,,,,,,
A,Annuale,ITC1,Piemonte,HOUWAG_ENTEMP_FIRD_MI,Retribuzione lorda  oraria per ora retribuita delle posizioni lavorative dipendenti in euro (primo decile),9,Totale,2017,8.37,,,,,TIPO_DATO7__HOUWAG_ENTEMP_FIRD_MI_N1,Primo decile della distribuzione della retribuzione oraria della singola posizione lavorativa dipendente delle imprese ottenuta come rapporto fra la retribuzione lorda imponibile a fini contributivi a carico del datore di lavoro e le ore retribuite stimate sempre a carico del datore di lavoro.,,,,,,,,,,
A,Annuale,ITC1,Piemonte,HOUWAG_ENTEMP_FIRD_MI,Retribuzione lorda  oraria per ora retribuita delle posizioni lavorative dipendenti in euro (primo decile),9,Totale,2018,8.36,,,,,TIPO_DATO7__HOUWAG_ENTEMP_FIRD_MI_N1,Primo decile della distribuzione della retribuzione oraria della singola posizione lavorativa dipendente delle imprese ottenuta come rapporto fra la retribuzione lorda imponibile a fini contributivi a carico del datore di lavoro e le ore retribuite stimate sempre a carico del datore di lavoro.,,,,,,,,,,
A,Annuale,ITC1,Piemonte,HOUWAG_ENTEMP_FIRD_MI,Retribuzione lorda  oraria per ora retribuita delle posizioni lavorative dipendenti in euro (primo decile),9,Totale,2019,8.51,,,,,TIPO_DATO7__HOUWAG_ENTEMP_FIRD_MI_N1,Primo decile della distribuzione della retribuzione oraria della singola posizione lavorativa dipendente delle imprese ottenuta come rapporto fra la retribuzione lorda imponibile a fini contributivi a carico del datore di lavoro e le ore retribuite stimate sempre a carico del datore di lavoro.,,,,,,,,,,
A,Annuale,ITC1,Piemonte,HOUWAG_ENTEMP_FIRD_MI,Retribuzione lorda  oraria per ora retribuita delle posizioni lavorative dipendenti in euro (primo decile),9,Totale,2020,8.61,,,,,TIPO_DATO7__HOUWAG_ENTEMP_FIRD_MI_N1,Primo decile della distribuzione della retribuzione oraria della singola posizione lavorativa dipendente delle imprese ottenuta come rapporto fra la retribuzione lorda imponibile a fini contributivi a carico del datore di lavoro e le ore retribuite stimate sempre a carico del datore di lavoro.,,,,,,,,,,
A,Annuale,ITC1,Piemonte,HOUWAG_ENTEMP_FIRD_MI,Retribuzione lorda  oraria per ora retribuita delle posizioni lavorative dipendenti in euro (primo decile),9,Totale,2021,8.64,,,,,TIPO_DATO7__HOUWAG_ENTEMP_FIRD_MI_N1,Primo decile della distribuzione della retribuzione oraria della singola posizione lavorativa dipendente delle imprese ottenuta come rapporto fra la retribuzione lorda imponibile a fini contributivi a carico del datore di lavoro e le ore retribuite stimate sempre a carico del datore di lavoro.,,,,,,,,,,
A,Annuale,ITC1,Piemonte,HOUWAG_ENTEMP_FIRD_MI,Retribuzione lorda  oraria per ora retribuita delle posizioni lavorative dipendenti in euro (primo decile),9,Totale,2022,8.73,,,,,TIPO_DATO7__HOUWAG_ENTEMP_FIRD_MI_N1,Primo decile della distribuzione della retribuzione oraria della singola posizione lavorativa dipendente delle imprese ottenuta come rapporto fra la retribuzione lorda imponibile a fini contributivi a carico del datore di lavoro e le ore retribuite stimate sempre a carico del datore di lavoro.,,,,,,,,,,
A,Annuale,ITC1,Piemonte,HOUWAG_ENTEMP_MED_MI,Retribuzione lorda  oraria per ora retribuita delle posizioni lavorative dipendenti in euro (mediana).,9,Totale,2014,11.64,,,,,TIPO_DATO7__HOUWAG_ENTEMP_MED_MI_N1,Valore mediano della distribuzione della retribuzione oraria della singola posizione lavorativa dipendente delle imprese ottenuta come rapporto fra la retribuzione lorda imponibile a fini contributivi a carico del datore di lavoro e le ore retribuite stimate sempre a carico del datore di lavoro.,,,,,,,,,,
A,Annuale,ITC1,Piemonte,HOUWAG_ENTEMP_MED_MI,Retribuzione lorda  oraria per ora retribuita delle posizioni lavorative dipendenti in euro (mediana).,9,Totale,2015,11.78,,,,,TIPO_DATO7__HOUWAG_ENTEMP_MED_MI_N1,Valore mediano della distribuzione della retribuzione oraria della singola posizione lavorativa dipendente delle imprese ottenuta come rapporto fra la retribuzione lorda imponibile a fini contributivi a carico del datore di lavoro e le ore retribuite stimate sempre a carico del datore di lavoro.,,,,,,,,,,
A,Annuale,ITC1,Piemonte,HOUWAG_ENTEMP_MED_MI,Retribuzione lorda  oraria per ora retribuita delle posizioni lavorative dipendenti in euro (mediana).,9,Totale,2016,11.8,,,,,TIPO_DATO7__HOUWAG_ENTEMP_MED_MI_N1,Valore mediano della distribuzione della retribuzione oraria della singola posizione lavorativa dipendente delle imprese ottenuta come rapporto fra la retribuzione lorda imponibile a fini contributivi a carico del datore di lavoro e le ore retribuite stimate sempre a carico del datore di lavoro.,,,,,,,,,,
A,Annuale,ITC1,Piemonte,HOUWAG_ENTEMP_MED_MI,Retribuzione lorda  oraria per ora retribuita delle posizioni lavorative dipendenti in euro (mediana).,9,Totale,2017,11.77,,,,,TIPO_DATO7__HOUWAG_ENTEMP_MED_MI_N1,Valore mediano della distribuzione della retribuzione oraria della singola posizione lavorativa dipendente delle imprese ottenuta come rapporto fra la retribuzione lorda imponibile a fini contributivi a carico del datore di lavoro e le ore retribuite stimate sempre a carico del datore di lavoro.,,,,,,,,,,
A,Annuale,ITC1,Piemonte,HOUWAG_ENTEMP_MED_MI,Retribuzione lorda  oraria per ora retribuita delle posizioni lavorative dipendenti in euro (mediana).,9,Totale,2018,11.77,,,,,TIPO_DATO7__HOUWAG_ENTEMP_MED_MI_N1,Valore mediano della distribuzione della retribuzione oraria della singola posizione lavorativa dipendente delle imprese ottenuta come rapporto fra la retribuzione lorda imponibile a fini contributivi a carico del datore di lavoro e le ore retribuite stimate sempre a carico del datore di lavoro.,,,,,,,,,,
A,Annuale,ITC1,Piemonte,HOUWAG_ENTEMP_MED_MI,Retribuzione lorda  oraria per ora retribuita delle posizioni lavorative dipendenti in euro (mediana).,9,Totale,2019,11.95,,,,,TIPO_DATO7__HOUWAG_ENTEMP_MED_MI_N1,Valore mediano della distribuzione della retribuzione oraria della singola posizione lavorativa dipendente delle imprese ottenuta come rapporto fra la retribuzione lorda imponibile a fini contributivi a carico del datore di lavoro e le ore retribuite stimate sempre a carico del datore di lavoro.,,,,,,,,,,
A,Annuale,ITC1,Piemonte,HOUWAG_ENTEMP_MED_MI,Retribuzione lorda  oraria per ora retribuita delle posizioni lavorative dipendenti in euro (mediana).,9,Totale,2020,12.25,,,,,TIPO_DATO7__HOUWAG_ENTEMP_MED_MI_N1,Valore mediano della distribuzione della retribuzione oraria della singola posizione lavorativa dipendente delle imprese ottenuta come rapporto fra la retribuzione lorda imponibile a fini contributivi a carico del datore di lavoro e le ore retribuite stimate sempre a carico del datore di lavoro.,,,,,,,,,,
A,Annuale,ITC1,Piemonte,HOUWAG_ENTEMP_MED_MI,Retribuzione lorda  oraria per ora retribuita delle posizioni lavorative dipendenti in euro (mediana).,9,Totale,2021,12.15,,,,,TIPO_DATO7__HOUWAG_ENTEMP_MED_MI_N1,Valore mediano della distribuzione della retribuzione oraria della singola posizione lavorativa dipendente delle imprese ottenuta come rapporto fra la retribuzione lorda imponibile a fini contributivi a carico del datore di lavoro e le ore retribuite stimate sempre a carico del datore di lavoro.,,,,,,,,,,
A,Annuale,ITC1,Piemonte,HOUWAG_ENTEMP_MED_MI,Retribuzione lorda  oraria per ora retribuita delle posizioni lavorative dipendenti in euro (mediana).,9,Totale,2022,12.21,,,,,TIPO_DATO7__HOUWAG_ENTEMP_MED_MI_N1,Valore mediano della distribuzione della retribuzione oraria della singola posizione lavorativa dipendente delle imprese ottenuta come rapporto fra la retribuzione lorda imponibile a fini contributivi a carico del datore di lavoro e le ore retribuite stimate sempre a carico del datore di lavoro.,,,,,,,,,,
A,Annuale,ITC1,Piemonte,HOUWAG_ENTEMP_NIND_MI,Retribuzione lorda  oraria per ora retribuita delle posizioni lavorative dipendenti in euro (nono decile).,9,Totale,2014,21.73,,,,,TIPO_DATO7__HOUWAG_ENTEMP_NIND_MI_N1,Nono decile della distribuzione della retribuzione oraria della singola posizione lavorativa dipendente delle imprese ottenuta come rapporto fra la retribuzione lorda imponibile a fini contributivi a carico del datore di lavoro e le ore retribuite stimate sempre a carico del datore di lavoro.,,,,,,,,,,
A,Annuale,ITC1,Piemonte,HOUWAG_ENTEMP_NIND_MI,Retribuzione lorda  oraria per ora retribuita delle posizioni lavorative dipendenti in euro (nono decile).,9,Totale,2015,21.86,,,,,TIPO_DATO7__HOUWAG_ENTEMP_NIND_MI_N1,Nono decile della distribuzione della retribuzione oraria della singola posizione lavorativa dipendente delle imprese ottenuta come rapporto fra la retribuzione lorda imponibile a fini contributivi a carico del datore di lavoro e le ore retribuite stimate sempre a carico del datore di lavoro.,,,,,,,,,,
A,Annuale,ITC1,Piemonte,HOUWAG_ENTEMP_NIND_MI,Retribuzione lorda  oraria per ora retribuita delle posizioni lavorative dipendenti in euro (nono decile).,9,Totale,2016,21.83,,,,,TIPO_DATO7__HOUWAG_ENTEMP_NIND_MI_N1,Nono decile della distribuzione della retribuzione oraria della singola posizione lavorativa dipendente delle imprese ottenuta come rapporto fra la retribuzione lorda imponibile a fini contributivi a carico del datore di lavoro e le ore retribuite stimate sempre a carico del datore di lavoro.,,,,,,,,,,
A,Annuale,ITC1,Piemonte,HOUWAG_ENTEMP_NIND_MI,Retribuzione lorda  oraria per ora retribuita delle posizioni lavorative dipendenti in euro (nono decile).,9,Totale,2017,21.8,,,,,TIPO_DATO7__HOUWAG_ENTEMP_NIND_MI_N1,Nono decile della distribuzione della retribuzione oraria della singola posizione lavorativa dipendente delle imprese ottenuta come rapporto fra la retribuzione lorda imponibile a fini contributivi a carico del datore di lavoro e le ore retribuite stimate sempre a carico del datore di lavoro.,,,,,,,,,,
A,Annuale,ITC1,Piemonte,HOUWAG_ENTEMP_NIND_MI,Retribuzione lorda  oraria per ora retribuita delle posizioni lavorative dipendenti in euro (nono decile).,9,Totale,2018,21.76,,,,,TIPO_DATO7__HOUWAG_ENTEMP_NIND_MI_N1,Nono decile della distribuzione della retribuzione oraria della singola posizione lavorativa dipendente delle imprese ottenuta come rapporto fra la retribuzione lorda imponibile a fini contributivi a carico del datore di lavoro e le ore retribuite stimate sempre a carico del datore di lavoro.,,,,,,,,,,
A,Annuale,ITC1,Piemonte,HOUWAG_ENTEMP_NIND_MI,Retribuzione lorda  oraria per ora retribuita delle posizioni lavorative dipendenti in euro (nono decile).,9,Totale,2019,21.99,,,,,TIPO_DATO7__HOUWAG_ENTEMP_NIND_MI_N1,Nono decile della distribuzione della retribuzione oraria della singola posizione lavorativa dipendente delle imprese ottenuta come rapporto fra la retribuzione lorda imponibile a fini contributivi a carico del datore di lavoro e le ore retribuite stimate sempre a carico del datore di lavoro.,,,,,,,,,,
A,Annuale,ITC1,Piemonte,HOUWAG_ENTEMP_NIND_MI,Retribuzione lorda  oraria per ora retribuita delle posizioni lavorative dipendenti in euro (nono decile).,9,Totale,2020,22.45,,,,,TIPO_DATO7__HOUWAG_ENTEMP_NIND_MI_N1,Nono decile della distribuzione della retribuzione oraria della singola posizione lavorativa dipendente delle imprese ottenuta come rapporto fra la retribuzione lorda imponibile a fini contributivi a carico del datore di lavoro e le ore retribuite stimate sempre a carico del datore di lavoro.,,,,,,,,,,
A,Annuale,ITC1,Piemonte,HOUWAG_ENTEMP_NIND_MI,Retribuzione lorda  oraria per ora retribuita delle posizioni lavorative dipendenti in euro (nono decile).,9,Totale,2021,21.92,,,,,TIPO_DATO7__HOUWAG_ENTEMP_NIND_MI_N1,Nono decile della distribuzione della retribuzione oraria della singola posizione lavorativa dipendente delle imprese ottenuta come rapporto fra la retribuzione lorda imponibile a fini contributivi a carico del datore di lavoro e le ore retribuite stimate sempre a carico del datore di lavoro.,,,,,,,,,,
A,Annuale,ITC1,Piemonte,HOUWAG_ENTEMP_NIND_MI,Retribuzione lorda  oraria per ora retribuita delle posizioni lavorative dipendenti in euro (nono decile).,9,Totale,2022,22.12,,,,,TIPO_DATO7__HOUWAG_ENTEMP_NIND_MI_N1,Nono decile della distribuzione della retribuzione oraria della singola posizione lavorativa dipendente delle imprese ottenuta come rapporto fra la retribuzione lorda imponibile a fini contributivi a carico del datore di lavoro e le ore retribuite stimate sempre a carico del datore di lavoro.,,,,,,,,,,
A,Annuale,ITC2,'Valle d"'Aosta / Vallée d"'Aoste',HOUWAG_ENTEMP_AV_MI,Retribuzione lorda oraria per ora retribuita delle posizioni lavorative dipendenti in euro (media),9,Totale,2014,12.84,,,,,TIPO_DATO7__HOUWAG_ENTEMP_AV_MI_N1,Media aritmetica semplice della retribuzione oraria calcolata a livello di singola posizione lavorativa. La retribuzione oraria della singola posizione lavorativa dipendente delle imprese è ottenuta come rapporto fra la retribuzione lorda imponibile a fini contributivi a carico del datore di lavoro e le ore retribuite stimate sempre a carico del datore di lavoro.,,,,,,,,,,
A,Annuale,ITC2,'Valle d"'Aosta / Vallée d"'Aoste',HOUWAG_ENTEMP_AV_MI,Retribuzione lorda oraria per ora retribuita delle posizioni lavorative dipendenti in euro (media),9,Totale,2015,13.28,,,,,TIPO_DATO7__HOUWAG_ENTEMP_AV_MI_N1,Media aritmetica semplice della retribuzione oraria calcolata a livello di singola posizione lavorativa. La retribuzione oraria della singola posizione lavorativa dipendente delle imprese è ottenuta come rapporto fra la retribuzione lorda imponibile a fini contributivi a carico del datore di lavoro e le ore retribuite stimate sempre a carico del datore di lavoro.,,,,,,,,,,
A,Annuale,ITC2,'Valle d"'Aosta / Vallée d"'Aoste',HOUWAG_ENTEMP_AV_MI,Retribuzione lorda oraria per ora retribuita delle posizioni lavorative dipendenti in euro (media),9,Totale,2016,13.32,,,,,TIPO_DATO7__HOUWAG_ENTEMP_AV_MI_N1,Media aritmetica semplice della retribuzione oraria calcolata a livello di singola posizione lavorativa. La retribuzione oraria della singola posizione lavorativa dipendente delle imprese è ottenuta come rapporto fra la retribuzione lorda imponibile a fini contributivi a carico del datore di lavoro e le ore retribuite stimate sempre a carico del datore di lavoro.,,,,,,,,,,
A,Annuale,ITC2,'Valle d"'Aosta / Vallée d"'Aoste',HOUWAG_ENTEMP_AV_MI,Retribuzione lorda oraria per ora retribuita delle posizioni lavorative dipendenti in euro (media),9,Totale,2017,13.12,,,,,TIPO_DATO7__HOUWAG_ENTEMP_AV_MI_N1,Media aritmetica semplice della retribuzione oraria calcolata a livello di singola posizione lavorativa. La retribuzione oraria della singola posizione lavorativa dipendente delle imprese è ottenuta come rapporto fra la retribuzione lorda imponibile a fini contributivi a carico del datore di lavoro e le ore retribuite stimate sempre a carico del datore di lavoro.,,,,,,,,,,
A,Annuale,ITC2,'Valle d"'Aosta / Vallée d"'Aoste',HOUWAG_ENTEMP_AV_MI,Retribuzione lorda oraria per ora retribuita delle posizioni lavorative dipendenti in euro (media),9,Totale,2018,14.01,,,,,TIPO_DATO7__HOUWAG_ENTEMP_AV_MI_N1,Media aritmetica semplice della retribuzione oraria calcolata a livello di singola posizione lavorativa. La retribuzione oraria della singola posizione lavorativa dipendente delle imprese è ottenuta come rapporto fra la retribuzione lorda imponibile a fini contributivi a carico del datore di lavoro e le ore retribuite stimate sempre a carico del datore di lavoro.,,,,,,,,,,
A,Annuale,ITC2,'Valle d"'Aosta / Vallée d"'Aoste',HOUWAG_ENTEMP_AV_MI,Retribuzione lorda oraria per ora retribuita delle posizioni lavorative dipendenti in euro (media),9,Totale,2019,13.05,,,,,TIPO_DATO7__HOUWAG_ENTEMP_AV_MI_N1,Media aritmetica semplice della retribuzione oraria calcolata a livello di singola posizione lavorativa. La retribuzione oraria della singola posizione lavorativa dipendente delle imprese è ottenuta come rapporto fra la retribuzione lorda imponibile a fini contributivi a carico del datore di lavoro e le ore retribuite stimate sempre a carico del datore di lavoro.,,,,,,,,,,
A,Annuale,ITC2,'Valle d"'Aosta / Vallée d"'Aoste',HOUWAG_ENTEMP_AV_MI,Retribuzione lorda oraria per ora retribuita delle posizioni lavorative dipendenti in euro (media),9,Totale,2020,13.25,,,,,TIPO_DATO7__HOUWAG_ENTEMP_AV_MI_N1,Media aritmetica semplice della retribuzione oraria calcolata a livello di singola posizione lavorativa. La retribuzione oraria della singola posizione lavorativa dipendente delle imprese è ottenuta come rapporto fra la retribuzione lorda imponibile a fini contributivi a carico del datore di lavoro e le ore retribuite stimate sempre a carico del datore di lavoro.,,,,,,,,,,
A,Annuale,ITC2,'Valle d"'Aosta / Vallée d"'Aoste',HOUWAG_ENTEMP_AV_MI,Retribuzione lorda oraria per ora retribuita delle posizioni lavorative dipendenti in euro (media),9,Totale,2021,13.44,,,,,TIPO_DATO7__HOUWAG_ENTEMP_AV_MI_N1,Media aritmetica semplice della retribuzione oraria calcolata a livello di singola posizione lavorativa. La retribuzione oraria della singola posizione lavorativa dipendente delle imprese è ottenuta come rapporto fra la retribuzione lorda imponibile a fini contributivi a carico del datore di lavoro e le ore retribuite stimate sempre a carico del datore di lavoro.,,,,,,,,,,
A,Annuale,ITC2,'Valle d"'Aosta / Vallée d"'Aoste',HOUWAG_ENTEMP_AV_MI,Retribuzione lorda oraria per ora retribuita delle posizioni lavorative dipendenti in euro (media),9,Totale,2022,13.34,,,,,TIPO_DATO7__HOUWAG_ENTEMP_AV_MI_N1,Media aritmetica semplice della retribuzione oraria calcolata a livello di singola posizione lavorativa. La retribuzione oraria della singola posizione lavorativa dipendente delle imprese è ottenuta come rapporto fra la retribuzione lorda imponibile a fini contributivi a carico del datore di lavoro e le ore retribuite stimate sempre a carico del datore di lavoro.,,,,,,,,,,
A,Annuale,ITC2,'Valle d"'Aosta / Vallée d"'Aoste',HOUWAG_ENTEMP_FIRD_MI,Retribuzione lorda  oraria per ora retribuita delle posizioni lavorative dipendenti in euro (primo decile),9,Totale,2014,8.32,,,,,TIPO_DATO7__HOUWAG_ENTEMP_FIRD_MI_N1,Primo decile della distribuzione della retribuzione oraria della singola posizione lavorativa dipendente delle imprese ottenuta come rapporto fra la retribuzione lorda imponibile a fini contributivi a carico del datore di lavoro e le ore retribuite stimate sempre a carico del datore di lavoro.,,,,,,,,,,
A,Annuale,ITC2,'Valle d"'Aosta / Vallée d"'Aoste',HOUWAG_ENTEMP_FIRD_MI,Retribuzione lorda  oraria per ora retribuita delle posizioni lavorative dipendenti in euro (primo decile),9,Totale,2015,8.33,,,,,TIPO_DATO7__HOUWAG_ENTEMP_FIRD_MI_N1,Primo decile della distribuzione della retribuzione oraria della singola posizione lavorativa dipendente delle imprese ottenuta come rapporto fra la retribuzione lorda imponibile a fini contributivi a carico del datore di lavoro e le ore retribuite stimate sempre a carico del datore di lavoro.,,,,,,,,,,
A,Annuale,ITC2,'Valle d"'Aosta / Vallée d"'Aoste',HOUWAG_ENTEMP_FIRD_MI,Retribuzione lorda  oraria per ora retribuita delle posizioni lavorative dipendenti in euro (primo decile),9,Totale,2016,8.43,,,,,TIPO_DATO7__HOUWAG_ENTEMP_FIRD_MI_N1,Primo decile della distribuzione della retribuzione oraria della singola posizione lavorativa dipendente delle imprese ottenuta come rapporto fra la retribuzione lorda imponibile a fini contributivi a carico del datore di lavoro e le ore retribuite stimate sempre a carico del datore di lavoro.,,,,,,,,,,
A,Annuale,ITC2,'Valle d"'Aosta / Vallée d"'Aoste',HOUWAG_ENTEMP_FIRD_MI,Retribuzione lorda  oraria per ora retribuita delle posizioni lavorative dipendenti in euro (primo decile),9,Totale,2017,8.45,,,,,TIPO_DATO7__HOUWAG_ENTEMP_FIRD_MI_N1,Primo decile della distribuzione della retribuzione oraria della singola posizione lavorativa dipendente delle imprese ottenuta come rapporto fra la retribuzione lorda imponibile a fini contributivi a carico del datore di lavoro e le ore retribuite stimate sempre a carico del datore di lavoro.,,,,,,,,,,
A,Annuale,ITC2,'Valle d"'Aosta / Vallée d"'Aoste',HOUWAG_ENTEMP_FIRD_MI,Retribuzione lorda  oraria per ora retribuita delle posizioni lavorative dipendenti in euro (primo decile),9,Totale,2018,8.47,,,,,TIPO_DATO7__HOUWAG_ENTEMP_FIRD_MI_N1,Primo decile della distribuzione della retribuzione oraria della singola posizione lavorativa dipendente delle imprese ottenuta come rapporto fra la retribuzione lorda imponibile a fini contributivi a carico del datore di lavoro e le ore retribuite stimate sempre a carico del datore di lavoro.,,,,,,,,,,
A,Annuale,ITC2,'Valle d"'Aosta / Vallée d"'Aoste',HOUWAG_ENTEMP_FIRD_MI,Retribuzione lorda  oraria per ora retribuita delle posizioni lavorative dipendenti in euro (primo decile),9,Totale,2019,8.47,,,,,TIPO_DATO7__HOUWAG_ENTEMP_FIRD_MI_N1,Primo decile della distribuzione della retribuzione oraria della singola posizione lavorativa dipendente delle imprese ottenuta come rapporto fra la retribuzione lorda imponibile a fini contributivi a carico del datore di lavoro e le ore retribuite stimate sempre a carico del datore di lavoro.,,,,,,,,,,
A,Annuale,ITC2,'Valle d"'Aosta / Vallée d"'Aoste',HOUWAG_ENTEMP_FIRD_MI,Retribuzione lorda  oraria per ora retribuita delle posizioni lavorative dipendenti in euro (primo decile),9,Totale,2020,8.57,,,,,TIPO_DATO7__HOUWAG_ENTEMP_FIRD_MI_N1,Primo decile della distribuzione della retribuzione oraria della singola posizione lavorativa dipendente delle imprese ottenuta come rapporto fra la retribuzione lorda imponibile a fini contributivi a carico del datore di lavoro e le ore retribuite stimate sempre a carico del datore di lavoro.,,,,,,,,,,
A,Annuale,ITC2,'Valle d"'Aosta / Vallée d"'Aoste',HOUWAG_ENTEMP_FIRD_MI,Retribuzione lorda  oraria per ora retribuita delle posizioni lavorative dipendenti in euro (primo decile),9,Totale,2021,8.57,,,,,TIPO_DATO7__HOUWAG_ENTEMP_FIRD_MI_N1,Primo decile della distribuzione della retribuzione oraria della singola posizione lavorativa dipendente delle imprese ottenuta come rapporto fra la retribuzione lorda imponibile a fini contributivi a carico del datore di lavoro e le ore retribuite stimate sempre a carico del datore di lavoro.,,,,,,,,,,
A,Annuale,ITC2,'Valle d"'Aosta / Vallée d"'Aoste',HOUWAG_ENTEMP_FIRD_MI,Retribuzione lorda  oraria per ora retribuita delle posizioni lavorative dipendenti in euro (primo decile),9,Totale,2022,8.77,,,,,TIPO_DATO7__HOUWAG_ENTEMP_FIRD_MI_N1,Primo decile della distribuzione della retribuzione oraria della singola posizione lavorativa dipendente delle imprese ottenuta come rapporto fra la retribuzione lorda imponibile a fini contributivi a carico del datore di lavoro e le ore retribuite stimate sempre a carico del datore di lavoro.,,,,,,,,,,
A,Annuale,ITC2,'Valle d"'Aosta / Vallée d"'Aoste',HOUWAG_ENTEMP_MED_MI,Retribuzione lorda  oraria per ora retribuita delle posizioni lavorative dipendenti in euro (mediana).,9,Totale,2014,11.07,,,,,TIPO_DATO7__HOUWAG_ENTEMP_MED_MI_N1,Valore mediano della distribuzione della retribuzione oraria della singola posizione lavorativa dipendente delle imprese ottenuta come rapporto fra la retribuzione lorda imponibile a fini contributivi a carico del datore di lavoro e le ore retribuite stimate sempre a carico del datore di lavoro.,,,,,,,,,,
A,Annuale,ITC2,'Valle d"'Aosta / Vallée d"'Aoste',HOUWAG_ENTEMP_MED_MI,Retribuzione lorda  oraria per ora retribuita delle posizioni lavorative dipendenti in euro (mediana).,9,Totale,2015,11.13,,,,,TIPO_DATO7__HOUWAG_ENTEMP_MED_MI_N1,Valore mediano della distribuzione della retribuzione oraria della singola posizione lavorativa dipendente delle imprese ottenuta come rapporto fra la retribuzione lorda imponibile a fini contributivi a carico del datore di lavoro e le ore retribuite stimate sempre a carico del datore di lavoro.,,,,,,,,,,
A,Annuale,ITC2,'Valle d"'Aosta / Vallée d"'Aoste',HOUWAG_ENTEMP_MED_MI,Retribuzione lorda  oraria per ora retribuita delle posizioni lavorative dipendenti in euro (mediana).,9,Totale,2016,11.18,,,,,TIPO_DATO7__HOUWAG_ENTEMP_MED_MI_N1,Valore mediano della distribuzione della retribuzione oraria della singola posizione lavorativa dipendente delle imprese ottenuta come rapporto fra la retribuzione lorda imponibile a fini contributivi a carico del datore di lavoro e le ore retribuite stimate sempre a carico del datore di lavoro.,,,,,,,,,,
A,Annuale,ITC2,'Valle d"'Aosta / Vallée d"'Aoste',HOUWAG_ENTEMP_MED_MI,Retribuzione lorda  oraria per ora retribuita delle posizioni lavorative dipendenti in euro (mediana).,9,Totale,2017,11.18,,,,,TIPO_DATO7__HOUWAG_ENTEMP_MED_MI_N1,Valore mediano della distribuzione della retribuzione oraria della singola posizione lavorativa dipendente delle imprese ottenuta come rapporto fra la retribuzione lorda imponibile a fini contributivi a carico del datore di lavoro e le ore retribuite stimate sempre a carico del datore di lavoro.,,,,,,,,,,
A,Annuale,ITC2,'Valle d"'Aosta / Vallée d"'Aoste',HOUWAG_ENTEMP_MED_MI,Retribuzione lorda  oraria per ora retribuita delle posizioni lavorative dipendenti in euro (mediana).,9,Totale,2018,11.29,,,,,TIPO_DATO7__HOUWAG_ENTEMP_MED_MI_N1,Valore mediano della distribuzione della retribuzione oraria della singola posizione lavorativa dipendente delle imprese ottenuta come rapporto fra la retribuzione lorda imponibile a fini contributivi a carico del datore di lavoro e le ore retribuite stimate sempre a carico del datore di lavoro.,,,,,,,,,,
A,Annuale,ITC2,'Valle d"'Aosta / Vallée d"'Aoste',HOUWAG_ENTEMP_MED_MI,Retribuzione lorda  oraria per ora retribuita delle posizioni lavorative dipendenti in euro (mediana).,9,Totale,2019,11.25,,,,,TIPO_DATO7__HOUWAG_ENTEMP_MED_MI_N1,Valore mediano della distribuzione della retribuzione oraria della singola posizione lavorativa dipendente delle imprese ottenuta come rapporto fra la retribuzione lorda imponibile a fini contributivi a carico del datore di lavoro e le ore retribuite stimate sempre a carico del datore di lavoro.,,,,,,,,,,
A,Annuale,ITC2,'Valle d"'Aosta / Vallée d"'Aoste',HOUWAG_ENTEMP_MED_MI,Retribuzione lorda  oraria per ora retribuita delle posizioni lavorative dipendenti in euro (mediana).,9,Totale,2020,11.49,,,,,TIPO_DATO7__HOUWAG_ENTEMP_MED_MI_N1,Valore mediano della distribuzione della retribuzione oraria della singola posizione lavorativa dipendente delle imprese ottenuta come rapporto fra la retribuzione lorda imponibile a fini contributivi a carico del datore di lavoro e le ore retribuite stimate sempre a carico del datore di lavoro.,,,,,,,,,,
A,Annuale,ITC2,'Valle d"'Aosta / Vallée d"'Aoste',HOUWAG_ENTEMP_MED_MI,Retribuzione lorda  oraria per ora retribuita delle posizioni lavorative dipendenti in euro (mediana).,9,Totale,2021,11.47,,,,,TIPO_DATO7__HOUWAG_ENTEMP_MED_MI_N1,Valore mediano della distribuzione della retribuzione oraria della singola posizione lavorativa dipendente delle imprese ottenuta come rapporto fra la retribuzione lorda imponibile a fini contributivi a carico del datore di lavoro e le ore retribuite stimate sempre a carico del datore di lavoro.,,,,,,,,,,
A,Annuale,ITC2,'Valle d"'Aosta / Vallée d"'Aoste',HOUWAG_ENTEMP_MED_MI,Retribuzione lorda  oraria per ora retribuita delle posizioni lavorative dipendenti in euro (mediana).,9,Totale,2022,11.5,,,,,TIPO_DATO7__HOUWAG_ENTEMP_MED_MI_N1,Valore mediano della distribuzione della retribuzione oraria della singola posizione lavorativa dipendente delle imprese ottenuta come rapporto fra la retribuzione lorda imponibile a fini contributivi a carico del datore di lavoro e le ore retribuite stimate sempre a carico del datore di lavoro.,,,,,,,,,,
A,Annuale,ITC2,'Valle d"'Aosta / Vallée d"'Aoste',HOUWAG_ENTEMP_NIND_MI,Retribuzione lorda  oraria per ora retribuita delle posizioni lavorative dipendenti in euro (nono decile).,9,Totale,2014,18.43,,,,,TIPO_DATO7__HOUWAG_ENTEMP_NIND_MI_N1,Nono decile della distribuzione della retribuzione oraria della singola posizione lavorativa dipendente delle imprese ottenuta come rapporto fra la retribuzione lorda imponibile a fini contributivi a carico del datore di lavoro e le ore retribuite stimate sempre a carico del datore di lavoro.,,,,,,,,,,
A,Annuale,ITC2,'Valle d"'Aosta / Vallée d"'Aoste',HOUWAG_ENTEMP_NIND_MI,Retribuzione lorda  oraria per ora retribuita delle posizioni lavorative dipendenti in euro (nono decile).,9,Totale,2015,18.81,,,,,TIPO_DATO7__HOUWAG_ENTEMP_NIND_MI_N1,Nono decile della distribuzione della retribuzione oraria della singola posizione lavorativa dipendente delle imprese ottenuta come rapporto fra la retribuzione lorda imponibile a fini contributivi a carico del datore di lavoro e le ore retribuite stimate sempre a carico del datore di lavoro.,,,,,,,,,,
A,Annuale,ITC2,'Valle d"'Aosta / Vallée d"'Aoste',HOUWAG_ENTEMP_NIND_MI,Retribuzione lorda  oraria per ora retribuita delle posizioni lavorative dipendenti in euro (nono decile).,9,Totale,2016,18.61,,,,,TIPO_DATO7__HOUWAG_ENTEMP_NIND_MI_N1,Nono decile della distribuzione della retribuzione oraria della singola posizione lavorativa dipendente delle imprese ottenuta come rapporto fra la retribuzione lorda imponibile a fini contributivi a carico del datore di lavoro e le ore retribuite stimate sempre a carico del datore di lavoro.,,,,,,,,,,
A,Annuale,ITC2,'Valle d"'Aosta / Vallée d"'Aoste',HOUWAG_ENTEMP_NIND_MI,Retribuzione lorda  oraria per ora retribuita delle posizioni lavorative dipendenti in euro (nono decile).,9,Totale,2017,18.44,,,,,TIPO_DATO7__HOUWAG_ENTEMP_NIND_MI_N1,Nono decile della distribuzione della retribuzione oraria della singola posizione lavorativa dipendente delle imprese ottenuta come rapporto fra la retribuzione lorda imponibile a fini contributivi a carico del datore di lavoro e le ore retribuite stimate sempre a carico del datore di lavoro.,,,,,,,,,,
A,Annuale,ITC2,'Valle d"'Aosta / Vallée d"'Aoste',HOUWAG_ENTEMP_NIND_MI,Retribuzione lorda  oraria per ora retribuita delle posizioni lavorative dipendenti in euro (nono decile).,9,Totale,2018,19.35,,,,,TIPO_DATO7__HOUWAG_ENTEMP_NIND_MI_N1,Nono decile della distribuzione della retribuzione oraria della singola posizione lavorativa dipendente delle imprese ottenuta come rapporto fra la retribuzione lorda imponibile a fini contributivi a carico del datore di lavoro e le ore retribuite stimate sempre a carico del datore di lavoro.,,,,,,,,,,
A,Annuale,ITC2,'Valle d"'Aosta / Vallée d"'Aoste',HOUWAG_ENTEMP_NIND_MI,Retribuzione lorda  oraria per ora retribuita delle posizioni lavorative dipendenti in euro (nono decile).,9,Totale,2019,18.23,,,,,TIPO_DATO7__HOUWAG_ENTEMP_NIND_MI_N1,Nono decile della distribuzione della retribuzione oraria della singola posizione lavorativa dipendente delle imprese ottenuta come rapporto fra la retribuzione lorda imponibile a fini contributivi a carico del datore di lavoro e le ore retribuite stimate sempre a carico del datore di lavoro.,,,,,,,,,,
A,Annuale,ITC2,'Valle d"'Aosta / Vallée d"'Aoste',HOUWAG_ENTEMP_NIND_MI,Retribuzione lorda  oraria per ora retribuita delle posizioni lavorative dipendenti in euro (nono decile).,9,Totale,2020,18.73,,,,,TIPO_DATO7__HOUWAG_ENTEMP_NIND_MI_N1,Nono decile della distribuzione della retribuzione oraria della singola posizione lavorativa dipendente delle imprese ottenuta come rapporto fra la retribuzione lorda imponibile a fini contributivi a carico del datore di lavoro e le ore retribuite stimate sempre a carico del datore di lavoro.,,,,,,,,,,
A,Annuale,ITC2,'Valle d"'Aosta / Vallée d"'Aoste',HOUWAG_ENTEMP_NIND_MI,Retribuzione lorda  oraria per ora retribuita delle posizioni lavorative dipendenti in euro (nono decile).,9,Totale,2021,18.77,,,,,TIPO_DATO7__HOUWAG_ENTEMP_NIND_MI_N1,Nono decile della distribuzione della retribuzione oraria della singola posizione lavorativa dipendente delle imprese ottenuta come rapporto fra la retribuzione lorda imponibile a fini contributivi a carico del datore di lavoro e le ore retribuite stimate sempre a carico del datore di lavoro.,,,,,,,,,,
A,Annuale,ITC2,'Valle d"'Aosta / Vallée d"'Aoste',HOUWAG_ENTEMP_NIND_MI,Retribuzione lorda  oraria per ora retribuita delle posizioni lavorative dipendenti in euro (nono decile).,9,Totale,2022,18.75,,,,,TIPO_DATO7__HOUWAG_ENTEMP_NIND_MI_N1,Nono decile della distribuzione della retribuzione oraria della singola posizione lavorativa dipendente delle imprese ottenuta come rapporto fra la retribuzione lorda imponibile a fini contributivi a carico del datore di lavoro e le ore retribuite stimate sempre a carico del datore di lavoro.,,,,,,,,,,
A,Annuale,ITC3,Liguria,HOUWAG_ENTEMP_AV_MI,Retribuzione lorda oraria per ora retribuita delle posizioni lavorative dipendenti in euro (media),9,Totale,2014,14.53,,,,,TIPO_DATO7__HOUWAG_ENTEMP_AV_MI_N1,Media aritmetica semplice della retribuzione oraria calcolata a livello di singola posizione lavorativa. La retribuzione oraria della singola posizione lavorativa dipendente delle imprese è ottenuta come rapporto fra la retribuzione lorda imponibile a fini contributivi a carico del datore di lavoro e le ore retribuite stimate sempre a carico del datore di lavoro.,,,,,,,,,,
A,Annuale,ITC3,Liguria,HOUWAG_ENTEMP_AV_MI,Retribuzione lorda oraria per ora retribuita delle posizioni lavorative dipendenti in euro (media),9,Totale,2015,14.78,,,,,TIPO_DATO7__HOUWAG_ENTEMP_AV_MI_N1,Media aritmetica semplice della retribuzione oraria calcolata a livello di singola posizione lavorativa. La retribuzione oraria della singola posizione lavorativa dipendente delle imprese è ottenuta come rapporto fra la retribuzione lorda imponibile a fini contributivi a carico del datore di lavoro e le ore retribuite stimate sempre a carico del datore di lavoro.,,,,,,,,,,
A,Annuale,ITC3,Liguria,HOUWAG_ENTEMP_AV_MI,Retribuzione lorda oraria per ora retribuita delle posizioni lavorative dipendenti in euro (media),9,Totale,2016,14.75,,,,,TIPO_DATO7__HOUWAG_ENTEMP_AV_MI_N1,Media aritmetica semplice della retribuzione oraria calcolata a livello di singola posizione lavorativa. La retribuzione oraria della singola posizione lavorativa dipendente delle imprese è ottenuta come rapporto fra la retribuzione lorda imponibile a fini contributivi a carico del datore di lavoro e le ore retribuite stimate sempre a carico del datore di lavoro.,,,,,,,,,,
A,Annuale,ITC3,Liguria,HOUWAG_ENTEMP_AV_MI,Retribuzione lorda oraria per ora retribuita delle posizioni lavorative dipendenti in euro (media),9,Totale,2017,14.59,,,,,TIPO_DATO7__HOUWAG_ENTEMP_AV_MI_N1,Media aritmetica semplice della retribuzione oraria calcolata a livello di singola posizione lavorativa. La retribuzione oraria della singola posizione lavorativa dipendente delle imprese è ottenuta come rapporto fra la retribuzione lorda imponibile a fini contributivi a carico del datore di lavoro e le ore retribuite stimate sempre a carico del datore di lavoro.,,,,,,,,,,
A,Annuale,ITC3,Liguria,HOUWAG_ENTEMP_AV_MI,Retribuzione lorda oraria per ora retribuita delle posizioni lavorative dipendenti in euro (media),9,Totale,2018,14.48,,,,,TIPO_DATO7__HOUWAG_ENTEMP_AV_MI_N1,Media aritmetica semplice della retribuzione oraria calcolata a livello di singola posizione lavorativa. La retribuzione oraria della singola posizione lavorativa dipendente delle imprese è ottenuta come rapporto fra la retribuzione lorda imponibile a fini contributivi a carico del datore di lavoro e le ore retribuite stimate sempre a carico del datore di lavoro.,,,,,,,,,,
A,Annuale,ITC3,Liguria,HOUWAG_ENTEMP_AV_MI,Retribuzione lorda oraria per ora retribuita delle posizioni lavorative dipendenti in euro (media),9,Totale,2019,14.64,,,,,TIPO_DATO7__HOUWAG_ENTEMP_AV_MI_N1,Media aritmetica semplice della retribuzione oraria calcolata a livello di singola posizione lavorativa. La retribuzione oraria della singola posizione lavorativa dipendente delle imprese è ottenuta come rapporto fra la retribuzione lorda imponibile a fini contributivi a carico del datore di lavoro e le ore retribuite stimate sempre a carico del datore di lavoro.,,,,,,,,,,
A,Annuale,ITC3,Liguria,HOUWAG_ENTEMP_AV_MI,Retribuzione lorda oraria per ora retribuita delle posizioni lavorative dipendenti in euro (media),9,Totale,2020,14.9,,,,,TIPO_DATO7__HOUWAG_ENTEMP_AV_MI_N1,Media aritmetica semplice della retribuzione oraria calcolata a livello di singola posizione lavorativa. La retribuzione oraria della singola posizione lavorativa dipendente delle imprese è ottenuta come rapporto fra la retribuzione lorda imponibile a fini contributivi a carico del datore di lavoro e le ore retribuite stimate sempre a carico del datore di lavoro.,,,,,,,,,,
A,Annuale,ITC3,Liguria,HOUWAG_ENTEMP_AV_MI,Retribuzione lorda oraria per ora retribuita delle posizioni lavorative dipendenti in euro (media),9,Totale,2021,15.14,,,,,TIPO_DATO7__HOUWAG_ENTEMP_AV_MI_N1,Media aritmetica semplice della retribuzione oraria calcolata a livello di singola posizione lavorativa. La retribuzione oraria della singola posizione lavorativa dipendente delle imprese è ottenuta come rapporto fra la retribuzione lorda imponibile a fini contributivi a carico del datore di lavoro e le ore retribuite stimate sempre a carico del datore di lavoro.,,,,,,,,,,
A,Annuale,ITC3,Liguria,HOUWAG_ENTEMP_AV_MI,Retribuzione lorda oraria per ora retribuita delle posizioni lavorative dipendenti in euro (media),9,Totale,2022,15.04,,,,,TIPO_DATO7__HOUWAG_ENTEMP_AV_MI_N1,Media aritmetica semplice della retribuzione oraria calcolata a livello di singola posizione lavorativa. La retribuzione oraria della singola posizione lavorativa dipendente delle imprese è ottenuta come rapporto fra la retribuzione lorda imponibile a fini contributivi a carico del datore di lavoro e le ore retribuite stimate sempre a carico del datore di lavoro.,,,,,,,,,,
A,Annuale,ITC3,Liguria,HOUWAG_ENTEMP_FIRD_MI,Retribuzione lorda  oraria per ora retribuita delle posizioni lavorative dipendenti in euro (primo decile),9,Totale,2014,8.06,,,,,TIPO_DATO7__HOUWAG_ENTEMP_FIRD_MI_N1,Primo decile della distribuzione della retribuzione oraria della singola posizione lavorativa dipendente delle imprese ottenuta come rapporto fra la retribuzione lorda imponibile a fini contributivi a carico del datore di lavoro e le ore retribuite stimate sempre a carico del datore di lavoro.,,,,,,,,,,
A,Annuale,ITC3,Liguria,HOUWAG_ENTEMP_FIRD_MI,Retribuzione lorda  oraria per ora retribuita delle posizioni lavorative dipendenti in euro (primo decile),9,Totale,2015,8.17,,,,,TIPO_DATO7__HOUWAG_ENTEMP_FIRD_MI_N1,Primo decile della distribuzione della retribuzione oraria della singola posizione lavorativa dipendente delle imprese ottenuta come rapporto fra la retribuzione lorda imponibile a fini contributivi a carico del datore di lavoro e le ore retribuite stimate sempre a carico del datore di lavoro.,,,,,,,,,,
A,Annuale,ITC3,Liguria,HOUWAG_ENTEMP_FIRD_MI,Retribuzione lorda  oraria per ora retribuita delle posizioni lavorative dipendenti in euro (primo decile),9,Totale,2016,8.19,,,,,TIPO_DATO7__HOUWAG_ENTEMP_FIRD_MI_N1,Primo decile della distribuzione della retribuzione oraria della singola posizione lavorativa dipendente delle imprese ottenuta come rapporto fra la retribuzione lorda imponibile a fini contributivi a carico del datore di lavoro e le ore retribuite stimate sempre a carico del datore di lavoro.,,,,,,,,,,
A,Annuale,ITC3,Liguria,HOUWAG_ENTEMP_FIRD_MI,Retribuzione lorda  oraria per ora retribuita delle posizioni lavorative dipendenti in euro (primo decile),9,Totale,2017,8.16,,,,,TIPO_DATO7__HOUWAG_ENTEMP_FIRD_MI_N1,Primo decile della distribuzione della retribuzione oraria della singola posizione lavorativa dipendente delle imprese ottenuta come rapporto fra la retribuzione lorda imponibile a fini contributivi a carico del datore di lavoro e le ore retribuite stimate sempre a carico del datore di lavoro.,,,,,,,,,,
A,Annuale,ITC3,Liguria,HOUWAG_ENTEMP_FIRD_MI,Retribuzione lorda  oraria per ora retribuita delle posizioni lavorative dipendenti in euro (primo decile),9,Totale,2018,8.19,,,,,TIPO_DATO7__HOUWAG_ENTEMP_FIRD_MI_N1,Primo decile della distribuzione della retribuzione oraria della singola posizione lavorativa dipendente delle imprese ottenuta come rapporto fra la retribuzione lorda imponibile a fini contributivi a carico del datore di lavoro e le ore retribuite stimate sempre a carico del datore di lavoro.,,,,,,,,,,
A,Annuale,ITC3,Liguria,HOUWAG_ENTEMP_FIRD_MI,Retribuzione lorda  oraria per ora retribuita delle posizioni lavorative dipendenti in euro (primo decile),9,Totale,2019,8.27,,,,,TIPO_DATO7__HOUWAG_ENTEMP_FIRD_MI_N1,Primo decile della distribuzione della retribuzione oraria della singola posizione lavorativa dipendente delle imprese ottenuta come rapporto fra la retribuzione lorda imponibile a fini contributivi a carico del datore di lavoro e le ore retribuite stimate sempre a carico del datore di lavoro.,,,,,,,,,,
A,Annuale,ITC3,Liguria,HOUWAG_ENTEMP_FIRD_MI,Retribuzione lorda  oraria per ora retribuita delle posizioni lavorative dipendenti in euro (primo decile),9,Totale,2020,8.45,,,,,TIPO_DATO7__HOUWAG_ENTEMP_FIRD_MI_N1,Primo decile della distribuzione della retribuzione oraria della singola posizione lavorativa dipendente delle imprese ottenuta come rapporto fra la retribuzione lorda imponibile a fini contributivi a carico del datore di lavoro e le ore retribuite stimate sempre a carico del datore di lavoro.,,,,,,,,,,
A,Annuale,ITC3,Liguria,HOUWAG_ENTEMP_FIRD_MI,Retribuzione lorda  oraria per ora retribuita delle posizioni lavorative dipendenti in euro (primo decile),9,Totale,2021,8.48,,,,,TIPO_DATO7__HOUWAG_ENTEMP_FIRD_MI_N1,Primo decile della distribuzione della retribuzione oraria della singola posizione lavorativa dipendente delle imprese ottenuta come rapporto fra la retribuzione lorda imponibile a fini contributivi a carico del datore di lavoro e le ore retribuite stimate sempre a carico del datore di lavoro.,,,,,,,,,,
A,Annuale,ITC3,Liguria,HOUWAG_ENTEMP_FIRD_MI,Retribuzione lorda  oraria per ora retribuita delle posizioni lavorative dipendenti in euro (primo decile),9,Totale,2022,8.54,,,,,TIPO_DATO7__HOUWAG_ENTEMP_FIRD_MI_N1,Primo decile della distribuzione della retribuzione oraria della singola posizione lavorativa dipendente delle imprese ottenuta come rapporto fra la retribuzione lorda imponibile a fini contributivi a carico del datore di lavoro e le ore retribuite stimate sempre a carico del datore di lavoro.,,,,,,,,,,
A,Annuale,ITC3,Liguria,HOUWAG_ENTEMP_MED_MI,Retribuzione lorda  oraria per ora retribuita delle posizioni lavorative dipendenti in euro (mediana).,9,Totale,2014,11.38,,,,,TIPO_DATO7__HOUWAG_ENTEMP_MED_MI_N1,Valore mediano della distribuzione della retribuzione oraria della singola posizione lavorativa dipendente delle imprese ottenuta come rapporto fra la retribuzione lorda imponibile a fini contributivi a carico del datore di lavoro e le ore retribuite stimate sempre a carico del datore di lavoro.,,,,,,,,,,
A,Annuale,ITC3,Liguria,HOUWAG_ENTEMP_MED_MI,Retribuzione lorda  oraria per ora retribuita delle posizioni lavorative dipendenti in euro (mediana).,9,Totale,2015,11.53,,,,,TIPO_DATO7__HOUWAG_ENTEMP_MED_MI_N1,Valore mediano della distribuzione della retribuzione oraria della singola posizione lavorativa dipendente delle imprese ottenuta come rapporto fra la retribuzione lorda imponibile a fini contributivi a carico del datore di lavoro e le ore retribuite stimate sempre a carico del datore di lavoro.,,,,,,,,,,
A,Annuale,ITC3,Liguria,HOUWAG_ENTEMP_MED_MI,Retribuzione lorda  oraria per ora retribuita delle posizioni lavorative dipendenti in euro (mediana).,9,Totale,2016,11.53,,,,,TIPO_DATO7__HOUWAG_ENTEMP_MED_MI_N1,Valore mediano della distribuzione della retribuzione oraria della singola posizione lavorativa dipendente delle imprese ottenuta come rapporto fra la retribuzione lorda imponibile a fini contributivi a carico del datore di lavoro e le ore retribuite stimate sempre a carico del datore di lavoro.,,,,,,,,,,
A,Annuale,ITC3,Liguria,HOUWAG_ENTEMP_MED_MI,Retribuzione lorda  oraria per ora retribuita delle posizioni lavorative dipendenti in euro (mediana).,9,Totale,2017,11.43,,,,,TIPO_DATO7__HOUWAG_ENTEMP_MED_MI_N1,Valore mediano della distribuzione della retribuzione oraria della singola posizione lavorativa dipendente delle imprese ottenuta come rapporto fra la retribuzione lorda imponibile a fini contributivi a carico del datore di lavoro e le ore retribuite stimate sempre a carico del datore di lavoro.,,,,,,,,,,
A,Annuale,ITC3,Liguria,HOUWAG_ENTEMP_MED_MI,Retribuzione lorda  oraria per ora retribuita delle posizioni lavorative dipendenti in euro (mediana).,9,Totale,2018,11.43,,,,,TIPO_DATO7__HOUWAG_ENTEMP_MED_MI_N1,Valore mediano della distribuzione della retribuzione oraria della singola posizione lavorativa dipendente delle imprese ottenuta come rapporto fra la retribuzione lorda imponibile a fini contributivi a carico del datore di lavoro e le ore retribuite stimate sempre a carico del datore di lavoro.,,,,,,,,,,
A,Annuale,ITC3,Liguria,HOUWAG_ENTEMP_MED_MI,Retribuzione lorda  oraria per ora retribuita delle posizioni lavorative dipendenti in euro (mediana).,9,Totale,2019,11.53,,,,,TIPO_DATO7__HOUWAG_ENTEMP_MED_MI_N1,Valore mediano della distribuzione della retribuzione oraria della singola posizione lavorativa dipendente delle imprese ottenuta come rapporto fra la retribuzione lorda imponibile a fini contributivi a carico del datore di lavoro e le ore retribuite stimate sempre a carico del datore di lavoro.,,,,,,,,,,
A,Annuale,ITC3,Liguria,HOUWAG_ENTEMP_MED_MI,Retribuzione lorda  oraria per ora retribuita delle posizioni lavorative dipendenti in euro (mediana).,9,Totale,2020,11.87,,,,,TIPO_DATO7__HOUWAG_ENTEMP_MED_MI_N1,Valore mediano della distribuzione della retribuzione oraria della singola posizione lavorativa dipendente delle imprese ottenuta come rapporto fra la retribuzione lorda imponibile a fini contributivi a carico del datore di lavoro e le ore retribuite stimate sempre a carico del datore di lavoro.,,,,,,,,,,
A,Annuale,ITC3,Liguria,HOUWAG_ENTEMP_MED_MI,Retribuzione lorda  oraria per ora retribuita delle posizioni lavorative dipendenti in euro (mediana).,9,Totale,2021,11.72,,,,,TIPO_DATO7__HOUWAG_ENTEMP_MED_MI_N1,Valore mediano della distribuzione della retribuzione oraria della singola posizione lavorativa dipendente delle imprese ottenuta come rapporto fra la retribuzione lorda imponibile a fini contributivi a carico del datore di lavoro e le ore retribuite stimate sempre a carico del datore di lavoro.,,,,,,,,,,
A,Annuale,ITC3,Liguria,HOUWAG_ENTEMP_MED_MI,Retribuzione lorda  oraria per ora retribuita delle posizioni lavorative dipendenti in euro (mediana).,9,Totale,2022,11.8,,,,,TIPO_DATO7__HOUWAG_ENTEMP_MED_MI_N1,Valore mediano della distribuzione della retribuzione oraria della singola posizione lavorativa dipendente delle imprese ottenuta come rapporto fra la retribuzione lorda imponibile a fini contributivi a carico del datore di lavoro e le ore retribuite stimate sempre a carico del datore di lavoro.,,,,,,,,,,
A,Annuale,ITC3,Liguria,HOUWAG_ENTEMP_NIND_MI,Retribuzione lorda  oraria per ora retribuita delle posizioni lavorative dipendenti in euro (nono decile).,9,Totale,2014,22.24,,,,,TIPO_DATO7__HOUWAG_ENTEMP_NIND_MI_N1,Nono decile della distribuzione della retribuzione oraria della singola posizione lavorativa dipendente delle imprese ottenuta come rapporto fra la retribuzione lorda imponibile a fini contributivi a carico del datore di lavoro e le ore retribuite stimate sempre a carico del datore di lavoro.,,,,,,,,,,
A,Annuale,ITC3,Liguria,HOUWAG_ENTEMP_NIND_MI,Retribuzione lorda  oraria per ora retribuita delle posizioni lavorative dipendenti in euro (nono decile).,9,Totale,2015,22.56,,,,,TIPO_DATO7__HOUWAG_ENTEMP_NIND_MI_N1,Nono decile della distribuzione della retribuzione oraria della singola posizione lavorativa dipendente delle imprese ottenuta come rapporto fra la retribuzione lorda imponibile a fini contributivi a carico del datore di lavoro e le ore retribuite stimate sempre a carico del datore di lavoro.,,,,,,,,,,
A,Annuale,ITC3,Liguria,HOUWAG_ENTEMP_NIND_MI,Retribuzione lorda  oraria per ora retribuita delle posizioni lavorative dipendenti in euro (nono decile).,9,Totale,2016,22.37,,,,,TIPO_DATO7__HOUWAG_ENTEMP_NIND_MI_N1,Nono decile della distribuzione della retribuzione oraria della singola posizione lavorativa dipendente delle imprese ottenuta come rapporto fra la retribuzione lorda imponibile a fini contributivi a carico del datore di lavoro e le ore retribuite stimate sempre a carico del datore di lavoro.,,,,,,,,,,
A,Annuale,ITC3,Liguria,HOUWAG_ENTEMP_NIND_MI,Retribuzione lorda  oraria per ora retribuita delle posizioni lavorative dipendenti in euro (nono decile).,9,Totale,2017,22.26,,,,,TIPO_DATO7__HOUWAG_ENTEMP_NIND_MI_N1,Nono decile della distribuzione della retribuzione oraria della singola posizione lavorativa dipendente delle imprese ottenuta come rapporto fra la retribuzione lorda imponibile a fini contributivi a carico del datore di lavoro e le ore retribuite stimate sempre a carico del datore di lavoro.,,,,,,,,,,
A,Annuale,ITC3,Liguria,HOUWAG_ENTEMP_NIND_MI,Retribuzione lorda  oraria per ora retribuita delle posizioni lavorative dipendenti in euro (nono decile).,9,Totale,2018,22.13,,,,,TIPO_DATO7__HOUWAG_ENTEMP_NIND_MI_N1,Nono decile della distribuzione della retribuzione oraria della singola posizione lavorativa dipendente delle imprese ottenuta come rapporto fra la retribuzione lorda imponibile a fini contributivi a carico del datore di lavoro e le ore retribuite stimate sempre a carico del datore di lavoro.,,,,,,,,,,
A,Annuale,ITC3,Liguria,HOUWAG_ENTEMP_NIND_MI,Retribuzione lorda  oraria per ora retribuita delle posizioni lavorative dipendenti in euro (nono decile).,9,Totale,2019,22.17,,,,,TIPO_DATO7__HOUWAG_ENTEMP_NIND_MI_N1,Nono decile della distribuzione della retribuzione oraria della singola posizione lavorativa dipendente delle imprese ottenuta come rapporto fra la retribuzione lorda imponibile a fini contributivi a carico del datore di lavoro e le ore retribuite stimate sempre a carico del datore di lavoro.,,,,,,,,,,
A,Annuale,ITC3,Liguria,HOUWAG_ENTEMP_NIND_MI,Retribuzione lorda  oraria per ora retribuita delle posizioni lavorative dipendenti in euro (nono decile).,9,Totale,2020,22.58,,,,,TIPO_DATO7__HOUWAG_ENTEMP_NIND_MI_N1,Nono decile della distribuzione della retribuzione oraria della singola posizione lavorativa dipendente delle imprese ottenuta come rapporto fra la retribuzione lorda imponibile a fini contributivi a carico del datore di lavoro e le ore retribuite stimate sempre a carico del datore di lavoro.,,,,,,,,,,
A,Annuale,ITC3,Liguria,HOUWAG_ENTEMP_NIND_MI,Retribuzione lorda  oraria per ora retribuita delle posizioni lavorative dipendenti in euro (nono decile).,9,Totale,2021,22.58,,,,,TIPO_DATO7__HOUWAG_ENTEMP_NIND_MI_N1,Nono decile della distribuzione della retribuzione oraria della singola posizione lavorativa dipendente delle imprese ottenuta come rapporto fra la retribuzione lorda imponibile a fini contributivi a carico del datore di lavoro e le ore retribuite stimate sempre a carico del datore di lavoro.,,,,,,,,,,
A,Annuale,ITC3,Liguria,HOUWAG_ENTEMP_NIND_MI,Retribuzione lorda  oraria per ora retribuita delle posizioni lavorative dipendenti in euro (nono decile).,9,Totale,2022,22.78,,,,,TIPO_DATO7__HOUWAG_ENTEMP_NIND_MI_N1,Nono decile della distribuzione della retribuzione oraria della singola posizione lavorativa dipendente delle imprese ottenuta come rapporto fra la retribuzione lorda imponibile a fini contributivi a carico del datore di lavoro e le ore retribuite stimate sempre a carico del datore di lavoro.,,,,,,,,,,
A,Annuale,ITC4,Lombardia,HOUWAG_ENTEMP_AV_MI,Retribuzione lorda oraria per ora retribuita delle posizioni lavorative dipendenti in euro (media),9,Totale,2014,15.5,,,,,TIPO_DATO7__HOUWAG_ENTEMP_AV_MI_N1,Media aritmetica semplice della retribuzione oraria calcolata a livello di singola posizione lavorativa. La retribuzione oraria della singola posizione lavorativa dipendente delle imprese è ottenuta come rapporto fra la retribuzione lorda imponibile a fini contributivi a carico del datore di lavoro e le ore retribuite stimate sempre a carico del datore di lavoro.,,,,,,,,,,
A,Annuale,ITC4,Lombardia,HOUWAG_ENTEMP_AV_MI,Retribuzione lorda oraria per ora retribuita delle posizioni lavorative dipendenti in euro (media),9,Totale,2015,15.77,,,,,TIPO_DATO7__HOUWAG_ENTEMP_AV_MI_N1,Media aritmetica semplice della retribuzione oraria calcolata a livello di singola posizione lavorativa. La retribuzione oraria della singola posizione lavorativa dipendente delle imprese è ottenuta come rapporto fra la retribuzione lorda imponibile a fini contributivi a carico del datore di lavoro e le ore retribuite stimate sempre a carico del datore di lavoro.,,,,,,,,,,
A,Annuale,ITC4,Lombardia,HOUWAG_ENTEMP_AV_MI,Retribuzione lorda oraria per ora retribuita delle posizioni lavorative dipendenti in euro (media),9,Totale,2016,15.75,,,,,TIPO_DATO7__HOUWAG_ENTEMP_AV_MI_N1,Media aritmetica semplice della retribuzione oraria calcolata a livello di singola posizione lavorativa. La retribuzione oraria della singola posizione lavorativa dipendente delle imprese è ottenuta come rapporto fra la retribuzione lorda imponibile a fini contributivi a carico del datore di lavoro e le ore retribuite stimate sempre a carico del datore di lavoro.,,,,,,,,,,
A,Annuale,ITC4,Lombardia,HOUWAG_ENTEMP_AV_MI,Retribuzione lorda oraria per ora retribuita delle posizioni lavorative dipendenti in euro (media),9,Totale,2017,15.76,,,,,TIPO_DATO7__HOUWAG_ENTEMP_AV_MI_N1,Media aritmetica semplice della retribuzione oraria calcolata a livello di singola posizione lavorativa. La retribuzione oraria della singola posizione lavorativa dipendente delle imprese è ottenuta come rapporto fra la retribuzione lorda imponibile a fini contributivi a carico del datore di lavoro e le ore retribuite stimate sempre a carico del datore di lavoro.,,,,,,,,,,
A,Annuale,ITC4,Lombardia,HOUWAG_ENTEMP_AV_MI,Retribuzione lorda oraria per ora retribuita delle posizioni lavorative dipendenti in euro (media),9,Totale,2018,15.78,,,,,TIPO_DATO7__HOUWAG_ENTEMP_AV_MI_N1,Media aritmetica semplice della retribuzione oraria calcolata a livello di singola posizione lavorativa. La retribuzione oraria della singola posizione lavorativa dipendente delle imprese è ottenuta come rapporto fra la retribuzione lorda imponibile a fini contributivi a carico del datore di lavoro e le ore retribuite stimate sempre a carico del datore di lavoro.,,,,,,,,,,
A,Annuale,ITC4,Lombardia,HOUWAG_ENTEMP_AV_MI,Retribuzione lorda oraria per ora retribuita delle posizioni lavorative dipendenti in euro (media),9,Totale,2019,15.68,,,,,TIPO_DATO7__HOUWAG_ENTEMP_AV_MI_N1,Media aritmetica semplice della retribuzione oraria calcolata a livello di singola posizione lavorativa. La retribuzione oraria della singola posizione lavorativa dipendente delle imprese è ottenuta come rapporto fra la retribuzione lorda imponibile a fini contributivi a carico del datore di lavoro e le ore retribuite stimate sempre a carico del datore di lavoro.,,,,,,,,,,
A,Annuale,ITC4,Lombardia,HOUWAG_ENTEMP_AV_MI,Retribuzione lorda oraria per ora retribuita delle posizioni lavorative dipendenti in euro (media),9,Totale,2020,16.38,,,,,TIPO_DATO7__HOUWAG_ENTEMP_AV_MI_N1,Media aritmetica semplice della retribuzione oraria calcolata a livello di singola posizione lavorativa. La retribuzione oraria della singola posizione lavorativa dipendente delle imprese è ottenuta come rapporto fra la retribuzione lorda imponibile a fini contributivi a carico del datore di lavoro e le ore retribuite stimate sempre a carico del datore di lavoro.,,,,,,,,,,
A,Annuale,ITC4,Lombardia,HOUWAG_ENTEMP_AV_MI,Retribuzione lorda oraria per ora retribuita delle posizioni lavorative dipendenti in euro (media),9,Totale,2021,16.77,,,,,TIPO_DATO7__HOUWAG_ENTEMP_AV_MI_N1,Media aritmetica semplice della retribuzione oraria calcolata a livello di singola posizione lavorativa. La retribuzione oraria della singola posizione lavorativa dipendente delle imprese è ottenuta come rapporto fra la retribuzione lorda imponibile a fini contributivi a carico del datore di lavoro e le ore retribuite stimate sempre a carico del datore di lavoro.,,,,,,,,,,
A,Annuale,ITC4,Lombardia,HOUWAG_ENTEMP_AV_MI,Retribuzione lorda oraria per ora retribuita delle posizioni lavorative dipendenti in euro (media),9,Totale,2022,16.73,,,,,TIPO_DATO7__HOUWAG_ENTEMP_AV_MI_N1,Media aritmetica semplice della retribuzione oraria calcolata a livello di singola posizione lavorativa. La retribuzione oraria della singola posizione lavorativa dipendente delle imprese è ottenuta come rapporto fra la retribuzione lorda imponibile a fini contributivi a carico del datore di lavoro e le ore retribuite stimate sempre a carico del datore di lavoro.,,,,,,,,,,
A,Annuale,ITC4,Lombardia,HOUWAG_ENTEMP_FIRD_MI,Retribuzione lorda  oraria per ora retribuita delle posizioni lavorative dipendenti in euro (primo decile),9,Totale,2014,8.08,,,,,TIPO_DATO7__HOUWAG_ENTEMP_FIRD_MI_N1,Primo decile della distribuzione della retribuzione oraria della singola posizione lavorativa dipendente delle imprese ottenuta come rapporto fra la retribuzione lorda imponibile a fini contributivi a carico del datore di lavoro e le ore retribuite stimate sempre a carico del datore di lavoro.,,,,,,,,,,
A,Annuale,ITC4,Lombardia,HOUWAG_ENTEMP_FIRD_MI,Retribuzione lorda  oraria per ora retribuita delle posizioni lavorative dipendenti in euro (primo decile),9,Totale,2015,8.22,,,,,TIPO_DATO7__HOUWAG_ENTEMP_FIRD_MI_N1,Primo decile della distribuzione della retribuzione oraria della singola posizione lavorativa dipendente delle imprese ottenuta come rapporto fra la retribuzione lorda imponibile a fini contributivi a carico del datore di lavoro e le ore retribuite stimate sempre a carico del datore di lavoro.,,,,,,,,,,
A,Annuale,ITC4,Lombardia,HOUWAG_ENTEMP_FIRD_MI,Retribuzione lorda  oraria per ora retribuita delle posizioni lavorative dipendenti in euro (primo decile),9,Totale,2016,8.24,,,,,TIPO_DATO7__HOUWAG_ENTEMP_FIRD_MI_N1,Primo decile della distribuzione della retribuzione oraria della singola posizione lavorativa dipendente delle imprese ottenuta come rapporto fra la retribuzione lorda imponibile a fini contributivi a carico del datore di lavoro e le ore retribuite stimate sempre a carico del datore di lavoro.,,,,,,,,,,
A,Annuale,ITC4,Lombardia,HOUWAG_ENTEMP_FIRD_MI,Retribuzione lorda  oraria per ora retribuita delle posizioni lavorative dipendenti in euro (primo decile),9,Totale,2017,8.29,,,,,TIPO_DATO7__HOUWAG_ENTEMP_FIRD_MI_N1,Primo decile della distribuzione della retribuzione oraria della singola posizione lavorativa dipendente delle imprese ottenuta come rapporto fra la retribuzione lorda imponibile a fini contributivi a carico del datore di lavoro e le ore retribuite stimate sempre a carico del datore di lavoro.,,,,,,,,,,
A,Annuale,ITC4,Lombardia,HOUWAG_ENTEMP_FIRD_MI,Retribuzione lorda  oraria per ora retribuita delle posizioni lavorative dipendenti in euro (primo decile),9,Totale,2018,8.29,,,,,TIPO_DATO7__HOUWAG_ENTEMP_FIRD_MI_N1,Primo decile della distribuzione della retribuzione oraria della singola posizione lavorativa dipendente delle imprese ottenuta come rapporto fra la retribuzione lorda imponibile a fini contributivi a carico del datore di lavoro e le ore retribuite stimate sempre a carico del datore di lavoro.,,,,,,,,,,
A,Annuale,ITC4,Lombardia,HOUWAG_ENTEMP_FIRD_MI,Retribuzione lorda  oraria per ora retribuita delle posizioni lavorative dipendenti in euro (primo decile),9,Totale,2019,8.37,,,,,TIPO_DATO7__HOUWAG_ENTEMP_FIRD_MI_N1,Primo decile della distribuzione della retribuzione oraria della singola posizione lavorativa dipendente delle imprese ottenuta come rapporto fra la retribuzione lorda imponibile a fini contributivi a carico del datore di lavoro e le ore retribuite stimate sempre a carico del datore di lavoro.,,,,,,,,,,
A,Annuale,ITC4,Lombardia,HOUWAG_ENTEMP_FIRD_MI,Retribuzione lorda  oraria per ora retribuita delle posizioni lavorative dipendenti in euro (primo decile),9,Totale,2020,8.57,,,,,TIPO_DATO7__HOUWAG_ENTEMP_FIRD_MI_N1,Primo decile della distribuzione della retribuzione oraria della singola posizione lavorativa dipendente delle imprese ottenuta come rapporto fra la retribuzione lorda imponibile a fini contributivi a carico del datore di lavoro e le ore retribuite stimate sempre a carico del datore di lavoro.,,,,,,,,,,
A,Annuale,ITC4,Lombardia,HOUWAG_ENTEMP_FIRD_MI,Retribuzione lorda  oraria per ora retribuita delle posizioni lavorative dipendenti in euro (primo decile),9,Totale,2021,8.58,,,,,TIPO_DATO7__HOUWAG_ENTEMP_FIRD_MI_N1,Primo decile della distribuzione della retribuzione oraria della singola posizione lavorativa dipendente delle imprese ottenuta come rapporto fra la retribuzione lorda imponibile a fini contributivi a carico del datore di lavoro e le ore retribuite stimate sempre a carico del datore di lavoro.,,,,,,,,,,
A,Annuale,ITC4,Lombardia,HOUWAG_ENTEMP_FIRD_MI,Retribuzione lorda  oraria per ora retribuita delle posizioni lavorative dipendenti in euro (primo decile),9,Totale,2022,8.64,,,,,TIPO_DATO7__HOUWAG_ENTEMP_FIRD_MI_N1,Primo decile della distribuzione della retribuzione oraria della singola posizione lavorativa dipendente delle imprese ottenuta come rapporto fra la retribuzione lorda imponibile a fini contributivi a carico del datore di lavoro e le ore retribuite stimate sempre a carico del datore di lavoro.,,,,,,,,,,
A,Annuale,ITC4,Lombardia,HOUWAG_ENTEMP_MED_MI,Retribuzione lorda  oraria per ora retribuita delle posizioni lavorative dipendenti in euro (mediana).,9,Totale,2014,11.86,,,,,TIPO_DATO7__HOUWAG_ENTEMP_MED_MI_N1,Valore mediano della distribuzione della retribuzione oraria della singola posizione lavorativa dipendente delle imprese ottenuta come rapporto fra la retribuzione lorda imponibile a fini contributivi a carico del datore di lavoro e le ore retribuite stimate sempre a carico del datore di lavoro.,,,,,,,,,,
A,Annuale,ITC4,Lombardia,HOUWAG_ENTEMP_MED_MI,Retribuzione lorda  oraria per ora retribuita delle posizioni lavorative dipendenti in euro (mediana).,9,Totale,2015,12.04,,,,,TIPO_DATO7__HOUWAG_ENTEMP_MED_MI_N1,Valore mediano della distribuzione della retribuzione oraria della singola posizione lavorativa dipendente delle imprese ottenuta come rapporto fra la retribuzione lorda imponibile a fini contributivi a carico del datore di lavoro e le ore retribuite stimate sempre a carico del datore di lavoro.,,,,,,,,,,
A,Annuale,ITC4,Lombardia,HOUWAG_ENTEMP_MED_MI,Retribuzione lorda  oraria per ora retribuita delle posizioni lavorative dipendenti in euro (mediana).,9,Totale,2016,12.02,,,,,TIPO_DATO7__HOUWAG_ENTEMP_MED_MI_N1,Valore mediano della distribuzione della retribuzione oraria della singola posizione lavorativa dipendente delle imprese ottenuta come rapporto fra la retribuzione lorda imponibile a fini contributivi a carico del datore di lavoro e le ore retribuite stimate sempre a carico del datore di lavoro.,,,,,,,,,,
A,Annuale,ITC4,Lombardia,HOUWAG_ENTEMP_MED_MI,Retribuzione lorda  oraria per ora retribuita delle posizioni lavorative dipendenti in euro (mediana).,9,Totale,2017,12.03,,,,,TIPO_DATO7__HOUWAG_ENTEMP_MED_MI_N1,Valore mediano della distribuzione della retribuzione oraria della singola posizione lavorativa dipendente delle imprese ottenuta come rapporto fra la retribuzione lorda imponibile a fini contributivi a carico del datore di lavoro e le ore retribuite stimate sempre a carico del datore di lavoro.,,,,,,,,,,
A,Annuale,ITC4,Lombardia,HOUWAG_ENTEMP_MED_MI,Retribuzione lorda  oraria per ora retribuita delle posizioni lavorative dipendenti in euro (mediana).,9,Totale,2018,12.04,,,,,TIPO_DATO7__HOUWAG_ENTEMP_MED_MI_N1,Valore mediano della distribuzione della retribuzione oraria della singola posizione lavorativa dipendente delle imprese ottenuta come rapporto fra la retribuzione lorda imponibile a fini contributivi a carico del datore di lavoro e le ore retribuite stimate sempre a carico del datore di lavoro.,,,,,,,,,,
A,Annuale,ITC4,Lombardia,HOUWAG_ENTEMP_MED_MI,Retribuzione lorda  oraria per ora retribuita delle posizioni lavorative dipendenti in euro (mediana).,9,Totale,2019,12.15,,,,,TIPO_DATO7__HOUWAG_ENTEMP_MED_MI_N1,Valore mediano della distribuzione della retribuzione oraria della singola posizione lavorativa dipendente delle imprese ottenuta come rapporto fra la retribuzione lorda imponibile a fini contributivi a carico del datore di lavoro e le ore retribuite stimate sempre a carico del datore di lavoro.,,,,,,,,,,
A,Annuale,ITC4,Lombardia,HOUWAG_ENTEMP_MED_MI,Retribuzione lorda  oraria per ora retribuita delle posizioni lavorative dipendenti in euro (mediana).,9,Totale,2020,12.6,,,,,TIPO_DATO7__HOUWAG_ENTEMP_MED_MI_N1,Valore mediano della distribuzione della retribuzione oraria della singola posizione lavorativa dipendente delle imprese ottenuta come rapporto fra la retribuzione lorda imponibile a fini contributivi a carico del datore di lavoro e le ore retribuite stimate sempre a carico del datore di lavoro.,,,,,,,,,,
A,Annuale,ITC4,Lombardia,HOUWAG_ENTEMP_MED_MI,Retribuzione lorda  oraria per ora retribuita delle posizioni lavorative dipendenti in euro (mediana).,9,Totale,2021,12.55,,,,,TIPO_DATO7__HOUWAG_ENTEMP_MED_MI_N1,Valore mediano della distribuzione della retribuzione oraria della singola posizione lavorativa dipendente delle imprese ottenuta come rapporto fra la retribuzione lorda imponibile a fini contributivi a carico del datore di lavoro e le ore retribuite stimate sempre a carico del datore di lavoro.,,,,,,,,,,
A,Annuale,ITC4,Lombardia,HOUWAG_ENTEMP_MED_MI,Retribuzione lorda  oraria per ora retribuita delle posizioni lavorative dipendenti in euro (mediana).,9,Totale,2022,12.57,,,,,TIPO_DATO7__HOUWAG_ENTEMP_MED_MI_N1,Valore mediano della distribuzione della retribuzione oraria della singola posizione lavorativa dipendente delle imprese ottenuta come rapporto fra la retribuzione lorda imponibile a fini contributivi a carico del datore di lavoro e le ore retribuite stimate sempre a carico del datore di lavoro.,,,,,,,,,,
A,Annuale,ITC4,Lombardia,HOUWAG_ENTEMP_NIND_MI,Retribuzione lorda  oraria per ora retribuita delle posizioni lavorative dipendenti in euro (nono decile).,9,Totale,2014,24.26,,,,,TIPO_DATO7__HOUWAG_ENTEMP_NIND_MI_N1,Nono decile della distribuzione della retribuzione oraria della singola posizione lavorativa dipendente delle imprese ottenuta come rapporto fra la retribuzione lorda imponibile a fini contributivi a carico del datore di lavoro e le ore retribuite stimate sempre a carico del datore di lavoro.,,,,,,,,,,
A,Annuale,ITC4,Lombardia,HOUWAG_ENTEMP_NIND_MI,Retribuzione lorda  oraria per ora retribuita delle posizioni lavorative dipendenti in euro (nono decile).,9,Totale,2015,24.55,,,,,TIPO_DATO7__HOUWAG_ENTEMP_NIND_MI_N1,Nono decile della distribuzione della retribuzione oraria della singola posizione lavorativa dipendente delle imprese ottenuta come rapporto fra la retribuzione lorda imponibile a fini contributivi a carico del datore di lavoro e le ore retribuite stimate sempre a carico del datore di lavoro.,,,,,,,,,,
A,Annuale,ITC4,Lombardia,HOUWAG_ENTEMP_NIND_MI,Retribuzione lorda  oraria per ora retribuita delle posizioni lavorative dipendenti in euro (nono decile).,9,Totale,2016,24.62,,,,,TIPO_DATO7__HOUWAG_ENTEMP_NIND_MI_N1,Nono decile della distribuzione della retribuzione oraria della singola posizione lavorativa dipendente delle imprese ottenuta come rapporto fra la retribuzione lorda imponibile a fini contributivi a carico del datore di lavoro e le ore retribuite stimate sempre a carico del datore di lavoro.,,,,,,,,,,
A,Annuale,ITC4,Lombardia,HOUWAG_ENTEMP_NIND_MI,Retribuzione lorda  oraria per ora retribuita delle posizioni lavorative dipendenti in euro (nono decile).,9,Totale,2017,24.63,,,,,TIPO_DATO7__HOUWAG_ENTEMP_NIND_MI_N1,Nono decile della distribuzione della retribuzione oraria della singola posizione lavorativa dipendente delle imprese ottenuta come rapporto fra la retribuzione lorda imponibile a fini contributivi a carico del datore di lavoro e le ore retribuite stimate sempre a carico del datore di lavoro.,,,,,,,,,,
A,Annuale,ITC4,Lombardia,HOUWAG_ENTEMP_NIND_MI,Retribuzione lorda  oraria per ora retribuita delle posizioni lavorative dipendenti in euro (nono decile).,9,Totale,2018,24.7,,,,,TIPO_DATO7__HOUWAG_ENTEMP_NIND_MI_N1,Nono decile della distribuzione della retribuzione oraria della singola posizione lavorativa dipendente delle imprese ottenuta come rapporto fra la retribuzione lorda imponibile a fini contributivi a carico del datore di lavoro e le ore retribuite stimate sempre a carico del datore di lavoro.,,,,,,,,,,
A,Annuale,ITC4,Lombardia,HOUWAG_ENTEMP_NIND_MI,Retribuzione lorda  oraria per ora retribuita delle posizioni lavorative dipendenti in euro (nono decile).,9,Totale,2019,24.32,,,,,TIPO_DATO7__HOUWAG_ENTEMP_NIND_MI_N1,Nono decile della distribuzione della retribuzione oraria della singola posizione lavorativa dipendente delle imprese ottenuta come rapporto fra la retribuzione lorda imponibile a fini contributivi a carico del datore di lavoro e le ore retribuite stimate sempre a carico del datore di lavoro.,,,,,,,,,,
A,Annuale,ITC4,Lombardia,HOUWAG_ENTEMP_NIND_MI,Retribuzione lorda  oraria per ora retribuita delle posizioni lavorative dipendenti in euro (nono decile).,9,Totale,2020,25.61,,,,,TIPO_DATO7__HOUWAG_ENTEMP_NIND_MI_N1,Nono decile della distribuzione della retribuzione oraria della singola posizione lavorativa dipendente delle imprese ottenuta come rapporto fra la retribuzione lorda imponibile a fini contributivi a carico del datore di lavoro e le ore retribuite stimate sempre a carico del datore di lavoro.,,,,,,,,,,
A,Annuale,ITC4,Lombardia,HOUWAG_ENTEMP_NIND_MI,Retribuzione lorda  oraria per ora retribuita delle posizioni lavorative dipendenti in euro (nono decile).,9,Totale,2021,26.27,,,,,TIPO_DATO7__HOUWAG_ENTEMP_NIND_MI_N1,Nono decile della distribuzione della retribuzione oraria della singola posizione lavorativa dipendente delle imprese ottenuta come rapporto fra la retribuzione lorda imponibile a fini contributivi a carico del datore di lavoro e le ore retribuite stimate sempre a carico del datore di lavoro.,,,,,,,,,,
A,Annuale,ITC4,Lombardia,HOUWAG_ENTEMP_NIND_MI,Retribuzione lorda  oraria per ora retribuita delle posizioni lavorative dipendenti in euro (nono decile).,9,Totale,2022,26.31,,,,,TIPO_DATO7__HOUWAG_ENTEMP_NIND_MI_N1,Nono decile della distribuzione della retribuzione oraria della singola posizione lavorativa dipendente delle imprese ottenuta come rapporto fra la retribuzione lorda imponibile a fini contributivi a carico del datore di lavoro e le ore retribuite stimate sempre a carico del datore di lavoro.,,,,,,,,,,
A,Annuale,ITD1,Provincia Autonoma Bolzano / Bozen,HOUWAG_ENTEMP_AV_MI,Retribuzione lorda oraria per ora retribuita delle posizioni lavorative dipendenti in euro (media),9,Totale,2014,14.44,,,,,TIPO_DATO7__HOUWAG_ENTEMP_AV_MI_N1,Media aritmetica semplice della retribuzione oraria calcolata a livello di singola posizione lavorativa. La retribuzione oraria della singola posizione lavorativa dipendente delle imprese è ottenuta come rapporto fra la retribuzione lorda imponibile a fini contributivi a carico del datore di lavoro e le ore retribuite stimate sempre a carico del datore di lavoro.,,,,,,,,,,
A,Annuale,ITD1,Provincia Autonoma Bolzano / Bozen,HOUWAG_ENTEMP_AV_MI,Retribuzione lorda oraria per ora retribuita delle posizioni lavorative dipendenti in euro (media),9,Totale,2015,14.84,,,,,TIPO_DATO7__HOUWAG_ENTEMP_AV_MI_N1,Media aritmetica semplice della retribuzione oraria calcolata a livello di singola posizione lavorativa. La retribuzione oraria della singola posizione lavorativa dipendente delle imprese è ottenuta come rapporto fra la retribuzione lorda imponibile a fini contributivi a carico del datore di lavoro e le ore retribuite stimate sempre a carico del datore di lavoro.,,,,,,,,,,
A,Annuale,ITD1,Provincia Autonoma Bolzano / Bozen,HOUWAG_ENTEMP_AV_MI,Retribuzione lorda oraria per ora retribuita delle posizioni lavorative dipendenti in euro (media),9,Totale,2016,14.84,,,,,TIPO_DATO7__HOUWAG_ENTEMP_AV_MI_N1,Media aritmetica semplice della retribuzione oraria calcolata a livello di singola posizione lavorativa. La retribuzione oraria della singola posizione lavorativa dipendente delle imprese è ottenuta come rapporto fra la retribuzione lorda imponibile a fini contributivi a carico del datore di lavoro e le ore retribuite stimate sempre a carico del datore di lavoro.,,,,,,,,,,
A,Annuale,ITD1,Provincia Autonoma Bolzano / Bozen,HOUWAG_ENTEMP_AV_MI,Retribuzione lorda oraria per ora retribuita delle posizioni lavorative dipendenti in euro (media),9,Totale,2017,15.14,,,,,TIPO_DATO7__HOUWAG_ENTEMP_AV_MI_N1,Media aritmetica semplice della retribuzione oraria calcolata a livello di singola posizione lavorativa. La retribuzione oraria della singola posizione lavorativa dipendente delle imprese è ottenuta come rapporto fra la retribuzione lorda imponibile a fini contributivi a carico del datore di lavoro e le ore retribuite stimate sempre a carico del datore di lavoro.,,,,,,,,,,
A,Annuale,ITD1,Provincia Autonoma Bolzano / Bozen,HOUWAG_ENTEMP_AV_MI,Retribuzione lorda oraria per ora retribuita delle posizioni lavorative dipendenti in euro (media),9,Totale,2018,15.19,,,,,TIPO_DATO7__HOUWAG_ENTEMP_AV_MI_N1,Media aritmetica semplice della retribuzione oraria calcolata a livello di singola posizione lavorativa. La retribuzione oraria della singola posizione lavorativa dipendente delle imprese è ottenuta come rapporto fra la retribuzione lorda imponibile a fini contributivi a carico del datore di lavoro e le ore retribuite stimate sempre a carico del datore di lavoro.,,,,,,,,,,
A,Annuale,ITD1,Provincia Autonoma Bolzano / Bozen,HOUWAG_ENTEMP_AV_MI,Retribuzione lorda oraria per ora retribuita delle posizioni lavorative dipendenti in euro (media),9,Totale,2019,15.47,,,,,TIPO_DATO7__HOUWAG_ENTEMP_AV_MI_N1,Media aritmetica semplice della retribuzione oraria calcolata a livello di singola posizione lavorativa. La retribuzione oraria della singola posizione lavorativa dipendente delle imprese è ottenuta come rapporto fra la retribuzione lorda imponibile a fini contributivi a carico del datore di lavoro e le ore retribuite stimate sempre a carico del datore di lavoro.,,,,,,,,,,
A,Annuale,ITD1,Provincia Autonoma Bolzano / Bozen,HOUWAG_ENTEMP_AV_MI,Retribuzione lorda oraria per ora retribuita delle posizioni lavorative dipendenti in euro (media),9,Totale,2020,15.97,,,,,TIPO_DATO7__HOUWAG_ENTEMP_AV_MI_N1,Media aritmetica semplice della retribuzione oraria calcolata a livello di singola posizione lavorativa. La retribuzione oraria della singola posizione lavorativa dipendente delle imprese è ottenuta come rapporto fra la retribuzione lorda imponibile a fini contributivi a carico del datore di lavoro e le ore retribuite stimate sempre a carico del datore di lavoro.,,,,,,,,,,
A,Annuale,ITD1,Provincia Autonoma Bolzano / Bozen,HOUWAG_ENTEMP_AV_MI,Retribuzione lorda oraria per ora retribuita delle posizioni lavorative dipendenti in euro (media),9,Totale,2021,16.08,,,,,TIPO_DATO7__HOUWAG_ENTEMP_AV_MI_N1,Media aritmetica semplice della retribuzione oraria calcolata a livello di singola posizione lavorativa. La retribuzione oraria della singola posizione lavorativa dipendente delle imprese è ottenuta come rapporto fra la retribuzione lorda imponibile a fini contributivi a carico del datore di lavoro e le ore retribuite stimate sempre a carico del datore di lavoro.,,,,,,,,,,
A,Annuale,ITD1,Provincia Autonoma Bolzano / Bozen,HOUWAG_ENTEMP_AV_MI,Retribuzione lorda oraria per ora retribuita delle posizioni lavorative dipendenti in euro (media),9,Totale,2022,16.37,,,,,TIPO_DATO7__HOUWAG_ENTEMP_AV_MI_N1,Media aritmetica semplice della retribuzione oraria calcolata a livello di singola posizione lavorativa. La retribuzione oraria della singola posizione lavorativa dipendente delle imprese è ottenuta come rapporto fra la retribuzione lorda imponibile a fini contributivi a carico del datore di lavoro e le ore retribuite stimate sempre a carico del datore di lavoro.,,,,,,,,,,
A,Annuale,ITD1,Provincia Autonoma Bolzano / Bozen,HOUWAG_ENTEMP_FIRD_MI,Retribuzione lorda  oraria per ora retribuita delle posizioni lavorative dipendenti in euro (primo decile),9,Totale,2014,9.13,,,,,TIPO_DATO7__HOUWAG_ENTEMP_FIRD_MI_N1,Primo decile della distribuzione della retribuzione oraria della singola posizione lavorativa dipendente delle imprese ottenuta come rapporto fra la retribuzione lorda imponibile a fini contributivi a carico del datore di lavoro e le ore retribuite stimate sempre a carico del datore di lavoro.,,,,,,,,,,
A,Annuale,ITD1,Provincia Autonoma Bolzano / Bozen,HOUWAG_ENTEMP_FIRD_MI,Retribuzione lorda  oraria per ora retribuita delle posizioni lavorative dipendenti in euro (primo decile),9,Totale,2015,9.24,,,,,TIPO_DATO7__HOUWAG_ENTEMP_FIRD_MI_N1,Primo decile della distribuzione della retribuzione oraria della singola posizione lavorativa dipendente delle imprese ottenuta come rapporto fra la retribuzione lorda imponibile a fini contributivi a carico del datore di lavoro e le ore retribuite stimate sempre a carico del datore di lavoro.,,,,,,,,,,
A,Annuale,ITD1,Provincia Autonoma Bolzano / Bozen,HOUWAG_ENTEMP_FIRD_MI,Retribuzione lorda  oraria per ora retribuita delle posizioni lavorative dipendenti in euro (primo decile),9,Totale,2016,9.31,,,,,TIPO_DATO7__HOUWAG_ENTEMP_FIRD_MI_N1,Primo decile della distribuzione della retribuzione oraria della singola posizione lavorativa dipendente delle imprese ottenuta come rapporto fra la retribuzione lorda imponibile a fini contributivi a carico del datore di lavoro e le ore retribuite stimate sempre a carico del datore di lavoro.,,,,,,,,,,
A,Annuale,ITD1,Provincia Autonoma Bolzano / Bozen,HOUWAG_ENTEMP_FIRD_MI,Retribuzione lorda  oraria per ora retribuita delle posizioni lavorative dipendenti in euro (primo decile),9,Totale,2017,9.43,,,,,TIPO_DATO7__HOUWAG_ENTEMP_FIRD_MI_N1,Primo decile della distribuzione della retribuzione oraria della singola posizione lavorativa dipendente delle imprese ottenuta come rapporto fra la retribuzione lorda imponibile a fini contributivi a carico del datore di lavoro e le ore retribuite stimate sempre a carico del datore di lavoro.,,,,,,,,,,
A,Annuale,ITD1,Provincia Autonoma Bolzano / Bozen,HOUWAG_ENTEMP_FIRD_MI,Retribuzione lorda  oraria per ora retribuita delle posizioni lavorative dipendenti in euro (primo decile),9,Totale,2018,9.51,,,,,TIPO_DATO7__HOUWAG_ENTEMP_FIRD_MI_N1,Primo decile della distribuzione della retribuzione oraria della singola posizione lavorativa dipendente delle imprese ottenuta come rapporto fra la retribuzione lorda imponibile a fini contributivi a carico del datore di lavoro e le ore retribuite stimate sempre a carico del datore di lavoro.,,,,,,,,,,
A,Annuale,ITD1,Provincia Autonoma Bolzano / Bozen,HOUWAG_ENTEMP_FIRD_MI,Retribuzione lorda  oraria per ora retribuita delle posizioni lavorative dipendenti in euro (primo decile),9,Totale,2019,9.68,,,,,TIPO_DATO7__HOUWAG_ENTEMP_FIRD_MI_N1,Primo decile della distribuzione della retribuzione oraria della singola posizione lavorativa dipendente delle imprese ottenuta come rapporto fra la retribuzione lorda imponibile a fini contributivi a carico del datore di lavoro e le ore retribuite stimate sempre a carico del datore di lavoro.,,,,,,,,,,
A,Annuale,ITD1,Provincia Autonoma Bolzano / Bozen,HOUWAG_ENTEMP_FIRD_MI,Retribuzione lorda  oraria per ora retribuita delle posizioni lavorative dipendenti in euro (primo decile),9,Totale,2020,9.72,,,,,TIPO_DATO7__HOUWAG_ENTEMP_FIRD_MI_N1,Primo decile della distribuzione della retribuzione oraria della singola posizione lavorativa dipendente delle imprese ottenuta come rapporto fra la retribuzione lorda imponibile a fini contributivi a carico del datore di lavoro e le ore retribuite stimate sempre a carico del datore di lavoro.,,,,,,,,,,
A,Annuale,ITD1,Provincia Autonoma Bolzano / Bozen,HOUWAG_ENTEMP_FIRD_MI,Retribuzione lorda  oraria per ora retribuita delle posizioni lavorative dipendenti in euro (primo decile),9,Totale,2021,9.72,,,,,TIPO_DATO7__HOUWAG_ENTEMP_FIRD_MI_N1,Primo decile della distribuzione della retribuzione oraria della singola posizione lavorativa dipendente delle imprese ottenuta come rapporto fra la retribuzione lorda imponibile a fini contributivi a carico del datore di lavoro e le ore retribuite stimate sempre a carico del datore di lavoro.,,,,,,,,,,
A,Annuale,ITD1,Provincia Autonoma Bolzano / Bozen,HOUWAG_ENTEMP_FIRD_MI,Retribuzione lorda  oraria per ora retribuita delle posizioni lavorative dipendenti in euro (primo decile),9,Totale,2022,9.99,,,,,TIPO_DATO7__HOUWAG_ENTEMP_FIRD_MI_N1,Primo decile della distribuzione della retribuzione oraria della singola posizione lavorativa dipendente delle imprese ottenuta come rapporto fra la retribuzione lorda imponibile a fini contributivi a carico del datore di lavoro e le ore retribuite stimate sempre a carico del datore di lavoro.,,,,,,,,,,
A,Annuale,ITD1,Provincia Autonoma Bolzano / Bozen,HOUWAG_ENTEMP_MED_MI,Retribuzione lorda  oraria per ora retribuita delle posizioni lavorative dipendenti in euro (mediana).,9,Totale,2014,12.22,,,,,TIPO_DATO7__HOUWAG_ENTEMP_MED_MI_N1,Valore mediano della distribuzione della retribuzione oraria della singola posizione lavorativa dipendente delle imprese ottenuta come rapporto fra la retribuzione lorda imponibile a fini contributivi a carico del datore di lavoro e le ore retribuite stimate sempre a carico del datore di lavoro.,,,,,,,,,,
A,Annuale,ITD1,Provincia Autonoma Bolzano / Bozen,HOUWAG_ENTEMP_MED_MI,Retribuzione lorda  oraria per ora retribuita delle posizioni lavorative dipendenti in euro (mediana).,9,Totale,2015,12.45,,,,,TIPO_DATO7__HOUWAG_ENTEMP_MED_MI_N1,Valore mediano della distribuzione della retribuzione oraria della singola posizione lavorativa dipendente delle imprese ottenuta come rapporto fra la retribuzione lorda imponibile a fini contributivi a carico del datore di lavoro e le ore retribuite stimate sempre a carico del datore di lavoro.,,,,,,,,,,
A,Annuale,ITD1,Provincia Autonoma Bolzano / Bozen,HOUWAG_ENTEMP_MED_MI,Retribuzione lorda  oraria per ora retribuita delle posizioni lavorative dipendenti in euro (mediana).,9,Totale,2016,12.49,,,,,TIPO_DATO7__HOUWAG_ENTEMP_MED_MI_N1,Valore mediano della distribuzione della retribuzione oraria della singola posizione lavorativa dipendente delle imprese ottenuta come rapporto fra la retribuzione lorda imponibile a fini contributivi a carico del datore di lavoro e le ore retribuite stimate sempre a carico del datore di lavoro.,,,,,,,,,,
A,Annuale,ITD1,Provincia Autonoma Bolzano / Bozen,HOUWAG_ENTEMP_MED_MI,Retribuzione lorda  oraria per ora retribuita delle posizioni lavorative dipendenti in euro (mediana).,9,Totale,2017,12.67,,,,,TIPO_DATO7__HOUWAG_ENTEMP_MED_MI_N1,Valore mediano della distribuzione della retribuzione oraria della singola posizione lavorativa dipendente delle imprese ottenuta come rapporto fra la retribuzione lorda imponibile a fini contributivi a carico del datore di lavoro e le ore retribuite stimate sempre a carico del datore di lavoro.,,,,,,,,,,
A,Annuale,ITD1,Provincia Autonoma Bolzano / Bozen,HOUWAG_ENTEMP_MED_MI,Retribuzione lorda  oraria per ora retribuita delle posizioni lavorative dipendenti in euro (mediana).,9,Totale,2018,12.84,,,,,TIPO_DATO7__HOUWAG_ENTEMP_MED_MI_N1,Valore mediano della distribuzione della retribuzione oraria della singola posizione lavorativa dipendente delle imprese ottenuta come rapporto fra la retribuzione lorda imponibile a fini contributivi a carico del datore di lavoro e le ore retribuite stimate sempre a carico del datore di lavoro.,,,,,,,,,,
A,Annuale,ITD1,Provincia Autonoma Bolzano / Bozen,HOUWAG_ENTEMP_MED_MI,Retribuzione lorda  oraria per ora retribuita delle posizioni lavorative dipendenti in euro (mediana).,9,Totale,2019,13.02,,,,,TIPO_DATO7__HOUWAG_ENTEMP_MED_MI_N1,Valore mediano della distribuzione della retribuzione oraria della singola posizione lavorativa dipendente delle imprese ottenuta come rapporto fra la retribuzione lorda imponibile a fini contributivi a carico del datore di lavoro e le ore retribuite stimate sempre a carico del datore di lavoro.,,,,,,,,,,
A,Annuale,ITD1,Provincia Autonoma Bolzano / Bozen,HOUWAG_ENTEMP_MED_MI,Retribuzione lorda  oraria per ora retribuita delle posizioni lavorative dipendenti in euro (mediana).,9,Totale,2020,13.41,,,,,TIPO_DATO7__HOUWAG_ENTEMP_MED_MI_N1,Valore mediano della distribuzione della retribuzione oraria della singola posizione lavorativa dipendente delle imprese ottenuta come rapporto fra la retribuzione lorda imponibile a fini contributivi a carico del datore di lavoro e le ore retribuite stimate sempre a carico del datore di lavoro.,,,,,,,,,,
A,Annuale,ITD1,Provincia Autonoma Bolzano / Bozen,HOUWAG_ENTEMP_MED_MI,Retribuzione lorda  oraria per ora retribuita delle posizioni lavorative dipendenti in euro (mediana).,9,Totale,2021,13.44,,,,,TIPO_DATO7__HOUWAG_ENTEMP_MED_MI_N1,Valore mediano della distribuzione della retribuzione oraria della singola posizione lavorativa dipendente delle imprese ottenuta come rapporto fra la retribuzione lorda imponibile a fini contributivi a carico del datore di lavoro e le ore retribuite stimate sempre a carico del datore di lavoro.,,,,,,,,,,
A,Annuale,ITD1,Provincia Autonoma Bolzano / Bozen,HOUWAG_ENTEMP_MED_MI,Retribuzione lorda  oraria per ora retribuita delle posizioni lavorative dipendenti in euro (mediana).,9,Totale,2022,13.63,,,,,TIPO_DATO7__HOUWAG_ENTEMP_MED_MI_N1,Valore mediano della distribuzione della retribuzione oraria della singola posizione lavorativa dipendente delle imprese ottenuta come rapporto fra la retribuzione lorda imponibile a fini contributivi a carico del datore di lavoro e le ore retribuite stimate sempre a carico del datore di lavoro.,,,,,,,,,,
A,Annuale,ITD1,Provincia Autonoma Bolzano / Bozen,HOUWAG_ENTEMP_NIND_MI,Retribuzione lorda  oraria per ora retribuita delle posizioni lavorative dipendenti in euro (nono decile).,9,Totale,2014,20.62,,,,,TIPO_DATO7__HOUWAG_ENTEMP_NIND_MI_N1,Nono decile della distribuzione della retribuzione oraria della singola posizione lavorativa dipendente delle imprese ottenuta come rapporto fra la retribuzione lorda imponibile a fini contributivi a carico del datore di lavoro e le ore retribuite stimate sempre a carico del datore di lavoro.,,,,,,,,,,
A,Annuale,ITD1,Provincia Autonoma Bolzano / Bozen,HOUWAG_ENTEMP_NIND_MI,Retribuzione lorda  oraria per ora retribuita delle posizioni lavorative dipendenti in euro (nono decile).,9,Totale,2015,21.15,,,,,TIPO_DATO7__HOUWAG_ENTEMP_NIND_MI_N1,Nono decile della distribuzione della retribuzione oraria della singola posizione lavorativa dipendente delle imprese ottenuta come rapporto fra la retribuzione lorda imponibile a fini contributivi a carico del datore di lavoro e le ore retribuite stimate sempre a carico del datore di lavoro.,,,,,,,,,,
A,Annuale,ITD1,Provincia Autonoma Bolzano / Bozen,HOUWAG_ENTEMP_NIND_MI,Retribuzione lorda  oraria per ora retribuita delle posizioni lavorative dipendenti in euro (nono decile).,9,Totale,2016,21.15,,,,,TIPO_DATO7__HOUWAG_ENTEMP_NIND_MI_N1,Nono decile della distribuzione della retribuzione oraria della singola posizione lavorativa dipendente delle imprese ottenuta come rapporto fra la retribuzione lorda imponibile a fini contributivi a carico del datore di lavoro e le ore retribuite stimate sempre a carico del datore di lavoro.,,,,,,,,,,
A,Annuale,ITD1,Provincia Autonoma Bolzano / Bozen,HOUWAG_ENTEMP_NIND_MI,Retribuzione lorda  oraria per ora retribuita delle posizioni lavorative dipendenti in euro (nono decile).,9,Totale,2017,21.47,,,,,TIPO_DATO7__HOUWAG_ENTEMP_NIND_MI_N1,Nono decile della distribuzione della retribuzione oraria della singola posizione lavorativa dipendente delle imprese ottenuta come rapporto fra la retribuzione lorda imponibile a fini contributivi a carico del datore di lavoro e le ore retribuite stimate sempre a carico del datore di lavoro.,,,,,,,,,,
A,Annuale,ITD1,Provincia Autonoma Bolzano / Bozen,HOUWAG_ENTEMP_NIND_MI,Retribuzione lorda  oraria per ora retribuita delle posizioni lavorative dipendenti in euro (nono decile).,9,Totale,2018,21.71,,,,,TIPO_DATO7__HOUWAG_ENTEMP_NIND_MI_N1,Nono decile della distribuzione della retribuzione oraria della singola posizione lavorativa dipendente delle imprese ottenuta come rapporto fra la retribuzione lorda imponibile a fini contributivi a carico del datore di lavoro e le ore retribuite stimate sempre a carico del datore di lavoro.,,,,,,,,,,
A,Annuale,ITD1,Provincia Autonoma Bolzano / Bozen,HOUWAG_ENTEMP_NIND_MI,Retribuzione lorda  oraria per ora retribuita delle posizioni lavorative dipendenti in euro (nono decile).,9,Totale,2019,22.1,,,,,TIPO_DATO7__HOUWAG_ENTEMP_NIND_MI_N1,Nono decile della distribuzione della retribuzione oraria della singola posizione lavorativa dipendente delle imprese ottenuta come rapporto fra la retribuzione lorda imponibile a fini contributivi a carico del datore di lavoro e le ore retribuite stimate sempre a carico del datore di lavoro.,,,,,,,,,,
A,Annuale,ITD1,Provincia Autonoma Bolzano / Bozen,HOUWAG_ENTEMP_NIND_MI,Retribuzione lorda  oraria per ora retribuita delle posizioni lavorative dipendenti in euro (nono decile).,9,Totale,2020,23.23,,,,,TIPO_DATO7__HOUWAG_ENTEMP_NIND_MI_N1,Nono decile della distribuzione della retribuzione oraria della singola posizione lavorativa dipendente delle imprese ottenuta come rapporto fra la retribuzione lorda imponibile a fini contributivi a carico del datore di lavoro e le ore retribuite stimate sempre a carico del datore di lavoro.,,,,,,,,,,
A,Annuale,ITD1,Provincia Autonoma Bolzano / Bozen,HOUWAG_ENTEMP_NIND_MI,Retribuzione lorda  oraria per ora retribuita delle posizioni lavorative dipendenti in euro (nono decile).,9,Totale,2021,23.18,,,,,TIPO_DATO7__HOUWAG_ENTEMP_NIND_MI_N1,Nono decile della distribuzione della retribuzione oraria della singola posizione lavorativa dipendente delle imprese ottenuta come rapporto fra la retribuzione lorda imponibile a fini contributivi a carico del datore di lavoro e le ore retribuite stimate sempre a carico del datore di lavoro.,,,,,,,,,,
A,Annuale,ITD1,Provincia Autonoma Bolzano / Bozen,HOUWAG_ENTEMP_NIND_MI,Retribuzione lorda  oraria per ora retribuita delle posizioni lavorative dipendenti in euro (nono decile).,9,Totale,2022,23.83,,,,,TIPO_DATO7__HOUWAG_ENTEMP_NIND_MI_N1,Nono decile della distribuzione della retribuzione oraria della singola posizione lavorativa dipendente delle imprese ottenuta come rapporto fra la retribuzione lorda imponibile a fini contributivi a carico del datore di lavoro e le ore retribuite stimate sempre a carico del datore di lavoro.,,,,,,,,,,
A,Annuale,ITD2,Provincia Autonoma Trento,HOUWAG_ENTEMP_AV_MI,Retribuzione lorda oraria per ora retribuita delle posizioni lavorative dipendenti in euro (media),9,Totale,2014,13.02,,,,,TIPO_DATO7__HOUWAG_ENTEMP_AV_MI_N1,Media aritmetica semplice della retribuzione oraria calcolata a livello di singola posizione lavorativa. La retribuzione oraria della singola posizione lavorativa dipendente delle imprese è ottenuta come rapporto fra la retribuzione lorda imponibile a fini contributivi a carico del datore di lavoro e le ore retribuite stimate sempre a carico del datore di lavoro.,,,,,,,,,,
A,Annuale,ITD2,Provincia Autonoma Trento,HOUWAG_ENTEMP_AV_MI,Retribuzione lorda oraria per ora retribuita delle posizioni lavorative dipendenti in euro (media),9,Totale,2015,13.27,,,,,TIPO_DATO7__HOUWAG_ENTEMP_AV_MI_N1,Media aritmetica semplice della retribuzione oraria calcolata a livello di singola posizione lavorativa. La retribuzione oraria della singola posizione lavorativa dipendente delle imprese è ottenuta come rapporto fra la retribuzione lorda imponibile a fini contributivi a carico del datore di lavoro e le ore retribuite stimate sempre a carico del datore di lavoro.,,,,,,,,,,
A,Annuale,ITD2,Provincia Autonoma Trento,HOUWAG_ENTEMP_AV_MI,Retribuzione lorda oraria per ora retribuita delle posizioni lavorative dipendenti in euro (media),9,Totale,2016,13.32,,,,,TIPO_DATO7__HOUWAG_ENTEMP_AV_MI_N1,Media aritmetica semplice della retribuzione oraria calcolata a livello di singola posizione lavorativa. La retribuzione oraria della singola posizione lavorativa dipendente delle imprese è ottenuta come rapporto fra la retribuzione lorda imponibile a fini contributivi a carico del datore di lavoro e le ore retribuite stimate sempre a carico del datore di lavoro.,,,,,,,,,,
A,Annuale,ITD2,Provincia Autonoma Trento,HOUWAG_ENTEMP_AV_MI,Retribuzione lorda oraria per ora retribuita delle posizioni lavorative dipendenti in euro (media),9,Totale,2017,13.43,,,,,TIPO_DATO7__HOUWAG_ENTEMP_AV_MI_N1,Media aritmetica semplice della retribuzione oraria calcolata a livello di singola posizione lavorativa. La retribuzione oraria della singola posizione lavorativa dipendente delle imprese è ottenuta come rapporto fra la retribuzione lorda imponibile a fini contributivi a carico del datore di lavoro e le ore retribuite stimate sempre a carico del datore di lavoro.,,,,,,,,,,
A,Annuale,ITD2,Provincia Autonoma Trento,HOUWAG_ENTEMP_AV_MI,Retribuzione lorda oraria per ora retribuita delle posizioni lavorative dipendenti in euro (media),9,Totale,2018,13.34,,,,,TIPO_DATO7__HOUWAG_ENTEMP_AV_MI_N1,Media aritmetica semplice della retribuzione oraria calcolata a livello di singola posizione lavorativa. La retribuzione oraria della singola posizione lavorativa dipendente delle imprese è ottenuta come rapporto fra la retribuzione lorda imponibile a fini contributivi a carico del datore di lavoro e le ore retribuite stimate sempre a carico del datore di lavoro.,,,,,,,,,,
A,Annuale,ITD2,Provincia Autonoma Trento,HOUWAG_ENTEMP_AV_MI,Retribuzione lorda oraria per ora retribuita delle posizioni lavorative dipendenti in euro (media),9,Totale,2019,13.47,,,,,TIPO_DATO7__HOUWAG_ENTEMP_AV_MI_N1,Media aritmetica semplice della retribuzione oraria calcolata a livello di singola posizione lavorativa. La retribuzione oraria della singola posizione lavorativa dipendente delle imprese è ottenuta come rapporto fra la retribuzione lorda imponibile a fini contributivi a carico del datore di lavoro e le ore retribuite stimate sempre a carico del datore di lavoro.,,,,,,,,,,
A,Annuale,ITD2,Provincia Autonoma Trento,HOUWAG_ENTEMP_AV_MI,Retribuzione lorda oraria per ora retribuita delle posizioni lavorative dipendenti in euro (media),9,Totale,2020,13.82,,,,,TIPO_DATO7__HOUWAG_ENTEMP_AV_MI_N1,Media aritmetica semplice della retribuzione oraria calcolata a livello di singola posizione lavorativa. La retribuzione oraria della singola posizione lavorativa dipendente delle imprese è ottenuta come rapporto fra la retribuzione lorda imponibile a fini contributivi a carico del datore di lavoro e le ore retribuite stimate sempre a carico del datore di lavoro.,,,,,,,,,,
A,Annuale,ITD2,Provincia Autonoma Trento,HOUWAG_ENTEMP_AV_MI,Retribuzione lorda oraria per ora retribuita delle posizioni lavorative dipendenti in euro (media),9,Totale,2021,13.89,,,,,TIPO_DATO7__HOUWAG_ENTEMP_AV_MI_N1,Media aritmetica semplice della retribuzione oraria calcolata a livello di singola posizione lavorativa. La retribuzione oraria della singola posizione lavorativa dipendente delle imprese è ottenuta come rapporto fra la retribuzione lorda imponibile a fini contributivi a carico del datore di lavoro e le ore retribuite stimate sempre a carico del datore di lavoro.,,,,,,,,,,
A,Annuale,ITD2,Provincia Autonoma Trento,HOUWAG_ENTEMP_AV_MI,Retribuzione lorda oraria per ora retribuita delle posizioni lavorative dipendenti in euro (media),9,Totale,2022,13.99,,,,,TIPO_DATO7__HOUWAG_ENTEMP_AV_MI_N1,Media aritmetica semplice della retribuzione oraria calcolata a livello di singola posizione lavorativa. La retribuzione oraria della singola posizione lavorativa dipendente delle imprese è ottenuta come rapporto fra la retribuzione lorda imponibile a fini contributivi a carico del datore di lavoro e le ore retribuite stimate sempre a carico del datore di lavoro.,,,,,,,,,,
A,Annuale,ITD2,Provincia Autonoma Trento,HOUWAG_ENTEMP_FIRD_MI,Retribuzione lorda  oraria per ora retribuita delle posizioni lavorative dipendenti in euro (primo decile),9,Totale,2014,8.38,,,,,TIPO_DATO7__HOUWAG_ENTEMP_FIRD_MI_N1,Primo decile della distribuzione della retribuzione oraria della singola posizione lavorativa dipendente delle imprese ottenuta come rapporto fra la retribuzione lorda imponibile a fini contributivi a carico del datore di lavoro e le ore retribuite stimate sempre a carico del datore di lavoro.,,,,,,,,,,
A,Annuale,ITD2,Provincia Autonoma Trento,HOUWAG_ENTEMP_FIRD_MI,Retribuzione lorda  oraria per ora retribuita delle posizioni lavorative dipendenti in euro (primo decile),9,Totale,2015,8.46,,,,,TIPO_DATO7__HOUWAG_ENTEMP_FIRD_MI_N1,Primo decile della distribuzione della retribuzione oraria della singola posizione lavorativa dipendente delle imprese ottenuta come rapporto fra la retribuzione lorda imponibile a fini contributivi a carico del datore di lavoro e le ore retribuite stimate sempre a carico del datore di lavoro.,,,,,,,,,,
A,Annuale,ITD2,Provincia Autonoma Trento,HOUWAG_ENTEMP_FIRD_MI,Retribuzione lorda  oraria per ora retribuita delle posizioni lavorative dipendenti in euro (primo decile),9,Totale,2016,8.44,,,,,TIPO_DATO7__HOUWAG_ENTEMP_FIRD_MI_N1,Primo decile della distribuzione della retribuzione oraria della singola posizione lavorativa dipendente delle imprese ottenuta come rapporto fra la retribuzione lorda imponibile a fini contributivi a carico del datore di lavoro e le ore retribuite stimate sempre a carico del datore di lavoro.,,,,,,,,,,
A,Annuale,ITD2,Provincia Autonoma Trento,HOUWAG_ENTEMP_FIRD_MI,Retribuzione lorda  oraria per ora retribuita delle posizioni lavorative dipendenti in euro (primo decile),9,Totale,2017,8.48,,,,,TIPO_DATO7__HOUWAG_ENTEMP_FIRD_MI_N1,Primo decile della distribuzione della retribuzione oraria della singola posizione lavorativa dipendente delle imprese ottenuta come rapporto fra la retribuzione lorda imponibile a fini contributivi a carico del datore di lavoro e le ore retribuite stimate sempre a carico del datore di lavoro.,,,,,,,,,,
A,Annuale,ITD2,Provincia Autonoma Trento,HOUWAG_ENTEMP_FIRD_MI,Retribuzione lorda  oraria per ora retribuita delle posizioni lavorative dipendenti in euro (primo decile),9,Totale,2018,8.47,,,,,TIPO_DATO7__HOUWAG_ENTEMP_FIRD_MI_N1,Primo decile della distribuzione della retribuzione oraria della singola posizione lavorativa dipendente delle imprese ottenuta come rapporto fra la retribuzione lorda imponibile a fini contributivi a carico del datore di lavoro e le ore retribuite stimate sempre a carico del datore di lavoro.,,,,,,,,,,
A,Annuale,ITD2,Provincia Autonoma Trento,HOUWAG_ENTEMP_FIRD_MI,Retribuzione lorda  oraria per ora retribuita delle posizioni lavorative dipendenti in euro (primo decile),9,Totale,2019,8.57,,,,,TIPO_DATO7__HOUWAG_ENTEMP_FIRD_MI_N1,Primo decile della distribuzione della retribuzione oraria della singola posizione lavorativa dipendente delle imprese ottenuta come rapporto fra la retribuzione lorda imponibile a fini contributivi a carico del datore di lavoro e le ore retribuite stimate sempre a carico del datore di lavoro.,,,,,,,,,,
A,Annuale,ITD2,Provincia Autonoma Trento,HOUWAG_ENTEMP_FIRD_MI,Retribuzione lorda  oraria per ora retribuita delle posizioni lavorative dipendenti in euro (primo decile),9,Totale,2020,8.77,,,,,TIPO_DATO7__HOUWAG_ENTEMP_FIRD_MI_N1,Primo decile della distribuzione della retribuzione oraria della singola posizione lavorativa dipendente delle imprese ottenuta come rapporto fra la retribuzione lorda imponibile a fini contributivi a carico del datore di lavoro e le ore retribuite stimate sempre a carico del datore di lavoro.,,,,,,,,,,
A,Annuale,ITD2,Provincia Autonoma Trento,HOUWAG_ENTEMP_FIRD_MI,Retribuzione lorda  oraria per ora retribuita delle posizioni lavorative dipendenti in euro (primo decile),9,Totale,2021,8.76,,,,,TIPO_DATO7__HOUWAG_ENTEMP_FIRD_MI_N1,Primo decile della distribuzione della retribuzione oraria della singola posizione lavorativa dipendente delle imprese ottenuta come rapporto fra la retribuzione lorda imponibile a fini contributivi a carico del datore di lavoro e le ore retribuite stimate sempre a carico del datore di lavoro.,,,,,,,,,,
A,Annuale,ITD2,Provincia Autonoma Trento,HOUWAG_ENTEMP_FIRD_MI,Retribuzione lorda  oraria per ora retribuita delle posizioni lavorative dipendenti in euro (primo decile),9,Totale,2022,8.93,,,,,TIPO_DATO7__HOUWAG_ENTEMP_FIRD_MI_N1,Primo decile della distribuzione della retribuzione oraria della singola posizione lavorativa dipendente delle imprese ottenuta come rapporto fra la retribuzione lorda imponibile a fini contributivi a carico del datore di lavoro e le ore retribuite stimate sempre a carico del datore di lavoro.,,,,,,,,,,
A,Annuale,ITD2,Provincia Autonoma Trento,HOUWAG_ENTEMP_MED_MI,Retribuzione lorda  oraria per ora retribuita delle posizioni lavorative dipendenti in euro (mediana).,9,Totale,2014,11.13,,,,,TIPO_DATO7__HOUWAG_ENTEMP_MED_MI_N1,Valore mediano della distribuzione della retribuzione oraria della singola posizione lavorativa dipendente delle imprese ottenuta come rapporto fra la retribuzione lorda imponibile a fini contributivi a carico del datore di lavoro e le ore retribuite stimate sempre a carico del datore di lavoro.,,,,,,,,,,
A,Annuale,ITD2,Provincia Autonoma Trento,HOUWAG_ENTEMP_MED_MI,Retribuzione lorda  oraria per ora retribuita delle posizioni lavorative dipendenti in euro (mediana).,9,Totale,2015,11.28,,,,,TIPO_DATO7__HOUWAG_ENTEMP_MED_MI_N1,Valore mediano della distribuzione della retribuzione oraria della singola posizione lavorativa dipendente delle imprese ottenuta come rapporto fra la retribuzione lorda imponibile a fini contributivi a carico del datore di lavoro e le ore retribuite stimate sempre a carico del datore di lavoro.,,,,,,,,,,
A,Annuale,ITD2,Provincia Autonoma Trento,HOUWAG_ENTEMP_MED_MI,Retribuzione lorda  oraria per ora retribuita delle posizioni lavorative dipendenti in euro (mediana).,9,Totale,2016,11.3,,,,,TIPO_DATO7__HOUWAG_ENTEMP_MED_MI_N1,Valore mediano della distribuzione della retribuzione oraria della singola posizione lavorativa dipendente delle imprese ottenuta come rapporto fra la retribuzione lorda imponibile a fini contributivi a carico del datore di lavoro e le ore retribuite stimate sempre a carico del datore di lavoro.,,,,,,,,,,
A,Annuale,ITD2,Provincia Autonoma Trento,HOUWAG_ENTEMP_MED_MI,Retribuzione lorda  oraria per ora retribuita delle posizioni lavorative dipendenti in euro (mediana).,9,Totale,2017,11.36,,,,,TIPO_DATO7__HOUWAG_ENTEMP_MED_MI_N1,Valore mediano della distribuzione della retribuzione oraria della singola posizione lavorativa dipendente delle imprese ottenuta come rapporto fra la retribuzione lorda imponibile a fini contributivi a carico del datore di lavoro e le ore retribuite stimate sempre a carico del datore di lavoro.,,,,,,,,,,
A,Annuale,ITD2,Provincia Autonoma Trento,HOUWAG_ENTEMP_MED_MI,Retribuzione lorda  oraria per ora retribuita delle posizioni lavorative dipendenti in euro (mediana).,9,Totale,2018,11.39,,,,,TIPO_DATO7__HOUWAG_ENTEMP_MED_MI_N1,Valore mediano della distribuzione della retribuzione oraria della singola posizione lavorativa dipendente delle imprese ottenuta come rapporto fra la retribuzione lorda imponibile a fini contributivi a carico del datore di lavoro e le ore retribuite stimate sempre a carico del datore di lavoro.,,,,,,,,,,
A,Annuale,ITD2,Provincia Autonoma Trento,HOUWAG_ENTEMP_MED_MI,Retribuzione lorda  oraria per ora retribuita delle posizioni lavorative dipendenti in euro (mediana).,9,Totale,2019,11.51,,,,,TIPO_DATO7__HOUWAG_ENTEMP_MED_MI_N1,Valore mediano della distribuzione della retribuzione oraria della singola posizione lavorativa dipendente delle imprese ottenuta come rapporto fra la retribuzione lorda imponibile a fini contributivi a carico del datore di lavoro e le ore retribuite stimate sempre a carico del datore di lavoro.,,,,,,,,,,
A,Annuale,ITD2,Provincia Autonoma Trento,HOUWAG_ENTEMP_MED_MI,Retribuzione lorda  oraria per ora retribuita delle posizioni lavorative dipendenti in euro (mediana).,9,Totale,2020,11.84,,,,,TIPO_DATO7__HOUWAG_ENTEMP_MED_MI_N1,Valore mediano della distribuzione della retribuzione oraria della singola posizione lavorativa dipendente delle imprese ottenuta come rapporto fra la retribuzione lorda imponibile a fini contributivi a carico del datore di lavoro e le ore retribuite stimate sempre a carico del datore di lavoro.,,,,,,,,,,
A,Annuale,ITD2,Provincia Autonoma Trento,HOUWAG_ENTEMP_MED_MI,Retribuzione lorda  oraria per ora retribuita delle posizioni lavorative dipendenti in euro (mediana).,9,Totale,2021,11.84,,,,,TIPO_DATO7__HOUWAG_ENTEMP_MED_MI_N1,Valore mediano della distribuzione della retribuzione oraria della singola posizione lavorativa dipendente delle imprese ottenuta come rapporto fra la retribuzione lorda imponibile a fini contributivi a carico del datore di lavoro e le ore retribuite stimate sempre a carico del datore di lavoro.,,,,,,,,,,
A,Annuale,ITD2,Provincia Autonoma Trento,HOUWAG_ENTEMP_MED_MI,Retribuzione lorda  oraria per ora retribuita delle posizioni lavorative dipendenti in euro (mediana).,9,Totale,2022,11.92,,,,,TIPO_DATO7__HOUWAG_ENTEMP_MED_MI_N1,Valore mediano della distribuzione della retribuzione oraria della singola posizione lavorativa dipendente delle imprese ottenuta come rapporto fra la retribuzione lorda imponibile a fini contributivi a carico del datore di lavoro e le ore retribuite stimate sempre a carico del datore di lavoro.,,,,,,,,,,
A,Annuale,ITD2,Provincia Autonoma Trento,HOUWAG_ENTEMP_NIND_MI,Retribuzione lorda  oraria per ora retribuita delle posizioni lavorative dipendenti in euro (nono decile).,9,Totale,2014,18.46,,,,,TIPO_DATO7__HOUWAG_ENTEMP_NIND_MI_N1,Nono decile della distribuzione della retribuzione oraria della singola posizione lavorativa dipendente delle imprese ottenuta come rapporto fra la retribuzione lorda imponibile a fini contributivi a carico del datore di lavoro e le ore retribuite stimate sempre a carico del datore di lavoro.,,,,,,,,,,
A,Annuale,ITD2,Provincia Autonoma Trento,HOUWAG_ENTEMP_NIND_MI,Retribuzione lorda  oraria per ora retribuita delle posizioni lavorative dipendenti in euro (nono decile).,9,Totale,2015,18.82,,,,,TIPO_DATO7__HOUWAG_ENTEMP_NIND_MI_N1,Nono decile della distribuzione della retribuzione oraria della singola posizione lavorativa dipendente delle imprese ottenuta come rapporto fra la retribuzione lorda imponibile a fini contributivi a carico del datore di lavoro e le ore retribuite stimate sempre a carico del datore di lavoro.,,,,,,,,,,
A,Annuale,ITD2,Provincia Autonoma Trento,HOUWAG_ENTEMP_NIND_MI,Retribuzione lorda  oraria per ora retribuita delle posizioni lavorative dipendenti in euro (nono decile).,9,Totale,2016,18.84,,,,,TIPO_DATO7__HOUWAG_ENTEMP_NIND_MI_N1,Nono decile della distribuzione della retribuzione oraria della singola posizione lavorativa dipendente delle imprese ottenuta come rapporto fra la retribuzione lorda imponibile a fini contributivi a carico del datore di lavoro e le ore retribuite stimate sempre a carico del datore di lavoro.,,,,,,,,,,
A,Annuale,ITD2,Provincia Autonoma Trento,HOUWAG_ENTEMP_NIND_MI,Retribuzione lorda  oraria per ora retribuita delle posizioni lavorative dipendenti in euro (nono decile).,9,Totale,2017,18.94,,,,,TIPO_DATO7__HOUWAG_ENTEMP_NIND_MI_N1,Nono decile della distribuzione della retribuzione oraria della singola posizione lavorativa dipendente delle imprese ottenuta come rapporto fra la retribuzione lorda imponibile a fini contributivi a carico del datore di lavoro e le ore retribuite stimate sempre a carico del datore di lavoro.,,,,,,,,,,
A,Annuale,ITD2,Provincia Autonoma Trento,HOUWAG_ENTEMP_NIND_MI,Retribuzione lorda  oraria per ora retribuita delle posizioni lavorative dipendenti in euro (nono decile).,9,Totale,2018,18.62,,,,,TIPO_DATO7__HOUWAG_ENTEMP_NIND_MI_N1,Nono decile della distribuzione della retribuzione oraria della singola posizione lavorativa dipendente delle imprese ottenuta come rapporto fra la retribuzione lorda imponibile a fini contributivi a carico del datore di lavoro e le ore retribuite stimate sempre a carico del datore di lavoro.,,,,,,,,,,
A,Annuale,ITD2,Provincia Autonoma Trento,HOUWAG_ENTEMP_NIND_MI,Retribuzione lorda  oraria per ora retribuita delle posizioni lavorative dipendenti in euro (nono decile).,9,Totale,2019,18.99,,,,,TIPO_DATO7__HOUWAG_ENTEMP_NIND_MI_N1,Nono decile della distribuzione della retribuzione oraria della singola posizione lavorativa dipendente delle imprese ottenuta come rapporto fra la retribuzione lorda imponibile a fini contributivi a carico del datore di lavoro e le ore retribuite stimate sempre a carico del datore di lavoro.,,,,,,,,,,
A,Annuale,ITD2,Provincia Autonoma Trento,HOUWAG_ENTEMP_NIND_MI,Retribuzione lorda  oraria per ora retribuita delle posizioni lavorative dipendenti in euro (nono decile).,9,Totale,2020,19.63,,,,,TIPO_DATO7__HOUWAG_ENTEMP_NIND_MI_N1,Nono decile della distribuzione della retribuzione oraria della singola posizione lavorativa dipendente delle imprese ottenuta come rapporto fra la retribuzione lorda imponibile a fini contributivi a carico del datore di lavoro e le ore retribuite stimate sempre a carico del datore di lavoro.,,,,,,,,,,
A,Annuale,ITD2,Provincia Autonoma Trento,HOUWAG_ENTEMP_NIND_MI,Retribuzione lorda  oraria per ora retribuita delle posizioni lavorative dipendenti in euro (nono decile).,9,Totale,2021,19.68,,,,,TIPO_DATO7__HOUWAG_ENTEMP_NIND_MI_N1,Nono decile della distribuzione della retribuzione oraria della singola posizione lavorativa dipendente delle imprese ottenuta come rapporto fra la retribuzione lorda imponibile a fini contributivi a carico del datore di lavoro e le ore retribuite stimate sempre a carico del datore di lavoro.,,,,,,,,,,
A,Annuale,ITD2,Provincia Autonoma Trento,HOUWAG_ENTEMP_NIND_MI,Retribuzione lorda  oraria per ora retribuita delle posizioni lavorative dipendenti in euro (nono decile).,9,Totale,2022,19.77,,,,,TIPO_DATO7__HOUWAG_ENTEMP_NIND_MI_N1,Nono decile della distribuzione della retribuzione oraria della singola posizione lavorativa dipendente delle imprese ottenuta come rapporto fra la retribuzione lorda imponibile a fini contributivi a carico del datore di lavoro e le ore retribuite stimate sempre a carico del datore di lavoro.,,,,,,,,,,
A,Annuale,ITD3,Veneto,HOUWAG_ENTEMP_AV_MI,Retribuzione lorda oraria per ora retribuita delle posizioni lavorative dipendenti in euro (media),9,Totale,2014,13.68,,,,,TIPO_DATO7__HOUWAG_ENTEMP_AV_MI_N1,Media aritmetica semplice della retribuzione oraria calcolata a livello di singola posizione lavorativa. La retribuzione oraria della singola posizione lavorativa dipendente delle imprese è ottenuta come rapporto fra la retribuzione lorda imponibile a fini contributivi a carico del datore di lavoro e le ore retribuite stimate sempre a carico del datore di lavoro.,,,,,,,,,,
A,Annuale,ITD3,Veneto,HOUWAG_ENTEMP_AV_MI,Retribuzione lorda oraria per ora retribuita delle posizioni lavorative dipendenti in euro (media),9,Totale,2015,13.89,,,,,TIPO_DATO7__HOUWAG_ENTEMP_AV_MI_N1,Media aritmetica semplice della retribuzione oraria calcolata a livello di singola posizione lavorativa. La retribuzione oraria della singola posizione lavorativa dipendente delle imprese è ottenuta come rapporto fra la retribuzione lorda imponibile a fini contributivi a carico del datore di lavoro e le ore retribuite stimate sempre a carico del datore di lavoro.,,,,,,,,,,
A,Annuale,ITD3,Veneto,HOUWAG_ENTEMP_AV_MI,Retribuzione lorda oraria per ora retribuita delle posizioni lavorative dipendenti in euro (media),9,Totale,2016,13.94,,,,,TIPO_DATO7__HOUWAG_ENTEMP_AV_MI_N1,Media aritmetica semplice della retribuzione oraria calcolata a livello di singola posizione lavorativa. La retribuzione oraria della singola posizione lavorativa dipendente delle imprese è ottenuta come rapporto fra la retribuzione lorda imponibile a fini contributivi a carico del datore di lavoro e le ore retribuite stimate sempre a carico del datore di lavoro.,,,,,,,,,,
A,Annuale,ITD3,Veneto,HOUWAG_ENTEMP_AV_MI,Retribuzione lorda oraria per ora retribuita delle posizioni lavorative dipendenti in euro (media),9,Totale,2017,14.13,,,,,TIPO_DATO7__HOUWAG_ENTEMP_AV_MI_N1,Media aritmetica semplice della retribuzione oraria calcolata a livello di singola posizione lavorativa. La retribuzione oraria della singola posizione lavorativa dipendente delle imprese è ottenuta come rapporto fra la retribuzione lorda imponibile a fini contributivi a carico del datore di lavoro e le ore retribuite stimate sempre a carico del datore di lavoro.,,,,,,,,,,
A,Annuale,ITD3,Veneto,HOUWAG_ENTEMP_AV_MI,Retribuzione lorda oraria per ora retribuita delle posizioni lavorative dipendenti in euro (media),9,Totale,2018,14.01,,,,,TIPO_DATO7__HOUWAG_ENTEMP_AV_MI_N1,Media aritmetica semplice della retribuzione oraria calcolata a livello di singola posizione lavorativa. La retribuzione oraria della singola posizione lavorativa dipendente delle imprese è ottenuta come rapporto fra la retribuzione lorda imponibile a fini contributivi a carico del datore di lavoro e le ore retribuite stimate sempre a carico del datore di lavoro.,,,,,,,,,,
A,Annuale,ITD3,Veneto,HOUWAG_ENTEMP_AV_MI,Retribuzione lorda oraria per ora retribuita delle posizioni lavorative dipendenti in euro (media),9,Totale,2019,14.26,,,,,TIPO_DATO7__HOUWAG_ENTEMP_AV_MI_N1,Media aritmetica semplice della retribuzione oraria calcolata a livello di singola posizione lavorativa. La retribuzione oraria della singola posizione lavorativa dipendente delle imprese è ottenuta come rapporto fra la retribuzione lorda imponibile a fini contributivi a carico del datore di lavoro e le ore retribuite stimate sempre a carico del datore di lavoro.,,,,,,,,,,
A,Annuale,ITD3,Veneto,HOUWAG_ENTEMP_AV_MI,Retribuzione lorda oraria per ora retribuita delle posizioni lavorative dipendenti in euro (media),9,Totale,2020,14.35,,,,,TIPO_DATO7__HOUWAG_ENTEMP_AV_MI_N1,Media aritmetica semplice della retribuzione oraria calcolata a livello di singola posizione lavorativa. La retribuzione oraria della singola posizione lavorativa dipendente delle imprese è ottenuta come rapporto fra la retribuzione lorda imponibile a fini contributivi a carico del datore di lavoro e le ore retribuite stimate sempre a carico del datore di lavoro.,,,,,,,,,,
A,Annuale,ITD3,Veneto,HOUWAG_ENTEMP_AV_MI,Retribuzione lorda oraria per ora retribuita delle posizioni lavorative dipendenti in euro (media),9,Totale,2021,14.63,,,,,TIPO_DATO7__HOUWAG_ENTEMP_AV_MI_N1,Media aritmetica semplice della retribuzione oraria calcolata a livello di singola posizione lavorativa. La retribuzione oraria della singola posizione lavorativa dipendente delle imprese è ottenuta come rapporto fra la retribuzione lorda imponibile a fini contributivi a carico del datore di lavoro e le ore retribuite stimate sempre a carico del datore di lavoro.,,,,,,,,,,
A,Annuale,ITD3,Veneto,HOUWAG_ENTEMP_AV_MI,Retribuzione lorda oraria per ora retribuita delle posizioni lavorative dipendenti in euro (media),9,Totale,2022,14.7,,,,,TIPO_DATO7__HOUWAG_ENTEMP_AV_MI_N1,Media aritmetica semplice della retribuzione oraria calcolata a livello di singola posizione lavorativa. La retribuzione oraria della singola posizione lavorativa dipendente delle imprese è ottenuta come rapporto fra la retribuzione lorda imponibile a fini contributivi a carico del datore di lavoro e le ore retribuite stimate sempre a carico del datore di lavoro.,,,,,,,,,,
A,Annuale,ITD3,Veneto,HOUWAG_ENTEMP_FIRD_MI,Retribuzione lorda  oraria per ora retribuita delle posizioni lavorative dipendenti in euro (primo decile),9,Totale,2014,8.29,,,,,TIPO_DATO7__HOUWAG_ENTEMP_FIRD_MI_N1,Primo decile della distribuzione della retribuzione oraria della singola posizione lavorativa dipendente delle imprese ottenuta come rapporto fra la retribuzione lorda imponibile a fini contributivi a carico del datore di lavoro e le ore retribuite stimate sempre a carico del datore di lavoro.,,,,,,,,,,
A,Annuale,ITD3,Veneto,HOUWAG_ENTEMP_FIRD_MI,Retribuzione lorda  oraria per ora retribuita delle posizioni lavorative dipendenti in euro (primo decile),9,Totale,2015,8.39,,,,,TIPO_DATO7__HOUWAG_ENTEMP_FIRD_MI_N1,Primo decile della distribuzione della retribuzione oraria della singola posizione lavorativa dipendente delle imprese ottenuta come rapporto fra la retribuzione lorda imponibile a fini contributivi a carico del datore di lavoro e le ore retribuite stimate sempre a carico del datore di lavoro.,,,,,,,,,,
A,Annuale,ITD3,Veneto,HOUWAG_ENTEMP_FIRD_MI,Retribuzione lorda  oraria per ora retribuita delle posizioni lavorative dipendenti in euro (primo decile),9,Totale,2016,8.41,,,,,TIPO_DATO7__HOUWAG_ENTEMP_FIRD_MI_N1,Primo decile della distribuzione della retribuzione oraria della singola posizione lavorativa dipendente delle imprese ottenuta come rapporto fra la retribuzione lorda imponibile a fini contributivi a carico del datore di lavoro e le ore retribuite stimate sempre a carico del datore di lavoro.,,,,,,,,,,
A,Annuale,ITD3,Veneto,HOUWAG_ENTEMP_FIRD_MI,Retribuzione lorda  oraria per ora retribuita delle posizioni lavorative dipendenti in euro (primo decile),9,Totale,2017,8.45,,,,,TIPO_DATO7__HOUWAG_ENTEMP_FIRD_MI_N1,Primo decile della distribuzione della retribuzione oraria della singola posizione lavorativa dipendente delle imprese ottenuta come rapporto fra la retribuzione lorda imponibile a fini contributivi a carico del datore di lavoro e le ore retribuite stimate sempre a carico del datore di lavoro.,,,,,,,,,,
A,Annuale,ITD3,Veneto,HOUWAG_ENTEMP_FIRD_MI,Retribuzione lorda  oraria per ora retribuita delle posizioni lavorative dipendenti in euro (primo decile),9,Totale,2018,8.48,,,,,TIPO_DATO7__HOUWAG_ENTEMP_FIRD_MI_N1,Primo decile della distribuzione della retribuzione oraria della singola posizione lavorativa dipendente delle imprese ottenuta come rapporto fra la retribuzione lorda imponibile a fini contributivi a carico del datore di lavoro e le ore retribuite stimate sempre a carico del datore di lavoro.,,,,,,,,,,
A,Annuale,ITD3,Veneto,HOUWAG_ENTEMP_FIRD_MI,Retribuzione lorda  oraria per ora retribuita delle posizioni lavorative dipendenti in euro (primo decile),9,Totale,2019,8.6,,,,,TIPO_DATO7__HOUWAG_ENTEMP_FIRD_MI_N1,Primo decile della distribuzione della retribuzione oraria della singola posizione lavorativa dipendente delle imprese ottenuta come rapporto fra la retribuzione lorda imponibile a fini contributivi a carico del datore di lavoro e le ore retribuite stimate sempre a carico del datore di lavoro.,,,,,,,,,,
A,Annuale,ITD3,Veneto,HOUWAG_ENTEMP_FIRD_MI,Retribuzione lorda  oraria per ora retribuita delle posizioni lavorative dipendenti in euro (primo decile),9,Totale,2020,8.73,,,,,TIPO_DATO7__HOUWAG_ENTEMP_FIRD_MI_N1,Primo decile della distribuzione della retribuzione oraria della singola posizione lavorativa dipendente delle imprese ottenuta come rapporto fra la retribuzione lorda imponibile a fini contributivi a carico del datore di lavoro e le ore retribuite stimate sempre a carico del datore di lavoro.,,,,,,,,,,
A,Annuale,ITD3,Veneto,HOUWAG_ENTEMP_FIRD_MI,Retribuzione lorda  oraria per ora retribuita delle posizioni lavorative dipendenti in euro (primo decile),9,Totale,2021,8.79,,,,,TIPO_DATO7__HOUWAG_ENTEMP_FIRD_MI_N1,Primo decile della distribuzione della retribuzione oraria della singola posizione lavorativa dipendente delle imprese ottenuta come rapporto fra la retribuzione lorda imponibile a fini contributivi a carico del datore di lavoro e le ore retribuite stimate sempre a carico del datore di lavoro.,,,,,,,,,,
A,Annuale,ITD3,Veneto,HOUWAG_ENTEMP_FIRD_MI,Retribuzione lorda  oraria per ora retribuita delle posizioni lavorative dipendenti in euro (primo decile),9,Totale,2022,8.9,,,,,TIPO_DATO7__HOUWAG_ENTEMP_FIRD_MI_N1,Primo decile della distribuzione della retribuzione oraria della singola posizione lavorativa dipendente delle imprese ottenuta come rapporto fra la retribuzione lorda imponibile a fini contributivi a carico del datore di lavoro e le ore retribuite stimate sempre a carico del datore di lavoro.,,,,,,,,,,
A,Annuale,ITD3,Veneto,HOUWAG_ENTEMP_MED_MI,Retribuzione lorda  oraria per ora retribuita delle posizioni lavorative dipendenti in euro (mediana).,9,Totale,2014,11.33,,,,,TIPO_DATO7__HOUWAG_ENTEMP_MED_MI_N1,Valore mediano della distribuzione della retribuzione oraria della singola posizione lavorativa dipendente delle imprese ottenuta come rapporto fra la retribuzione lorda imponibile a fini contributivi a carico del datore di lavoro e le ore retribuite stimate sempre a carico del datore di lavoro.,,,,,,,,,,
A,Annuale,ITD3,Veneto,HOUWAG_ENTEMP_MED_MI,Retribuzione lorda  oraria per ora retribuita delle posizioni lavorative dipendenti in euro (mediana).,9,Totale,2015,11.5,,,,,TIPO_DATO7__HOUWAG_ENTEMP_MED_MI_N1,Valore mediano della distribuzione della retribuzione oraria della singola posizione lavorativa dipendente delle imprese ottenuta come rapporto fra la retribuzione lorda imponibile a fini contributivi a carico del datore di lavoro e le ore retribuite stimate sempre a carico del datore di lavoro.,,,,,,,,,,
A,Annuale,ITD3,Veneto,HOUWAG_ENTEMP_MED_MI,Retribuzione lorda  oraria per ora retribuita delle posizioni lavorative dipendenti in euro (mediana).,9,Totale,2016,11.52,,,,,TIPO_DATO7__HOUWAG_ENTEMP_MED_MI_N1,Valore mediano della distribuzione della retribuzione oraria della singola posizione lavorativa dipendente delle imprese ottenuta come rapporto fra la retribuzione lorda imponibile a fini contributivi a carico del datore di lavoro e le ore retribuite stimate sempre a carico del datore di lavoro.,,,,,,,,,,
A,Annuale,ITD3,Veneto,HOUWAG_ENTEMP_MED_MI,Retribuzione lorda  oraria per ora retribuita delle posizioni lavorative dipendenti in euro (mediana).,9,Totale,2017,11.54,,,,,TIPO_DATO7__HOUWAG_ENTEMP_MED_MI_N1,Valore mediano della distribuzione della retribuzione oraria della singola posizione lavorativa dipendente delle imprese ottenuta come rapporto fra la retribuzione lorda imponibile a fini contributivi a carico del datore di lavoro e le ore retribuite stimate sempre a carico del datore di lavoro.,,,,,,,,,,
A,Annuale,ITD3,Veneto,HOUWAG_ENTEMP_MED_MI,Retribuzione lorda  oraria per ora retribuita delle posizioni lavorative dipendenti in euro (mediana).,9,Totale,2018,11.55,,,,,TIPO_DATO7__HOUWAG_ENTEMP_MED_MI_N1,Valore mediano della distribuzione della retribuzione oraria della singola posizione lavorativa dipendente delle imprese ottenuta come rapporto fra la retribuzione lorda imponibile a fini contributivi a carico del datore di lavoro e le ore retribuite stimate sempre a carico del datore di lavoro.,,,,,,,,,,
A,Annuale,ITD3,Veneto,HOUWAG_ENTEMP_MED_MI,Retribuzione lorda  oraria per ora retribuita delle posizioni lavorative dipendenti in euro (mediana).,9,Totale,2019,11.74,,,,,TIPO_DATO7__HOUWAG_ENTEMP_MED_MI_N1,Valore mediano della distribuzione della retribuzione oraria della singola posizione lavorativa dipendente delle imprese ottenuta come rapporto fra la retribuzione lorda imponibile a fini contributivi a carico del datore di lavoro e le ore retribuite stimate sempre a carico del datore di lavoro.,,,,,,,,,,
A,Annuale,ITD3,Veneto,HOUWAG_ENTEMP_MED_MI,Retribuzione lorda  oraria per ora retribuita delle posizioni lavorative dipendenti in euro (mediana).,9,Totale,2020,11.95,,,,,TIPO_DATO7__HOUWAG_ENTEMP_MED_MI_N1,Valore mediano della distribuzione della retribuzione oraria della singola posizione lavorativa dipendente delle imprese ottenuta come rapporto fra la retribuzione lorda imponibile a fini contributivi a carico del datore di lavoro e le ore retribuite stimate sempre a carico del datore di lavoro.,,,,,,,,,,
A,Annuale,ITD3,Veneto,HOUWAG_ENTEMP_MED_MI,Retribuzione lorda  oraria per ora retribuita delle posizioni lavorative dipendenti in euro (mediana).,9,Totale,2021,11.99,,,,,TIPO_DATO7__HOUWAG_ENTEMP_MED_MI_N1,Valore mediano della distribuzione della retribuzione oraria della singola posizione lavorativa dipendente delle imprese ottenuta come rapporto fra la retribuzione lorda imponibile a fini contributivi a carico del datore di lavoro e le ore retribuite stimate sempre a carico del datore di lavoro.,,,,,,,,,,
A,Annuale,ITD3,Veneto,HOUWAG_ENTEMP_MED_MI,Retribuzione lorda  oraria per ora retribuita delle posizioni lavorative dipendenti in euro (mediana).,9,Totale,2022,12.07,,,,,TIPO_DATO7__HOUWAG_ENTEMP_MED_MI_N1,Valore mediano della distribuzione della retribuzione oraria della singola posizione lavorativa dipendente delle imprese ottenuta come rapporto fra la retribuzione lorda imponibile a fini contributivi a carico del datore di lavoro e le ore retribuite stimate sempre a carico del datore di lavoro.,,,,,,,,,,
A,Annuale,ITD3,Veneto,HOUWAG_ENTEMP_NIND_MI,Retribuzione lorda  oraria per ora retribuita delle posizioni lavorative dipendenti in euro (nono decile).,9,Totale,2014,19.68,,,,,TIPO_DATO7__HOUWAG_ENTEMP_NIND_MI_N1,Nono decile della distribuzione della retribuzione oraria della singola posizione lavorativa dipendente delle imprese ottenuta come rapporto fra la retribuzione lorda imponibile a fini contributivi a carico del datore di lavoro e le ore retribuite stimate sempre a carico del datore di lavoro.,,,,,,,,,,
A,Annuale,ITD3,Veneto,HOUWAG_ENTEMP_NIND_MI,Retribuzione lorda  oraria per ora retribuita delle posizioni lavorative dipendenti in euro (nono decile).,9,Totale,2015,19.94,,,,,TIPO_DATO7__HOUWAG_ENTEMP_NIND_MI_N1,Nono decile della distribuzione della retribuzione oraria della singola posizione lavorativa dipendente delle imprese ottenuta come rapporto fra la retribuzione lorda imponibile a fini contributivi a carico del datore di lavoro e le ore retribuite stimate sempre a carico del datore di lavoro.,,,,,,,,,,
A,Annuale,ITD3,Veneto,HOUWAG_ENTEMP_NIND_MI,Retribuzione lorda  oraria per ora retribuita delle posizioni lavorative dipendenti in euro (nono decile).,9,Totale,2016,19.94,,,,,TIPO_DATO7__HOUWAG_ENTEMP_NIND_MI_N1,Nono decile della distribuzione della retribuzione oraria della singola posizione lavorativa dipendente delle imprese ottenuta come rapporto fra la retribuzione lorda imponibile a fini contributivi a carico del datore di lavoro e le ore retribuite stimate sempre a carico del datore di lavoro.,,,,,,,,,,
A,Annuale,ITD3,Veneto,HOUWAG_ENTEMP_NIND_MI,Retribuzione lorda  oraria per ora retribuita delle posizioni lavorative dipendenti in euro (nono decile).,9,Totale,2017,20.11,,,,,TIPO_DATO7__HOUWAG_ENTEMP_NIND_MI_N1,Nono decile della distribuzione della retribuzione oraria della singola posizione lavorativa dipendente delle imprese ottenuta come rapporto fra la retribuzione lorda imponibile a fini contributivi a carico del datore di lavoro e le ore retribuite stimate sempre a carico del datore di lavoro.,,,,,,,,,,
A,Annuale,ITD3,Veneto,HOUWAG_ENTEMP_NIND_MI,Retribuzione lorda  oraria per ora retribuita delle posizioni lavorative dipendenti in euro (nono decile).,9,Totale,2018,19.9,,,,,TIPO_DATO7__HOUWAG_ENTEMP_NIND_MI_N1,Nono decile della distribuzione della retribuzione oraria della singola posizione lavorativa dipendente delle imprese ottenuta come rapporto fra la retribuzione lorda imponibile a fini contributivi a carico del datore di lavoro e le ore retribuite stimate sempre a carico del datore di lavoro.,,,,,,,,,,
A,Annuale,ITD3,Veneto,HOUWAG_ENTEMP_NIND_MI,Retribuzione lorda  oraria per ora retribuita delle posizioni lavorative dipendenti in euro (nono decile).,9,Totale,2019,20.34,,,,,TIPO_DATO7__HOUWAG_ENTEMP_NIND_MI_N1,Nono decile della distribuzione della retribuzione oraria della singola posizione lavorativa dipendente delle imprese ottenuta come rapporto fra la retribuzione lorda imponibile a fini contributivi a carico del datore di lavoro e le ore retribuite stimate sempre a carico del datore di lavoro.,,,,,,,,,,
A,Annuale,ITD3,Veneto,HOUWAG_ENTEMP_NIND_MI,Retribuzione lorda  oraria per ora retribuita delle posizioni lavorative dipendenti in euro (nono decile).,9,Totale,2020,20.58,,,,,TIPO_DATO7__HOUWAG_ENTEMP_NIND_MI_N1,Nono decile della distribuzione della retribuzione oraria della singola posizione lavorativa dipendente delle imprese ottenuta come rapporto fra la retribuzione lorda imponibile a fini contributivi a carico del datore di lavoro e le ore retribuite stimate sempre a carico del datore di lavoro.,,,,,,,,,,
A,Annuale,ITD3,Veneto,HOUWAG_ENTEMP_NIND_MI,Retribuzione lorda  oraria per ora retribuita delle posizioni lavorative dipendenti in euro (nono decile).,9,Totale,2021,20.82,,,,,TIPO_DATO7__HOUWAG_ENTEMP_NIND_MI_N1,Nono decile della distribuzione della retribuzione oraria della singola posizione lavorativa dipendente delle imprese ottenuta come rapporto fra la retribuzione lorda imponibile a fini contributivi a carico del datore di lavoro e le ore retribuite stimate sempre a carico del datore di lavoro.,,,,,,,,,,
A,Annuale,ITD3,Veneto,HOUWAG_ENTEMP_NIND_MI,Retribuzione lorda  oraria per ora retribuita delle posizioni lavorative dipendenti in euro (nono decile).,9,Totale,2022,21.03,,,,,TIPO_DATO7__HOUWAG_ENTEMP_NIND_MI_N1,Nono decile della distribuzione della retribuzione oraria della singola posizione lavorativa dipendente delle imprese ottenuta come rapporto fra la retribuzione lorda imponibile a fini contributivi a carico del datore di lavoro e le ore retribuite stimate sempre a carico del datore di lavoro.,,,,,,,,,,
A,Annuale,ITD4,Friuli-Venezia Giulia,HOUWAG_ENTEMP_AV_MI,Retribuzione lorda oraria per ora retribuita delle posizioni lavorative dipendenti in euro (media),9,Totale,2014,13.77,,,,,TIPO_DATO7__HOUWAG_ENTEMP_AV_MI_N1,Media aritmetica semplice della retribuzione oraria calcolata a livello di singola posizione lavorativa. La retribuzione oraria della singola posizione lavorativa dipendente delle imprese è ottenuta come rapporto fra la retribuzione lorda imponibile a fini contributivi a carico del datore di lavoro e le ore retribuite stimate sempre a carico del datore di lavoro.,,,,,,,,,,
A,Annuale,ITD4,Friuli-Venezia Giulia,HOUWAG_ENTEMP_AV_MI,Retribuzione lorda oraria per ora retribuita delle posizioni lavorative dipendenti in euro (media),9,Totale,2015,13.99,,,,,TIPO_DATO7__HOUWAG_ENTEMP_AV_MI_N1,Media aritmetica semplice della retribuzione oraria calcolata a livello di singola posizione lavorativa. La retribuzione oraria della singola posizione lavorativa dipendente delle imprese è ottenuta come rapporto fra la retribuzione lorda imponibile a fini contributivi a carico del datore di lavoro e le ore retribuite stimate sempre a carico del datore di lavoro.,,,,,,,,,,
A,Annuale,ITD4,Friuli-Venezia Giulia,HOUWAG_ENTEMP_AV_MI,Retribuzione lorda oraria per ora retribuita delle posizioni lavorative dipendenti in euro (media),9,Totale,2016,13.87,,,,,TIPO_DATO7__HOUWAG_ENTEMP_AV_MI_N1,Media aritmetica semplice della retribuzione oraria calcolata a livello di singola posizione lavorativa. La retribuzione oraria della singola posizione lavorativa dipendente delle imprese è ottenuta come rapporto fra la retribuzione lorda imponibile a fini contributivi a carico del datore di lavoro e le ore retribuite stimate sempre a carico del datore di lavoro.,,,,,,,,,,
A,Annuale,ITD4,Friuli-Venezia Giulia,HOUWAG_ENTEMP_AV_MI,Retribuzione lorda oraria per ora retribuita delle posizioni lavorative dipendenti in euro (media),9,Totale,2017,13.93,,,,,TIPO_DATO7__HOUWAG_ENTEMP_AV_MI_N1,Media aritmetica semplice della retribuzione oraria calcolata a livello di singola posizione lavorativa. La retribuzione oraria della singola posizione lavorativa dipendente delle imprese è ottenuta come rapporto fra la retribuzione lorda imponibile a fini contributivi a carico del datore di lavoro e le ore retribuite stimate sempre a carico del datore di lavoro.,,,,,,,,,,
A,Annuale,ITD4,Friuli-Venezia Giulia,HOUWAG_ENTEMP_AV_MI,Retribuzione lorda oraria per ora retribuita delle posizioni lavorative dipendenti in euro (media),9,Totale,2018,13.87,,,,,TIPO_DATO7__HOUWAG_ENTEMP_AV_MI_N1,Media aritmetica semplice della retribuzione oraria calcolata a livello di singola posizione lavorativa. La retribuzione oraria della singola posizione lavorativa dipendente delle imprese è ottenuta come rapporto fra la retribuzione lorda imponibile a fini contributivi a carico del datore di lavoro e le ore retribuite stimate sempre a carico del datore di lavoro.,,,,,,,,,,
A,Annuale,ITD4,Friuli-Venezia Giulia,HOUWAG_ENTEMP_AV_MI,Retribuzione lorda oraria per ora retribuita delle posizioni lavorative dipendenti in euro (media),9,Totale,2019,14.13,,,,,TIPO_DATO7__HOUWAG_ENTEMP_AV_MI_N1,Media aritmetica semplice della retribuzione oraria calcolata a livello di singola posizione lavorativa. La retribuzione oraria della singola posizione lavorativa dipendente delle imprese è ottenuta come rapporto fra la retribuzione lorda imponibile a fini contributivi a carico del datore di lavoro e le ore retribuite stimate sempre a carico del datore di lavoro.,,,,,,,,,,
A,Annuale,ITD4,Friuli-Venezia Giulia,HOUWAG_ENTEMP_AV_MI,Retribuzione lorda oraria per ora retribuita delle posizioni lavorative dipendenti in euro (media),9,Totale,2020,14.23,,,,,TIPO_DATO7__HOUWAG_ENTEMP_AV_MI_N1,Media aritmetica semplice della retribuzione oraria calcolata a livello di singola posizione lavorativa. La retribuzione oraria della singola posizione lavorativa dipendente delle imprese è ottenuta come rapporto fra la retribuzione lorda imponibile a fini contributivi a carico del datore di lavoro e le ore retribuite stimate sempre a carico del datore di lavoro.,,,,,,,,,,
A,Annuale,ITD4,Friuli-Venezia Giulia,HOUWAG_ENTEMP_AV_MI,Retribuzione lorda oraria per ora retribuita delle posizioni lavorative dipendenti in euro (media),9,Totale,2021,14.37,,,,,TIPO_DATO7__HOUWAG_ENTEMP_AV_MI_N1,Media aritmetica semplice della retribuzione oraria calcolata a livello di singola posizione lavorativa. La retribuzione oraria della singola posizione lavorativa dipendente delle imprese è ottenuta come rapporto fra la retribuzione lorda imponibile a fini contributivi a carico del datore di lavoro e le ore retribuite stimate sempre a carico del datore di lavoro.,,,,,,,,,,
A,Annuale,ITD4,Friuli-Venezia Giulia,HOUWAG_ENTEMP_AV_MI,Retribuzione lorda oraria per ora retribuita delle posizioni lavorative dipendenti in euro (media),9,Totale,2022,14.49,,,,,TIPO_DATO7__HOUWAG_ENTEMP_AV_MI_N1,Media aritmetica semplice della retribuzione oraria calcolata a livello di singola posizione lavorativa. La retribuzione oraria della singola posizione lavorativa dipendente delle imprese è ottenuta come rapporto fra la retribuzione lorda imponibile a fini contributivi a carico del datore di lavoro e le ore retribuite stimate sempre a carico del datore di lavoro.,,,,,,,,,,
A,Annuale,ITD4,Friuli-Venezia Giulia,HOUWAG_ENTEMP_FIRD_MI,Retribuzione lorda  oraria per ora retribuita delle posizioni lavorative dipendenti in euro (primo decile),9,Totale,2014,8.34,,,,,TIPO_DATO7__HOUWAG_ENTEMP_FIRD_MI_N1,Primo decile della distribuzione della retribuzione oraria della singola posizione lavorativa dipendente delle imprese ottenuta come rapporto fra la retribuzione lorda imponibile a fini contributivi a carico del datore di lavoro e le ore retribuite stimate sempre a carico del datore di lavoro.,,,,,,,,,,
A,Annuale,ITD4,Friuli-Venezia Giulia,HOUWAG_ENTEMP_FIRD_MI,Retribuzione lorda  oraria per ora retribuita delle posizioni lavorative dipendenti in euro (primo decile),9,Totale,2015,8.36,,,,,TIPO_DATO7__HOUWAG_ENTEMP_FIRD_MI_N1,Primo decile della distribuzione della retribuzione oraria della singola posizione lavorativa dipendente delle imprese ottenuta come rapporto fra la retribuzione lorda imponibile a fini contributivi a carico del datore di lavoro e le ore retribuite stimate sempre a carico del datore di lavoro.,,,,,,,,,,
A,Annuale,ITD4,Friuli-Venezia Giulia,HOUWAG_ENTEMP_FIRD_MI,Retribuzione lorda  oraria per ora retribuita delle posizioni lavorative dipendenti in euro (primo decile),9,Totale,2016,8.4,,,,,TIPO_DATO7__HOUWAG_ENTEMP_FIRD_MI_N1,Primo decile della distribuzione della retribuzione oraria della singola posizione lavorativa dipendente delle imprese ottenuta come rapporto fra la retribuzione lorda imponibile a fini contributivi a carico del datore di lavoro e le ore retribuite stimate sempre a carico del datore di lavoro.,,,,,,,,,,
A,Annuale,ITD4,Friuli-Venezia Giulia,HOUWAG_ENTEMP_FIRD_MI,Retribuzione lorda  oraria per ora retribuita delle posizioni lavorative dipendenti in euro (primo decile),9,Totale,2017,8.43,,,,,TIPO_DATO7__HOUWAG_ENTEMP_FIRD_MI_N1,Primo decile della distribuzione della retribuzione oraria della singola posizione lavorativa dipendente delle imprese ottenuta come rapporto fra la retribuzione lorda imponibile a fini contributivi a carico del datore di lavoro e le ore retribuite stimate sempre a carico del datore di lavoro.,,,,,,,,,,
A,Annuale,ITD4,Friuli-Venezia Giulia,HOUWAG_ENTEMP_FIRD_MI,Retribuzione lorda  oraria per ora retribuita delle posizioni lavorative dipendenti in euro (primo decile),9,Totale,2018,8.43,,,,,TIPO_DATO7__HOUWAG_ENTEMP_FIRD_MI_N1,Primo decile della distribuzione della retribuzione oraria della singola posizione lavorativa dipendente delle imprese ottenuta come rapporto fra la retribuzione lorda imponibile a fini contributivi a carico del datore di lavoro e le ore retribuite stimate sempre a carico del datore di lavoro.,,,,,,,,,,
A,Annuale,ITD4,Friuli-Venezia Giulia,HOUWAG_ENTEMP_FIRD_MI,Retribuzione lorda  oraria per ora retribuita delle posizioni lavorative dipendenti in euro (primo decile),9,Totale,2019,8.55,,,,,TIPO_DATO7__HOUWAG_ENTEMP_FIRD_MI_N1,Primo decile della distribuzione della retribuzione oraria della singola posizione lavorativa dipendente delle imprese ottenuta come rapporto fra la retribuzione lorda imponibile a fini contributivi a carico del datore di lavoro e le ore retribuite stimate sempre a carico del datore di lavoro.,,,,,,,,,,
A,Annuale,ITD4,Friuli-Venezia Giulia,HOUWAG_ENTEMP_FIRD_MI,Retribuzione lorda  oraria per ora retribuita delle posizioni lavorative dipendenti in euro (primo decile),9,Totale,2020,8.72,,,,,TIPO_DATO7__HOUWAG_ENTEMP_FIRD_MI_N1,Primo decile della distribuzione della retribuzione oraria della singola posizione lavorativa dipendente delle imprese ottenuta come rapporto fra la retribuzione lorda imponibile a fini contributivi a carico del datore di lavoro e le ore retribuite stimate sempre a carico del datore di lavoro.,,,,,,,,,,
A,Annuale,ITD4,Friuli-Venezia Giulia,HOUWAG_ENTEMP_FIRD_MI,Retribuzione lorda  oraria per ora retribuita delle posizioni lavorative dipendenti in euro (primo decile),9,Totale,2021,8.71,,,,,TIPO_DATO7__HOUWAG_ENTEMP_FIRD_MI_N1,Primo decile della distribuzione della retribuzione oraria della singola posizione lavorativa dipendente delle imprese ottenuta come rapporto fra la retribuzione lorda imponibile a fini contributivi a carico del datore di lavoro e le ore retribuite stimate sempre a carico del datore di lavoro.,,,,,,,,,,
A,Annuale,ITD4,Friuli-Venezia Giulia,HOUWAG_ENTEMP_FIRD_MI,Retribuzione lorda  oraria per ora retribuita delle posizioni lavorative dipendenti in euro (primo decile),9,Totale,2022,8.85,,,,,TIPO_DATO7__HOUWAG_ENTEMP_FIRD_MI_N1,Primo decile della distribuzione della retribuzione oraria della singola posizione lavorativa dipendente delle imprese ottenuta come rapporto fra la retribuzione lorda imponibile a fini contributivi a carico del datore di lavoro e le ore retribuite stimate sempre a carico del datore di lavoro.,,,,,,,,,,
A,Annuale,ITD4,Friuli-Venezia Giulia,HOUWAG_ENTEMP_MED_MI,Retribuzione lorda  oraria per ora retribuita delle posizioni lavorative dipendenti in euro (mediana).,9,Totale,2014,11.41,,,,,TIPO_DATO7__HOUWAG_ENTEMP_MED_MI_N1,Valore mediano della distribuzione della retribuzione oraria della singola posizione lavorativa dipendente delle imprese ottenuta come rapporto fra la retribuzione lorda imponibile a fini contributivi a carico del datore di lavoro e le ore retribuite stimate sempre a carico del datore di lavoro.,,,,,,,,,,
A,Annuale,ITD4,Friuli-Venezia Giulia,HOUWAG_ENTEMP_MED_MI,Retribuzione lorda  oraria per ora retribuita delle posizioni lavorative dipendenti in euro (mediana).,9,Totale,2015,11.55,,,,,TIPO_DATO7__HOUWAG_ENTEMP_MED_MI_N1,Valore mediano della distribuzione della retribuzione oraria della singola posizione lavorativa dipendente delle imprese ottenuta come rapporto fra la retribuzione lorda imponibile a fini contributivi a carico del datore di lavoro e le ore retribuite stimate sempre a carico del datore di lavoro.,,,,,,,,,,
A,Annuale,ITD4,Friuli-Venezia Giulia,HOUWAG_ENTEMP_MED_MI,Retribuzione lorda  oraria per ora retribuita delle posizioni lavorative dipendenti in euro (mediana).,9,Totale,2016,11.57,,,,,TIPO_DATO7__HOUWAG_ENTEMP_MED_MI_N1,Valore mediano della distribuzione della retribuzione oraria della singola posizione lavorativa dipendente delle imprese ottenuta come rapporto fra la retribuzione lorda imponibile a fini contributivi a carico del datore di lavoro e le ore retribuite stimate sempre a carico del datore di lavoro.,,,,,,,,,,
A,Annuale,ITD4,Friuli-Venezia Giulia,HOUWAG_ENTEMP_MED_MI,Retribuzione lorda  oraria per ora retribuita delle posizioni lavorative dipendenti in euro (mediana).,9,Totale,2017,11.55,,,,,TIPO_DATO7__HOUWAG_ENTEMP_MED_MI_N1,Valore mediano della distribuzione della retribuzione oraria della singola posizione lavorativa dipendente delle imprese ottenuta come rapporto fra la retribuzione lorda imponibile a fini contributivi a carico del datore di lavoro e le ore retribuite stimate sempre a carico del datore di lavoro.,,,,,,,,,,
A,Annuale,ITD4,Friuli-Venezia Giulia,HOUWAG_ENTEMP_MED_MI,Retribuzione lorda  oraria per ora retribuita delle posizioni lavorative dipendenti in euro (mediana).,9,Totale,2018,11.53,,,,,TIPO_DATO7__HOUWAG_ENTEMP_MED_MI_N1,Valore mediano della distribuzione della retribuzione oraria della singola posizione lavorativa dipendente delle imprese ottenuta come rapporto fra la retribuzione lorda imponibile a fini contributivi a carico del datore di lavoro e le ore retribuite stimate sempre a carico del datore di lavoro.,,,,,,,,,,
A,Annuale,ITD4,Friuli-Venezia Giulia,HOUWAG_ENTEMP_MED_MI,Retribuzione lorda  oraria per ora retribuita delle posizioni lavorative dipendenti in euro (mediana).,9,Totale,2019,11.68,,,,,TIPO_DATO7__HOUWAG_ENTEMP_MED_MI_N1,Valore mediano della distribuzione della retribuzione oraria della singola posizione lavorativa dipendente delle imprese ottenuta come rapporto fra la retribuzione lorda imponibile a fini contributivi a carico del datore di lavoro e le ore retribuite stimate sempre a carico del datore di lavoro.,,,,,,,,,,
A,Annuale,ITD4,Friuli-Venezia Giulia,HOUWAG_ENTEMP_MED_MI,Retribuzione lorda  oraria per ora retribuita delle posizioni lavorative dipendenti in euro (mediana).,9,Totale,2020,11.92,,,,,TIPO_DATO7__HOUWAG_ENTEMP_MED_MI_N1,Valore mediano della distribuzione della retribuzione oraria della singola posizione lavorativa dipendente delle imprese ottenuta come rapporto fra la retribuzione lorda imponibile a fini contributivi a carico del datore di lavoro e le ore retribuite stimate sempre a carico del datore di lavoro.,,,,,,,,,,
A,Annuale,ITD4,Friuli-Venezia Giulia,HOUWAG_ENTEMP_MED_MI,Retribuzione lorda  oraria per ora retribuita delle posizioni lavorative dipendenti in euro (mediana).,9,Totale,2021,11.9,,,,,TIPO_DATO7__HOUWAG_ENTEMP_MED_MI_N1,Valore mediano della distribuzione della retribuzione oraria della singola posizione lavorativa dipendente delle imprese ottenuta come rapporto fra la retribuzione lorda imponibile a fini contributivi a carico del datore di lavoro e le ore retribuite stimate sempre a carico del datore di lavoro.,,,,,,,,,,
A,Annuale,ITD4,Friuli-Venezia Giulia,HOUWAG_ENTEMP_MED_MI,Retribuzione lorda  oraria per ora retribuita delle posizioni lavorative dipendenti in euro (mediana).,9,Totale,2022,11.98,,,,,TIPO_DATO7__HOUWAG_ENTEMP_MED_MI_N1,Valore mediano della distribuzione della retribuzione oraria della singola posizione lavorativa dipendente delle imprese ottenuta come rapporto fra la retribuzione lorda imponibile a fini contributivi a carico del datore di lavoro e le ore retribuite stimate sempre a carico del datore di lavoro.,,,,,,,,,,
A,Annuale,ITD4,Friuli-Venezia Giulia,HOUWAG_ENTEMP_NIND_MI,Retribuzione lorda  oraria per ora retribuita delle posizioni lavorative dipendenti in euro (nono decile).,9,Totale,2014,19.66,,,,,TIPO_DATO7__HOUWAG_ENTEMP_NIND_MI_N1,Nono decile della distribuzione della retribuzione oraria della singola posizione lavorativa dipendente delle imprese ottenuta come rapporto fra la retribuzione lorda imponibile a fini contributivi a carico del datore di lavoro e le ore retribuite stimate sempre a carico del datore di lavoro.,,,,,,,,,,
A,Annuale,ITD4,Friuli-Venezia Giulia,HOUWAG_ENTEMP_NIND_MI,Retribuzione lorda  oraria per ora retribuita delle posizioni lavorative dipendenti in euro (nono decile).,9,Totale,2015,19.98,,,,,TIPO_DATO7__HOUWAG_ENTEMP_NIND_MI_N1,Nono decile della distribuzione della retribuzione oraria della singola posizione lavorativa dipendente delle imprese ottenuta come rapporto fra la retribuzione lorda imponibile a fini contributivi a carico del datore di lavoro e le ore retribuite stimate sempre a carico del datore di lavoro.,,,,,,,,,,
A,Annuale,ITD4,Friuli-Venezia Giulia,HOUWAG_ENTEMP_NIND_MI,Retribuzione lorda  oraria per ora retribuita delle posizioni lavorative dipendenti in euro (nono decile).,9,Totale,2016,19.88,,,,,TIPO_DATO7__HOUWAG_ENTEMP_NIND_MI_N1,Nono decile della distribuzione della retribuzione oraria della singola posizione lavorativa dipendente delle imprese ottenuta come rapporto fra la retribuzione lorda imponibile a fini contributivi a carico del datore di lavoro e le ore retribuite stimate sempre a carico del datore di lavoro.,,,,,,,,,,
A,Annuale,ITD4,Friuli-Venezia Giulia,HOUWAG_ENTEMP_NIND_MI,Retribuzione lorda  oraria per ora retribuita delle posizioni lavorative dipendenti in euro (nono decile).,9,Totale,2017,19.96,,,,,TIPO_DATO7__HOUWAG_ENTEMP_NIND_MI_N1,Nono decile della distribuzione della retribuzione oraria della singola posizione lavorativa dipendente delle imprese ottenuta come rapporto fra la retribuzione lorda imponibile a fini contributivi a carico del datore di lavoro e le ore retribuite stimate sempre a carico del datore di lavoro.,,,,,,,,,,
A,Annuale,ITD4,Friuli-Venezia Giulia,HOUWAG_ENTEMP_NIND_MI,Retribuzione lorda  oraria per ora retribuita delle posizioni lavorative dipendenti in euro (nono decile).,9,Totale,2018,19.85,,,,,TIPO_DATO7__HOUWAG_ENTEMP_NIND_MI_N1,Nono decile della distribuzione della retribuzione oraria della singola posizione lavorativa dipendente delle imprese ottenuta come rapporto fra la retribuzione lorda imponibile a fini contributivi a carico del datore di lavoro e le ore retribuite stimate sempre a carico del datore di lavoro.,,,,,,,,,,
A,Annuale,ITD4,Friuli-Venezia Giulia,HOUWAG_ENTEMP_NIND_MI,Retribuzione lorda  oraria per ora retribuita delle posizioni lavorative dipendenti in euro (nono decile).,9,Totale,2019,20.26,,,,,TIPO_DATO7__HOUWAG_ENTEMP_NIND_MI_N1,Nono decile della distribuzione della retribuzione oraria della singola posizione lavorativa dipendente delle imprese ottenuta come rapporto fra la retribuzione lorda imponibile a fini contributivi a carico del datore di lavoro e le ore retribuite stimate sempre a carico del datore di lavoro.,,,,,,,,,,
A,Annuale,ITD4,Friuli-Venezia Giulia,HOUWAG_ENTEMP_NIND_MI,Retribuzione lorda  oraria per ora retribuita delle posizioni lavorative dipendenti in euro (nono decile).,9,Totale,2020,20.46,,,,,TIPO_DATO7__HOUWAG_ENTEMP_NIND_MI_N1,Nono decile della distribuzione della retribuzione oraria della singola posizione lavorativa dipendente delle imprese ottenuta come rapporto fra la retribuzione lorda imponibile a fini contributivi a carico del datore di lavoro e le ore retribuite stimate sempre a carico del datore di lavoro.,,,,,,,,,,
A,Annuale,ITD4,Friuli-Venezia Giulia,HOUWAG_ENTEMP_NIND_MI,Retribuzione lorda  oraria per ora retribuita delle posizioni lavorative dipendenti in euro (nono decile).,9,Totale,2021,20.58,,,,,TIPO_DATO7__HOUWAG_ENTEMP_NIND_MI_N1,Nono decile della distribuzione della retribuzione oraria della singola posizione lavorativa dipendente delle imprese ottenuta come rapporto fra la retribuzione lorda imponibile a fini contributivi a carico del datore di lavoro e le ore retribuite stimate sempre a carico del datore di lavoro.,,,,,,,,,,
A,Annuale,ITD4,Friuli-Venezia Giulia,HOUWAG_ENTEMP_NIND_MI,Retribuzione lorda  oraria per ora retribuita delle posizioni lavorative dipendenti in euro (nono decile).,9,Totale,2022,20.71,,,,,TIPO_DATO7__HOUWAG_ENTEMP_NIND_MI_N1,Nono decile della distribuzione della retribuzione oraria della singola posizione lavorativa dipendente delle imprese ottenuta come rapporto fra la retribuzione lorda imponibile a fini contributivi a carico del datore di lavoro e le ore retribuite stimate sempre a carico del datore di lavoro.,,,,,,,,,,
A,Annuale,ITD5,Emilia-Romagna,HOUWAG_ENTEMP_AV_MI,Retribuzione lorda oraria per ora retribuita delle posizioni lavorative dipendenti in euro (media),9,Totale,2014,14.16,,,,,TIPO_DATO7__HOUWAG_ENTEMP_AV_MI_N1,Media aritmetica semplice della retribuzione oraria calcolata a livello di singola posizione lavorativa. La retribuzione oraria della singola posizione lavorativa dipendente delle imprese è ottenuta come rapporto fra la retribuzione lorda imponibile a fini contributivi a carico del datore di lavoro e le ore retribuite stimate sempre a carico del datore di lavoro.,,,,,,,,,,
A,Annuale,ITD5,Emilia-Romagna,HOUWAG_ENTEMP_AV_MI,Retribuzione lorda oraria per ora retribuita delle posizioni lavorative dipendenti in euro (media),9,Totale,2015,14.39,,,,,TIPO_DATO7__HOUWAG_ENTEMP_AV_MI_N1,Media aritmetica semplice della retribuzione oraria calcolata a livello di singola posizione lavorativa. La retribuzione oraria della singola posizione lavorativa dipendente delle imprese è ottenuta come rapporto fra la retribuzione lorda imponibile a fini contributivi a carico del datore di lavoro e le ore retribuite stimate sempre a carico del datore di lavoro.,,,,,,,,,,
A,Annuale,ITD5,Emilia-Romagna,HOUWAG_ENTEMP_AV_MI,Retribuzione lorda oraria per ora retribuita delle posizioni lavorative dipendenti in euro (media),9,Totale,2016,14.4,,,,,TIPO_DATO7__HOUWAG_ENTEMP_AV_MI_N1,Media aritmetica semplice della retribuzione oraria calcolata a livello di singola posizione lavorativa. La retribuzione oraria della singola posizione lavorativa dipendente delle imprese è ottenuta come rapporto fra la retribuzione lorda imponibile a fini contributivi a carico del datore di lavoro e le ore retribuite stimate sempre a carico del datore di lavoro.,,,,,,,,,,
A,Annuale,ITD5,Emilia-Romagna,HOUWAG_ENTEMP_AV_MI,Retribuzione lorda oraria per ora retribuita delle posizioni lavorative dipendenti in euro (media),9,Totale,2017,14.35,,,,,TIPO_DATO7__HOUWAG_ENTEMP_AV_MI_N1,Media aritmetica semplice della retribuzione oraria calcolata a livello di singola posizione lavorativa. La retribuzione oraria della singola posizione lavorativa dipendente delle imprese è ottenuta come rapporto fra la retribuzione lorda imponibile a fini contributivi a carico del datore di lavoro e le ore retribuite stimate sempre a carico del datore di lavoro.,,,,,,,,,,
A,Annuale,ITD5,Emilia-Romagna,HOUWAG_ENTEMP_AV_MI,Retribuzione lorda oraria per ora retribuita delle posizioni lavorative dipendenti in euro (media),9,Totale,2018,14.23,,,,,TIPO_DATO7__HOUWAG_ENTEMP_AV_MI_N1,Media aritmetica semplice della retribuzione oraria calcolata a livello di singola posizione lavorativa. La retribuzione oraria della singola posizione lavorativa dipendente delle imprese è ottenuta come rapporto fra la retribuzione lorda imponibile a fini contributivi a carico del datore di lavoro e le ore retribuite stimate sempre a carico del datore di lavoro.,,,,,,,,,,
A,Annuale,ITD5,Emilia-Romagna,HOUWAG_ENTEMP_AV_MI,Retribuzione lorda oraria per ora retribuita delle posizioni lavorative dipendenti in euro (media),9,Totale,2019,14.43,,,,,TIPO_DATO7__HOUWAG_ENTEMP_AV_MI_N1,Media aritmetica semplice della retribuzione oraria calcolata a livello di singola posizione lavorativa. La retribuzione oraria della singola posizione lavorativa dipendente delle imprese è ottenuta come rapporto fra la retribuzione lorda imponibile a fini contributivi a carico del datore di lavoro e le ore retribuite stimate sempre a carico del datore di lavoro.,,,,,,,,,,
A,Annuale,ITD5,Emilia-Romagna,HOUWAG_ENTEMP_AV_MI,Retribuzione lorda oraria per ora retribuita delle posizioni lavorative dipendenti in euro (media),9,Totale,2020,14.8,,,,,TIPO_DATO7__HOUWAG_ENTEMP_AV_MI_N1,Media aritmetica semplice della retribuzione oraria calcolata a livello di singola posizione lavorativa. La retribuzione oraria della singola posizione lavorativa dipendente delle imprese è ottenuta come rapporto fra la retribuzione lorda imponibile a fini contributivi a carico del datore di lavoro e le ore retribuite stimate sempre a carico del datore di lavoro.,,,,,,,,,,
A,Annuale,ITD5,Emilia-Romagna,HOUWAG_ENTEMP_AV_MI,Retribuzione lorda oraria per ora retribuita delle posizioni lavorative dipendenti in euro (media),9,Totale,2021,15.03,,,,,TIPO_DATO7__HOUWAG_ENTEMP_AV_MI_N1,Media aritmetica semplice della retribuzione oraria calcolata a livello di singola posizione lavorativa. La retribuzione oraria della singola posizione lavorativa dipendente delle imprese è ottenuta come rapporto fra la retribuzione lorda imponibile a fini contributivi a carico del datore di lavoro e le ore retribuite stimate sempre a carico del datore di lavoro.,,,,,,,,,,
A,Annuale,ITD5,Emilia-Romagna,HOUWAG_ENTEMP_AV_MI,Retribuzione lorda oraria per ora retribuita delle posizioni lavorative dipendenti in euro (media),9,Totale,2022,14.98,,,,,TIPO_DATO7__HOUWAG_ENTEMP_AV_MI_N1,Media aritmetica semplice della retribuzione oraria calcolata a livello di singola posizione lavorativa. La retribuzione oraria della singola posizione lavorativa dipendente delle imprese è ottenuta come rapporto fra la retribuzione lorda imponibile a fini contributivi a carico del datore di lavoro e le ore retribuite stimate sempre a carico del datore di lavoro.,,,,,,,,,,
A,Annuale,ITD5,Emilia-Romagna,HOUWAG_ENTEMP_FIRD_MI,Retribuzione lorda  oraria per ora retribuita delle posizioni lavorative dipendenti in euro (primo decile),9,Totale,2014,8.25,,,,,TIPO_DATO7__HOUWAG_ENTEMP_FIRD_MI_N1,Primo decile della distribuzione della retribuzione oraria della singola posizione lavorativa dipendente delle imprese ottenuta come rapporto fra la retribuzione lorda imponibile a fini contributivi a carico del datore di lavoro e le ore retribuite stimate sempre a carico del datore di lavoro.,,,,,,,,,,
A,Annuale,ITD5,Emilia-Romagna,HOUWAG_ENTEMP_FIRD_MI,Retribuzione lorda  oraria per ora retribuita delle posizioni lavorative dipendenti in euro (primo decile),9,Totale,2015,8.39,,,,,TIPO_DATO7__HOUWAG_ENTEMP_FIRD_MI_N1,Primo decile della distribuzione della retribuzione oraria della singola posizione lavorativa dipendente delle imprese ottenuta come rapporto fra la retribuzione lorda imponibile a fini contributivi a carico del datore di lavoro e le ore retribuite stimate sempre a carico del datore di lavoro.,,,,,,,,,,
A,Annuale,ITD5,Emilia-Romagna,HOUWAG_ENTEMP_FIRD_MI,Retribuzione lorda  oraria per ora retribuita delle posizioni lavorative dipendenti in euro (primo decile),9,Totale,2016,8.42,,,,,TIPO_DATO7__HOUWAG_ENTEMP_FIRD_MI_N1,Primo decile della distribuzione della retribuzione oraria della singola posizione lavorativa dipendente delle imprese ottenuta come rapporto fra la retribuzione lorda imponibile a fini contributivi a carico del datore di lavoro e le ore retribuite stimate sempre a carico del datore di lavoro.,,,,,,,,,,
A,Annuale,ITD5,Emilia-Romagna,HOUWAG_ENTEMP_FIRD_MI,Retribuzione lorda  oraria per ora retribuita delle posizioni lavorative dipendenti in euro (primo decile),9,Totale,2017,8.42,,,,,TIPO_DATO7__HOUWAG_ENTEMP_FIRD_MI_N1,Primo decile della distribuzione della retribuzione oraria della singola posizione lavorativa dipendente delle imprese ottenuta come rapporto fra la retribuzione lorda imponibile a fini contributivi a carico del datore di lavoro e le ore retribuite stimate sempre a carico del datore di lavoro.,,,,,,,,,,
A,Annuale,ITD5,Emilia-Romagna,HOUWAG_ENTEMP_FIRD_MI,Retribuzione lorda  oraria per ora retribuita delle posizioni lavorative dipendenti in euro (primo decile),9,Totale,2018,8.41,,,,,TIPO_DATO7__HOUWAG_ENTEMP_FIRD_MI_N1,Primo decile della distribuzione della retribuzione oraria della singola posizione lavorativa dipendente delle imprese ottenuta come rapporto fra la retribuzione lorda imponibile a fini contributivi a carico del datore di lavoro e le ore retribuite stimate sempre a carico del datore di lavoro.,,,,,,,,,,
A,Annuale,ITD5,Emilia-Romagna,HOUWAG_ENTEMP_FIRD_MI,Retribuzione lorda  oraria per ora retribuita delle posizioni lavorative dipendenti in euro (primo decile),9,Totale,2019,8.5,,,,,TIPO_DATO7__HOUWAG_ENTEMP_FIRD_MI_N1,Primo decile della distribuzione della retribuzione oraria della singola posizione lavorativa dipendente delle imprese ottenuta come rapporto fra la retribuzione lorda imponibile a fini contributivi a carico del datore di lavoro e le ore retribuite stimate sempre a carico del datore di lavoro.,,,,,,,,,,
A,Annuale,ITD5,Emilia-Romagna,HOUWAG_ENTEMP_FIRD_MI,Retribuzione lorda  oraria per ora retribuita delle posizioni lavorative dipendenti in euro (primo decile),9,Totale,2020,8.74,,,,,TIPO_DATO7__HOUWAG_ENTEMP_FIRD_MI_N1,Primo decile della distribuzione della retribuzione oraria della singola posizione lavorativa dipendente delle imprese ottenuta come rapporto fra la retribuzione lorda imponibile a fini contributivi a carico del datore di lavoro e le ore retribuite stimate sempre a carico del datore di lavoro.,,,,,,,,,,
A,Annuale,ITD5,Emilia-Romagna,HOUWAG_ENTEMP_FIRD_MI,Retribuzione lorda  oraria per ora retribuita delle posizioni lavorative dipendenti in euro (primo decile),9,Totale,2021,8.74,,,,,TIPO_DATO7__HOUWAG_ENTEMP_FIRD_MI_N1,Primo decile della distribuzione della retribuzione oraria della singola posizione lavorativa dipendente delle imprese ottenuta come rapporto fra la retribuzione lorda imponibile a fini contributivi a carico del datore di lavoro e le ore retribuite stimate sempre a carico del datore di lavoro.,,,,,,,,,,
A,Annuale,ITD5,Emilia-Romagna,HOUWAG_ENTEMP_FIRD_MI,Retribuzione lorda  oraria per ora retribuita delle posizioni lavorative dipendenti in euro (primo decile),9,Totale,2022,8.84,,,,,TIPO_DATO7__HOUWAG_ENTEMP_FIRD_MI_N1,Primo decile della distribuzione della retribuzione oraria della singola posizione lavorativa dipendente delle imprese ottenuta come rapporto fra la retribuzione lorda imponibile a fini contributivi a carico del datore di lavoro e le ore retribuite stimate sempre a carico del datore di lavoro.,,,,,,,,,,
A,Annuale,ITD5,Emilia-Romagna,HOUWAG_ENTEMP_MED_MI,Retribuzione lorda  oraria per ora retribuita delle posizioni lavorative dipendenti in euro (mediana).,9,Totale,2014,11.55,,,,,TIPO_DATO7__HOUWAG_ENTEMP_MED_MI_N1,Valore mediano della distribuzione della retribuzione oraria della singola posizione lavorativa dipendente delle imprese ottenuta come rapporto fra la retribuzione lorda imponibile a fini contributivi a carico del datore di lavoro e le ore retribuite stimate sempre a carico del datore di lavoro.,,,,,,,,,,
A,Annuale,ITD5,Emilia-Romagna,HOUWAG_ENTEMP_MED_MI,Retribuzione lorda  oraria per ora retribuita delle posizioni lavorative dipendenti in euro (mediana).,9,Totale,2015,11.72,,,,,TIPO_DATO7__HOUWAG_ENTEMP_MED_MI_N1,Valore mediano della distribuzione della retribuzione oraria della singola posizione lavorativa dipendente delle imprese ottenuta come rapporto fra la retribuzione lorda imponibile a fini contributivi a carico del datore di lavoro e le ore retribuite stimate sempre a carico del datore di lavoro.,,,,,,,,,,
A,Annuale,ITD5,Emilia-Romagna,HOUWAG_ENTEMP_MED_MI,Retribuzione lorda  oraria per ora retribuita delle posizioni lavorative dipendenti in euro (mediana).,9,Totale,2016,11.73,,,,,TIPO_DATO7__HOUWAG_ENTEMP_MED_MI_N1,Valore mediano della distribuzione della retribuzione oraria della singola posizione lavorativa dipendente delle imprese ottenuta come rapporto fra la retribuzione lorda imponibile a fini contributivi a carico del datore di lavoro e le ore retribuite stimate sempre a carico del datore di lavoro.,,,,,,,,,,
A,Annuale,ITD5,Emilia-Romagna,HOUWAG_ENTEMP_MED_MI,Retribuzione lorda  oraria per ora retribuita delle posizioni lavorative dipendenti in euro (mediana).,9,Totale,2017,11.66,,,,,TIPO_DATO7__HOUWAG_ENTEMP_MED_MI_N1,Valore mediano della distribuzione della retribuzione oraria della singola posizione lavorativa dipendente delle imprese ottenuta come rapporto fra la retribuzione lorda imponibile a fini contributivi a carico del datore di lavoro e le ore retribuite stimate sempre a carico del datore di lavoro.,,,,,,,,,,
A,Annuale,ITD5,Emilia-Romagna,HOUWAG_ENTEMP_MED_MI,Retribuzione lorda  oraria per ora retribuita delle posizioni lavorative dipendenti in euro (mediana).,9,Totale,2018,11.67,,,,,TIPO_DATO7__HOUWAG_ENTEMP_MED_MI_N1,Valore mediano della distribuzione della retribuzione oraria della singola posizione lavorativa dipendente delle imprese ottenuta come rapporto fra la retribuzione lorda imponibile a fini contributivi a carico del datore di lavoro e le ore retribuite stimate sempre a carico del datore di lavoro.,,,,,,,,,,
A,Annuale,ITD5,Emilia-Romagna,HOUWAG_ENTEMP_MED_MI,Retribuzione lorda  oraria per ora retribuita delle posizioni lavorative dipendenti in euro (mediana).,9,Totale,2019,11.8,,,,,TIPO_DATO7__HOUWAG_ENTEMP_MED_MI_N1,Valore mediano della distribuzione della retribuzione oraria della singola posizione lavorativa dipendente delle imprese ottenuta come rapporto fra la retribuzione lorda imponibile a fini contributivi a carico del datore di lavoro e le ore retribuite stimate sempre a carico del datore di lavoro.,,,,,,,,,,
A,Annuale,ITD5,Emilia-Romagna,HOUWAG_ENTEMP_MED_MI,Retribuzione lorda  oraria per ora retribuita delle posizioni lavorative dipendenti in euro (mediana).,9,Totale,2020,12.17,,,,,TIPO_DATO7__HOUWAG_ENTEMP_MED_MI_N1,Valore mediano della distribuzione della retribuzione oraria della singola posizione lavorativa dipendente delle imprese ottenuta come rapporto fra la retribuzione lorda imponibile a fini contributivi a carico del datore di lavoro e le ore retribuite stimate sempre a carico del datore di lavoro.,,,,,,,,,,
A,Annuale,ITD5,Emilia-Romagna,HOUWAG_ENTEMP_MED_MI,Retribuzione lorda  oraria per ora retribuita delle posizioni lavorative dipendenti in euro (mediana).,9,Totale,2021,12.12,,,,,TIPO_DATO7__HOUWAG_ENTEMP_MED_MI_N1,Valore mediano della distribuzione della retribuzione oraria della singola posizione lavorativa dipendente delle imprese ottenuta come rapporto fra la retribuzione lorda imponibile a fini contributivi a carico del datore di lavoro e le ore retribuite stimate sempre a carico del datore di lavoro.,,,,,,,,,,
A,Annuale,ITD5,Emilia-Romagna,HOUWAG_ENTEMP_MED_MI,Retribuzione lorda  oraria per ora retribuita delle posizioni lavorative dipendenti in euro (mediana).,9,Totale,2022,12.13,,,,,TIPO_DATO7__HOUWAG_ENTEMP_MED_MI_N1,Valore mediano della distribuzione della retribuzione oraria della singola posizione lavorativa dipendente delle imprese ottenuta come rapporto fra la retribuzione lorda imponibile a fini contributivi a carico del datore di lavoro e le ore retribuite stimate sempre a carico del datore di lavoro.,,,,,,,,,,
A,Annuale,ITD5,Emilia-Romagna,HOUWAG_ENTEMP_NIND_MI,Retribuzione lorda  oraria per ora retribuita delle posizioni lavorative dipendenti in euro (nono decile).,9,Totale,2014,20.95,,,,,TIPO_DATO7__HOUWAG_ENTEMP_NIND_MI_N1,Nono decile della distribuzione della retribuzione oraria della singola posizione lavorativa dipendente delle imprese ottenuta come rapporto fra la retribuzione lorda imponibile a fini contributivi a carico del datore di lavoro e le ore retribuite stimate sempre a carico del datore di lavoro.,,,,,,,,,,
A,Annuale,ITD5,Emilia-Romagna,HOUWAG_ENTEMP_NIND_MI,Retribuzione lorda  oraria per ora retribuita delle posizioni lavorative dipendenti in euro (nono decile).,9,Totale,2015,21.31,,,,,TIPO_DATO7__HOUWAG_ENTEMP_NIND_MI_N1,Nono decile della distribuzione della retribuzione oraria della singola posizione lavorativa dipendente delle imprese ottenuta come rapporto fra la retribuzione lorda imponibile a fini contributivi a carico del datore di lavoro e le ore retribuite stimate sempre a carico del datore di lavoro.,,,,,,,,,,
A,Annuale,ITD5,Emilia-Romagna,HOUWAG_ENTEMP_NIND_MI,Retribuzione lorda  oraria per ora retribuita delle posizioni lavorative dipendenti in euro (nono decile).,9,Totale,2016,21.39,,,,,TIPO_DATO7__HOUWAG_ENTEMP_NIND_MI_N1,Nono decile della distribuzione della retribuzione oraria della singola posizione lavorativa dipendente delle imprese ottenuta come rapporto fra la retribuzione lorda imponibile a fini contributivi a carico del datore di lavoro e le ore retribuite stimate sempre a carico del datore di lavoro.,,,,,,,,,,
A,Annuale,ITD5,Emilia-Romagna,HOUWAG_ENTEMP_NIND_MI,Retribuzione lorda  oraria per ora retribuita delle posizioni lavorative dipendenti in euro (nono decile).,9,Totale,2017,21.32,,,,,TIPO_DATO7__HOUWAG_ENTEMP_NIND_MI_N1,Nono decile della distribuzione della retribuzione oraria della singola posizione lavorativa dipendente delle imprese ottenuta come rapporto fra la retribuzione lorda imponibile a fini contributivi a carico del datore di lavoro e le ore retribuite stimate sempre a carico del datore di lavoro.,,,,,,,,,,
A,Annuale,ITD5,Emilia-Romagna,HOUWAG_ENTEMP_NIND_MI,Retribuzione lorda  oraria per ora retribuita delle posizioni lavorative dipendenti in euro (nono decile).,9,Totale,2018,21.08,,,,,TIPO_DATO7__HOUWAG_ENTEMP_NIND_MI_N1,Nono decile della distribuzione della retribuzione oraria della singola posizione lavorativa dipendente delle imprese ottenuta come rapporto fra la retribuzione lorda imponibile a fini contributivi a carico del datore di lavoro e le ore retribuite stimate sempre a carico del datore di lavoro.,,,,,,,,,,
A,Annuale,ITD5,Emilia-Romagna,HOUWAG_ENTEMP_NIND_MI,Retribuzione lorda  oraria per ora retribuita delle posizioni lavorative dipendenti in euro (nono decile).,9,Totale,2019,21.41,,,,,TIPO_DATO7__HOUWAG_ENTEMP_NIND_MI_N1,Nono decile della distribuzione della retribuzione oraria della singola posizione lavorativa dipendente delle imprese ottenuta come rapporto fra la retribuzione lorda imponibile a fini contributivi a carico del datore di lavoro e le ore retribuite stimate sempre a carico del datore di lavoro.,,,,,,,,,,
A,Annuale,ITD5,Emilia-Romagna,HOUWAG_ENTEMP_NIND_MI,Retribuzione lorda  oraria per ora retribuita delle posizioni lavorative dipendenti in euro (nono decile).,9,Totale,2020,21.9,,,,,TIPO_DATO7__HOUWAG_ENTEMP_NIND_MI_N1,Nono decile della distribuzione della retribuzione oraria della singola posizione lavorativa dipendente delle imprese ottenuta come rapporto fra la retribuzione lorda imponibile a fini contributivi a carico del datore di lavoro e le ore retribuite stimate sempre a carico del datore di lavoro.,,,,,,,,,,
A,Annuale,ITD5,Emilia-Romagna,HOUWAG_ENTEMP_NIND_MI,Retribuzione lorda  oraria per ora retribuita delle posizioni lavorative dipendenti in euro (nono decile).,9,Totale,2021,22.08,,,,,TIPO_DATO7__HOUWAG_ENTEMP_NIND_MI_N1,Nono decile della distribuzione della retribuzione oraria della singola posizione lavorativa dipendente delle imprese ottenuta come rapporto fra la retribuzione lorda imponibile a fini contributivi a carico del datore di lavoro e le ore retribuite stimate sempre a carico del datore di lavoro.,,,,,,,,,,
A,Annuale,ITD5,Emilia-Romagna,HOUWAG_ENTEMP_NIND_MI,Retribuzione lorda  oraria per ora retribuita delle posizioni lavorative dipendenti in euro (nono decile).,9,Totale,2022,22.08,,,,,TIPO_DATO7__HOUWAG_ENTEMP_NIND_MI_N1,Nono decile della distribuzione della retribuzione oraria della singola posizione lavorativa dipendente delle imprese ottenuta come rapporto fra la retribuzione lorda imponibile a fini contributivi a carico del datore di lavoro e le ore retribuite stimate sempre a carico del datore di lavoro.,,,,,,,,,,
A,Annuale,ITE1,Toscana,HOUWAG_ENTEMP_AV_MI,Retribuzione lorda oraria per ora retribuita delle posizioni lavorative dipendenti in euro (media),9,Totale,2014,13.36,,,,,TIPO_DATO7__HOUWAG_ENTEMP_AV_MI_N1,Media aritmetica semplice della retribuzione oraria calcolata a livello di singola posizione lavorativa. La retribuzione oraria della singola posizione lavorativa dipendente delle imprese è ottenuta come rapporto fra la retribuzione lorda imponibile a fini contributivi a carico del datore di lavoro e le ore retribuite stimate sempre a carico del datore di lavoro.,,,,,,,,,,
A,Annuale,ITE1,Toscana,HOUWAG_ENTEMP_AV_MI,Retribuzione lorda oraria per ora retribuita delle posizioni lavorative dipendenti in euro (media),9,Totale,2015,13.62,,,,,TIPO_DATO7__HOUWAG_ENTEMP_AV_MI_N1,Media aritmetica semplice della retribuzione oraria calcolata a livello di singola posizione lavorativa. La retribuzione oraria della singola posizione lavorativa dipendente delle imprese è ottenuta come rapporto fra la retribuzione lorda imponibile a fini contributivi a carico del datore di lavoro e le ore retribuite stimate sempre a carico del datore di lavoro.,,,,,,,,,,
A,Annuale,ITE1,Toscana,HOUWAG_ENTEMP_AV_MI,Retribuzione lorda oraria per ora retribuita delle posizioni lavorative dipendenti in euro (media),9,Totale,2016,13.48,,,,,TIPO_DATO7__HOUWAG_ENTEMP_AV_MI_N1,Media aritmetica semplice della retribuzione oraria calcolata a livello di singola posizione lavorativa. La retribuzione oraria della singola posizione lavorativa dipendente delle imprese è ottenuta come rapporto fra la retribuzione lorda imponibile a fini contributivi a carico del datore di lavoro e le ore retribuite stimate sempre a carico del datore di lavoro.,,,,,,,,,,
A,Annuale,ITE1,Toscana,HOUWAG_ENTEMP_AV_MI,Retribuzione lorda oraria per ora retribuita delle posizioni lavorative dipendenti in euro (media),9,Totale,2017,13.6,,,,,TIPO_DATO7__HOUWAG_ENTEMP_AV_MI_N1,Media aritmetica semplice della retribuzione oraria calcolata a livello di singola posizione lavorativa. La retribuzione oraria della singola posizione lavorativa dipendente delle imprese è ottenuta come rapporto fra la retribuzione lorda imponibile a fini contributivi a carico del datore di lavoro e le ore retribuite stimate sempre a carico del datore di lavoro.,,,,,,,,,,
A,Annuale,ITE1,Toscana,HOUWAG_ENTEMP_AV_MI,Retribuzione lorda oraria per ora retribuita delle posizioni lavorative dipendenti in euro (media),9,Totale,2018,13.53,,,,,TIPO_DATO7__HOUWAG_ENTEMP_AV_MI_N1,Media aritmetica semplice della retribuzione oraria calcolata a livello di singola posizione lavorativa. La retribuzione oraria della singola posizione lavorativa dipendente delle imprese è ottenuta come rapporto fra la retribuzione lorda imponibile a fini contributivi a carico del datore di lavoro e le ore retribuite stimate sempre a carico del datore di lavoro.,,,,,,,,,,
A,Annuale,ITE1,Toscana,HOUWAG_ENTEMP_AV_MI,Retribuzione lorda oraria per ora retribuita delle posizioni lavorative dipendenti in euro (media),9,Totale,2019,13.75,,,,,TIPO_DATO7__HOUWAG_ENTEMP_AV_MI_N1,Media aritmetica semplice della retribuzione oraria calcolata a livello di singola posizione lavorativa. La retribuzione oraria della singola posizione lavorativa dipendente delle imprese è ottenuta come rapporto fra la retribuzione lorda imponibile a fini contributivi a carico del datore di lavoro e le ore retribuite stimate sempre a carico del datore di lavoro.,,,,,,,,,,
A,Annuale,ITE1,Toscana,HOUWAG_ENTEMP_AV_MI,Retribuzione lorda oraria per ora retribuita delle posizioni lavorative dipendenti in euro (media),9,Totale,2020,14,,,,,TIPO_DATO7__HOUWAG_ENTEMP_AV_MI_N1,Media aritmetica semplice della retribuzione oraria calcolata a livello di singola posizione lavorativa. La retribuzione oraria della singola posizione lavorativa dipendente delle imprese è ottenuta come rapporto fra la retribuzione lorda imponibile a fini contributivi a carico del datore di lavoro e le ore retribuite stimate sempre a carico del datore di lavoro.,,,,,,,,,,
A,Annuale,ITE1,Toscana,HOUWAG_ENTEMP_AV_MI,Retribuzione lorda oraria per ora retribuita delle posizioni lavorative dipendenti in euro (media),9,Totale,2021,14.27,,,,,TIPO_DATO7__HOUWAG_ENTEMP_AV_MI_N1,Media aritmetica semplice della retribuzione oraria calcolata a livello di singola posizione lavorativa. La retribuzione oraria della singola posizione lavorativa dipendente delle imprese è ottenuta come rapporto fra la retribuzione lorda imponibile a fini contributivi a carico del datore di lavoro e le ore retribuite stimate sempre a carico del datore di lavoro.,,,,,,,,,,
A,Annuale,ITE1,Toscana,HOUWAG_ENTEMP_AV_MI,Retribuzione lorda oraria per ora retribuita delle posizioni lavorative dipendenti in euro (media),9,Totale,2022,14.15,,,,,TIPO_DATO7__HOUWAG_ENTEMP_AV_MI_N1,Media aritmetica semplice della retribuzione oraria calcolata a livello di singola posizione lavorativa. La retribuzione oraria della singola posizione lavorativa dipendente delle imprese è ottenuta come rapporto fra la retribuzione lorda imponibile a fini contributivi a carico del datore di lavoro e le ore retribuite stimate sempre a carico del datore di lavoro.,,,,,,,,,,
A,Annuale,ITE1,Toscana,HOUWAG_ENTEMP_FIRD_MI,Retribuzione lorda  oraria per ora retribuita delle posizioni lavorative dipendenti in euro (primo decile),9,Totale,2014,7.94,,,,,TIPO_DATO7__HOUWAG_ENTEMP_FIRD_MI_N1,Primo decile della distribuzione della retribuzione oraria della singola posizione lavorativa dipendente delle imprese ottenuta come rapporto fra la retribuzione lorda imponibile a fini contributivi a carico del datore di lavoro e le ore retribuite stimate sempre a carico del datore di lavoro.,,,,,,,,,,
A,Annuale,ITE1,Toscana,HOUWAG_ENTEMP_FIRD_MI,Retribuzione lorda  oraria per ora retribuita delle posizioni lavorative dipendenti in euro (primo decile),9,Totale,2015,8.09,,,,,TIPO_DATO7__HOUWAG_ENTEMP_FIRD_MI_N1,Primo decile della distribuzione della retribuzione oraria della singola posizione lavorativa dipendente delle imprese ottenuta come rapporto fra la retribuzione lorda imponibile a fini contributivi a carico del datore di lavoro e le ore retribuite stimate sempre a carico del datore di lavoro.,,,,,,,,,,
A,Annuale,ITE1,Toscana,HOUWAG_ENTEMP_FIRD_MI,Retribuzione lorda  oraria per ora retribuita delle posizioni lavorative dipendenti in euro (primo decile),9,Totale,2016,8.11,,,,,TIPO_DATO7__HOUWAG_ENTEMP_FIRD_MI_N1,Primo decile della distribuzione della retribuzione oraria della singola posizione lavorativa dipendente delle imprese ottenuta come rapporto fra la retribuzione lorda imponibile a fini contributivi a carico del datore di lavoro e le ore retribuite stimate sempre a carico del datore di lavoro.,,,,,,,,,,
A,Annuale,ITE1,Toscana,HOUWAG_ENTEMP_FIRD_MI,Retribuzione lorda  oraria per ora retribuita delle posizioni lavorative dipendenti in euro (primo decile),9,Totale,2017,8.18,,,,,TIPO_DATO7__HOUWAG_ENTEMP_FIRD_MI_N1,Primo decile della distribuzione della retribuzione oraria della singola posizione lavorativa dipendente delle imprese ottenuta come rapporto fra la retribuzione lorda imponibile a fini contributivi a carico del datore di lavoro e le ore retribuite stimate sempre a carico del datore di lavoro.,,,,,,,,,,
A,Annuale,ITE1,Toscana,HOUWAG_ENTEMP_FIRD_MI,Retribuzione lorda  oraria per ora retribuita delle posizioni lavorative dipendenti in euro (primo decile),9,Totale,2018,8.25,,,,,TIPO_DATO7__HOUWAG_ENTEMP_FIRD_MI_N1,Primo decile della distribuzione della retribuzione oraria della singola posizione lavorativa dipendente delle imprese ottenuta come rapporto fra la retribuzione lorda imponibile a fini contributivi a carico del datore di lavoro e le ore retribuite stimate sempre a carico del datore di lavoro.,,,,,,,,,,
A,Annuale,ITE1,Toscana,HOUWAG_ENTEMP_FIRD_MI,Retribuzione lorda  oraria per ora retribuita delle posizioni lavorative dipendenti in euro (primo decile),9,Totale,2019,8.35,,,,,TIPO_DATO7__HOUWAG_ENTEMP_FIRD_MI_N1,Primo decile della distribuzione della retribuzione oraria della singola posizione lavorativa dipendente delle imprese ottenuta come rapporto fra la retribuzione lorda imponibile a fini contributivi a carico del datore di lavoro e le ore retribuite stimate sempre a carico del datore di lavoro.,,,,,,,,,,
A,Annuale,ITE1,Toscana,HOUWAG_ENTEMP_FIRD_MI,Retribuzione lorda  oraria per ora retribuita delle posizioni lavorative dipendenti in euro (primo decile),9,Totale,2020,8.5,,,,,TIPO_DATO7__HOUWAG_ENTEMP_FIRD_MI_N1,Primo decile della distribuzione della retribuzione oraria della singola posizione lavorativa dipendente delle imprese ottenuta come rapporto fra la retribuzione lorda imponibile a fini contributivi a carico del datore di lavoro e le ore retribuite stimate sempre a carico del datore di lavoro.,,,,,,,,,,
A,Annuale,ITE1,Toscana,HOUWAG_ENTEMP_FIRD_MI,Retribuzione lorda  oraria per ora retribuita delle posizioni lavorative dipendenti in euro (primo decile),9,Totale,2021,8.53,,,,,TIPO_DATO7__HOUWAG_ENTEMP_FIRD_MI_N1,Primo decile della distribuzione della retribuzione oraria della singola posizione lavorativa dipendente delle imprese ottenuta come rapporto fra la retribuzione lorda imponibile a fini contributivi a carico del datore di lavoro e le ore retribuite stimate sempre a carico del datore di lavoro.,,,,,,,,,,
A,Annuale,ITE1,Toscana,HOUWAG_ENTEMP_FIRD_MI,Retribuzione lorda  oraria per ora retribuita delle posizioni lavorative dipendenti in euro (primo decile),9,Totale,2022,8.62,,,,,TIPO_DATO7__HOUWAG_ENTEMP_FIRD_MI_N1,Primo decile della distribuzione della retribuzione oraria della singola posizione lavorativa dipendente delle imprese ottenuta come rapporto fra la retribuzione lorda imponibile a fini contributivi a carico del datore di lavoro e le ore retribuite stimate sempre a carico del datore di lavoro.,,,,,,,,,,
A,Annuale,ITE1,Toscana,HOUWAG_ENTEMP_MED_MI,Retribuzione lorda  oraria per ora retribuita delle posizioni lavorative dipendenti in euro (mediana).,9,Totale,2014,10.98,,,,,TIPO_DATO7__HOUWAG_ENTEMP_MED_MI_N1,Valore mediano della distribuzione della retribuzione oraria della singola posizione lavorativa dipendente delle imprese ottenuta come rapporto fra la retribuzione lorda imponibile a fini contributivi a carico del datore di lavoro e le ore retribuite stimate sempre a carico del datore di lavoro.,,,,,,,,,,
A,Annuale,ITE1,Toscana,HOUWAG_ENTEMP_MED_MI,Retribuzione lorda  oraria per ora retribuita delle posizioni lavorative dipendenti in euro (mediana).,9,Totale,2015,11.14,,,,,TIPO_DATO7__HOUWAG_ENTEMP_MED_MI_N1,Valore mediano della distribuzione della retribuzione oraria della singola posizione lavorativa dipendente delle imprese ottenuta come rapporto fra la retribuzione lorda imponibile a fini contributivi a carico del datore di lavoro e le ore retribuite stimate sempre a carico del datore di lavoro.,,,,,,,,,,
A,Annuale,ITE1,Toscana,HOUWAG_ENTEMP_MED_MI,Retribuzione lorda  oraria per ora retribuita delle posizioni lavorative dipendenti in euro (mediana).,9,Totale,2016,11.14,,,,,TIPO_DATO7__HOUWAG_ENTEMP_MED_MI_N1,Valore mediano della distribuzione della retribuzione oraria della singola posizione lavorativa dipendente delle imprese ottenuta come rapporto fra la retribuzione lorda imponibile a fini contributivi a carico del datore di lavoro e le ore retribuite stimate sempre a carico del datore di lavoro.,,,,,,,,,,
A,Annuale,ITE1,Toscana,HOUWAG_ENTEMP_MED_MI,Retribuzione lorda  oraria per ora retribuita delle posizioni lavorative dipendenti in euro (mediana).,9,Totale,2017,11.16,,,,,TIPO_DATO7__HOUWAG_ENTEMP_MED_MI_N1,Valore mediano della distribuzione della retribuzione oraria della singola posizione lavorativa dipendente delle imprese ottenuta come rapporto fra la retribuzione lorda imponibile a fini contributivi a carico del datore di lavoro e le ore retribuite stimate sempre a carico del datore di lavoro.,,,,,,,,,,
A,Annuale,ITE1,Toscana,HOUWAG_ENTEMP_MED_MI,Retribuzione lorda  oraria per ora retribuita delle posizioni lavorative dipendenti in euro (mediana).,9,Totale,2018,11.2,,,,,TIPO_DATO7__HOUWAG_ENTEMP_MED_MI_N1,Valore mediano della distribuzione della retribuzione oraria della singola posizione lavorativa dipendente delle imprese ottenuta come rapporto fra la retribuzione lorda imponibile a fini contributivi a carico del datore di lavoro e le ore retribuite stimate sempre a carico del datore di lavoro.,,,,,,,,,,
A,Annuale,ITE1,Toscana,HOUWAG_ENTEMP_MED_MI,Retribuzione lorda  oraria per ora retribuita delle posizioni lavorative dipendenti in euro (mediana).,9,Totale,2019,11.32,,,,,TIPO_DATO7__HOUWAG_ENTEMP_MED_MI_N1,Valore mediano della distribuzione della retribuzione oraria della singola posizione lavorativa dipendente delle imprese ottenuta come rapporto fra la retribuzione lorda imponibile a fini contributivi a carico del datore di lavoro e le ore retribuite stimate sempre a carico del datore di lavoro.,,,,,,,,,,
A,Annuale,ITE1,Toscana,HOUWAG_ENTEMP_MED_MI,Retribuzione lorda  oraria per ora retribuita delle posizioni lavorative dipendenti in euro (mediana).,9,Totale,2020,11.63,,,,,TIPO_DATO7__HOUWAG_ENTEMP_MED_MI_N1,Valore mediano della distribuzione della retribuzione oraria della singola posizione lavorativa dipendente delle imprese ottenuta come rapporto fra la retribuzione lorda imponibile a fini contributivi a carico del datore di lavoro e le ore retribuite stimate sempre a carico del datore di lavoro.,,,,,,,,,,
A,Annuale,ITE1,Toscana,HOUWAG_ENTEMP_MED_MI,Retribuzione lorda  oraria per ora retribuita delle posizioni lavorative dipendenti in euro (mediana).,9,Totale,2021,11.58,,,,,TIPO_DATO7__HOUWAG_ENTEMP_MED_MI_N1,Valore mediano della distribuzione della retribuzione oraria della singola posizione lavorativa dipendente delle imprese ottenuta come rapporto fra la retribuzione lorda imponibile a fini contributivi a carico del datore di lavoro e le ore retribuite stimate sempre a carico del datore di lavoro.,,,,,,,,,,
A,Annuale,ITE1,Toscana,HOUWAG_ENTEMP_MED_MI,Retribuzione lorda  oraria per ora retribuita delle posizioni lavorative dipendenti in euro (mediana).,9,Totale,2022,11.62,,,,,TIPO_DATO7__HOUWAG_ENTEMP_MED_MI_N1,Valore mediano della distribuzione della retribuzione oraria della singola posizione lavorativa dipendente delle imprese ottenuta come rapporto fra la retribuzione lorda imponibile a fini contributivi a carico del datore di lavoro e le ore retribuite stimate sempre a carico del datore di lavoro.,,,,,,,,,,
A,Annuale,ITE1,Toscana,HOUWAG_ENTEMP_NIND_MI,Retribuzione lorda  oraria per ora retribuita delle posizioni lavorative dipendenti in euro (nono decile).,9,Totale,2014,19.57,,,,,TIPO_DATO7__HOUWAG_ENTEMP_NIND_MI_N1,Nono decile della distribuzione della retribuzione oraria della singola posizione lavorativa dipendente delle imprese ottenuta come rapporto fra la retribuzione lorda imponibile a fini contributivi a carico del datore di lavoro e le ore retribuite stimate sempre a carico del datore di lavoro.,,,,,,,,,,
A,Annuale,ITE1,Toscana,HOUWAG_ENTEMP_NIND_MI,Retribuzione lorda  oraria per ora retribuita delle posizioni lavorative dipendenti in euro (nono decile).,9,Totale,2015,19.86,,,,,TIPO_DATO7__HOUWAG_ENTEMP_NIND_MI_N1,Nono decile della distribuzione della retribuzione oraria della singola posizione lavorativa dipendente delle imprese ottenuta come rapporto fra la retribuzione lorda imponibile a fini contributivi a carico del datore di lavoro e le ore retribuite stimate sempre a carico del datore di lavoro.,,,,,,,,,,
A,Annuale,ITE1,Toscana,HOUWAG_ENTEMP_NIND_MI,Retribuzione lorda  oraria per ora retribuita delle posizioni lavorative dipendenti in euro (nono decile).,9,Totale,2016,19.64,,,,,TIPO_DATO7__HOUWAG_ENTEMP_NIND_MI_N1,Nono decile della distribuzione della retribuzione oraria della singola posizione lavorativa dipendente delle imprese ottenuta come rapporto fra la retribuzione lorda imponibile a fini contributivi a carico del datore di lavoro e le ore retribuite stimate sempre a carico del datore di lavoro.,,,,,,,,,,
A,Annuale,ITE1,Toscana,HOUWAG_ENTEMP_NIND_MI,Retribuzione lorda  oraria per ora retribuita delle posizioni lavorative dipendenti in euro (nono decile).,9,Totale,2017,19.85,,,,,TIPO_DATO7__HOUWAG_ENTEMP_NIND_MI_N1,Nono decile della distribuzione della retribuzione oraria della singola posizione lavorativa dipendente delle imprese ottenuta come rapporto fra la retribuzione lorda imponibile a fini contributivi a carico del datore di lavoro e le ore retribuite stimate sempre a carico del datore di lavoro.,,,,,,,,,,
A,Annuale,ITE1,Toscana,HOUWAG_ENTEMP_NIND_MI,Retribuzione lorda  oraria per ora retribuita delle posizioni lavorative dipendenti in euro (nono decile).,9,Totale,2018,19.63,,,,,TIPO_DATO7__HOUWAG_ENTEMP_NIND_MI_N1,Nono decile della distribuzione della retribuzione oraria della singola posizione lavorativa dipendente delle imprese ottenuta come rapporto fra la retribuzione lorda imponibile a fini contributivi a carico del datore di lavoro e le ore retribuite stimate sempre a carico del datore di lavoro.,,,,,,,,,,
A,Annuale,ITE1,Toscana,HOUWAG_ENTEMP_NIND_MI,Retribuzione lorda  oraria per ora retribuita delle posizioni lavorative dipendenti in euro (nono decile).,9,Totale,2019,19.89,,,,,TIPO_DATO7__HOUWAG_ENTEMP_NIND_MI_N1,Nono decile della distribuzione della retribuzione oraria della singola posizione lavorativa dipendente delle imprese ottenuta come rapporto fra la retribuzione lorda imponibile a fini contributivi a carico del datore di lavoro e le ore retribuite stimate sempre a carico del datore di lavoro.,,,,,,,,,,
A,Annuale,ITE1,Toscana,HOUWAG_ENTEMP_NIND_MI,Retribuzione lorda  oraria per ora retribuita delle posizioni lavorative dipendenti in euro (nono decile).,9,Totale,2020,20.31,,,,,TIPO_DATO7__HOUWAG_ENTEMP_NIND_MI_N1,Nono decile della distribuzione della retribuzione oraria della singola posizione lavorativa dipendente delle imprese ottenuta come rapporto fra la retribuzione lorda imponibile a fini contributivi a carico del datore di lavoro e le ore retribuite stimate sempre a carico del datore di lavoro.,,,,,,,,,,
A,Annuale,ITE1,Toscana,HOUWAG_ENTEMP_NIND_MI,Retribuzione lorda  oraria per ora retribuita delle posizioni lavorative dipendenti in euro (nono decile).,9,Totale,2021,20.51,,,,,TIPO_DATO7__HOUWAG_ENTEMP_NIND_MI_N1,Nono decile della distribuzione della retribuzione oraria della singola posizione lavorativa dipendente delle imprese ottenuta come rapporto fra la retribuzione lorda imponibile a fini contributivi a carico del datore di lavoro e le ore retribuite stimate sempre a carico del datore di lavoro.,,,,,,,,,,
A,Annuale,ITE1,Toscana,HOUWAG_ENTEMP_NIND_MI,Retribuzione lorda  oraria per ora retribuita delle posizioni lavorative dipendenti in euro (nono decile).,9,Totale,2022,20.47,,,,,TIPO_DATO7__HOUWAG_ENTEMP_NIND_MI_N1,Nono decile della distribuzione della retribuzione oraria della singola posizione lavorativa dipendente delle imprese ottenuta come rapporto fra la retribuzione lorda imponibile a fini contributivi a carico del datore di lavoro e le ore retribuite stimate sempre a carico del datore di lavoro.,,,,,,,,,,
A,Annuale,ITE2,Umbria,HOUWAG_ENTEMP_AV_MI,Retribuzione lorda oraria per ora retribuita delle posizioni lavorative dipendenti in euro (media),9,Totale,2014,12.74,,,,,TIPO_DATO7__HOUWAG_ENTEMP_AV_MI_N1,Media aritmetica semplice della retribuzione oraria calcolata a livello di singola posizione lavorativa. La retribuzione oraria della singola posizione lavorativa dipendente delle imprese è ottenuta come rapporto fra la retribuzione lorda imponibile a fini contributivi a carico del datore di lavoro e le ore retribuite stimate sempre a carico del datore di lavoro.,,,,,,,,,,
A,Annuale,ITE2,Umbria,HOUWAG_ENTEMP_AV_MI,Retribuzione lorda oraria per ora retribuita delle posizioni lavorative dipendenti in euro (media),9,Totale,2015,12.64,,,,,TIPO_DATO7__HOUWAG_ENTEMP_AV_MI_N1,Media aritmetica semplice della retribuzione oraria calcolata a livello di singola posizione lavorativa. La retribuzione oraria della singola posizione lavorativa dipendente delle imprese è ottenuta come rapporto fra la retribuzione lorda imponibile a fini contributivi a carico del datore di lavoro e le ore retribuite stimate sempre a carico del datore di lavoro.,,,,,,,,,,
A,Annuale,ITE2,Umbria,HOUWAG_ENTEMP_AV_MI,Retribuzione lorda oraria per ora retribuita delle posizioni lavorative dipendenti in euro (media),9,Totale,2016,12.71,,,,,TIPO_DATO7__HOUWAG_ENTEMP_AV_MI_N1,Media aritmetica semplice della retribuzione oraria calcolata a livello di singola posizione lavorativa. La retribuzione oraria della singola posizione lavorativa dipendente delle imprese è ottenuta come rapporto fra la retribuzione lorda imponibile a fini contributivi a carico del datore di lavoro e le ore retribuite stimate sempre a carico del datore di lavoro.,,,,,,,,,,
A,Annuale,ITE2,Umbria,HOUWAG_ENTEMP_AV_MI,Retribuzione lorda oraria per ora retribuita delle posizioni lavorative dipendenti in euro (media),9,Totale,2017,13.04,,,,,TIPO_DATO7__HOUWAG_ENTEMP_AV_MI_N1,Media aritmetica semplice della retribuzione oraria calcolata a livello di singola posizione lavorativa. La retribuzione oraria della singola posizione lavorativa dipendente delle imprese è ottenuta come rapporto fra la retribuzione lorda imponibile a fini contributivi a carico del datore di lavoro e le ore retribuite stimate sempre a carico del datore di lavoro.,,,,,,,,,,
A,Annuale,ITE2,Umbria,HOUWAG_ENTEMP_AV_MI,Retribuzione lorda oraria per ora retribuita delle posizioni lavorative dipendenti in euro (media),9,Totale,2018,13.02,,,,,TIPO_DATO7__HOUWAG_ENTEMP_AV_MI_N1,Media aritmetica semplice della retribuzione oraria calcolata a livello di singola posizione lavorativa. La retribuzione oraria della singola posizione lavorativa dipendente delle imprese è ottenuta come rapporto fra la retribuzione lorda imponibile a fini contributivi a carico del datore di lavoro e le ore retribuite stimate sempre a carico del datore di lavoro.,,,,,,,,,,
A,Annuale,ITE2,Umbria,HOUWAG_ENTEMP_AV_MI,Retribuzione lorda oraria per ora retribuita delle posizioni lavorative dipendenti in euro (media),9,Totale,2019,13.04,,,,,TIPO_DATO7__HOUWAG_ENTEMP_AV_MI_N1,Media aritmetica semplice della retribuzione oraria calcolata a livello di singola posizione lavorativa. La retribuzione oraria della singola posizione lavorativa dipendente delle imprese è ottenuta come rapporto fra la retribuzione lorda imponibile a fini contributivi a carico del datore di lavoro e le ore retribuite stimate sempre a carico del datore di lavoro.,,,,,,,,,,
A,Annuale,ITE2,Umbria,HOUWAG_ENTEMP_AV_MI,Retribuzione lorda oraria per ora retribuita delle posizioni lavorative dipendenti in euro (media),9,Totale,2020,13.18,,,,,TIPO_DATO7__HOUWAG_ENTEMP_AV_MI_N1,Media aritmetica semplice della retribuzione oraria calcolata a livello di singola posizione lavorativa. La retribuzione oraria della singola posizione lavorativa dipendente delle imprese è ottenuta come rapporto fra la retribuzione lorda imponibile a fini contributivi a carico del datore di lavoro e le ore retribuite stimate sempre a carico del datore di lavoro.,,,,,,,,,,
A,Annuale,ITE2,Umbria,HOUWAG_ENTEMP_AV_MI,Retribuzione lorda oraria per ora retribuita delle posizioni lavorative dipendenti in euro (media),9,Totale,2021,13.44,,,,,TIPO_DATO7__HOUWAG_ENTEMP_AV_MI_N1,Media aritmetica semplice della retribuzione oraria calcolata a livello di singola posizione lavorativa. La retribuzione oraria della singola posizione lavorativa dipendente delle imprese è ottenuta come rapporto fra la retribuzione lorda imponibile a fini contributivi a carico del datore di lavoro e le ore retribuite stimate sempre a carico del datore di lavoro.,,,,,,,,,,
A,Annuale,ITE2,Umbria,HOUWAG_ENTEMP_AV_MI,Retribuzione lorda oraria per ora retribuita delle posizioni lavorative dipendenti in euro (media),9,Totale,2022,13.3,,,,,TIPO_DATO7__HOUWAG_ENTEMP_AV_MI_N1,Media aritmetica semplice della retribuzione oraria calcolata a livello di singola posizione lavorativa. La retribuzione oraria della singola posizione lavorativa dipendente delle imprese è ottenuta come rapporto fra la retribuzione lorda imponibile a fini contributivi a carico del datore di lavoro e le ore retribuite stimate sempre a carico del datore di lavoro.,,,,,,,,,,
A,Annuale,ITE2,Umbria,HOUWAG_ENTEMP_FIRD_MI,Retribuzione lorda  oraria per ora retribuita delle posizioni lavorative dipendenti in euro (primo decile),9,Totale,2014,7.95,,,,,TIPO_DATO7__HOUWAG_ENTEMP_FIRD_MI_N1,Primo decile della distribuzione della retribuzione oraria della singola posizione lavorativa dipendente delle imprese ottenuta come rapporto fra la retribuzione lorda imponibile a fini contributivi a carico del datore di lavoro e le ore retribuite stimate sempre a carico del datore di lavoro.,,,,,,,,,,
A,Annuale,ITE2,Umbria,HOUWAG_ENTEMP_FIRD_MI,Retribuzione lorda  oraria per ora retribuita delle posizioni lavorative dipendenti in euro (primo decile),9,Totale,2015,7.99,,,,,TIPO_DATO7__HOUWAG_ENTEMP_FIRD_MI_N1,Primo decile della distribuzione della retribuzione oraria della singola posizione lavorativa dipendente delle imprese ottenuta come rapporto fra la retribuzione lorda imponibile a fini contributivi a carico del datore di lavoro e le ore retribuite stimate sempre a carico del datore di lavoro.,,,,,,,,,,
A,Annuale,ITE2,Umbria,HOUWAG_ENTEMP_FIRD_MI,Retribuzione lorda  oraria per ora retribuita delle posizioni lavorative dipendenti in euro (primo decile),9,Totale,2016,8.01,,,,,TIPO_DATO7__HOUWAG_ENTEMP_FIRD_MI_N1,Primo decile della distribuzione della retribuzione oraria della singola posizione lavorativa dipendente delle imprese ottenuta come rapporto fra la retribuzione lorda imponibile a fini contributivi a carico del datore di lavoro e le ore retribuite stimate sempre a carico del datore di lavoro.,,,,,,,,,,
A,Annuale,ITE2,Umbria,HOUWAG_ENTEMP_FIRD_MI,Retribuzione lorda  oraria per ora retribuita delle posizioni lavorative dipendenti in euro (primo decile),9,Totale,2017,8.07,,,,,TIPO_DATO7__HOUWAG_ENTEMP_FIRD_MI_N1,Primo decile della distribuzione della retribuzione oraria della singola posizione lavorativa dipendente delle imprese ottenuta come rapporto fra la retribuzione lorda imponibile a fini contributivi a carico del datore di lavoro e le ore retribuite stimate sempre a carico del datore di lavoro.,,,,,,,,,,
A,Annuale,ITE2,Umbria,HOUWAG_ENTEMP_FIRD_MI,Retribuzione lorda  oraria per ora retribuita delle posizioni lavorative dipendenti in euro (primo decile),9,Totale,2018,8.1,,,,,TIPO_DATO7__HOUWAG_ENTEMP_FIRD_MI_N1,Primo decile della distribuzione della retribuzione oraria della singola posizione lavorativa dipendente delle imprese ottenuta come rapporto fra la retribuzione lorda imponibile a fini contributivi a carico del datore di lavoro e le ore retribuite stimate sempre a carico del datore di lavoro.,,,,,,,,,,
A,Annuale,ITE2,Umbria,HOUWAG_ENTEMP_FIRD_MI,Retribuzione lorda  oraria per ora retribuita delle posizioni lavorative dipendenti in euro (primo decile),9,Totale,2019,8.21,,,,,TIPO_DATO7__HOUWAG_ENTEMP_FIRD_MI_N1,Primo decile della distribuzione della retribuzione oraria della singola posizione lavorativa dipendente delle imprese ottenuta come rapporto fra la retribuzione lorda imponibile a fini contributivi a carico del datore di lavoro e le ore retribuite stimate sempre a carico del datore di lavoro.,,,,,,,,,,
A,Annuale,ITE2,Umbria,HOUWAG_ENTEMP_FIRD_MI,Retribuzione lorda  oraria per ora retribuita delle posizioni lavorative dipendenti in euro (primo decile),9,Totale,2020,8.39,,,,,TIPO_DATO7__HOUWAG_ENTEMP_FIRD_MI_N1,Primo decile della distribuzione della retribuzione oraria della singola posizione lavorativa dipendente delle imprese ottenuta come rapporto fra la retribuzione lorda imponibile a fini contributivi a carico del datore di lavoro e le ore retribuite stimate sempre a carico del datore di lavoro.,,,,,,,,,,
A,Annuale,ITE2,Umbria,HOUWAG_ENTEMP_FIRD_MI,Retribuzione lorda  oraria per ora retribuita delle posizioni lavorative dipendenti in euro (primo decile),9,Totale,2021,8.4,,,,,TIPO_DATO7__HOUWAG_ENTEMP_FIRD_MI_N1,Primo decile della distribuzione della retribuzione oraria della singola posizione lavorativa dipendente delle imprese ottenuta come rapporto fra la retribuzione lorda imponibile a fini contributivi a carico del datore di lavoro e le ore retribuite stimate sempre a carico del datore di lavoro.,,,,,,,,,,
A,Annuale,ITE2,Umbria,HOUWAG_ENTEMP_FIRD_MI,Retribuzione lorda  oraria per ora retribuita delle posizioni lavorative dipendenti in euro (primo decile),9,Totale,2022,8.52,,,,,TIPO_DATO7__HOUWAG_ENTEMP_FIRD_MI_N1,Primo decile della distribuzione della retribuzione oraria della singola posizione lavorativa dipendente delle imprese ottenuta come rapporto fra la retribuzione lorda imponibile a fini contributivi a carico del datore di lavoro e le ore retribuite stimate sempre a carico del datore di lavoro.,,,,,,,,,,
A,Annuale,ITE2,Umbria,HOUWAG_ENTEMP_MED_MI,Retribuzione lorda  oraria per ora retribuita delle posizioni lavorative dipendenti in euro (mediana).,9,Totale,2014,10.72,,,,,TIPO_DATO7__HOUWAG_ENTEMP_MED_MI_N1,Valore mediano della distribuzione della retribuzione oraria della singola posizione lavorativa dipendente delle imprese ottenuta come rapporto fra la retribuzione lorda imponibile a fini contributivi a carico del datore di lavoro e le ore retribuite stimate sempre a carico del datore di lavoro.,,,,,,,,,,
A,Annuale,ITE2,Umbria,HOUWAG_ENTEMP_MED_MI,Retribuzione lorda  oraria per ora retribuita delle posizioni lavorative dipendenti in euro (mediana).,9,Totale,2015,10.84,,,,,TIPO_DATO7__HOUWAG_ENTEMP_MED_MI_N1,Valore mediano della distribuzione della retribuzione oraria della singola posizione lavorativa dipendente delle imprese ottenuta come rapporto fra la retribuzione lorda imponibile a fini contributivi a carico del datore di lavoro e le ore retribuite stimate sempre a carico del datore di lavoro.,,,,,,,,,,
A,Annuale,ITE2,Umbria,HOUWAG_ENTEMP_MED_MI,Retribuzione lorda  oraria per ora retribuita delle posizioni lavorative dipendenti in euro (mediana).,9,Totale,2016,10.88,,,,,TIPO_DATO7__HOUWAG_ENTEMP_MED_MI_N1,Valore mediano della distribuzione della retribuzione oraria della singola posizione lavorativa dipendente delle imprese ottenuta come rapporto fra la retribuzione lorda imponibile a fini contributivi a carico del datore di lavoro e le ore retribuite stimate sempre a carico del datore di lavoro.,,,,,,,,,,
A,Annuale,ITE2,Umbria,HOUWAG_ENTEMP_MED_MI,Retribuzione lorda  oraria per ora retribuita delle posizioni lavorative dipendenti in euro (mediana).,9,Totale,2017,10.95,,,,,TIPO_DATO7__HOUWAG_ENTEMP_MED_MI_N1,Valore mediano della distribuzione della retribuzione oraria della singola posizione lavorativa dipendente delle imprese ottenuta come rapporto fra la retribuzione lorda imponibile a fini contributivi a carico del datore di lavoro e le ore retribuite stimate sempre a carico del datore di lavoro.,,,,,,,,,,
A,Annuale,ITE2,Umbria,HOUWAG_ENTEMP_MED_MI,Retribuzione lorda  oraria per ora retribuita delle posizioni lavorative dipendenti in euro (mediana).,9,Totale,2018,10.96,,,,,TIPO_DATO7__HOUWAG_ENTEMP_MED_MI_N1,Valore mediano della distribuzione della retribuzione oraria della singola posizione lavorativa dipendente delle imprese ottenuta come rapporto fra la retribuzione lorda imponibile a fini contributivi a carico del datore di lavoro e le ore retribuite stimate sempre a carico del datore di lavoro.,,,,,,,,,,
A,Annuale,ITE2,Umbria,HOUWAG_ENTEMP_MED_MI,Retribuzione lorda  oraria per ora retribuita delle posizioni lavorative dipendenti in euro (mediana).,9,Totale,2019,11.09,,,,,TIPO_DATO7__HOUWAG_ENTEMP_MED_MI_N1,Valore mediano della distribuzione della retribuzione oraria della singola posizione lavorativa dipendente delle imprese ottenuta come rapporto fra la retribuzione lorda imponibile a fini contributivi a carico del datore di lavoro e le ore retribuite stimate sempre a carico del datore di lavoro.,,,,,,,,,,
A,Annuale,ITE2,Umbria,HOUWAG_ENTEMP_MED_MI,Retribuzione lorda  oraria per ora retribuita delle posizioni lavorative dipendenti in euro (mediana).,9,Totale,2020,11.31,,,,,TIPO_DATO7__HOUWAG_ENTEMP_MED_MI_N1,Valore mediano della distribuzione della retribuzione oraria della singola posizione lavorativa dipendente delle imprese ottenuta come rapporto fra la retribuzione lorda imponibile a fini contributivi a carico del datore di lavoro e le ore retribuite stimate sempre a carico del datore di lavoro.,,,,,,,,,,
A,Annuale,ITE2,Umbria,HOUWAG_ENTEMP_MED_MI,Retribuzione lorda  oraria per ora retribuita delle posizioni lavorative dipendenti in euro (mediana).,9,Totale,2021,11.31,,,,,TIPO_DATO7__HOUWAG_ENTEMP_MED_MI_N1,Valore mediano della distribuzione della retribuzione oraria della singola posizione lavorativa dipendente delle imprese ottenuta come rapporto fra la retribuzione lorda imponibile a fini contributivi a carico del datore di lavoro e le ore retribuite stimate sempre a carico del datore di lavoro.,,,,,,,,,,
A,Annuale,ITE2,Umbria,HOUWAG_ENTEMP_MED_MI,Retribuzione lorda  oraria per ora retribuita delle posizioni lavorative dipendenti in euro (mediana).,9,Totale,2022,11.37,,,,,TIPO_DATO7__HOUWAG_ENTEMP_MED_MI_N1,Valore mediano della distribuzione della retribuzione oraria della singola posizione lavorativa dipendente delle imprese ottenuta come rapporto fra la retribuzione lorda imponibile a fini contributivi a carico del datore di lavoro e le ore retribuite stimate sempre a carico del datore di lavoro.,,,,,,,,,,
A,Annuale,ITE2,Umbria,HOUWAG_ENTEMP_NIND_MI,Retribuzione lorda  oraria per ora retribuita delle posizioni lavorative dipendenti in euro (nono decile).,9,Totale,2014,17.2,,,,,TIPO_DATO7__HOUWAG_ENTEMP_NIND_MI_N1,Nono decile della distribuzione della retribuzione oraria della singola posizione lavorativa dipendente delle imprese ottenuta come rapporto fra la retribuzione lorda imponibile a fini contributivi a carico del datore di lavoro e le ore retribuite stimate sempre a carico del datore di lavoro.,,,,,,,,,,
A,Annuale,ITE2,Umbria,HOUWAG_ENTEMP_NIND_MI,Retribuzione lorda  oraria per ora retribuita delle posizioni lavorative dipendenti in euro (nono decile).,9,Totale,2015,17.29,,,,,TIPO_DATO7__HOUWAG_ENTEMP_NIND_MI_N1,Nono decile della distribuzione della retribuzione oraria della singola posizione lavorativa dipendente delle imprese ottenuta come rapporto fra la retribuzione lorda imponibile a fini contributivi a carico del datore di lavoro e le ore retribuite stimate sempre a carico del datore di lavoro.,,,,,,,,,,
A,Annuale,ITE2,Umbria,HOUWAG_ENTEMP_NIND_MI,Retribuzione lorda  oraria per ora retribuita delle posizioni lavorative dipendenti in euro (nono decile).,9,Totale,2016,17.27,,,,,TIPO_DATO7__HOUWAG_ENTEMP_NIND_MI_N1,Nono decile della distribuzione della retribuzione oraria della singola posizione lavorativa dipendente delle imprese ottenuta come rapporto fra la retribuzione lorda imponibile a fini contributivi a carico del datore di lavoro e le ore retribuite stimate sempre a carico del datore di lavoro.,,,,,,,,,,
A,Annuale,ITE2,Umbria,HOUWAG_ENTEMP_NIND_MI,Retribuzione lorda  oraria per ora retribuita delle posizioni lavorative dipendenti in euro (nono decile).,9,Totale,2017,17.66,,,,,TIPO_DATO7__HOUWAG_ENTEMP_NIND_MI_N1,Nono decile della distribuzione della retribuzione oraria della singola posizione lavorativa dipendente delle imprese ottenuta come rapporto fra la retribuzione lorda imponibile a fini contributivi a carico del datore di lavoro e le ore retribuite stimate sempre a carico del datore di lavoro.,,,,,,,,,,
A,Annuale,ITE2,Umbria,HOUWAG_ENTEMP_NIND_MI,Retribuzione lorda  oraria per ora retribuita delle posizioni lavorative dipendenti in euro (nono decile).,9,Totale,2018,17.38,,,,,TIPO_DATO7__HOUWAG_ENTEMP_NIND_MI_N1,Nono decile della distribuzione della retribuzione oraria della singola posizione lavorativa dipendente delle imprese ottenuta come rapporto fra la retribuzione lorda imponibile a fini contributivi a carico del datore di lavoro e le ore retribuite stimate sempre a carico del datore di lavoro.,,,,,,,,,,
A,Annuale,ITE2,Umbria,HOUWAG_ENTEMP_NIND_MI,Retribuzione lorda  oraria per ora retribuita delle posizioni lavorative dipendenti in euro (nono decile).,9,Totale,2019,17.67,,,,,TIPO_DATO7__HOUWAG_ENTEMP_NIND_MI_N1,Nono decile della distribuzione della retribuzione oraria della singola posizione lavorativa dipendente delle imprese ottenuta come rapporto fra la retribuzione lorda imponibile a fini contributivi a carico del datore di lavoro e le ore retribuite stimate sempre a carico del datore di lavoro.,,,,,,,,,,
A,Annuale,ITE2,Umbria,HOUWAG_ENTEMP_NIND_MI,Retribuzione lorda  oraria per ora retribuita delle posizioni lavorative dipendenti in euro (nono decile).,9,Totale,2020,17.82,,,,,TIPO_DATO7__HOUWAG_ENTEMP_NIND_MI_N1,Nono decile della distribuzione della retribuzione oraria della singola posizione lavorativa dipendente delle imprese ottenuta come rapporto fra la retribuzione lorda imponibile a fini contributivi a carico del datore di lavoro e le ore retribuite stimate sempre a carico del datore di lavoro.,,,,,,,,,,
A,Annuale,ITE2,Umbria,HOUWAG_ENTEMP_NIND_MI,Retribuzione lorda  oraria per ora retribuita delle posizioni lavorative dipendenti in euro (nono decile).,9,Totale,2021,18.1,,,,,TIPO_DATO7__HOUWAG_ENTEMP_NIND_MI_N1,Nono decile della distribuzione della retribuzione oraria della singola posizione lavorativa dipendente delle imprese ottenuta come rapporto fra la retribuzione lorda imponibile a fini contributivi a carico del datore di lavoro e le ore retribuite stimate sempre a carico del datore di lavoro.,,,,,,,,,,
A,Annuale,ITE2,Umbria,HOUWAG_ENTEMP_NIND_MI,Retribuzione lorda  oraria per ora retribuita delle posizioni lavorative dipendenti in euro (nono decile).,9,Totale,2022,17.85,,,,,TIPO_DATO7__HOUWAG_ENTEMP_NIND_MI_N1,Nono decile della distribuzione della retribuzione oraria della singola posizione lavorativa dipendente delle imprese ottenuta come rapporto fra la retribuzione lorda imponibile a fini contributivi a carico del datore di lavoro e le ore retribuite stimate sempre a carico del datore di lavoro.,,,,,,,,,,
A,Annuale,ITE3,Marche,HOUWAG_ENTEMP_AV_MI,Retribuzione lorda oraria per ora retribuita delle posizioni lavorative dipendenti in euro (media),9,Totale,2014,12.7,,,,,TIPO_DATO7__HOUWAG_ENTEMP_AV_MI_N1,Media aritmetica semplice della retribuzione oraria calcolata a livello di singola posizione lavorativa. La retribuzione oraria della singola posizione lavorativa dipendente delle imprese è ottenuta come rapporto fra la retribuzione lorda imponibile a fini contributivi a carico del datore di lavoro e le ore retribuite stimate sempre a carico del datore di lavoro.,,,,,,,,,,
A,Annuale,ITE3,Marche,HOUWAG_ENTEMP_AV_MI,Retribuzione lorda oraria per ora retribuita delle posizioni lavorative dipendenti in euro (media),9,Totale,2015,12.89,,,,,TIPO_DATO7__HOUWAG_ENTEMP_AV_MI_N1,Media aritmetica semplice della retribuzione oraria calcolata a livello di singola posizione lavorativa. La retribuzione oraria della singola posizione lavorativa dipendente delle imprese è ottenuta come rapporto fra la retribuzione lorda imponibile a fini contributivi a carico del datore di lavoro e le ore retribuite stimate sempre a carico del datore di lavoro.,,,,,,,,,,
A,Annuale,ITE3,Marche,HOUWAG_ENTEMP_AV_MI,Retribuzione lorda oraria per ora retribuita delle posizioni lavorative dipendenti in euro (media),9,Totale,2016,12.83,,,,,TIPO_DATO7__HOUWAG_ENTEMP_AV_MI_N1,Media aritmetica semplice della retribuzione oraria calcolata a livello di singola posizione lavorativa. La retribuzione oraria della singola posizione lavorativa dipendente delle imprese è ottenuta come rapporto fra la retribuzione lorda imponibile a fini contributivi a carico del datore di lavoro e le ore retribuite stimate sempre a carico del datore di lavoro.,,,,,,,,,,
A,Annuale,ITE3,Marche,HOUWAG_ENTEMP_AV_MI,Retribuzione lorda oraria per ora retribuita delle posizioni lavorative dipendenti in euro (media),9,Totale,2017,12.9,,,,,TIPO_DATO7__HOUWAG_ENTEMP_AV_MI_N1,Media aritmetica semplice della retribuzione oraria calcolata a livello di singola posizione lavorativa. La retribuzione oraria della singola posizione lavorativa dipendente delle imprese è ottenuta come rapporto fra la retribuzione lorda imponibile a fini contributivi a carico del datore di lavoro e le ore retribuite stimate sempre a carico del datore di lavoro.,,,,,,,,,,
A,Annuale,ITE3,Marche,HOUWAG_ENTEMP_AV_MI,Retribuzione lorda oraria per ora retribuita delle posizioni lavorative dipendenti in euro (media),9,Totale,2018,12.73,,,,,TIPO_DATO7__HOUWAG_ENTEMP_AV_MI_N1,Media aritmetica semplice della retribuzione oraria calcolata a livello di singola posizione lavorativa. La retribuzione oraria della singola posizione lavorativa dipendente delle imprese è ottenuta come rapporto fra la retribuzione lorda imponibile a fini contributivi a carico del datore di lavoro e le ore retribuite stimate sempre a carico del datore di lavoro.,,,,,,,,,,
A,Annuale,ITE3,Marche,HOUWAG_ENTEMP_AV_MI,Retribuzione lorda oraria per ora retribuita delle posizioni lavorative dipendenti in euro (media),9,Totale,2019,13.09,,,,,TIPO_DATO7__HOUWAG_ENTEMP_AV_MI_N1,Media aritmetica semplice della retribuzione oraria calcolata a livello di singola posizione lavorativa. La retribuzione oraria della singola posizione lavorativa dipendente delle imprese è ottenuta come rapporto fra la retribuzione lorda imponibile a fini contributivi a carico del datore di lavoro e le ore retribuite stimate sempre a carico del datore di lavoro.,,,,,,,,,,
A,Annuale,ITE3,Marche,HOUWAG_ENTEMP_AV_MI,Retribuzione lorda oraria per ora retribuita delle posizioni lavorative dipendenti in euro (media),9,Totale,2020,13.16,,,,,TIPO_DATO7__HOUWAG_ENTEMP_AV_MI_N1,Media aritmetica semplice della retribuzione oraria calcolata a livello di singola posizione lavorativa. La retribuzione oraria della singola posizione lavorativa dipendente delle imprese è ottenuta come rapporto fra la retribuzione lorda imponibile a fini contributivi a carico del datore di lavoro e le ore retribuite stimate sempre a carico del datore di lavoro.,,,,,,,,,,
A,Annuale,ITE3,Marche,HOUWAG_ENTEMP_AV_MI,Retribuzione lorda oraria per ora retribuita delle posizioni lavorative dipendenti in euro (media),9,Totale,2021,13.36,,,,,TIPO_DATO7__HOUWAG_ENTEMP_AV_MI_N1,Media aritmetica semplice della retribuzione oraria calcolata a livello di singola posizione lavorativa. La retribuzione oraria della singola posizione lavorativa dipendente delle imprese è ottenuta come rapporto fra la retribuzione lorda imponibile a fini contributivi a carico del datore di lavoro e le ore retribuite stimate sempre a carico del datore di lavoro.,,,,,,,,,,
A,Annuale,ITE3,Marche,HOUWAG_ENTEMP_AV_MI,Retribuzione lorda oraria per ora retribuita delle posizioni lavorative dipendenti in euro (media),9,Totale,2022,13.35,,,,,TIPO_DATO7__HOUWAG_ENTEMP_AV_MI_N1,Media aritmetica semplice della retribuzione oraria calcolata a livello di singola posizione lavorativa. La retribuzione oraria della singola posizione lavorativa dipendente delle imprese è ottenuta come rapporto fra la retribuzione lorda imponibile a fini contributivi a carico del datore di lavoro e le ore retribuite stimate sempre a carico del datore di lavoro.,,,,,,,,,,
A,Annuale,ITE3,Marche,HOUWAG_ENTEMP_FIRD_MI,Retribuzione lorda  oraria per ora retribuita delle posizioni lavorative dipendenti in euro (primo decile),9,Totale,2014,8.03,,,,,TIPO_DATO7__HOUWAG_ENTEMP_FIRD_MI_N1,Primo decile della distribuzione della retribuzione oraria della singola posizione lavorativa dipendente delle imprese ottenuta come rapporto fra la retribuzione lorda imponibile a fini contributivi a carico del datore di lavoro e le ore retribuite stimate sempre a carico del datore di lavoro.,,,,,,,,,,
A,Annuale,ITE3,Marche,HOUWAG_ENTEMP_FIRD_MI,Retribuzione lorda  oraria per ora retribuita delle posizioni lavorative dipendenti in euro (primo decile),9,Totale,2015,8.17,,,,,TIPO_DATO7__HOUWAG_ENTEMP_FIRD_MI_N1,Primo decile della distribuzione della retribuzione oraria della singola posizione lavorativa dipendente delle imprese ottenuta come rapporto fra la retribuzione lorda imponibile a fini contributivi a carico del datore di lavoro e le ore retribuite stimate sempre a carico del datore di lavoro.,,,,,,,,,,
A,Annuale,ITE3,Marche,HOUWAG_ENTEMP_FIRD_MI,Retribuzione lorda  oraria per ora retribuita delle posizioni lavorative dipendenti in euro (primo decile),9,Totale,2016,8.19,,,,,TIPO_DATO7__HOUWAG_ENTEMP_FIRD_MI_N1,Primo decile della distribuzione della retribuzione oraria della singola posizione lavorativa dipendente delle imprese ottenuta come rapporto fra la retribuzione lorda imponibile a fini contributivi a carico del datore di lavoro e le ore retribuite stimate sempre a carico del datore di lavoro.,,,,,,,,,,
A,Annuale,ITE3,Marche,HOUWAG_ENTEMP_FIRD_MI,Retribuzione lorda  oraria per ora retribuita delle posizioni lavorative dipendenti in euro (primo decile),9,Totale,2017,8.2,,,,,TIPO_DATO7__HOUWAG_ENTEMP_FIRD_MI_N1,Primo decile della distribuzione della retribuzione oraria della singola posizione lavorativa dipendente delle imprese ottenuta come rapporto fra la retribuzione lorda imponibile a fini contributivi a carico del datore di lavoro e le ore retribuite stimate sempre a carico del datore di lavoro.,,,,,,,,,,
A,Annuale,ITE3,Marche,HOUWAG_ENTEMP_FIRD_MI,Retribuzione lorda  oraria per ora retribuita delle posizioni lavorative dipendenti in euro (primo decile),9,Totale,2018,8.17,,,,,TIPO_DATO7__HOUWAG_ENTEMP_FIRD_MI_N1,Primo decile della distribuzione della retribuzione oraria della singola posizione lavorativa dipendente delle imprese ottenuta come rapporto fra la retribuzione lorda imponibile a fini contributivi a carico del datore di lavoro e le ore retribuite stimate sempre a carico del datore di lavoro.,,,,,,,,,,
A,Annuale,ITE3,Marche,HOUWAG_ENTEMP_FIRD_MI,Retribuzione lorda  oraria per ora retribuita delle posizioni lavorative dipendenti in euro (primo decile),9,Totale,2019,8.31,,,,,TIPO_DATO7__HOUWAG_ENTEMP_FIRD_MI_N1,Primo decile della distribuzione della retribuzione oraria della singola posizione lavorativa dipendente delle imprese ottenuta come rapporto fra la retribuzione lorda imponibile a fini contributivi a carico del datore di lavoro e le ore retribuite stimate sempre a carico del datore di lavoro.,,,,,,,,,,
A,Annuale,ITE3,Marche,HOUWAG_ENTEMP_FIRD_MI,Retribuzione lorda  oraria per ora retribuita delle posizioni lavorative dipendenti in euro (primo decile),9,Totale,2020,8.5,,,,,TIPO_DATO7__HOUWAG_ENTEMP_FIRD_MI_N1,Primo decile della distribuzione della retribuzione oraria della singola posizione lavorativa dipendente delle imprese ottenuta come rapporto fra la retribuzione lorda imponibile a fini contributivi a carico del datore di lavoro e le ore retribuite stimate sempre a carico del datore di lavoro.,,,,,,,,,,
A,Annuale,ITE3,Marche,HOUWAG_ENTEMP_FIRD_MI,Retribuzione lorda  oraria per ora retribuita delle posizioni lavorative dipendenti in euro (primo decile),9,Totale,2021,8.55,,,,,TIPO_DATO7__HOUWAG_ENTEMP_FIRD_MI_N1,Primo decile della distribuzione della retribuzione oraria della singola posizione lavorativa dipendente delle imprese ottenuta come rapporto fra la retribuzione lorda imponibile a fini contributivi a carico del datore di lavoro e le ore retribuite stimate sempre a carico del datore di lavoro.,,,,,,,,,,
A,Annuale,ITE3,Marche,HOUWAG_ENTEMP_FIRD_MI,Retribuzione lorda  oraria per ora retribuita delle posizioni lavorative dipendenti in euro (primo decile),9,Totale,2022,8.65,,,,,TIPO_DATO7__HOUWAG_ENTEMP_FIRD_MI_N1,Primo decile della distribuzione della retribuzione oraria della singola posizione lavorativa dipendente delle imprese ottenuta come rapporto fra la retribuzione lorda imponibile a fini contributivi a carico del datore di lavoro e le ore retribuite stimate sempre a carico del datore di lavoro.,,,,,,,,,,
A,Annuale,ITE3,Marche,HOUWAG_ENTEMP_MED_MI,Retribuzione lorda  oraria per ora retribuita delle posizioni lavorative dipendenti in euro (mediana).,9,Totale,2014,10.76,,,,,TIPO_DATO7__HOUWAG_ENTEMP_MED_MI_N1,Valore mediano della distribuzione della retribuzione oraria della singola posizione lavorativa dipendente delle imprese ottenuta come rapporto fra la retribuzione lorda imponibile a fini contributivi a carico del datore di lavoro e le ore retribuite stimate sempre a carico del datore di lavoro.,,,,,,,,,,
A,Annuale,ITE3,Marche,HOUWAG_ENTEMP_MED_MI,Retribuzione lorda  oraria per ora retribuita delle posizioni lavorative dipendenti in euro (mediana).,9,Totale,2015,10.93,,,,,TIPO_DATO7__HOUWAG_ENTEMP_MED_MI_N1,Valore mediano della distribuzione della retribuzione oraria della singola posizione lavorativa dipendente delle imprese ottenuta come rapporto fra la retribuzione lorda imponibile a fini contributivi a carico del datore di lavoro e le ore retribuite stimate sempre a carico del datore di lavoro.,,,,,,,,,,
A,Annuale,ITE3,Marche,HOUWAG_ENTEMP_MED_MI,Retribuzione lorda  oraria per ora retribuita delle posizioni lavorative dipendenti in euro (mediana).,9,Totale,2016,10.93,,,,,TIPO_DATO7__HOUWAG_ENTEMP_MED_MI_N1,Valore mediano della distribuzione della retribuzione oraria della singola posizione lavorativa dipendente delle imprese ottenuta come rapporto fra la retribuzione lorda imponibile a fini contributivi a carico del datore di lavoro e le ore retribuite stimate sempre a carico del datore di lavoro.,,,,,,,,,,
A,Annuale,ITE3,Marche,HOUWAG_ENTEMP_MED_MI,Retribuzione lorda  oraria per ora retribuita delle posizioni lavorative dipendenti in euro (mediana).,9,Totale,2017,10.98,,,,,TIPO_DATO7__HOUWAG_ENTEMP_MED_MI_N1,Valore mediano della distribuzione della retribuzione oraria della singola posizione lavorativa dipendente delle imprese ottenuta come rapporto fra la retribuzione lorda imponibile a fini contributivi a carico del datore di lavoro e le ore retribuite stimate sempre a carico del datore di lavoro.,,,,,,,,,,
A,Annuale,ITE3,Marche,HOUWAG_ENTEMP_MED_MI,Retribuzione lorda  oraria per ora retribuita delle posizioni lavorative dipendenti in euro (mediana).,9,Totale,2018,10.97,,,,,TIPO_DATO7__HOUWAG_ENTEMP_MED_MI_N1,Valore mediano della distribuzione della retribuzione oraria della singola posizione lavorativa dipendente delle imprese ottenuta come rapporto fra la retribuzione lorda imponibile a fini contributivi a carico del datore di lavoro e le ore retribuite stimate sempre a carico del datore di lavoro.,,,,,,,,,,
A,Annuale,ITE3,Marche,HOUWAG_ENTEMP_MED_MI,Retribuzione lorda  oraria per ora retribuita delle posizioni lavorative dipendenti in euro (mediana).,9,Totale,2019,11.17,,,,,TIPO_DATO7__HOUWAG_ENTEMP_MED_MI_N1,Valore mediano della distribuzione della retribuzione oraria della singola posizione lavorativa dipendente delle imprese ottenuta come rapporto fra la retribuzione lorda imponibile a fini contributivi a carico del datore di lavoro e le ore retribuite stimate sempre a carico del datore di lavoro.,,,,,,,,,,
A,Annuale,ITE3,Marche,HOUWAG_ENTEMP_MED_MI,Retribuzione lorda  oraria per ora retribuita delle posizioni lavorative dipendenti in euro (mediana).,9,Totale,2020,11.34,,,,,TIPO_DATO7__HOUWAG_ENTEMP_MED_MI_N1,Valore mediano della distribuzione della retribuzione oraria della singola posizione lavorativa dipendente delle imprese ottenuta come rapporto fra la retribuzione lorda imponibile a fini contributivi a carico del datore di lavoro e le ore retribuite stimate sempre a carico del datore di lavoro.,,,,,,,,,,
A,Annuale,ITE3,Marche,HOUWAG_ENTEMP_MED_MI,Retribuzione lorda  oraria per ora retribuita delle posizioni lavorative dipendenti in euro (mediana).,9,Totale,2021,11.35,,,,,TIPO_DATO7__HOUWAG_ENTEMP_MED_MI_N1,Valore mediano della distribuzione della retribuzione oraria della singola posizione lavorativa dipendente delle imprese ottenuta come rapporto fra la retribuzione lorda imponibile a fini contributivi a carico del datore di lavoro e le ore retribuite stimate sempre a carico del datore di lavoro.,,,,,,,,,,
A,Annuale,ITE3,Marche,HOUWAG_ENTEMP_MED_MI,Retribuzione lorda  oraria per ora retribuita delle posizioni lavorative dipendenti in euro (mediana).,9,Totale,2022,11.42,,,,,TIPO_DATO7__HOUWAG_ENTEMP_MED_MI_N1,Valore mediano della distribuzione della retribuzione oraria della singola posizione lavorativa dipendente delle imprese ottenuta come rapporto fra la retribuzione lorda imponibile a fini contributivi a carico del datore di lavoro e le ore retribuite stimate sempre a carico del datore di lavoro.,,,,,,,,,,
A,Annuale,ITE3,Marche,HOUWAG_ENTEMP_NIND_MI,Retribuzione lorda  oraria per ora retribuita delle posizioni lavorative dipendenti in euro (nono decile).,9,Totale,2014,18,,,,,TIPO_DATO7__HOUWAG_ENTEMP_NIND_MI_N1,Nono decile della distribuzione della retribuzione oraria della singola posizione lavorativa dipendente delle imprese ottenuta come rapporto fra la retribuzione lorda imponibile a fini contributivi a carico del datore di lavoro e le ore retribuite stimate sempre a carico del datore di lavoro.,,,,,,,,,,
A,Annuale,ITE3,Marche,HOUWAG_ENTEMP_NIND_MI,Retribuzione lorda  oraria per ora retribuita delle posizioni lavorative dipendenti in euro (nono decile).,9,Totale,2015,18.15,,,,,TIPO_DATO7__HOUWAG_ENTEMP_NIND_MI_N1,Nono decile della distribuzione della retribuzione oraria della singola posizione lavorativa dipendente delle imprese ottenuta come rapporto fra la retribuzione lorda imponibile a fini contributivi a carico del datore di lavoro e le ore retribuite stimate sempre a carico del datore di lavoro.,,,,,,,,,,
A,Annuale,ITE3,Marche,HOUWAG_ENTEMP_NIND_MI,Retribuzione lorda  oraria per ora retribuita delle posizioni lavorative dipendenti in euro (nono decile).,9,Totale,2016,17.92,,,,,TIPO_DATO7__HOUWAG_ENTEMP_NIND_MI_N1,Nono decile della distribuzione della retribuzione oraria della singola posizione lavorativa dipendente delle imprese ottenuta come rapporto fra la retribuzione lorda imponibile a fini contributivi a carico del datore di lavoro e le ore retribuite stimate sempre a carico del datore di lavoro.,,,,,,,,,,
A,Annuale,ITE3,Marche,HOUWAG_ENTEMP_NIND_MI,Retribuzione lorda  oraria per ora retribuita delle posizioni lavorative dipendenti in euro (nono decile).,9,Totale,2017,18.13,,,,,TIPO_DATO7__HOUWAG_ENTEMP_NIND_MI_N1,Nono decile della distribuzione della retribuzione oraria della singola posizione lavorativa dipendente delle imprese ottenuta come rapporto fra la retribuzione lorda imponibile a fini contributivi a carico del datore di lavoro e le ore retribuite stimate sempre a carico del datore di lavoro.,,,,,,,,,,
A,Annuale,ITE3,Marche,HOUWAG_ENTEMP_NIND_MI,Retribuzione lorda  oraria per ora retribuita delle posizioni lavorative dipendenti in euro (nono decile).,9,Totale,2018,17.57,,,,,TIPO_DATO7__HOUWAG_ENTEMP_NIND_MI_N1,Nono decile della distribuzione della retribuzione oraria della singola posizione lavorativa dipendente delle imprese ottenuta come rapporto fra la retribuzione lorda imponibile a fini contributivi a carico del datore di lavoro e le ore retribuite stimate sempre a carico del datore di lavoro.,,,,,,,,,,
A,Annuale,ITE3,Marche,HOUWAG_ENTEMP_NIND_MI,Retribuzione lorda  oraria per ora retribuita delle posizioni lavorative dipendenti in euro (nono decile).,9,Totale,2019,18.13,,,,,TIPO_DATO7__HOUWAG_ENTEMP_NIND_MI_N1,Nono decile della distribuzione della retribuzione oraria della singola posizione lavorativa dipendente delle imprese ottenuta come rapporto fra la retribuzione lorda imponibile a fini contributivi a carico del datore di lavoro e le ore retribuite stimate sempre a carico del datore di lavoro.,,,,,,,,,,
A,Annuale,ITE3,Marche,HOUWAG_ENTEMP_NIND_MI,Retribuzione lorda  oraria per ora retribuita delle posizioni lavorative dipendenti in euro (nono decile).,9,Totale,2020,18.08,,,,,TIPO_DATO7__HOUWAG_ENTEMP_NIND_MI_N1,Nono decile della distribuzione della retribuzione oraria della singola posizione lavorativa dipendente delle imprese ottenuta come rapporto fra la retribuzione lorda imponibile a fini contributivi a carico del datore di lavoro e le ore retribuite stimate sempre a carico del datore di lavoro.,,,,,,,,,,
A,Annuale,ITE3,Marche,HOUWAG_ENTEMP_NIND_MI,Retribuzione lorda  oraria per ora retribuita delle posizioni lavorative dipendenti in euro (nono decile).,9,Totale,2021,18.24,,,,,TIPO_DATO7__HOUWAG_ENTEMP_NIND_MI_N1,Nono decile della distribuzione della retribuzione oraria della singola posizione lavorativa dipendente delle imprese ottenuta come rapporto fra la retribuzione lorda imponibile a fini contributivi a carico del datore di lavoro e le ore retribuite stimate sempre a carico del datore di lavoro.,,,,,,,,,,
A,Annuale,ITE3,Marche,HOUWAG_ENTEMP_NIND_MI,Retribuzione lorda  oraria per ora retribuita delle posizioni lavorative dipendenti in euro (nono decile).,9,Totale,2022,18.3,,,,,TIPO_DATO7__HOUWAG_ENTEMP_NIND_MI_N1,Nono decile della distribuzione della retribuzione oraria della singola posizione lavorativa dipendente delle imprese ottenuta come rapporto fra la retribuzione lorda imponibile a fini contributivi a carico del datore di lavoro e le ore retribuite stimate sempre a carico del datore di lavoro.,,,,,,,,,,
A,Annuale,ITE4,Lazio,HOUWAG_ENTEMP_AV_MI,Retribuzione lorda oraria per ora retribuita delle posizioni lavorative dipendenti in euro (media),9,Totale,2014,14.73,,,,,TIPO_DATO7__HOUWAG_ENTEMP_AV_MI_N1,Media aritmetica semplice della retribuzione oraria calcolata a livello di singola posizione lavorativa. La retribuzione oraria della singola posizione lavorativa dipendente delle imprese è ottenuta come rapporto fra la retribuzione lorda imponibile a fini contributivi a carico del datore di lavoro e le ore retribuite stimate sempre a carico del datore di lavoro.,,,,,,,,,,
A,Annuale,ITE4,Lazio,HOUWAG_ENTEMP_AV_MI,Retribuzione lorda oraria per ora retribuita delle posizioni lavorative dipendenti in euro (media),9,Totale,2015,14.9,,,,,TIPO_DATO7__HOUWAG_ENTEMP_AV_MI_N1,Media aritmetica semplice della retribuzione oraria calcolata a livello di singola posizione lavorativa. La retribuzione oraria della singola posizione lavorativa dipendente delle imprese è ottenuta come rapporto fra la retribuzione lorda imponibile a fini contributivi a carico del datore di lavoro e le ore retribuite stimate sempre a carico del datore di lavoro.,,,,,,,,,,
A,Annuale,ITE4,Lazio,HOUWAG_ENTEMP_AV_MI,Retribuzione lorda oraria per ora retribuita delle posizioni lavorative dipendenti in euro (media),9,Totale,2016,14.7,,,,,TIPO_DATO7__HOUWAG_ENTEMP_AV_MI_N1,Media aritmetica semplice della retribuzione oraria calcolata a livello di singola posizione lavorativa. La retribuzione oraria della singola posizione lavorativa dipendente delle imprese è ottenuta come rapporto fra la retribuzione lorda imponibile a fini contributivi a carico del datore di lavoro e le ore retribuite stimate sempre a carico del datore di lavoro.,,,,,,,,,,
A,Annuale,ITE4,Lazio,HOUWAG_ENTEMP_AV_MI,Retribuzione lorda oraria per ora retribuita delle posizioni lavorative dipendenti in euro (media),9,Totale,2017,14.88,,,,,TIPO_DATO7__HOUWAG_ENTEMP_AV_MI_N1,Media aritmetica semplice della retribuzione oraria calcolata a livello di singola posizione lavorativa. La retribuzione oraria della singola posizione lavorativa dipendente delle imprese è ottenuta come rapporto fra la retribuzione lorda imponibile a fini contributivi a carico del datore di lavoro e le ore retribuite stimate sempre a carico del datore di lavoro.,,,,,,,,,,
A,Annuale,ITE4,Lazio,HOUWAG_ENTEMP_AV_MI,Retribuzione lorda oraria per ora retribuita delle posizioni lavorative dipendenti in euro (media),9,Totale,2018,14.84,,,,,TIPO_DATO7__HOUWAG_ENTEMP_AV_MI_N1,Media aritmetica semplice della retribuzione oraria calcolata a livello di singola posizione lavorativa. La retribuzione oraria della singola posizione lavorativa dipendente delle imprese è ottenuta come rapporto fra la retribuzione lorda imponibile a fini contributivi a carico del datore di lavoro e le ore retribuite stimate sempre a carico del datore di lavoro.,,,,,,,,,,
A,Annuale,ITE4,Lazio,HOUWAG_ENTEMP_AV_MI,Retribuzione lorda oraria per ora retribuita delle posizioni lavorative dipendenti in euro (media),9,Totale,2019,15.08,,,,,TIPO_DATO7__HOUWAG_ENTEMP_AV_MI_N1,Media aritmetica semplice della retribuzione oraria calcolata a livello di singola posizione lavorativa. La retribuzione oraria della singola posizione lavorativa dipendente delle imprese è ottenuta come rapporto fra la retribuzione lorda imponibile a fini contributivi a carico del datore di lavoro e le ore retribuite stimate sempre a carico del datore di lavoro.,,,,,,,,,,
A,Annuale,ITE4,Lazio,HOUWAG_ENTEMP_AV_MI,Retribuzione lorda oraria per ora retribuita delle posizioni lavorative dipendenti in euro (media),9,Totale,2020,15.51,,,,,TIPO_DATO7__HOUWAG_ENTEMP_AV_MI_N1,Media aritmetica semplice della retribuzione oraria calcolata a livello di singola posizione lavorativa. La retribuzione oraria della singola posizione lavorativa dipendente delle imprese è ottenuta come rapporto fra la retribuzione lorda imponibile a fini contributivi a carico del datore di lavoro e le ore retribuite stimate sempre a carico del datore di lavoro.,,,,,,,,,,
A,Annuale,ITE4,Lazio,HOUWAG_ENTEMP_AV_MI,Retribuzione lorda oraria per ora retribuita delle posizioni lavorative dipendenti in euro (media),9,Totale,2021,16.14,,,,,TIPO_DATO7__HOUWAG_ENTEMP_AV_MI_N1,Media aritmetica semplice della retribuzione oraria calcolata a livello di singola posizione lavorativa. La retribuzione oraria della singola posizione lavorativa dipendente delle imprese è ottenuta come rapporto fra la retribuzione lorda imponibile a fini contributivi a carico del datore di lavoro e le ore retribuite stimate sempre a carico del datore di lavoro.,,,,,,,,,,
A,Annuale,ITE4,Lazio,HOUWAG_ENTEMP_AV_MI,Retribuzione lorda oraria per ora retribuita delle posizioni lavorative dipendenti in euro (media),9,Totale,2022,16.21,,,,,TIPO_DATO7__HOUWAG_ENTEMP_AV_MI_N1,Media aritmetica semplice della retribuzione oraria calcolata a livello di singola posizione lavorativa. La retribuzione oraria della singola posizione lavorativa dipendente delle imprese è ottenuta come rapporto fra la retribuzione lorda imponibile a fini contributivi a carico del datore di lavoro e le ore retribuite stimate sempre a carico del datore di lavoro.,,,,,,,,,,
A,Annuale,ITE4,Lazio,HOUWAG_ENTEMP_FIRD_MI,Retribuzione lorda  oraria per ora retribuita delle posizioni lavorative dipendenti in euro (primo decile),9,Totale,2014,7.62,,,,,TIPO_DATO7__HOUWAG_ENTEMP_FIRD_MI_N1,Primo decile della distribuzione della retribuzione oraria della singola posizione lavorativa dipendente delle imprese ottenuta come rapporto fra la retribuzione lorda imponibile a fini contributivi a carico del datore di lavoro e le ore retribuite stimate sempre a carico del datore di lavoro.,,,,,,,,,,
A,Annuale,ITE4,Lazio,HOUWAG_ENTEMP_FIRD_MI,Retribuzione lorda  oraria per ora retribuita delle posizioni lavorative dipendenti in euro (primo decile),9,Totale,2015,7.67,,,,,TIPO_DATO7__HOUWAG_ENTEMP_FIRD_MI_N1,Primo decile della distribuzione della retribuzione oraria della singola posizione lavorativa dipendente delle imprese ottenuta come rapporto fra la retribuzione lorda imponibile a fini contributivi a carico del datore di lavoro e le ore retribuite stimate sempre a carico del datore di lavoro.,,,,,,,,,,
A,Annuale,ITE4,Lazio,HOUWAG_ENTEMP_FIRD_MI,Retribuzione lorda  oraria per ora retribuita delle posizioni lavorative dipendenti in euro (primo decile),9,Totale,2016,7.69,,,,,TIPO_DATO7__HOUWAG_ENTEMP_FIRD_MI_N1,Primo decile della distribuzione della retribuzione oraria della singola posizione lavorativa dipendente delle imprese ottenuta come rapporto fra la retribuzione lorda imponibile a fini contributivi a carico del datore di lavoro e le ore retribuite stimate sempre a carico del datore di lavoro.,,,,,,,,,,
A,Annuale,ITE4,Lazio,HOUWAG_ENTEMP_FIRD_MI,Retribuzione lorda  oraria per ora retribuita delle posizioni lavorative dipendenti in euro (primo decile),9,Totale,2017,7.74,,,,,TIPO_DATO7__HOUWAG_ENTEMP_FIRD_MI_N1,Primo decile della distribuzione della retribuzione oraria della singola posizione lavorativa dipendente delle imprese ottenuta come rapporto fra la retribuzione lorda imponibile a fini contributivi a carico del datore di lavoro e le ore retribuite stimate sempre a carico del datore di lavoro.,,,,,,,,,,
A,Annuale,ITE4,Lazio,HOUWAG_ENTEMP_FIRD_MI,Retribuzione lorda  oraria per ora retribuita delle posizioni lavorative dipendenti in euro (primo decile),9,Totale,2018,7.69,,,,,TIPO_DATO7__HOUWAG_ENTEMP_FIRD_MI_N1,Primo decile della distribuzione della retribuzione oraria della singola posizione lavorativa dipendente delle imprese ottenuta come rapporto fra la retribuzione lorda imponibile a fini contributivi a carico del datore di lavoro e le ore retribuite stimate sempre a carico del datore di lavoro.,,,,,,,,,,
A,Annuale,ITE4,Lazio,HOUWAG_ENTEMP_FIRD_MI,Retribuzione lorda  oraria per ora retribuita delle posizioni lavorative dipendenti in euro (primo decile),9,Totale,2019,7.8,,,,,TIPO_DATO7__HOUWAG_ENTEMP_FIRD_MI_N1,Primo decile della distribuzione della retribuzione oraria della singola posizione lavorativa dipendente delle imprese ottenuta come rapporto fra la retribuzione lorda imponibile a fini contributivi a carico del datore di lavoro e le ore retribuite stimate sempre a carico del datore di lavoro.,,,,,,,,,,
A,Annuale,ITE4,Lazio,HOUWAG_ENTEMP_FIRD_MI,Retribuzione lorda  oraria per ora retribuita delle posizioni lavorative dipendenti in euro (primo decile),9,Totale,2020,7.95,,,,,TIPO_DATO7__HOUWAG_ENTEMP_FIRD_MI_N1,Primo decile della distribuzione della retribuzione oraria della singola posizione lavorativa dipendente delle imprese ottenuta come rapporto fra la retribuzione lorda imponibile a fini contributivi a carico del datore di lavoro e le ore retribuite stimate sempre a carico del datore di lavoro.,,,,,,,,,,
A,Annuale,ITE4,Lazio,HOUWAG_ENTEMP_FIRD_MI,Retribuzione lorda  oraria per ora retribuita delle posizioni lavorative dipendenti in euro (primo decile),9,Totale,2021,8.04,,,,,TIPO_DATO7__HOUWAG_ENTEMP_FIRD_MI_N1,Primo decile della distribuzione della retribuzione oraria della singola posizione lavorativa dipendente delle imprese ottenuta come rapporto fra la retribuzione lorda imponibile a fini contributivi a carico del datore di lavoro e le ore retribuite stimate sempre a carico del datore di lavoro.,,,,,,,,,,
A,Annuale,ITE4,Lazio,HOUWAG_ENTEMP_FIRD_MI,Retribuzione lorda  oraria per ora retribuita delle posizioni lavorative dipendenti in euro (primo decile),9,Totale,2022,8.17,,,,,TIPO_DATO7__HOUWAG_ENTEMP_FIRD_MI_N1,Primo decile della distribuzione della retribuzione oraria della singola posizione lavorativa dipendente delle imprese ottenuta come rapporto fra la retribuzione lorda imponibile a fini contributivi a carico del datore di lavoro e le ore retribuite stimate sempre a carico del datore di lavoro.,,,,,,,,,,
A,Annuale,ITE4,Lazio,HOUWAG_ENTEMP_MED_MI,Retribuzione lorda  oraria per ora retribuita delle posizioni lavorative dipendenti in euro (mediana).,9,Totale,2014,10.98,,,,,TIPO_DATO7__HOUWAG_ENTEMP_MED_MI_N1,Valore mediano della distribuzione della retribuzione oraria della singola posizione lavorativa dipendente delle imprese ottenuta come rapporto fra la retribuzione lorda imponibile a fini contributivi a carico del datore di lavoro e le ore retribuite stimate sempre a carico del datore di lavoro.,,,,,,,,,,
A,Annuale,ITE4,Lazio,HOUWAG_ENTEMP_MED_MI,Retribuzione lorda  oraria per ora retribuita delle posizioni lavorative dipendenti in euro (mediana).,9,Totale,2015,11.12,,,,,TIPO_DATO7__HOUWAG_ENTEMP_MED_MI_N1,Valore mediano della distribuzione della retribuzione oraria della singola posizione lavorativa dipendente delle imprese ottenuta come rapporto fra la retribuzione lorda imponibile a fini contributivi a carico del datore di lavoro e le ore retribuite stimate sempre a carico del datore di lavoro.,,,,,,,,,,
A,Annuale,ITE4,Lazio,HOUWAG_ENTEMP_MED_MI,Retribuzione lorda  oraria per ora retribuita delle posizioni lavorative dipendenti in euro (mediana).,9,Totale,2016,11.07,,,,,TIPO_DATO7__HOUWAG_ENTEMP_MED_MI_N1,Valore mediano della distribuzione della retribuzione oraria della singola posizione lavorativa dipendente delle imprese ottenuta come rapporto fra la retribuzione lorda imponibile a fini contributivi a carico del datore di lavoro e le ore retribuite stimate sempre a carico del datore di lavoro.,,,,,,,,,,
A,Annuale,ITE4,Lazio,HOUWAG_ENTEMP_MED_MI,Retribuzione lorda  oraria per ora retribuita delle posizioni lavorative dipendenti in euro (mediana).,9,Totale,2017,11.14,,,,,TIPO_DATO7__HOUWAG_ENTEMP_MED_MI_N1,Valore mediano della distribuzione della retribuzione oraria della singola posizione lavorativa dipendente delle imprese ottenuta come rapporto fra la retribuzione lorda imponibile a fini contributivi a carico del datore di lavoro e le ore retribuite stimate sempre a carico del datore di lavoro.,,,,,,,,,,
A,Annuale,ITE4,Lazio,HOUWAG_ENTEMP_MED_MI,Retribuzione lorda  oraria per ora retribuita delle posizioni lavorative dipendenti in euro (mediana).,9,Totale,2018,11.2,,,,,TIPO_DATO7__HOUWAG_ENTEMP_MED_MI_N1,Valore mediano della distribuzione della retribuzione oraria della singola posizione lavorativa dipendente delle imprese ottenuta come rapporto fra la retribuzione lorda imponibile a fini contributivi a carico del datore di lavoro e le ore retribuite stimate sempre a carico del datore di lavoro.,,,,,,,,,,
A,Annuale,ITE4,Lazio,HOUWAG_ENTEMP_MED_MI,Retribuzione lorda  oraria per ora retribuita delle posizioni lavorative dipendenti in euro (mediana).,9,Totale,2019,11.31,,,,,TIPO_DATO7__HOUWAG_ENTEMP_MED_MI_N1,Valore mediano della distribuzione della retribuzione oraria della singola posizione lavorativa dipendente delle imprese ottenuta come rapporto fra la retribuzione lorda imponibile a fini contributivi a carico del datore di lavoro e le ore retribuite stimate sempre a carico del datore di lavoro.,,,,,,,,,,
A,Annuale,ITE4,Lazio,HOUWAG_ENTEMP_MED_MI,Retribuzione lorda  oraria per ora retribuita delle posizioni lavorative dipendenti in euro (mediana).,9,Totale,2020,11.68,,,,,TIPO_DATO7__HOUWAG_ENTEMP_MED_MI_N1,Valore mediano della distribuzione della retribuzione oraria della singola posizione lavorativa dipendente delle imprese ottenuta come rapporto fra la retribuzione lorda imponibile a fini contributivi a carico del datore di lavoro e le ore retribuite stimate sempre a carico del datore di lavoro.,,,,,,,,,,
A,Annuale,ITE4,Lazio,HOUWAG_ENTEMP_MED_MI,Retribuzione lorda  oraria per ora retribuita delle posizioni lavorative dipendenti in euro (mediana).,9,Totale,2021,11.73,,,,,TIPO_DATO7__HOUWAG_ENTEMP_MED_MI_N1,Valore mediano della distribuzione della retribuzione oraria della singola posizione lavorativa dipendente delle imprese ottenuta come rapporto fra la retribuzione lorda imponibile a fini contributivi a carico del datore di lavoro e le ore retribuite stimate sempre a carico del datore di lavoro.,,,,,,,,,,
A,Annuale,ITE4,Lazio,HOUWAG_ENTEMP_MED_MI,Retribuzione lorda  oraria per ora retribuita delle posizioni lavorative dipendenti in euro (mediana).,9,Totale,2022,11.87,,,,,TIPO_DATO7__HOUWAG_ENTEMP_MED_MI_N1,Valore mediano della distribuzione della retribuzione oraria della singola posizione lavorativa dipendente delle imprese ottenuta come rapporto fra la retribuzione lorda imponibile a fini contributivi a carico del datore di lavoro e le ore retribuite stimate sempre a carico del datore di lavoro.,,,,,,,,,,
A,Annuale,ITE4,Lazio,HOUWAG_ENTEMP_NIND_MI,Retribuzione lorda  oraria per ora retribuita delle posizioni lavorative dipendenti in euro (nono decile).,9,Totale,2014,23.86,,,,,TIPO_DATO7__HOUWAG_ENTEMP_NIND_MI_N1,Nono decile della distribuzione della retribuzione oraria della singola posizione lavorativa dipendente delle imprese ottenuta come rapporto fra la retribuzione lorda imponibile a fini contributivi a carico del datore di lavoro e le ore retribuite stimate sempre a carico del datore di lavoro.,,,,,,,,,,
A,Annuale,ITE4,Lazio,HOUWAG_ENTEMP_NIND_MI,Retribuzione lorda  oraria per ora retribuita delle posizioni lavorative dipendenti in euro (nono decile).,9,Totale,2015,24.14,,,,,TIPO_DATO7__HOUWAG_ENTEMP_NIND_MI_N1,Nono decile della distribuzione della retribuzione oraria della singola posizione lavorativa dipendente delle imprese ottenuta come rapporto fra la retribuzione lorda imponibile a fini contributivi a carico del datore di lavoro e le ore retribuite stimate sempre a carico del datore di lavoro.,,,,,,,,,,
A,Annuale,ITE4,Lazio,HOUWAG_ENTEMP_NIND_MI,Retribuzione lorda  oraria per ora retribuita delle posizioni lavorative dipendenti in euro (nono decile).,9,Totale,2016,23.57,,,,,TIPO_DATO7__HOUWAG_ENTEMP_NIND_MI_N1,Nono decile della distribuzione della retribuzione oraria della singola posizione lavorativa dipendente delle imprese ottenuta come rapporto fra la retribuzione lorda imponibile a fini contributivi a carico del datore di lavoro e le ore retribuite stimate sempre a carico del datore di lavoro.,,,,,,,,,,
A,Annuale,ITE4,Lazio,HOUWAG_ENTEMP_NIND_MI,Retribuzione lorda  oraria per ora retribuita delle posizioni lavorative dipendenti in euro (nono decile).,9,Totale,2017,24,,,,,TIPO_DATO7__HOUWAG_ENTEMP_NIND_MI_N1,Nono decile della distribuzione della retribuzione oraria della singola posizione lavorativa dipendente delle imprese ottenuta come rapporto fra la retribuzione lorda imponibile a fini contributivi a carico del datore di lavoro e le ore retribuite stimate sempre a carico del datore di lavoro.,,,,,,,,,,
A,Annuale,ITE4,Lazio,HOUWAG_ENTEMP_NIND_MI,Retribuzione lorda  oraria per ora retribuita delle posizioni lavorative dipendenti in euro (nono decile).,9,Totale,2018,23.96,,,,,TIPO_DATO7__HOUWAG_ENTEMP_NIND_MI_N1,Nono decile della distribuzione della retribuzione oraria della singola posizione lavorativa dipendente delle imprese ottenuta come rapporto fra la retribuzione lorda imponibile a fini contributivi a carico del datore di lavoro e le ore retribuite stimate sempre a carico del datore di lavoro.,,,,,,,,,,
A,Annuale,ITE4,Lazio,HOUWAG_ENTEMP_NIND_MI,Retribuzione lorda  oraria per ora retribuita delle posizioni lavorative dipendenti in euro (nono decile).,9,Totale,2019,24.25,,,,,TIPO_DATO7__HOUWAG_ENTEMP_NIND_MI_N1,Nono decile della distribuzione della retribuzione oraria della singola posizione lavorativa dipendente delle imprese ottenuta come rapporto fra la retribuzione lorda imponibile a fini contributivi a carico del datore di lavoro e le ore retribuite stimate sempre a carico del datore di lavoro.,,,,,,,,,,
A,Annuale,ITE4,Lazio,HOUWAG_ENTEMP_NIND_MI,Retribuzione lorda  oraria per ora retribuita delle posizioni lavorative dipendenti in euro (nono decile).,9,Totale,2020,25.04,,,,,TIPO_DATO7__HOUWAG_ENTEMP_NIND_MI_N1,Nono decile della distribuzione della retribuzione oraria della singola posizione lavorativa dipendente delle imprese ottenuta come rapporto fra la retribuzione lorda imponibile a fini contributivi a carico del datore di lavoro e le ore retribuite stimate sempre a carico del datore di lavoro.,,,,,,,,,,
A,Annuale,ITE4,Lazio,HOUWAG_ENTEMP_NIND_MI,Retribuzione lorda  oraria per ora retribuita delle posizioni lavorative dipendenti in euro (nono decile).,9,Totale,2021,26.46,,,,,TIPO_DATO7__HOUWAG_ENTEMP_NIND_MI_N1,Nono decile della distribuzione della retribuzione oraria della singola posizione lavorativa dipendente delle imprese ottenuta come rapporto fra la retribuzione lorda imponibile a fini contributivi a carico del datore di lavoro e le ore retribuite stimate sempre a carico del datore di lavoro.,,,,,,,,,,
A,Annuale,ITE4,Lazio,HOUWAG_ENTEMP_NIND_MI,Retribuzione lorda  oraria per ora retribuita delle posizioni lavorative dipendenti in euro (nono decile).,9,Totale,2022,26.9,,,,,TIPO_DATO7__HOUWAG_ENTEMP_NIND_MI_N1,Nono decile della distribuzione della retribuzione oraria della singola posizione lavorativa dipendente delle imprese ottenuta come rapporto fra la retribuzione lorda imponibile a fini contributivi a carico del datore di lavoro e le ore retribuite stimate sempre a carico del datore di lavoro.,,,,,,,,,,
A,Annuale,ITF1,Abruzzo,HOUWAG_ENTEMP_AV_MI,Retribuzione lorda oraria per ora retribuita delle posizioni lavorative dipendenti in euro (media),9,Totale,2014,12.29,,,,,TIPO_DATO7__HOUWAG_ENTEMP_AV_MI_N1,Media aritmetica semplice della retribuzione oraria calcolata a livello di singola posizione lavorativa. La retribuzione oraria della singola posizione lavorativa dipendente delle imprese è ottenuta come rapporto fra la retribuzione lorda imponibile a fini contributivi a carico del datore di lavoro e le ore retribuite stimate sempre a carico del datore di lavoro.,,,,,,,,,,
A,Annuale,ITF1,Abruzzo,HOUWAG_ENTEMP_AV_MI,Retribuzione lorda oraria per ora retribuita delle posizioni lavorative dipendenti in euro (media),9,Totale,2015,12.38,,,,,TIPO_DATO7__HOUWAG_ENTEMP_AV_MI_N1,Media aritmetica semplice della retribuzione oraria calcolata a livello di singola posizione lavorativa. La retribuzione oraria della singola posizione lavorativa dipendente delle imprese è ottenuta come rapporto fra la retribuzione lorda imponibile a fini contributivi a carico del datore di lavoro e le ore retribuite stimate sempre a carico del datore di lavoro.,,,,,,,,,,
A,Annuale,ITF1,Abruzzo,HOUWAG_ENTEMP_AV_MI,Retribuzione lorda oraria per ora retribuita delle posizioni lavorative dipendenti in euro (media),9,Totale,2016,12.59,,,,,TIPO_DATO7__HOUWAG_ENTEMP_AV_MI_N1,Media aritmetica semplice della retribuzione oraria calcolata a livello di singola posizione lavorativa. La retribuzione oraria della singola posizione lavorativa dipendente delle imprese è ottenuta come rapporto fra la retribuzione lorda imponibile a fini contributivi a carico del datore di lavoro e le ore retribuite stimate sempre a carico del datore di lavoro.,,,,,,,,,,
A,Annuale,ITF1,Abruzzo,HOUWAG_ENTEMP_AV_MI,Retribuzione lorda oraria per ora retribuita delle posizioni lavorative dipendenti in euro (media),9,Totale,2017,12.43,,,,,TIPO_DATO7__HOUWAG_ENTEMP_AV_MI_N1,Media aritmetica semplice della retribuzione oraria calcolata a livello di singola posizione lavorativa. La retribuzione oraria della singola posizione lavorativa dipendente delle imprese è ottenuta come rapporto fra la retribuzione lorda imponibile a fini contributivi a carico del datore di lavoro e le ore retribuite stimate sempre a carico del datore di lavoro.,,,,,,,,,,
A,Annuale,ITF1,Abruzzo,HOUWAG_ENTEMP_AV_MI,Retribuzione lorda oraria per ora retribuita delle posizioni lavorative dipendenti in euro (media),9,Totale,2018,12.35,,,,,TIPO_DATO7__HOUWAG_ENTEMP_AV_MI_N1,Media aritmetica semplice della retribuzione oraria calcolata a livello di singola posizione lavorativa. La retribuzione oraria della singola posizione lavorativa dipendente delle imprese è ottenuta come rapporto fra la retribuzione lorda imponibile a fini contributivi a carico del datore di lavoro e le ore retribuite stimate sempre a carico del datore di lavoro.,,,,,,,,,,
A,Annuale,ITF1,Abruzzo,HOUWAG_ENTEMP_AV_MI,Retribuzione lorda oraria per ora retribuita delle posizioni lavorative dipendenti in euro (media),9,Totale,2019,12.71,,,,,TIPO_DATO7__HOUWAG_ENTEMP_AV_MI_N1,Media aritmetica semplice della retribuzione oraria calcolata a livello di singola posizione lavorativa. La retribuzione oraria della singola posizione lavorativa dipendente delle imprese è ottenuta come rapporto fra la retribuzione lorda imponibile a fini contributivi a carico del datore di lavoro e le ore retribuite stimate sempre a carico del datore di lavoro.,,,,,,,,,,
A,Annuale,ITF1,Abruzzo,HOUWAG_ENTEMP_AV_MI,Retribuzione lorda oraria per ora retribuita delle posizioni lavorative dipendenti in euro (media),9,Totale,2020,12.88,,,,,TIPO_DATO7__HOUWAG_ENTEMP_AV_MI_N1,Media aritmetica semplice della retribuzione oraria calcolata a livello di singola posizione lavorativa. La retribuzione oraria della singola posizione lavorativa dipendente delle imprese è ottenuta come rapporto fra la retribuzione lorda imponibile a fini contributivi a carico del datore di lavoro e le ore retribuite stimate sempre a carico del datore di lavoro.,,,,,,,,,,
A,Annuale,ITF1,Abruzzo,HOUWAG_ENTEMP_AV_MI,Retribuzione lorda oraria per ora retribuita delle posizioni lavorative dipendenti in euro (media),9,Totale,2021,13.21,,,,,TIPO_DATO7__HOUWAG_ENTEMP_AV_MI_N1,Media aritmetica semplice della retribuzione oraria calcolata a livello di singola posizione lavorativa. La retribuzione oraria della singola posizione lavorativa dipendente delle imprese è ottenuta come rapporto fra la retribuzione lorda imponibile a fini contributivi a carico del datore di lavoro e le ore retribuite stimate sempre a carico del datore di lavoro.,,,,,,,,,,
A,Annuale,ITF1,Abruzzo,HOUWAG_ENTEMP_AV_MI,Retribuzione lorda oraria per ora retribuita delle posizioni lavorative dipendenti in euro (media),9,Totale,2022,13.02,,,,,TIPO_DATO7__HOUWAG_ENTEMP_AV_MI_N1,Media aritmetica semplice della retribuzione oraria calcolata a livello di singola posizione lavorativa. La retribuzione oraria della singola posizione lavorativa dipendente delle imprese è ottenuta come rapporto fra la retribuzione lorda imponibile a fini contributivi a carico del datore di lavoro e le ore retribuite stimate sempre a carico del datore di lavoro.,,,,,,,,,,
A,Annuale,ITF1,Abruzzo,HOUWAG_ENTEMP_FIRD_MI,Retribuzione lorda  oraria per ora retribuita delle posizioni lavorative dipendenti in euro (primo decile),9,Totale,2014,7.47,,,,,TIPO_DATO7__HOUWAG_ENTEMP_FIRD_MI_N1,Primo decile della distribuzione della retribuzione oraria della singola posizione lavorativa dipendente delle imprese ottenuta come rapporto fra la retribuzione lorda imponibile a fini contributivi a carico del datore di lavoro e le ore retribuite stimate sempre a carico del datore di lavoro.,,,,,,,,,,
A,Annuale,ITF1,Abruzzo,HOUWAG_ENTEMP_FIRD_MI,Retribuzione lorda  oraria per ora retribuita delle posizioni lavorative dipendenti in euro (primo decile),9,Totale,2015,7.5,,,,,TIPO_DATO7__HOUWAG_ENTEMP_FIRD_MI_N1,Primo decile della distribuzione della retribuzione oraria della singola posizione lavorativa dipendente delle imprese ottenuta come rapporto fra la retribuzione lorda imponibile a fini contributivi a carico del datore di lavoro e le ore retribuite stimate sempre a carico del datore di lavoro.,,,,,,,,,,
A,Annuale,ITF1,Abruzzo,HOUWAG_ENTEMP_FIRD_MI,Retribuzione lorda  oraria per ora retribuita delle posizioni lavorative dipendenti in euro (primo decile),9,Totale,2016,7.69,,,,,TIPO_DATO7__HOUWAG_ENTEMP_FIRD_MI_N1,Primo decile della distribuzione della retribuzione oraria della singola posizione lavorativa dipendente delle imprese ottenuta come rapporto fra la retribuzione lorda imponibile a fini contributivi a carico del datore di lavoro e le ore retribuite stimate sempre a carico del datore di lavoro.,,,,,,,,,,
A,Annuale,ITF1,Abruzzo,HOUWAG_ENTEMP_FIRD_MI,Retribuzione lorda  oraria per ora retribuita delle posizioni lavorative dipendenti in euro (primo decile),9,Totale,2017,7.65,,,,,TIPO_DATO7__HOUWAG_ENTEMP_FIRD_MI_N1,Primo decile della distribuzione della retribuzione oraria della singola posizione lavorativa dipendente delle imprese ottenuta come rapporto fra la retribuzione lorda imponibile a fini contributivi a carico del datore di lavoro e le ore retribuite stimate sempre a carico del datore di lavoro.,,,,,,,,,,
A,Annuale,ITF1,Abruzzo,HOUWAG_ENTEMP_FIRD_MI,Retribuzione lorda  oraria per ora retribuita delle posizioni lavorative dipendenti in euro (primo decile),9,Totale,2018,7.58,,,,,TIPO_DATO7__HOUWAG_ENTEMP_FIRD_MI_N1,Primo decile della distribuzione della retribuzione oraria della singola posizione lavorativa dipendente delle imprese ottenuta come rapporto fra la retribuzione lorda imponibile a fini contributivi a carico del datore di lavoro e le ore retribuite stimate sempre a carico del datore di lavoro.,,,,,,,,,,
A,Annuale,ITF1,Abruzzo,HOUWAG_ENTEMP_FIRD_MI,Retribuzione lorda  oraria per ora retribuita delle posizioni lavorative dipendenti in euro (primo decile),9,Totale,2019,7.69,,,,,TIPO_DATO7__HOUWAG_ENTEMP_FIRD_MI_N1,Primo decile della distribuzione della retribuzione oraria della singola posizione lavorativa dipendente delle imprese ottenuta come rapporto fra la retribuzione lorda imponibile a fini contributivi a carico del datore di lavoro e le ore retribuite stimate sempre a carico del datore di lavoro.,,,,,,,,,,
A,Annuale,ITF1,Abruzzo,HOUWAG_ENTEMP_FIRD_MI,Retribuzione lorda  oraria per ora retribuita delle posizioni lavorative dipendenti in euro (primo decile),9,Totale,2020,8.02,,,,,TIPO_DATO7__HOUWAG_ENTEMP_FIRD_MI_N1,Primo decile della distribuzione della retribuzione oraria della singola posizione lavorativa dipendente delle imprese ottenuta come rapporto fra la retribuzione lorda imponibile a fini contributivi a carico del datore di lavoro e le ore retribuite stimate sempre a carico del datore di lavoro.,,,,,,,,,,
A,Annuale,ITF1,Abruzzo,HOUWAG_ENTEMP_FIRD_MI,Retribuzione lorda  oraria per ora retribuita delle posizioni lavorative dipendenti in euro (primo decile),9,Totale,2021,8,,,,,TIPO_DATO7__HOUWAG_ENTEMP_FIRD_MI_N1,Primo decile della distribuzione della retribuzione oraria della singola posizione lavorativa dipendente delle imprese ottenuta come rapporto fra la retribuzione lorda imponibile a fini contributivi a carico del datore di lavoro e le ore retribuite stimate sempre a carico del datore di lavoro.,,,,,,,,,,
A,Annuale,ITF1,Abruzzo,HOUWAG_ENTEMP_FIRD_MI,Retribuzione lorda  oraria per ora retribuita delle posizioni lavorative dipendenti in euro (primo decile),9,Totale,2022,8.08,,,,,TIPO_DATO7__HOUWAG_ENTEMP_FIRD_MI_N1,Primo decile della distribuzione della retribuzione oraria della singola posizione lavorativa dipendente delle imprese ottenuta come rapporto fra la retribuzione lorda imponibile a fini contributivi a carico del datore di lavoro e le ore retribuite stimate sempre a carico del datore di lavoro.,,,,,,,,,,
A,Annuale,ITF1,Abruzzo,HOUWAG_ENTEMP_MED_MI,Retribuzione lorda  oraria per ora retribuita delle posizioni lavorative dipendenti in euro (mediana).,9,Totale,2014,10.48,,,,,TIPO_DATO7__HOUWAG_ENTEMP_MED_MI_N1,Valore mediano della distribuzione della retribuzione oraria della singola posizione lavorativa dipendente delle imprese ottenuta come rapporto fra la retribuzione lorda imponibile a fini contributivi a carico del datore di lavoro e le ore retribuite stimate sempre a carico del datore di lavoro.,,,,,,,,,,
A,Annuale,ITF1,Abruzzo,HOUWAG_ENTEMP_MED_MI,Retribuzione lorda  oraria per ora retribuita delle posizioni lavorative dipendenti in euro (mediana).,9,Totale,2015,10.6,,,,,TIPO_DATO7__HOUWAG_ENTEMP_MED_MI_N1,Valore mediano della distribuzione della retribuzione oraria della singola posizione lavorativa dipendente delle imprese ottenuta come rapporto fra la retribuzione lorda imponibile a fini contributivi a carico del datore di lavoro e le ore retribuite stimate sempre a carico del datore di lavoro.,,,,,,,,,,
A,Annuale,ITF1,Abruzzo,HOUWAG_ENTEMP_MED_MI,Retribuzione lorda  oraria per ora retribuita delle posizioni lavorative dipendenti in euro (mediana).,9,Totale,2016,10.72,,,,,TIPO_DATO7__HOUWAG_ENTEMP_MED_MI_N1,Valore mediano della distribuzione della retribuzione oraria della singola posizione lavorativa dipendente delle imprese ottenuta come rapporto fra la retribuzione lorda imponibile a fini contributivi a carico del datore di lavoro e le ore retribuite stimate sempre a carico del datore di lavoro.,,,,,,,,,,
A,Annuale,ITF1,Abruzzo,HOUWAG_ENTEMP_MED_MI,Retribuzione lorda  oraria per ora retribuita delle posizioni lavorative dipendenti in euro (mediana).,9,Totale,2017,10.7,,,,,TIPO_DATO7__HOUWAG_ENTEMP_MED_MI_N1,Valore mediano della distribuzione della retribuzione oraria della singola posizione lavorativa dipendente delle imprese ottenuta come rapporto fra la retribuzione lorda imponibile a fini contributivi a carico del datore di lavoro e le ore retribuite stimate sempre a carico del datore di lavoro.,,,,,,,,,,
A,Annuale,ITF1,Abruzzo,HOUWAG_ENTEMP_MED_MI,Retribuzione lorda  oraria per ora retribuita delle posizioni lavorative dipendenti in euro (mediana).,9,Totale,2018,10.67,,,,,TIPO_DATO7__HOUWAG_ENTEMP_MED_MI_N1,Valore mediano della distribuzione della retribuzione oraria della singola posizione lavorativa dipendente delle imprese ottenuta come rapporto fra la retribuzione lorda imponibile a fini contributivi a carico del datore di lavoro e le ore retribuite stimate sempre a carico del datore di lavoro.,,,,,,,,,,
A,Annuale,ITF1,Abruzzo,HOUWAG_ENTEMP_MED_MI,Retribuzione lorda  oraria per ora retribuita delle posizioni lavorative dipendenti in euro (mediana).,9,Totale,2019,10.8,,,,,TIPO_DATO7__HOUWAG_ENTEMP_MED_MI_N1,Valore mediano della distribuzione della retribuzione oraria della singola posizione lavorativa dipendente delle imprese ottenuta come rapporto fra la retribuzione lorda imponibile a fini contributivi a carico del datore di lavoro e le ore retribuite stimate sempre a carico del datore di lavoro.,,,,,,,,,,
A,Annuale,ITF1,Abruzzo,HOUWAG_ENTEMP_MED_MI,Retribuzione lorda  oraria per ora retribuita delle posizioni lavorative dipendenti in euro (mediana).,9,Totale,2020,11.16,,,,,TIPO_DATO7__HOUWAG_ENTEMP_MED_MI_N1,Valore mediano della distribuzione della retribuzione oraria della singola posizione lavorativa dipendente delle imprese ottenuta come rapporto fra la retribuzione lorda imponibile a fini contributivi a carico del datore di lavoro e le ore retribuite stimate sempre a carico del datore di lavoro.,,,,,,,,,,
A,Annuale,ITF1,Abruzzo,HOUWAG_ENTEMP_MED_MI,Retribuzione lorda  oraria per ora retribuita delle posizioni lavorative dipendenti in euro (mediana).,9,Totale,2021,11.12,,,,,TIPO_DATO7__HOUWAG_ENTEMP_MED_MI_N1,Valore mediano della distribuzione della retribuzione oraria della singola posizione lavorativa dipendente delle imprese ottenuta come rapporto fra la retribuzione lorda imponibile a fini contributivi a carico del datore di lavoro e le ore retribuite stimate sempre a carico del datore di lavoro.,,,,,,,,,,
A,Annuale,ITF1,Abruzzo,HOUWAG_ENTEMP_MED_MI,Retribuzione lorda  oraria per ora retribuita delle posizioni lavorative dipendenti in euro (mediana).,9,Totale,2022,11.16,,,,,TIPO_DATO7__HOUWAG_ENTEMP_MED_MI_N1,Valore mediano della distribuzione della retribuzione oraria della singola posizione lavorativa dipendente delle imprese ottenuta come rapporto fra la retribuzione lorda imponibile a fini contributivi a carico del datore di lavoro e le ore retribuite stimate sempre a carico del datore di lavoro.,,,,,,,,,,
A,Annuale,ITF1,Abruzzo,HOUWAG_ENTEMP_NIND_MI,Retribuzione lorda  oraria per ora retribuita delle posizioni lavorative dipendenti in euro (nono decile).,9,Totale,2014,17.13,,,,,TIPO_DATO7__HOUWAG_ENTEMP_NIND_MI_N1,Nono decile della distribuzione della retribuzione oraria della singola posizione lavorativa dipendente delle imprese ottenuta come rapporto fra la retribuzione lorda imponibile a fini contributivi a carico del datore di lavoro e le ore retribuite stimate sempre a carico del datore di lavoro.,,,,,,,,,,
A,Annuale,ITF1,Abruzzo,HOUWAG_ENTEMP_NIND_MI,Retribuzione lorda  oraria per ora retribuita delle posizioni lavorative dipendenti in euro (nono decile).,9,Totale,2015,17.39,,,,,TIPO_DATO7__HOUWAG_ENTEMP_NIND_MI_N1,Nono decile della distribuzione della retribuzione oraria della singola posizione lavorativa dipendente delle imprese ottenuta come rapporto fra la retribuzione lorda imponibile a fini contributivi a carico del datore di lavoro e le ore retribuite stimate sempre a carico del datore di lavoro.,,,,,,,,,,
A,Annuale,ITF1,Abruzzo,HOUWAG_ENTEMP_NIND_MI,Retribuzione lorda  oraria per ora retribuita delle posizioni lavorative dipendenti in euro (nono decile).,9,Totale,2016,17.42,,,,,TIPO_DATO7__HOUWAG_ENTEMP_NIND_MI_N1,Nono decile della distribuzione della retribuzione oraria della singola posizione lavorativa dipendente delle imprese ottenuta come rapporto fra la retribuzione lorda imponibile a fini contributivi a carico del datore di lavoro e le ore retribuite stimate sempre a carico del datore di lavoro.,,,,,,,,,,
A,Annuale,ITF1,Abruzzo,HOUWAG_ENTEMP_NIND_MI,Retribuzione lorda  oraria per ora retribuita delle posizioni lavorative dipendenti in euro (nono decile).,9,Totale,2017,17.25,,,,,TIPO_DATO7__HOUWAG_ENTEMP_NIND_MI_N1,Nono decile della distribuzione della retribuzione oraria della singola posizione lavorativa dipendente delle imprese ottenuta come rapporto fra la retribuzione lorda imponibile a fini contributivi a carico del datore di lavoro e le ore retribuite stimate sempre a carico del datore di lavoro.,,,,,,,,,,
A,Annuale,ITF1,Abruzzo,HOUWAG_ENTEMP_NIND_MI,Retribuzione lorda  oraria per ora retribuita delle posizioni lavorative dipendenti in euro (nono decile).,9,Totale,2018,17.12,,,,,TIPO_DATO7__HOUWAG_ENTEMP_NIND_MI_N1,Nono decile della distribuzione della retribuzione oraria della singola posizione lavorativa dipendente delle imprese ottenuta come rapporto fra la retribuzione lorda imponibile a fini contributivi a carico del datore di lavoro e le ore retribuite stimate sempre a carico del datore di lavoro.,,,,,,,,,,
A,Annuale,ITF1,Abruzzo,HOUWAG_ENTEMP_NIND_MI,Retribuzione lorda  oraria per ora retribuita delle posizioni lavorative dipendenti in euro (nono decile).,9,Totale,2019,17.65,,,,,TIPO_DATO7__HOUWAG_ENTEMP_NIND_MI_N1,Nono decile della distribuzione della retribuzione oraria della singola posizione lavorativa dipendente delle imprese ottenuta come rapporto fra la retribuzione lorda imponibile a fini contributivi a carico del datore di lavoro e le ore retribuite stimate sempre a carico del datore di lavoro.,,,,,,,,,,
A,Annuale,ITF1,Abruzzo,HOUWAG_ENTEMP_NIND_MI,Retribuzione lorda  oraria per ora retribuita delle posizioni lavorative dipendenti in euro (nono decile).,9,Totale,2020,17.69,,,,,TIPO_DATO7__HOUWAG_ENTEMP_NIND_MI_N1,Nono decile della distribuzione della retribuzione oraria della singola posizione lavorativa dipendente delle imprese ottenuta come rapporto fra la retribuzione lorda imponibile a fini contributivi a carico del datore di lavoro e le ore retribuite stimate sempre a carico del datore di lavoro.,,,,,,,,,,
A,Annuale,ITF1,Abruzzo,HOUWAG_ENTEMP_NIND_MI,Retribuzione lorda  oraria per ora retribuita delle posizioni lavorative dipendenti in euro (nono decile).,9,Totale,2021,17.97,,,,,TIPO_DATO7__HOUWAG_ENTEMP_NIND_MI_N1,Nono decile della distribuzione della retribuzione oraria della singola posizione lavorativa dipendente delle imprese ottenuta come rapporto fra la retribuzione lorda imponibile a fini contributivi a carico del datore di lavoro e le ore retribuite stimate sempre a carico del datore di lavoro.,,,,,,,,,,
A,Annuale,ITF1,Abruzzo,HOUWAG_ENTEMP_NIND_MI,Retribuzione lorda  oraria per ora retribuita delle posizioni lavorative dipendenti in euro (nono decile).,9,Totale,2022,17.71,,,,,TIPO_DATO7__HOUWAG_ENTEMP_NIND_MI_N1,Nono decile della distribuzione della retribuzione oraria della singola posizione lavorativa dipendente delle imprese ottenuta come rapporto fra la retribuzione lorda imponibile a fini contributivi a carico del datore di lavoro e le ore retribuite stimate sempre a carico del datore di lavoro.,,,,,,,,,,
A,Annuale,ITF2,Molise,HOUWAG_ENTEMP_AV_MI,Retribuzione lorda oraria per ora retribuita delle posizioni lavorative dipendenti in euro (media),9,Totale,2014,11.69,,,,,TIPO_DATO7__HOUWAG_ENTEMP_AV_MI_N1,Media aritmetica semplice della retribuzione oraria calcolata a livello di singola posizione lavorativa. La retribuzione oraria della singola posizione lavorativa dipendente delle imprese è ottenuta come rapporto fra la retribuzione lorda imponibile a fini contributivi a carico del datore di lavoro e le ore retribuite stimate sempre a carico del datore di lavoro.,,,,,,,,,,
A,Annuale,ITF2,Molise,HOUWAG_ENTEMP_AV_MI,Retribuzione lorda oraria per ora retribuita delle posizioni lavorative dipendenti in euro (media),9,Totale,2015,11.79,,,,,TIPO_DATO7__HOUWAG_ENTEMP_AV_MI_N1,Media aritmetica semplice della retribuzione oraria calcolata a livello di singola posizione lavorativa. La retribuzione oraria della singola posizione lavorativa dipendente delle imprese è ottenuta come rapporto fra la retribuzione lorda imponibile a fini contributivi a carico del datore di lavoro e le ore retribuite stimate sempre a carico del datore di lavoro.,,,,,,,,,,
A,Annuale,ITF2,Molise,HOUWAG_ENTEMP_AV_MI,Retribuzione lorda oraria per ora retribuita delle posizioni lavorative dipendenti in euro (media),9,Totale,2016,11.87,,,,,TIPO_DATO7__HOUWAG_ENTEMP_AV_MI_N1,Media aritmetica semplice della retribuzione oraria calcolata a livello di singola posizione lavorativa. La retribuzione oraria della singola posizione lavorativa dipendente delle imprese è ottenuta come rapporto fra la retribuzione lorda imponibile a fini contributivi a carico del datore di lavoro e le ore retribuite stimate sempre a carico del datore di lavoro.,,,,,,,,,,
A,Annuale,ITF2,Molise,HOUWAG_ENTEMP_AV_MI,Retribuzione lorda oraria per ora retribuita delle posizioni lavorative dipendenti in euro (media),9,Totale,2017,11.85,,,,,TIPO_DATO7__HOUWAG_ENTEMP_AV_MI_N1,Media aritmetica semplice della retribuzione oraria calcolata a livello di singola posizione lavorativa. La retribuzione oraria della singola posizione lavorativa dipendente delle imprese è ottenuta come rapporto fra la retribuzione lorda imponibile a fini contributivi a carico del datore di lavoro e le ore retribuite stimate sempre a carico del datore di lavoro.,,,,,,,,,,
A,Annuale,ITF2,Molise,HOUWAG_ENTEMP_AV_MI,Retribuzione lorda oraria per ora retribuita delle posizioni lavorative dipendenti in euro (media),9,Totale,2018,12.11,,,,,TIPO_DATO7__HOUWAG_ENTEMP_AV_MI_N1,Media aritmetica semplice della retribuzione oraria calcolata a livello di singola posizione lavorativa. La retribuzione oraria della singola posizione lavorativa dipendente delle imprese è ottenuta come rapporto fra la retribuzione lorda imponibile a fini contributivi a carico del datore di lavoro e le ore retribuite stimate sempre a carico del datore di lavoro.,,,,,,,,,,
A,Annuale,ITF2,Molise,HOUWAG_ENTEMP_AV_MI,Retribuzione lorda oraria per ora retribuita delle posizioni lavorative dipendenti in euro (media),9,Totale,2019,12.72,,,,,TIPO_DATO7__HOUWAG_ENTEMP_AV_MI_N1,Media aritmetica semplice della retribuzione oraria calcolata a livello di singola posizione lavorativa. La retribuzione oraria della singola posizione lavorativa dipendente delle imprese è ottenuta come rapporto fra la retribuzione lorda imponibile a fini contributivi a carico del datore di lavoro e le ore retribuite stimate sempre a carico del datore di lavoro.,,,,,,,,,,
A,Annuale,ITF2,Molise,HOUWAG_ENTEMP_AV_MI,Retribuzione lorda oraria per ora retribuita delle posizioni lavorative dipendenti in euro (media),9,Totale,2020,12.46,,,,,TIPO_DATO7__HOUWAG_ENTEMP_AV_MI_N1,Media aritmetica semplice della retribuzione oraria calcolata a livello di singola posizione lavorativa. La retribuzione oraria della singola posizione lavorativa dipendente delle imprese è ottenuta come rapporto fra la retribuzione lorda imponibile a fini contributivi a carico del datore di lavoro e le ore retribuite stimate sempre a carico del datore di lavoro.,,,,,,,,,,
A,Annuale,ITF2,Molise,HOUWAG_ENTEMP_AV_MI,Retribuzione lorda oraria per ora retribuita delle posizioni lavorative dipendenti in euro (media),9,Totale,2021,12.97,,,,,TIPO_DATO7__HOUWAG_ENTEMP_AV_MI_N1,Media aritmetica semplice della retribuzione oraria calcolata a livello di singola posizione lavorativa. La retribuzione oraria della singola posizione lavorativa dipendente delle imprese è ottenuta come rapporto fra la retribuzione lorda imponibile a fini contributivi a carico del datore di lavoro e le ore retribuite stimate sempre a carico del datore di lavoro.,,,,,,,,,,
A,Annuale,ITF2,Molise,HOUWAG_ENTEMP_AV_MI,Retribuzione lorda oraria per ora retribuita delle posizioni lavorative dipendenti in euro (media),9,Totale,2022,12.71,,,,,TIPO_DATO7__HOUWAG_ENTEMP_AV_MI_N1,Media aritmetica semplice della retribuzione oraria calcolata a livello di singola posizione lavorativa. La retribuzione oraria della singola posizione lavorativa dipendente delle imprese è ottenuta come rapporto fra la retribuzione lorda imponibile a fini contributivi a carico del datore di lavoro e le ore retribuite stimate sempre a carico del datore di lavoro.,,,,,,,,,,
A,Annuale,ITF2,Molise,HOUWAG_ENTEMP_FIRD_MI,Retribuzione lorda  oraria per ora retribuita delle posizioni lavorative dipendenti in euro (primo decile),9,Totale,2014,7.35,,,,,TIPO_DATO7__HOUWAG_ENTEMP_FIRD_MI_N1,Primo decile della distribuzione della retribuzione oraria della singola posizione lavorativa dipendente delle imprese ottenuta come rapporto fra la retribuzione lorda imponibile a fini contributivi a carico del datore di lavoro e le ore retribuite stimate sempre a carico del datore di lavoro.,,,,,,,,,,
A,Annuale,ITF2,Molise,HOUWAG_ENTEMP_FIRD_MI,Retribuzione lorda  oraria per ora retribuita delle posizioni lavorative dipendenti in euro (primo decile),9,Totale,2015,7.49,,,,,TIPO_DATO7__HOUWAG_ENTEMP_FIRD_MI_N1,Primo decile della distribuzione della retribuzione oraria della singola posizione lavorativa dipendente delle imprese ottenuta come rapporto fra la retribuzione lorda imponibile a fini contributivi a carico del datore di lavoro e le ore retribuite stimate sempre a carico del datore di lavoro.,,,,,,,,,,
A,Annuale,ITF2,Molise,HOUWAG_ENTEMP_FIRD_MI,Retribuzione lorda  oraria per ora retribuita delle posizioni lavorative dipendenti in euro (primo decile),9,Totale,2016,7.5,,,,,TIPO_DATO7__HOUWAG_ENTEMP_FIRD_MI_N1,Primo decile della distribuzione della retribuzione oraria della singola posizione lavorativa dipendente delle imprese ottenuta come rapporto fra la retribuzione lorda imponibile a fini contributivi a carico del datore di lavoro e le ore retribuite stimate sempre a carico del datore di lavoro.,,,,,,,,,,
A,Annuale,ITF2,Molise,HOUWAG_ENTEMP_FIRD_MI,Retribuzione lorda  oraria per ora retribuita delle posizioni lavorative dipendenti in euro (primo decile),9,Totale,2017,7.5,,,,,TIPO_DATO7__HOUWAG_ENTEMP_FIRD_MI_N1,Primo decile della distribuzione della retribuzione oraria della singola posizione lavorativa dipendente delle imprese ottenuta come rapporto fra la retribuzione lorda imponibile a fini contributivi a carico del datore di lavoro e le ore retribuite stimate sempre a carico del datore di lavoro.,,,,,,,,,,
A,Annuale,ITF2,Molise,HOUWAG_ENTEMP_FIRD_MI,Retribuzione lorda  oraria per ora retribuita delle posizioni lavorative dipendenti in euro (primo decile),9,Totale,2018,7.54,,,,,TIPO_DATO7__HOUWAG_ENTEMP_FIRD_MI_N1,Primo decile della distribuzione della retribuzione oraria della singola posizione lavorativa dipendente delle imprese ottenuta come rapporto fra la retribuzione lorda imponibile a fini contributivi a carico del datore di lavoro e le ore retribuite stimate sempre a carico del datore di lavoro.,,,,,,,,,,
A,Annuale,ITF2,Molise,HOUWAG_ENTEMP_FIRD_MI,Retribuzione lorda  oraria per ora retribuita delle posizioni lavorative dipendenti in euro (primo decile),9,Totale,2019,7.68,,,,,TIPO_DATO7__HOUWAG_ENTEMP_FIRD_MI_N1,Primo decile della distribuzione della retribuzione oraria della singola posizione lavorativa dipendente delle imprese ottenuta come rapporto fra la retribuzione lorda imponibile a fini contributivi a carico del datore di lavoro e le ore retribuite stimate sempre a carico del datore di lavoro.,,,,,,,,,,
A,Annuale,ITF2,Molise,HOUWAG_ENTEMP_FIRD_MI,Retribuzione lorda  oraria per ora retribuita delle posizioni lavorative dipendenti in euro (primo decile),9,Totale,2020,7.87,,,,,TIPO_DATO7__HOUWAG_ENTEMP_FIRD_MI_N1,Primo decile della distribuzione della retribuzione oraria della singola posizione lavorativa dipendente delle imprese ottenuta come rapporto fra la retribuzione lorda imponibile a fini contributivi a carico del datore di lavoro e le ore retribuite stimate sempre a carico del datore di lavoro.,,,,,,,,,,
A,Annuale,ITF2,Molise,HOUWAG_ENTEMP_FIRD_MI,Retribuzione lorda  oraria per ora retribuita delle posizioni lavorative dipendenti in euro (primo decile),9,Totale,2021,7.98,,,,,TIPO_DATO7__HOUWAG_ENTEMP_FIRD_MI_N1,Primo decile della distribuzione della retribuzione oraria della singola posizione lavorativa dipendente delle imprese ottenuta come rapporto fra la retribuzione lorda imponibile a fini contributivi a carico del datore di lavoro e le ore retribuite stimate sempre a carico del datore di lavoro.,,,,,,,,,,
A,Annuale,ITF2,Molise,HOUWAG_ENTEMP_FIRD_MI,Retribuzione lorda  oraria per ora retribuita delle posizioni lavorative dipendenti in euro (primo decile),9,Totale,2022,7.97,,,,,TIPO_DATO7__HOUWAG_ENTEMP_FIRD_MI_N1,Primo decile della distribuzione della retribuzione oraria della singola posizione lavorativa dipendente delle imprese ottenuta come rapporto fra la retribuzione lorda imponibile a fini contributivi a carico del datore di lavoro e le ore retribuite stimate sempre a carico del datore di lavoro.,,,,,,,,,,
A,Annuale,ITF2,Molise,HOUWAG_ENTEMP_MED_MI,Retribuzione lorda  oraria per ora retribuita delle posizioni lavorative dipendenti in euro (mediana).,9,Totale,2014,10.35,,,,,TIPO_DATO7__HOUWAG_ENTEMP_MED_MI_N1,Valore mediano della distribuzione della retribuzione oraria della singola posizione lavorativa dipendente delle imprese ottenuta come rapporto fra la retribuzione lorda imponibile a fini contributivi a carico del datore di lavoro e le ore retribuite stimate sempre a carico del datore di lavoro.,,,,,,,,,,
A,Annuale,ITF2,Molise,HOUWAG_ENTEMP_MED_MI,Retribuzione lorda  oraria per ora retribuita delle posizioni lavorative dipendenti in euro (mediana).,9,Totale,2015,10.47,,,,,TIPO_DATO7__HOUWAG_ENTEMP_MED_MI_N1,Valore mediano della distribuzione della retribuzione oraria della singola posizione lavorativa dipendente delle imprese ottenuta come rapporto fra la retribuzione lorda imponibile a fini contributivi a carico del datore di lavoro e le ore retribuite stimate sempre a carico del datore di lavoro.,,,,,,,,,,
A,Annuale,ITF2,Molise,HOUWAG_ENTEMP_MED_MI,Retribuzione lorda  oraria per ora retribuita delle posizioni lavorative dipendenti in euro (mediana).,9,Totale,2016,10.51,,,,,TIPO_DATO7__HOUWAG_ENTEMP_MED_MI_N1,Valore mediano della distribuzione della retribuzione oraria della singola posizione lavorativa dipendente delle imprese ottenuta come rapporto fra la retribuzione lorda imponibile a fini contributivi a carico del datore di lavoro e le ore retribuite stimate sempre a carico del datore di lavoro.,,,,,,,,,,
A,Annuale,ITF2,Molise,HOUWAG_ENTEMP_MED_MI,Retribuzione lorda  oraria per ora retribuita delle posizioni lavorative dipendenti in euro (mediana).,9,Totale,2017,10.5,,,,,TIPO_DATO7__HOUWAG_ENTEMP_MED_MI_N1,Valore mediano della distribuzione della retribuzione oraria della singola posizione lavorativa dipendente delle imprese ottenuta come rapporto fra la retribuzione lorda imponibile a fini contributivi a carico del datore di lavoro e le ore retribuite stimate sempre a carico del datore di lavoro.,,,,,,,,,,
A,Annuale,ITF2,Molise,HOUWAG_ENTEMP_MED_MI,Retribuzione lorda  oraria per ora retribuita delle posizioni lavorative dipendenti in euro (mediana).,9,Totale,2018,10.6,,,,,TIPO_DATO7__HOUWAG_ENTEMP_MED_MI_N1,Valore mediano della distribuzione della retribuzione oraria della singola posizione lavorativa dipendente delle imprese ottenuta come rapporto fra la retribuzione lorda imponibile a fini contributivi a carico del datore di lavoro e le ore retribuite stimate sempre a carico del datore di lavoro.,,,,,,,,,,
A,Annuale,ITF2,Molise,HOUWAG_ENTEMP_MED_MI,Retribuzione lorda  oraria per ora retribuita delle posizioni lavorative dipendenti in euro (mediana).,9,Totale,2019,10.75,,,,,TIPO_DATO7__HOUWAG_ENTEMP_MED_MI_N1,Valore mediano della distribuzione della retribuzione oraria della singola posizione lavorativa dipendente delle imprese ottenuta come rapporto fra la retribuzione lorda imponibile a fini contributivi a carico del datore di lavoro e le ore retribuite stimate sempre a carico del datore di lavoro.,,,,,,,,,,
A,Annuale,ITF2,Molise,HOUWAG_ENTEMP_MED_MI,Retribuzione lorda  oraria per ora retribuita delle posizioni lavorative dipendenti in euro (mediana).,9,Totale,2020,11.01,,,,,TIPO_DATO7__HOUWAG_ENTEMP_MED_MI_N1,Valore mediano della distribuzione della retribuzione oraria della singola posizione lavorativa dipendente delle imprese ottenuta come rapporto fra la retribuzione lorda imponibile a fini contributivi a carico del datore di lavoro e le ore retribuite stimate sempre a carico del datore di lavoro.,,,,,,,,,,
A,Annuale,ITF2,Molise,HOUWAG_ENTEMP_MED_MI,Retribuzione lorda  oraria per ora retribuita delle posizioni lavorative dipendenti in euro (mediana).,9,Totale,2021,11.01,,,,,TIPO_DATO7__HOUWAG_ENTEMP_MED_MI_N1,Valore mediano della distribuzione della retribuzione oraria della singola posizione lavorativa dipendente delle imprese ottenuta come rapporto fra la retribuzione lorda imponibile a fini contributivi a carico del datore di lavoro e le ore retribuite stimate sempre a carico del datore di lavoro.,,,,,,,,,,
A,Annuale,ITF2,Molise,HOUWAG_ENTEMP_MED_MI,Retribuzione lorda  oraria per ora retribuita delle posizioni lavorative dipendenti in euro (mediana).,9,Totale,2022,10.98,,,,,TIPO_DATO7__HOUWAG_ENTEMP_MED_MI_N1,Valore mediano della distribuzione della retribuzione oraria della singola posizione lavorativa dipendente delle imprese ottenuta come rapporto fra la retribuzione lorda imponibile a fini contributivi a carico del datore di lavoro e le ore retribuite stimate sempre a carico del datore di lavoro.,,,,,,,,,,
A,Annuale,ITF2,Molise,HOUWAG_ENTEMP_NIND_MI,Retribuzione lorda  oraria per ora retribuita delle posizioni lavorative dipendenti in euro (nono decile).,9,Totale,2014,16.08,,,,,TIPO_DATO7__HOUWAG_ENTEMP_NIND_MI_N1,Nono decile della distribuzione della retribuzione oraria della singola posizione lavorativa dipendente delle imprese ottenuta come rapporto fra la retribuzione lorda imponibile a fini contributivi a carico del datore di lavoro e le ore retribuite stimate sempre a carico del datore di lavoro.,,,,,,,,,,
A,Annuale,ITF2,Molise,HOUWAG_ENTEMP_NIND_MI,Retribuzione lorda  oraria per ora retribuita delle posizioni lavorative dipendenti in euro (nono decile).,9,Totale,2015,16.05,,,,,TIPO_DATO7__HOUWAG_ENTEMP_NIND_MI_N1,Nono decile della distribuzione della retribuzione oraria della singola posizione lavorativa dipendente delle imprese ottenuta come rapporto fra la retribuzione lorda imponibile a fini contributivi a carico del datore di lavoro e le ore retribuite stimate sempre a carico del datore di lavoro.,,,,,,,,,,
A,Annuale,ITF2,Molise,HOUWAG_ENTEMP_NIND_MI,Retribuzione lorda  oraria per ora retribuita delle posizioni lavorative dipendenti in euro (nono decile).,9,Totale,2016,16.08,,,,,TIPO_DATO7__HOUWAG_ENTEMP_NIND_MI_N1,Nono decile della distribuzione della retribuzione oraria della singola posizione lavorativa dipendente delle imprese ottenuta come rapporto fra la retribuzione lorda imponibile a fini contributivi a carico del datore di lavoro e le ore retribuite stimate sempre a carico del datore di lavoro.,,,,,,,,,,
A,Annuale,ITF2,Molise,HOUWAG_ENTEMP_NIND_MI,Retribuzione lorda  oraria per ora retribuita delle posizioni lavorative dipendenti in euro (nono decile).,9,Totale,2017,16.21,,,,,TIPO_DATO7__HOUWAG_ENTEMP_NIND_MI_N1,Nono decile della distribuzione della retribuzione oraria della singola posizione lavorativa dipendente delle imprese ottenuta come rapporto fra la retribuzione lorda imponibile a fini contributivi a carico del datore di lavoro e le ore retribuite stimate sempre a carico del datore di lavoro.,,,,,,,,,,
A,Annuale,ITF2,Molise,HOUWAG_ENTEMP_NIND_MI,Retribuzione lorda  oraria per ora retribuita delle posizioni lavorative dipendenti in euro (nono decile).,9,Totale,2018,16.47,,,,,TIPO_DATO7__HOUWAG_ENTEMP_NIND_MI_N1,Nono decile della distribuzione della retribuzione oraria della singola posizione lavorativa dipendente delle imprese ottenuta come rapporto fra la retribuzione lorda imponibile a fini contributivi a carico del datore di lavoro e le ore retribuite stimate sempre a carico del datore di lavoro.,,,,,,,,,,
A,Annuale,ITF2,Molise,HOUWAG_ENTEMP_NIND_MI,Retribuzione lorda  oraria per ora retribuita delle posizioni lavorative dipendenti in euro (nono decile).,9,Totale,2019,18.03,,,,,TIPO_DATO7__HOUWAG_ENTEMP_NIND_MI_N1,Nono decile della distribuzione della retribuzione oraria della singola posizione lavorativa dipendente delle imprese ottenuta come rapporto fra la retribuzione lorda imponibile a fini contributivi a carico del datore di lavoro e le ore retribuite stimate sempre a carico del datore di lavoro.,,,,,,,,,,
A,Annuale,ITF2,Molise,HOUWAG_ENTEMP_NIND_MI,Retribuzione lorda  oraria per ora retribuita delle posizioni lavorative dipendenti in euro (nono decile).,9,Totale,2020,16.78,,,,,TIPO_DATO7__HOUWAG_ENTEMP_NIND_MI_N1,Nono decile della distribuzione della retribuzione oraria della singola posizione lavorativa dipendente delle imprese ottenuta come rapporto fra la retribuzione lorda imponibile a fini contributivi a carico del datore di lavoro e le ore retribuite stimate sempre a carico del datore di lavoro.,,,,,,,,,,
A,Annuale,ITF2,Molise,HOUWAG_ENTEMP_NIND_MI,Retribuzione lorda  oraria per ora retribuita delle posizioni lavorative dipendenti in euro (nono decile).,9,Totale,2021,17.35,,,,,TIPO_DATO7__HOUWAG_ENTEMP_NIND_MI_N1,Nono decile della distribuzione della retribuzione oraria della singola posizione lavorativa dipendente delle imprese ottenuta come rapporto fra la retribuzione lorda imponibile a fini contributivi a carico del datore di lavoro e le ore retribuite stimate sempre a carico del datore di lavoro.,,,,,,,,,,
A,Annuale,ITF2,Molise,HOUWAG_ENTEMP_NIND_MI,Retribuzione lorda  oraria per ora retribuita delle posizioni lavorative dipendenti in euro (nono decile).,9,Totale,2022,16.98,,,,,TIPO_DATO7__HOUWAG_ENTEMP_NIND_MI_N1,Nono decile della distribuzione della retribuzione oraria della singola posizione lavorativa dipendente delle imprese ottenuta come rapporto fra la retribuzione lorda imponibile a fini contributivi a carico del datore di lavoro e le ore retribuite stimate sempre a carico del datore di lavoro.,,,,,,,,,,
A,Annuale,ITF3,Campania,HOUWAG_ENTEMP_AV_MI,Retribuzione lorda oraria per ora retribuita delle posizioni lavorative dipendenti in euro (media),9,Totale,2014,11.89,,,,,TIPO_DATO7__HOUWAG_ENTEMP_AV_MI_N1,Media aritmetica semplice della retribuzione oraria calcolata a livello di singola posizione lavorativa. La retribuzione oraria della singola posizione lavorativa dipendente delle imprese è ottenuta come rapporto fra la retribuzione lorda imponibile a fini contributivi a carico del datore di lavoro e le ore retribuite stimate sempre a carico del datore di lavoro.,,,,,,,,,,
A,Annuale,ITF3,Campania,HOUWAG_ENTEMP_AV_MI,Retribuzione lorda oraria per ora retribuita delle posizioni lavorative dipendenti in euro (media),9,Totale,2015,11.89,,,,,TIPO_DATO7__HOUWAG_ENTEMP_AV_MI_N1,Media aritmetica semplice della retribuzione oraria calcolata a livello di singola posizione lavorativa. La retribuzione oraria della singola posizione lavorativa dipendente delle imprese è ottenuta come rapporto fra la retribuzione lorda imponibile a fini contributivi a carico del datore di lavoro e le ore retribuite stimate sempre a carico del datore di lavoro.,,,,,,,,,,
A,Annuale,ITF3,Campania,HOUWAG_ENTEMP_AV_MI,Retribuzione lorda oraria per ora retribuita delle posizioni lavorative dipendenti in euro (media),9,Totale,2016,11.84,,,,,TIPO_DATO7__HOUWAG_ENTEMP_AV_MI_N1,Media aritmetica semplice della retribuzione oraria calcolata a livello di singola posizione lavorativa. La retribuzione oraria della singola posizione lavorativa dipendente delle imprese è ottenuta come rapporto fra la retribuzione lorda imponibile a fini contributivi a carico del datore di lavoro e le ore retribuite stimate sempre a carico del datore di lavoro.,,,,,,,,,,
A,Annuale,ITF3,Campania,HOUWAG_ENTEMP_AV_MI,Retribuzione lorda oraria per ora retribuita delle posizioni lavorative dipendenti in euro (media),9,Totale,2017,12.08,,,,,TIPO_DATO7__HOUWAG_ENTEMP_AV_MI_N1,Media aritmetica semplice della retribuzione oraria calcolata a livello di singola posizione lavorativa. La retribuzione oraria della singola posizione lavorativa dipendente delle imprese è ottenuta come rapporto fra la retribuzione lorda imponibile a fini contributivi a carico del datore di lavoro e le ore retribuite stimate sempre a carico del datore di lavoro.,,,,,,,,,,
A,Annuale,ITF3,Campania,HOUWAG_ENTEMP_AV_MI,Retribuzione lorda oraria per ora retribuita delle posizioni lavorative dipendenti in euro (media),9,Totale,2018,12.05,,,,,TIPO_DATO7__HOUWAG_ENTEMP_AV_MI_N1,Media aritmetica semplice della retribuzione oraria calcolata a livello di singola posizione lavorativa. La retribuzione oraria della singola posizione lavorativa dipendente delle imprese è ottenuta come rapporto fra la retribuzione lorda imponibile a fini contributivi a carico del datore di lavoro e le ore retribuite stimate sempre a carico del datore di lavoro.,,,,,,,,,,
A,Annuale,ITF3,Campania,HOUWAG_ENTEMP_AV_MI,Retribuzione lorda oraria per ora retribuita delle posizioni lavorative dipendenti in euro (media),9,Totale,2019,12.28,,,,,TIPO_DATO7__HOUWAG_ENTEMP_AV_MI_N1,Media aritmetica semplice della retribuzione oraria calcolata a livello di singola posizione lavorativa. La retribuzione oraria della singola posizione lavorativa dipendente delle imprese è ottenuta come rapporto fra la retribuzione lorda imponibile a fini contributivi a carico del datore di lavoro e le ore retribuite stimate sempre a carico del datore di lavoro.,,,,,,,,,,
A,Annuale,ITF3,Campania,HOUWAG_ENTEMP_AV_MI,Retribuzione lorda oraria per ora retribuita delle posizioni lavorative dipendenti in euro (media),9,Totale,2020,12.32,,,,,TIPO_DATO7__HOUWAG_ENTEMP_AV_MI_N1,Media aritmetica semplice della retribuzione oraria calcolata a livello di singola posizione lavorativa. La retribuzione oraria della singola posizione lavorativa dipendente delle imprese è ottenuta come rapporto fra la retribuzione lorda imponibile a fini contributivi a carico del datore di lavoro e le ore retribuite stimate sempre a carico del datore di lavoro.,,,,,,,,,,
A,Annuale,ITF3,Campania,HOUWAG_ENTEMP_AV_MI,Retribuzione lorda oraria per ora retribuita delle posizioni lavorative dipendenti in euro (media),9,Totale,2021,12.73,,,,,TIPO_DATO7__HOUWAG_ENTEMP_AV_MI_N1,Media aritmetica semplice della retribuzione oraria calcolata a livello di singola posizione lavorativa. La retribuzione oraria della singola posizione lavorativa dipendente delle imprese è ottenuta come rapporto fra la retribuzione lorda imponibile a fini contributivi a carico del datore di lavoro e le ore retribuite stimate sempre a carico del datore di lavoro.,,,,,,,,,,
A,Annuale,ITF3,Campania,HOUWAG_ENTEMP_AV_MI,Retribuzione lorda oraria per ora retribuita delle posizioni lavorative dipendenti in euro (media),9,Totale,2022,12.62,,,,,TIPO_DATO7__HOUWAG_ENTEMP_AV_MI_N1,Media aritmetica semplice della retribuzione oraria calcolata a livello di singola posizione lavorativa. La retribuzione oraria della singola posizione lavorativa dipendente delle imprese è ottenuta come rapporto fra la retribuzione lorda imponibile a fini contributivi a carico del datore di lavoro e le ore retribuite stimate sempre a carico del datore di lavoro.,,,,,,,,,,
A,Annuale,ITF3,Campania,HOUWAG_ENTEMP_FIRD_MI,Retribuzione lorda  oraria per ora retribuita delle posizioni lavorative dipendenti in euro (primo decile),9,Totale,2014,7.06,,,,,TIPO_DATO7__HOUWAG_ENTEMP_FIRD_MI_N1,Primo decile della distribuzione della retribuzione oraria della singola posizione lavorativa dipendente delle imprese ottenuta come rapporto fra la retribuzione lorda imponibile a fini contributivi a carico del datore di lavoro e le ore retribuite stimate sempre a carico del datore di lavoro.,,,,,,,,,,
A,Annuale,ITF3,Campania,HOUWAG_ENTEMP_FIRD_MI,Retribuzione lorda  oraria per ora retribuita delle posizioni lavorative dipendenti in euro (primo decile),9,Totale,2015,7.2,,,,,TIPO_DATO7__HOUWAG_ENTEMP_FIRD_MI_N1,Primo decile della distribuzione della retribuzione oraria della singola posizione lavorativa dipendente delle imprese ottenuta come rapporto fra la retribuzione lorda imponibile a fini contributivi a carico del datore di lavoro e le ore retribuite stimate sempre a carico del datore di lavoro.,,,,,,,,,,
A,Annuale,ITF3,Campania,HOUWAG_ENTEMP_FIRD_MI,Retribuzione lorda  oraria per ora retribuita delle posizioni lavorative dipendenti in euro (primo decile),9,Totale,2016,7.17,,,,,TIPO_DATO7__HOUWAG_ENTEMP_FIRD_MI_N1,Primo decile della distribuzione della retribuzione oraria della singola posizione lavorativa dipendente delle imprese ottenuta come rapporto fra la retribuzione lorda imponibile a fini contributivi a carico del datore di lavoro e le ore retribuite stimate sempre a carico del datore di lavoro.,,,,,,,,,,
A,Annuale,ITF3,Campania,HOUWAG_ENTEMP_FIRD_MI,Retribuzione lorda  oraria per ora retribuita delle posizioni lavorative dipendenti in euro (primo decile),9,Totale,2017,7.22,,,,,TIPO_DATO7__HOUWAG_ENTEMP_FIRD_MI_N1,Primo decile della distribuzione della retribuzione oraria della singola posizione lavorativa dipendente delle imprese ottenuta come rapporto fra la retribuzione lorda imponibile a fini contributivi a carico del datore di lavoro e le ore retribuite stimate sempre a carico del datore di lavoro.,,,,,,,,,,
A,Annuale,ITF3,Campania,HOUWAG_ENTEMP_FIRD_MI,Retribuzione lorda  oraria per ora retribuita delle posizioni lavorative dipendenti in euro (primo decile),9,Totale,2018,7.2,,,,,TIPO_DATO7__HOUWAG_ENTEMP_FIRD_MI_N1,Primo decile della distribuzione della retribuzione oraria della singola posizione lavorativa dipendente delle imprese ottenuta come rapporto fra la retribuzione lorda imponibile a fini contributivi a carico del datore di lavoro e le ore retribuite stimate sempre a carico del datore di lavoro.,,,,,,,,,,
A,Annuale,ITF3,Campania,HOUWAG_ENTEMP_FIRD_MI,Retribuzione lorda  oraria per ora retribuita delle posizioni lavorative dipendenti in euro (primo decile),9,Totale,2019,7.22,,,,,TIPO_DATO7__HOUWAG_ENTEMP_FIRD_MI_N1,Primo decile della distribuzione della retribuzione oraria della singola posizione lavorativa dipendente delle imprese ottenuta come rapporto fra la retribuzione lorda imponibile a fini contributivi a carico del datore di lavoro e le ore retribuite stimate sempre a carico del datore di lavoro.,,,,,,,,,,
A,Annuale,ITF3,Campania,HOUWAG_ENTEMP_FIRD_MI,Retribuzione lorda  oraria per ora retribuita delle posizioni lavorative dipendenti in euro (primo decile),9,Totale,2020,7.39,,,,,TIPO_DATO7__HOUWAG_ENTEMP_FIRD_MI_N1,Primo decile della distribuzione della retribuzione oraria della singola posizione lavorativa dipendente delle imprese ottenuta come rapporto fra la retribuzione lorda imponibile a fini contributivi a carico del datore di lavoro e le ore retribuite stimate sempre a carico del datore di lavoro.,,,,,,,,,,
A,Annuale,ITF3,Campania,HOUWAG_ENTEMP_FIRD_MI,Retribuzione lorda  oraria per ora retribuita delle posizioni lavorative dipendenti in euro (primo decile),9,Totale,2021,7.5,,,,,TIPO_DATO7__HOUWAG_ENTEMP_FIRD_MI_N1,Primo decile della distribuzione della retribuzione oraria della singola posizione lavorativa dipendente delle imprese ottenuta come rapporto fra la retribuzione lorda imponibile a fini contributivi a carico del datore di lavoro e le ore retribuite stimate sempre a carico del datore di lavoro.,,,,,,,,,,
A,Annuale,ITF3,Campania,HOUWAG_ENTEMP_FIRD_MI,Retribuzione lorda  oraria per ora retribuita delle posizioni lavorative dipendenti in euro (primo decile),9,Totale,2022,7.6,,,,,TIPO_DATO7__HOUWAG_ENTEMP_FIRD_MI_N1,Primo decile della distribuzione della retribuzione oraria della singola posizione lavorativa dipendente delle imprese ottenuta come rapporto fra la retribuzione lorda imponibile a fini contributivi a carico del datore di lavoro e le ore retribuite stimate sempre a carico del datore di lavoro.,,,,,,,,,,
A,Annuale,ITF3,Campania,HOUWAG_ENTEMP_MED_MI,Retribuzione lorda  oraria per ora retribuita delle posizioni lavorative dipendenti in euro (mediana).,9,Totale,2014,10.02,,,,,TIPO_DATO7__HOUWAG_ENTEMP_MED_MI_N1,Valore mediano della distribuzione della retribuzione oraria della singola posizione lavorativa dipendente delle imprese ottenuta come rapporto fra la retribuzione lorda imponibile a fini contributivi a carico del datore di lavoro e le ore retribuite stimate sempre a carico del datore di lavoro.,,,,,,,,,,
A,Annuale,ITF3,Campania,HOUWAG_ENTEMP_MED_MI,Retribuzione lorda  oraria per ora retribuita delle posizioni lavorative dipendenti in euro (mediana).,9,Totale,2015,10.11,,,,,TIPO_DATO7__HOUWAG_ENTEMP_MED_MI_N1,Valore mediano della distribuzione della retribuzione oraria della singola posizione lavorativa dipendente delle imprese ottenuta come rapporto fra la retribuzione lorda imponibile a fini contributivi a carico del datore di lavoro e le ore retribuite stimate sempre a carico del datore di lavoro.,,,,,,,,,,
A,Annuale,ITF3,Campania,HOUWAG_ENTEMP_MED_MI,Retribuzione lorda  oraria per ora retribuita delle posizioni lavorative dipendenti in euro (mediana).,9,Totale,2016,10.1,,,,,TIPO_DATO7__HOUWAG_ENTEMP_MED_MI_N1,Valore mediano della distribuzione della retribuzione oraria della singola posizione lavorativa dipendente delle imprese ottenuta come rapporto fra la retribuzione lorda imponibile a fini contributivi a carico del datore di lavoro e le ore retribuite stimate sempre a carico del datore di lavoro.,,,,,,,,,,
A,Annuale,ITF3,Campania,HOUWAG_ENTEMP_MED_MI,Retribuzione lorda  oraria per ora retribuita delle posizioni lavorative dipendenti in euro (mediana).,9,Totale,2017,10.22,,,,,TIPO_DATO7__HOUWAG_ENTEMP_MED_MI_N1,Valore mediano della distribuzione della retribuzione oraria della singola posizione lavorativa dipendente delle imprese ottenuta come rapporto fra la retribuzione lorda imponibile a fini contributivi a carico del datore di lavoro e le ore retribuite stimate sempre a carico del datore di lavoro.,,,,,,,,,,
A,Annuale,ITF3,Campania,HOUWAG_ENTEMP_MED_MI,Retribuzione lorda  oraria per ora retribuita delle posizioni lavorative dipendenti in euro (mediana).,9,Totale,2018,10.23,,,,,TIPO_DATO7__HOUWAG_ENTEMP_MED_MI_N1,Valore mediano della distribuzione della retribuzione oraria della singola posizione lavorativa dipendente delle imprese ottenuta come rapporto fra la retribuzione lorda imponibile a fini contributivi a carico del datore di lavoro e le ore retribuite stimate sempre a carico del datore di lavoro.,,,,,,,,,,
A,Annuale,ITF3,Campania,HOUWAG_ENTEMP_MED_MI,Retribuzione lorda  oraria per ora retribuita delle posizioni lavorative dipendenti in euro (mediana).,9,Totale,2019,10.32,,,,,TIPO_DATO7__HOUWAG_ENTEMP_MED_MI_N1,Valore mediano della distribuzione della retribuzione oraria della singola posizione lavorativa dipendente delle imprese ottenuta come rapporto fra la retribuzione lorda imponibile a fini contributivi a carico del datore di lavoro e le ore retribuite stimate sempre a carico del datore di lavoro.,,,,,,,,,,
A,Annuale,ITF3,Campania,HOUWAG_ENTEMP_MED_MI,Retribuzione lorda  oraria per ora retribuita delle posizioni lavorative dipendenti in euro (mediana).,9,Totale,2020,10.59,,,,,TIPO_DATO7__HOUWAG_ENTEMP_MED_MI_N1,Valore mediano della distribuzione della retribuzione oraria della singola posizione lavorativa dipendente delle imprese ottenuta come rapporto fra la retribuzione lorda imponibile a fini contributivi a carico del datore di lavoro e le ore retribuite stimate sempre a carico del datore di lavoro.,,,,,,,,,,
A,Annuale,ITF3,Campania,HOUWAG_ENTEMP_MED_MI,Retribuzione lorda  oraria per ora retribuita delle posizioni lavorative dipendenti in euro (mediana).,9,Totale,2021,10.66,,,,,TIPO_DATO7__HOUWAG_ENTEMP_MED_MI_N1,Valore mediano della distribuzione della retribuzione oraria della singola posizione lavorativa dipendente delle imprese ottenuta come rapporto fra la retribuzione lorda imponibile a fini contributivi a carico del datore di lavoro e le ore retribuite stimate sempre a carico del datore di lavoro.,,,,,,,,,,
A,Annuale,ITF3,Campania,HOUWAG_ENTEMP_MED_MI,Retribuzione lorda  oraria per ora retribuita delle posizioni lavorative dipendenti in euro (mediana).,9,Totale,2022,10.69,,,,,TIPO_DATO7__HOUWAG_ENTEMP_MED_MI_N1,Valore mediano della distribuzione della retribuzione oraria della singola posizione lavorativa dipendente delle imprese ottenuta come rapporto fra la retribuzione lorda imponibile a fini contributivi a carico del datore di lavoro e le ore retribuite stimate sempre a carico del datore di lavoro.,,,,,,,,,,
A,Annuale,ITF3,Campania,HOUWAG_ENTEMP_NIND_MI,Retribuzione lorda  oraria per ora retribuita delle posizioni lavorative dipendenti in euro (nono decile).,9,Totale,2014,16.95,,,,,TIPO_DATO7__HOUWAG_ENTEMP_NIND_MI_N1,Nono decile della distribuzione della retribuzione oraria della singola posizione lavorativa dipendente delle imprese ottenuta come rapporto fra la retribuzione lorda imponibile a fini contributivi a carico del datore di lavoro e le ore retribuite stimate sempre a carico del datore di lavoro.,,,,,,,,,,
A,Annuale,ITF3,Campania,HOUWAG_ENTEMP_NIND_MI,Retribuzione lorda  oraria per ora retribuita delle posizioni lavorative dipendenti in euro (nono decile).,9,Totale,2015,16.89,,,,,TIPO_DATO7__HOUWAG_ENTEMP_NIND_MI_N1,Nono decile della distribuzione della retribuzione oraria della singola posizione lavorativa dipendente delle imprese ottenuta come rapporto fra la retribuzione lorda imponibile a fini contributivi a carico del datore di lavoro e le ore retribuite stimate sempre a carico del datore di lavoro.,,,,,,,,,,
A,Annuale,ITF3,Campania,HOUWAG_ENTEMP_NIND_MI,Retribuzione lorda  oraria per ora retribuita delle posizioni lavorative dipendenti in euro (nono decile).,9,Totale,2016,16.78,,,,,TIPO_DATO7__HOUWAG_ENTEMP_NIND_MI_N1,Nono decile della distribuzione della retribuzione oraria della singola posizione lavorativa dipendente delle imprese ottenuta come rapporto fra la retribuzione lorda imponibile a fini contributivi a carico del datore di lavoro e le ore retribuite stimate sempre a carico del datore di lavoro.,,,,,,,,,,
A,Annuale,ITF3,Campania,HOUWAG_ENTEMP_NIND_MI,Retribuzione lorda  oraria per ora retribuita delle posizioni lavorative dipendenti in euro (nono decile).,9,Totale,2017,17.22,,,,,TIPO_DATO7__HOUWAG_ENTEMP_NIND_MI_N1,Nono decile della distribuzione della retribuzione oraria della singola posizione lavorativa dipendente delle imprese ottenuta come rapporto fra la retribuzione lorda imponibile a fini contributivi a carico del datore di lavoro e le ore retribuite stimate sempre a carico del datore di lavoro.,,,,,,,,,,
A,Annuale,ITF3,Campania,HOUWAG_ENTEMP_NIND_MI,Retribuzione lorda  oraria per ora retribuita delle posizioni lavorative dipendenti in euro (nono decile).,9,Totale,2018,17.15,,,,,TIPO_DATO7__HOUWAG_ENTEMP_NIND_MI_N1,Nono decile della distribuzione della retribuzione oraria della singola posizione lavorativa dipendente delle imprese ottenuta come rapporto fra la retribuzione lorda imponibile a fini contributivi a carico del datore di lavoro e le ore retribuite stimate sempre a carico del datore di lavoro.,,,,,,,,,,
A,Annuale,ITF3,Campania,HOUWAG_ENTEMP_NIND_MI,Retribuzione lorda  oraria per ora retribuita delle posizioni lavorative dipendenti in euro (nono decile).,9,Totale,2019,17.53,,,,,TIPO_DATO7__HOUWAG_ENTEMP_NIND_MI_N1,Nono decile della distribuzione della retribuzione oraria della singola posizione lavorativa dipendente delle imprese ottenuta come rapporto fra la retribuzione lorda imponibile a fini contributivi a carico del datore di lavoro e le ore retribuite stimate sempre a carico del datore di lavoro.,,,,,,,,,,
A,Annuale,ITF3,Campania,HOUWAG_ENTEMP_NIND_MI,Retribuzione lorda  oraria per ora retribuita delle posizioni lavorative dipendenti in euro (nono decile).,9,Totale,2020,17.54,,,,,TIPO_DATO7__HOUWAG_ENTEMP_NIND_MI_N1,Nono decile della distribuzione della retribuzione oraria della singola posizione lavorativa dipendente delle imprese ottenuta come rapporto fra la retribuzione lorda imponibile a fini contributivi a carico del datore di lavoro e le ore retribuite stimate sempre a carico del datore di lavoro.,,,,,,,,,,
A,Annuale,ITF3,Campania,HOUWAG_ENTEMP_NIND_MI,Retribuzione lorda  oraria per ora retribuita delle posizioni lavorative dipendenti in euro (nono decile).,9,Totale,2021,17.89,,,,,TIPO_DATO7__HOUWAG_ENTEMP_NIND_MI_N1,Nono decile della distribuzione della retribuzione oraria della singola posizione lavorativa dipendente delle imprese ottenuta come rapporto fra la retribuzione lorda imponibile a fini contributivi a carico del datore di lavoro e le ore retribuite stimate sempre a carico del datore di lavoro.,,,,,,,,,,
A,Annuale,ITF3,Campania,HOUWAG_ENTEMP_NIND_MI,Retribuzione lorda  oraria per ora retribuita delle posizioni lavorative dipendenti in euro (nono decile).,9,Totale,2022,17.77,,,,,TIPO_DATO7__HOUWAG_ENTEMP_NIND_MI_N1,Nono decile della distribuzione della retribuzione oraria della singola posizione lavorativa dipendente delle imprese ottenuta come rapporto fra la retribuzione lorda imponibile a fini contributivi a carico del datore di lavoro e le ore retribuite stimate sempre a carico del datore di lavoro.,,,,,,,,,,
A,Annuale,ITF4,Puglia,HOUWAG_ENTEMP_AV_MI,Retribuzione lorda oraria per ora retribuita delle posizioni lavorative dipendenti in euro (media),9,Totale,2014,11.44,,,,,TIPO_DATO7__HOUWAG_ENTEMP_AV_MI_N1,Media aritmetica semplice della retribuzione oraria calcolata a livello di singola posizione lavorativa. La retribuzione oraria della singola posizione lavorativa dipendente delle imprese è ottenuta come rapporto fra la retribuzione lorda imponibile a fini contributivi a carico del datore di lavoro e le ore retribuite stimate sempre a carico del datore di lavoro.,,,,,,,,,,
A,Annuale,ITF4,Puglia,HOUWAG_ENTEMP_AV_MI,Retribuzione lorda oraria per ora retribuita delle posizioni lavorative dipendenti in euro (media),9,Totale,2015,11.6,,,,,TIPO_DATO7__HOUWAG_ENTEMP_AV_MI_N1,Media aritmetica semplice della retribuzione oraria calcolata a livello di singola posizione lavorativa. La retribuzione oraria della singola posizione lavorativa dipendente delle imprese è ottenuta come rapporto fra la retribuzione lorda imponibile a fini contributivi a carico del datore di lavoro e le ore retribuite stimate sempre a carico del datore di lavoro.,,,,,,,,,,
A,Annuale,ITF4,Puglia,HOUWAG_ENTEMP_AV_MI,Retribuzione lorda oraria per ora retribuita delle posizioni lavorative dipendenti in euro (media),9,Totale,2016,11.67,,,,,TIPO_DATO7__HOUWAG_ENTEMP_AV_MI_N1,Media aritmetica semplice della retribuzione oraria calcolata a livello di singola posizione lavorativa. La retribuzione oraria della singola posizione lavorativa dipendente delle imprese è ottenuta come rapporto fra la retribuzione lorda imponibile a fini contributivi a carico del datore di lavoro e le ore retribuite stimate sempre a carico del datore di lavoro.,,,,,,,,,,
A,Annuale,ITF4,Puglia,HOUWAG_ENTEMP_AV_MI,Retribuzione lorda oraria per ora retribuita delle posizioni lavorative dipendenti in euro (media),9,Totale,2017,11.67,,,,,TIPO_DATO7__HOUWAG_ENTEMP_AV_MI_N1,Media aritmetica semplice della retribuzione oraria calcolata a livello di singola posizione lavorativa. La retribuzione oraria della singola posizione lavorativa dipendente delle imprese è ottenuta come rapporto fra la retribuzione lorda imponibile a fini contributivi a carico del datore di lavoro e le ore retribuite stimate sempre a carico del datore di lavoro.,,,,,,,,,,
A,Annuale,ITF4,Puglia,HOUWAG_ENTEMP_AV_MI,Retribuzione lorda oraria per ora retribuita delle posizioni lavorative dipendenti in euro (media),9,Totale,2018,11.65,,,,,TIPO_DATO7__HOUWAG_ENTEMP_AV_MI_N1,Media aritmetica semplice della retribuzione oraria calcolata a livello di singola posizione lavorativa. La retribuzione oraria della singola posizione lavorativa dipendente delle imprese è ottenuta come rapporto fra la retribuzione lorda imponibile a fini contributivi a carico del datore di lavoro e le ore retribuite stimate sempre a carico del datore di lavoro.,,,,,,,,,,
A,Annuale,ITF4,Puglia,HOUWAG_ENTEMP_AV_MI,Retribuzione lorda oraria per ora retribuita delle posizioni lavorative dipendenti in euro (media),9,Totale,2019,12.12,,,,,TIPO_DATO7__HOUWAG_ENTEMP_AV_MI_N1,Media aritmetica semplice della retribuzione oraria calcolata a livello di singola posizione lavorativa. La retribuzione oraria della singola posizione lavorativa dipendente delle imprese è ottenuta come rapporto fra la retribuzione lorda imponibile a fini contributivi a carico del datore di lavoro e le ore retribuite stimate sempre a carico del datore di lavoro.,,,,,,,,,,
A,Annuale,ITF4,Puglia,HOUWAG_ENTEMP_AV_MI,Retribuzione lorda oraria per ora retribuita delle posizioni lavorative dipendenti in euro (media),9,Totale,2020,12.07,,,,,TIPO_DATO7__HOUWAG_ENTEMP_AV_MI_N1,Media aritmetica semplice della retribuzione oraria calcolata a livello di singola posizione lavorativa. La retribuzione oraria della singola posizione lavorativa dipendente delle imprese è ottenuta come rapporto fra la retribuzione lorda imponibile a fini contributivi a carico del datore di lavoro e le ore retribuite stimate sempre a carico del datore di lavoro.,,,,,,,,,,
A,Annuale,ITF4,Puglia,HOUWAG_ENTEMP_AV_MI,Retribuzione lorda oraria per ora retribuita delle posizioni lavorative dipendenti in euro (media),9,Totale,2021,12.65,,,,,TIPO_DATO7__HOUWAG_ENTEMP_AV_MI_N1,Media aritmetica semplice della retribuzione oraria calcolata a livello di singola posizione lavorativa. La retribuzione oraria della singola posizione lavorativa dipendente delle imprese è ottenuta come rapporto fra la retribuzione lorda imponibile a fini contributivi a carico del datore di lavoro e le ore retribuite stimate sempre a carico del datore di lavoro.,,,,,,,,,,
A,Annuale,ITF4,Puglia,HOUWAG_ENTEMP_AV_MI,Retribuzione lorda oraria per ora retribuita delle posizioni lavorative dipendenti in euro (media),9,Totale,2022,12.44,,,,,TIPO_DATO7__HOUWAG_ENTEMP_AV_MI_N1,Media aritmetica semplice della retribuzione oraria calcolata a livello di singola posizione lavorativa. La retribuzione oraria della singola posizione lavorativa dipendente delle imprese è ottenuta come rapporto fra la retribuzione lorda imponibile a fini contributivi a carico del datore di lavoro e le ore retribuite stimate sempre a carico del datore di lavoro.,,,,,,,,,,
A,Annuale,ITF4,Puglia,HOUWAG_ENTEMP_FIRD_MI,Retribuzione lorda  oraria per ora retribuita delle posizioni lavorative dipendenti in euro (primo decile),9,Totale,2014,7.25,,,,,TIPO_DATO7__HOUWAG_ENTEMP_FIRD_MI_N1,Primo decile della distribuzione della retribuzione oraria della singola posizione lavorativa dipendente delle imprese ottenuta come rapporto fra la retribuzione lorda imponibile a fini contributivi a carico del datore di lavoro e le ore retribuite stimate sempre a carico del datore di lavoro.,,,,,,,,,,
A,Annuale,ITF4,Puglia,HOUWAG_ENTEMP_FIRD_MI,Retribuzione lorda  oraria per ora retribuita delle posizioni lavorative dipendenti in euro (primo decile),9,Totale,2015,7.48,,,,,TIPO_DATO7__HOUWAG_ENTEMP_FIRD_MI_N1,Primo decile della distribuzione della retribuzione oraria della singola posizione lavorativa dipendente delle imprese ottenuta come rapporto fra la retribuzione lorda imponibile a fini contributivi a carico del datore di lavoro e le ore retribuite stimate sempre a carico del datore di lavoro.,,,,,,,,,,
A,Annuale,ITF4,Puglia,HOUWAG_ENTEMP_FIRD_MI,Retribuzione lorda  oraria per ora retribuita delle posizioni lavorative dipendenti in euro (primo decile),9,Totale,2016,7.52,,,,,TIPO_DATO7__HOUWAG_ENTEMP_FIRD_MI_N1,Primo decile della distribuzione della retribuzione oraria della singola posizione lavorativa dipendente delle imprese ottenuta come rapporto fra la retribuzione lorda imponibile a fini contributivi a carico del datore di lavoro e le ore retribuite stimate sempre a carico del datore di lavoro.,,,,,,,,,,
A,Annuale,ITF4,Puglia,HOUWAG_ENTEMP_FIRD_MI,Retribuzione lorda  oraria per ora retribuita delle posizioni lavorative dipendenti in euro (primo decile),9,Totale,2017,7.51,,,,,TIPO_DATO7__HOUWAG_ENTEMP_FIRD_MI_N1,Primo decile della distribuzione della retribuzione oraria della singola posizione lavorativa dipendente delle imprese ottenuta come rapporto fra la retribuzione lorda imponibile a fini contributivi a carico del datore di lavoro e le ore retribuite stimate sempre a carico del datore di lavoro.,,,,,,,,,,
A,Annuale,ITF4,Puglia,HOUWAG_ENTEMP_FIRD_MI,Retribuzione lorda  oraria per ora retribuita delle posizioni lavorative dipendenti in euro (primo decile),9,Totale,2018,7.5,,,,,TIPO_DATO7__HOUWAG_ENTEMP_FIRD_MI_N1,Primo decile della distribuzione della retribuzione oraria della singola posizione lavorativa dipendente delle imprese ottenuta come rapporto fra la retribuzione lorda imponibile a fini contributivi a carico del datore di lavoro e le ore retribuite stimate sempre a carico del datore di lavoro.,,,,,,,,,,
A,Annuale,ITF4,Puglia,HOUWAG_ENTEMP_FIRD_MI,Retribuzione lorda  oraria per ora retribuita delle posizioni lavorative dipendenti in euro (primo decile),9,Totale,2019,7.59,,,,,TIPO_DATO7__HOUWAG_ENTEMP_FIRD_MI_N1,Primo decile della distribuzione della retribuzione oraria della singola posizione lavorativa dipendente delle imprese ottenuta come rapporto fra la retribuzione lorda imponibile a fini contributivi a carico del datore di lavoro e le ore retribuite stimate sempre a carico del datore di lavoro.,,,,,,,,,,
A,Annuale,ITF4,Puglia,HOUWAG_ENTEMP_FIRD_MI,Retribuzione lorda  oraria per ora retribuita delle posizioni lavorative dipendenti in euro (primo decile),9,Totale,2020,7.74,,,,,TIPO_DATO7__HOUWAG_ENTEMP_FIRD_MI_N1,Primo decile della distribuzione della retribuzione oraria della singola posizione lavorativa dipendente delle imprese ottenuta come rapporto fra la retribuzione lorda imponibile a fini contributivi a carico del datore di lavoro e le ore retribuite stimate sempre a carico del datore di lavoro.,,,,,,,,,,
A,Annuale,ITF4,Puglia,HOUWAG_ENTEMP_FIRD_MI,Retribuzione lorda  oraria per ora retribuita delle posizioni lavorative dipendenti in euro (primo decile),9,Totale,2021,7.84,,,,,TIPO_DATO7__HOUWAG_ENTEMP_FIRD_MI_N1,Primo decile della distribuzione della retribuzione oraria della singola posizione lavorativa dipendente delle imprese ottenuta come rapporto fra la retribuzione lorda imponibile a fini contributivi a carico del datore di lavoro e le ore retribuite stimate sempre a carico del datore di lavoro.,,,,,,,,,,
A,Annuale,ITF4,Puglia,HOUWAG_ENTEMP_FIRD_MI,Retribuzione lorda  oraria per ora retribuita delle posizioni lavorative dipendenti in euro (primo decile),9,Totale,2022,7.98,,,,,TIPO_DATO7__HOUWAG_ENTEMP_FIRD_MI_N1,Primo decile della distribuzione della retribuzione oraria della singola posizione lavorativa dipendente delle imprese ottenuta come rapporto fra la retribuzione lorda imponibile a fini contributivi a carico del datore di lavoro e le ore retribuite stimate sempre a carico del datore di lavoro.,,,,,,,,,,
A,Annuale,ITF4,Puglia,HOUWAG_ENTEMP_MED_MI,Retribuzione lorda  oraria per ora retribuita delle posizioni lavorative dipendenti in euro (mediana).,9,Totale,2014,9.87,,,,,TIPO_DATO7__HOUWAG_ENTEMP_MED_MI_N1,Valore mediano della distribuzione della retribuzione oraria della singola posizione lavorativa dipendente delle imprese ottenuta come rapporto fra la retribuzione lorda imponibile a fini contributivi a carico del datore di lavoro e le ore retribuite stimate sempre a carico del datore di lavoro.,,,,,,,,,,
A,Annuale,ITF4,Puglia,HOUWAG_ENTEMP_MED_MI,Retribuzione lorda  oraria per ora retribuita delle posizioni lavorative dipendenti in euro (mediana).,9,Totale,2015,10.04,,,,,TIPO_DATO7__HOUWAG_ENTEMP_MED_MI_N1,Valore mediano della distribuzione della retribuzione oraria della singola posizione lavorativa dipendente delle imprese ottenuta come rapporto fra la retribuzione lorda imponibile a fini contributivi a carico del datore di lavoro e le ore retribuite stimate sempre a carico del datore di lavoro.,,,,,,,,,,
A,Annuale,ITF4,Puglia,HOUWAG_ENTEMP_MED_MI,Retribuzione lorda  oraria per ora retribuita delle posizioni lavorative dipendenti in euro (mediana).,9,Totale,2016,10.1,,,,,TIPO_DATO7__HOUWAG_ENTEMP_MED_MI_N1,Valore mediano della distribuzione della retribuzione oraria della singola posizione lavorativa dipendente delle imprese ottenuta come rapporto fra la retribuzione lorda imponibile a fini contributivi a carico del datore di lavoro e le ore retribuite stimate sempre a carico del datore di lavoro.,,,,,,,,,,
A,Annuale,ITF4,Puglia,HOUWAG_ENTEMP_MED_MI,Retribuzione lorda  oraria per ora retribuita delle posizioni lavorative dipendenti in euro (mediana).,9,Totale,2017,10.15,,,,,TIPO_DATO7__HOUWAG_ENTEMP_MED_MI_N1,Valore mediano della distribuzione della retribuzione oraria della singola posizione lavorativa dipendente delle imprese ottenuta come rapporto fra la retribuzione lorda imponibile a fini contributivi a carico del datore di lavoro e le ore retribuite stimate sempre a carico del datore di lavoro.,,,,,,,,,,
A,Annuale,ITF4,Puglia,HOUWAG_ENTEMP_MED_MI,Retribuzione lorda  oraria per ora retribuita delle posizioni lavorative dipendenti in euro (mediana).,9,Totale,2018,10.18,,,,,TIPO_DATO7__HOUWAG_ENTEMP_MED_MI_N1,Valore mediano della distribuzione della retribuzione oraria della singola posizione lavorativa dipendente delle imprese ottenuta come rapporto fra la retribuzione lorda imponibile a fini contributivi a carico del datore di lavoro e le ore retribuite stimate sempre a carico del datore di lavoro.,,,,,,,,,,
A,Annuale,ITF4,Puglia,HOUWAG_ENTEMP_MED_MI,Retribuzione lorda  oraria per ora retribuita delle posizioni lavorative dipendenti in euro (mediana).,9,Totale,2019,10.33,,,,,TIPO_DATO7__HOUWAG_ENTEMP_MED_MI_N1,Valore mediano della distribuzione della retribuzione oraria della singola posizione lavorativa dipendente delle imprese ottenuta come rapporto fra la retribuzione lorda imponibile a fini contributivi a carico del datore di lavoro e le ore retribuite stimate sempre a carico del datore di lavoro.,,,,,,,,,,
A,Annuale,ITF4,Puglia,HOUWAG_ENTEMP_MED_MI,Retribuzione lorda  oraria per ora retribuita delle posizioni lavorative dipendenti in euro (mediana).,9,Totale,2020,10.54,,,,,TIPO_DATO7__HOUWAG_ENTEMP_MED_MI_N1,Valore mediano della distribuzione della retribuzione oraria della singola posizione lavorativa dipendente delle imprese ottenuta come rapporto fra la retribuzione lorda imponibile a fini contributivi a carico del datore di lavoro e le ore retribuite stimate sempre a carico del datore di lavoro.,,,,,,,,,,
A,Annuale,ITF4,Puglia,HOUWAG_ENTEMP_MED_MI,Retribuzione lorda  oraria per ora retribuita delle posizioni lavorative dipendenti in euro (mediana).,9,Totale,2021,10.63,,,,,TIPO_DATO7__HOUWAG_ENTEMP_MED_MI_N1,Valore mediano della distribuzione della retribuzione oraria della singola posizione lavorativa dipendente delle imprese ottenuta come rapporto fra la retribuzione lorda imponibile a fini contributivi a carico del datore di lavoro e le ore retribuite stimate sempre a carico del datore di lavoro.,,,,,,,,,,
A,Annuale,ITF4,Puglia,HOUWAG_ENTEMP_MED_MI,Retribuzione lorda  oraria per ora retribuita delle posizioni lavorative dipendenti in euro (mediana).,9,Totale,2022,10.71,,,,,TIPO_DATO7__HOUWAG_ENTEMP_MED_MI_N1,Valore mediano della distribuzione della retribuzione oraria della singola posizione lavorativa dipendente delle imprese ottenuta come rapporto fra la retribuzione lorda imponibile a fini contributivi a carico del datore di lavoro e le ore retribuite stimate sempre a carico del datore di lavoro.,,,,,,,,,,
A,Annuale,ITF4,Puglia,HOUWAG_ENTEMP_NIND_MI,Retribuzione lorda  oraria per ora retribuita delle posizioni lavorative dipendenti in euro (nono decile).,9,Totale,2014,15.79,,,,,TIPO_DATO7__HOUWAG_ENTEMP_NIND_MI_N1,Nono decile della distribuzione della retribuzione oraria della singola posizione lavorativa dipendente delle imprese ottenuta come rapporto fra la retribuzione lorda imponibile a fini contributivi a carico del datore di lavoro e le ore retribuite stimate sempre a carico del datore di lavoro.,,,,,,,,,,
A,Annuale,ITF4,Puglia,HOUWAG_ENTEMP_NIND_MI,Retribuzione lorda  oraria per ora retribuita delle posizioni lavorative dipendenti in euro (nono decile).,9,Totale,2015,15.95,,,,,TIPO_DATO7__HOUWAG_ENTEMP_NIND_MI_N1,Nono decile della distribuzione della retribuzione oraria della singola posizione lavorativa dipendente delle imprese ottenuta come rapporto fra la retribuzione lorda imponibile a fini contributivi a carico del datore di lavoro e le ore retribuite stimate sempre a carico del datore di lavoro.,,,,,,,,,,
A,Annuale,ITF4,Puglia,HOUWAG_ENTEMP_NIND_MI,Retribuzione lorda  oraria per ora retribuita delle posizioni lavorative dipendenti in euro (nono decile).,9,Totale,2016,15.92,,,,,TIPO_DATO7__HOUWAG_ENTEMP_NIND_MI_N1,Nono decile della distribuzione della retribuzione oraria della singola posizione lavorativa dipendente delle imprese ottenuta come rapporto fra la retribuzione lorda imponibile a fini contributivi a carico del datore di lavoro e le ore retribuite stimate sempre a carico del datore di lavoro.,,,,,,,,,,
A,Annuale,ITF4,Puglia,HOUWAG_ENTEMP_NIND_MI,Retribuzione lorda  oraria per ora retribuita delle posizioni lavorative dipendenti in euro (nono decile).,9,Totale,2017,15.92,,,,,TIPO_DATO7__HOUWAG_ENTEMP_NIND_MI_N1,Nono decile della distribuzione della retribuzione oraria della singola posizione lavorativa dipendente delle imprese ottenuta come rapporto fra la retribuzione lorda imponibile a fini contributivi a carico del datore di lavoro e le ore retribuite stimate sempre a carico del datore di lavoro.,,,,,,,,,,
A,Annuale,ITF4,Puglia,HOUWAG_ENTEMP_NIND_MI,Retribuzione lorda  oraria per ora retribuita delle posizioni lavorative dipendenti in euro (nono decile).,9,Totale,2018,15.82,,,,,TIPO_DATO7__HOUWAG_ENTEMP_NIND_MI_N1,Nono decile della distribuzione della retribuzione oraria della singola posizione lavorativa dipendente delle imprese ottenuta come rapporto fra la retribuzione lorda imponibile a fini contributivi a carico del datore di lavoro e le ore retribuite stimate sempre a carico del datore di lavoro.,,,,,,,,,,
A,Annuale,ITF4,Puglia,HOUWAG_ENTEMP_NIND_MI,Retribuzione lorda  oraria per ora retribuita delle posizioni lavorative dipendenti in euro (nono decile).,9,Totale,2019,16.27,,,,,TIPO_DATO7__HOUWAG_ENTEMP_NIND_MI_N1,Nono decile della distribuzione della retribuzione oraria della singola posizione lavorativa dipendente delle imprese ottenuta come rapporto fra la retribuzione lorda imponibile a fini contributivi a carico del datore di lavoro e le ore retribuite stimate sempre a carico del datore di lavoro.,,,,,,,,,,
A,Annuale,ITF4,Puglia,HOUWAG_ENTEMP_NIND_MI,Retribuzione lorda  oraria per ora retribuita delle posizioni lavorative dipendenti in euro (nono decile).,9,Totale,2020,16.31,,,,,TIPO_DATO7__HOUWAG_ENTEMP_NIND_MI_N1,Nono decile della distribuzione della retribuzione oraria della singola posizione lavorativa dipendente delle imprese ottenuta come rapporto fra la retribuzione lorda imponibile a fini contributivi a carico del datore di lavoro e le ore retribuite stimate sempre a carico del datore di lavoro.,,,,,,,,,,
A,Annuale,ITF4,Puglia,HOUWAG_ENTEMP_NIND_MI,Retribuzione lorda  oraria per ora retribuita delle posizioni lavorative dipendenti in euro (nono decile).,9,Totale,2021,16.7,,,,,TIPO_DATO7__HOUWAG_ENTEMP_NIND_MI_N1,Nono decile della distribuzione della retribuzione oraria della singola posizione lavorativa dipendente delle imprese ottenuta come rapporto fra la retribuzione lorda imponibile a fini contributivi a carico del datore di lavoro e le ore retribuite stimate sempre a carico del datore di lavoro.,,,,,,,,,,
A,Annuale,ITF4,Puglia,HOUWAG_ENTEMP_NIND_MI,Retribuzione lorda  oraria per ora retribuita delle posizioni lavorative dipendenti in euro (nono decile).,9,Totale,2022,16.69,,,,,TIPO_DATO7__HOUWAG_ENTEMP_NIND_MI_N1,Nono decile della distribuzione della retribuzione oraria della singola posizione lavorativa dipendente delle imprese ottenuta come rapporto fra la retribuzione lorda imponibile a fini contributivi a carico del datore di lavoro e le ore retribuite stimate sempre a carico del datore di lavoro.,,,,,,,,,,
A,Annuale,ITF5,Basilicata,HOUWAG_ENTEMP_AV_MI,Retribuzione lorda oraria per ora retribuita delle posizioni lavorative dipendenti in euro (media),9,Totale,2014,11.63,,,,,TIPO_DATO7__HOUWAG_ENTEMP_AV_MI_N1,Media aritmetica semplice della retribuzione oraria calcolata a livello di singola posizione lavorativa. La retribuzione oraria della singola posizione lavorativa dipendente delle imprese è ottenuta come rapporto fra la retribuzione lorda imponibile a fini contributivi a carico del datore di lavoro e le ore retribuite stimate sempre a carico del datore di lavoro.,,,,,,,,,,
A,Annuale,ITF5,Basilicata,HOUWAG_ENTEMP_AV_MI,Retribuzione lorda oraria per ora retribuita delle posizioni lavorative dipendenti in euro (media),9,Totale,2015,11.97,,,,,TIPO_DATO7__HOUWAG_ENTEMP_AV_MI_N1,Media aritmetica semplice della retribuzione oraria calcolata a livello di singola posizione lavorativa. La retribuzione oraria della singola posizione lavorativa dipendente delle imprese è ottenuta come rapporto fra la retribuzione lorda imponibile a fini contributivi a carico del datore di lavoro e le ore retribuite stimate sempre a carico del datore di lavoro.,,,,,,,,,,
A,Annuale,ITF5,Basilicata,HOUWAG_ENTEMP_AV_MI,Retribuzione lorda oraria per ora retribuita delle posizioni lavorative dipendenti in euro (media),9,Totale,2016,11.83,,,,,TIPO_DATO7__HOUWAG_ENTEMP_AV_MI_N1,Media aritmetica semplice della retribuzione oraria calcolata a livello di singola posizione lavorativa. La retribuzione oraria della singola posizione lavorativa dipendente delle imprese è ottenuta come rapporto fra la retribuzione lorda imponibile a fini contributivi a carico del datore di lavoro e le ore retribuite stimate sempre a carico del datore di lavoro.,,,,,,,,,,
A,Annuale,ITF5,Basilicata,HOUWAG_ENTEMP_AV_MI,Retribuzione lorda oraria per ora retribuita delle posizioni lavorative dipendenti in euro (media),9,Totale,2017,12.01,,,,,TIPO_DATO7__HOUWAG_ENTEMP_AV_MI_N1,Media aritmetica semplice della retribuzione oraria calcolata a livello di singola posizione lavorativa. La retribuzione oraria della singola posizione lavorativa dipendente delle imprese è ottenuta come rapporto fra la retribuzione lorda imponibile a fini contributivi a carico del datore di lavoro e le ore retribuite stimate sempre a carico del datore di lavoro.,,,,,,,,,,
A,Annuale,ITF5,Basilicata,HOUWAG_ENTEMP_AV_MI,Retribuzione lorda oraria per ora retribuita delle posizioni lavorative dipendenti in euro (media),9,Totale,2018,11.94,,,,,TIPO_DATO7__HOUWAG_ENTEMP_AV_MI_N1,Media aritmetica semplice della retribuzione oraria calcolata a livello di singola posizione lavorativa. La retribuzione oraria della singola posizione lavorativa dipendente delle imprese è ottenuta come rapporto fra la retribuzione lorda imponibile a fini contributivi a carico del datore di lavoro e le ore retribuite stimate sempre a carico del datore di lavoro.,,,,,,,,,,
A,Annuale,ITF5,Basilicata,HOUWAG_ENTEMP_AV_MI,Retribuzione lorda oraria per ora retribuita delle posizioni lavorative dipendenti in euro (media),9,Totale,2019,12.51,,,,,TIPO_DATO7__HOUWAG_ENTEMP_AV_MI_N1,Media aritmetica semplice della retribuzione oraria calcolata a livello di singola posizione lavorativa. La retribuzione oraria della singola posizione lavorativa dipendente delle imprese è ottenuta come rapporto fra la retribuzione lorda imponibile a fini contributivi a carico del datore di lavoro e le ore retribuite stimate sempre a carico del datore di lavoro.,,,,,,,,,,
A,Annuale,ITF5,Basilicata,HOUWAG_ENTEMP_AV_MI,Retribuzione lorda oraria per ora retribuita delle posizioni lavorative dipendenti in euro (media),9,Totale,2020,12.44,,,,,TIPO_DATO7__HOUWAG_ENTEMP_AV_MI_N1,Media aritmetica semplice della retribuzione oraria calcolata a livello di singola posizione lavorativa. La retribuzione oraria della singola posizione lavorativa dipendente delle imprese è ottenuta come rapporto fra la retribuzione lorda imponibile a fini contributivi a carico del datore di lavoro e le ore retribuite stimate sempre a carico del datore di lavoro.,,,,,,,,,,
A,Annuale,ITF5,Basilicata,HOUWAG_ENTEMP_AV_MI,Retribuzione lorda oraria per ora retribuita delle posizioni lavorative dipendenti in euro (media),9,Totale,2021,12.62,,,,,TIPO_DATO7__HOUWAG_ENTEMP_AV_MI_N1,Media aritmetica semplice della retribuzione oraria calcolata a livello di singola posizione lavorativa. La retribuzione oraria della singola posizione lavorativa dipendente delle imprese è ottenuta come rapporto fra la retribuzione lorda imponibile a fini contributivi a carico del datore di lavoro e le ore retribuite stimate sempre a carico del datore di lavoro.,,,,,,,,,,
A,Annuale,ITF5,Basilicata,HOUWAG_ENTEMP_AV_MI,Retribuzione lorda oraria per ora retribuita delle posizioni lavorative dipendenti in euro (media),9,Totale,2022,12.75,,,,,TIPO_DATO7__HOUWAG_ENTEMP_AV_MI_N1,Media aritmetica semplice della retribuzione oraria calcolata a livello di singola posizione lavorativa. La retribuzione oraria della singola posizione lavorativa dipendente delle imprese è ottenuta come rapporto fra la retribuzione lorda imponibile a fini contributivi a carico del datore di lavoro e le ore retribuite stimate sempre a carico del datore di lavoro.,,,,,,,,,,
A,Annuale,ITF5,Basilicata,HOUWAG_ENTEMP_FIRD_MI,Retribuzione lorda  oraria per ora retribuita delle posizioni lavorative dipendenti in euro (primo decile),9,Totale,2014,7.47,,,,,TIPO_DATO7__HOUWAG_ENTEMP_FIRD_MI_N1,Primo decile della distribuzione della retribuzione oraria della singola posizione lavorativa dipendente delle imprese ottenuta come rapporto fra la retribuzione lorda imponibile a fini contributivi a carico del datore di lavoro e le ore retribuite stimate sempre a carico del datore di lavoro.,,,,,,,,,,
A,Annuale,ITF5,Basilicata,HOUWAG_ENTEMP_FIRD_MI,Retribuzione lorda  oraria per ora retribuita delle posizioni lavorative dipendenti in euro (primo decile),9,Totale,2015,7.62,,,,,TIPO_DATO7__HOUWAG_ENTEMP_FIRD_MI_N1,Primo decile della distribuzione della retribuzione oraria della singola posizione lavorativa dipendente delle imprese ottenuta come rapporto fra la retribuzione lorda imponibile a fini contributivi a carico del datore di lavoro e le ore retribuite stimate sempre a carico del datore di lavoro.,,,,,,,,,,
A,Annuale,ITF5,Basilicata,HOUWAG_ENTEMP_FIRD_MI,Retribuzione lorda  oraria per ora retribuita delle posizioni lavorative dipendenti in euro (primo decile),9,Totale,2016,7.68,,,,,TIPO_DATO7__HOUWAG_ENTEMP_FIRD_MI_N1,Primo decile della distribuzione della retribuzione oraria della singola posizione lavorativa dipendente delle imprese ottenuta come rapporto fra la retribuzione lorda imponibile a fini contributivi a carico del datore di lavoro e le ore retribuite stimate sempre a carico del datore di lavoro.,,,,,,,,,,
A,Annuale,ITF5,Basilicata,HOUWAG_ENTEMP_FIRD_MI,Retribuzione lorda  oraria per ora retribuita delle posizioni lavorative dipendenti in euro (primo decile),9,Totale,2017,7.57,,,,,TIPO_DATO7__HOUWAG_ENTEMP_FIRD_MI_N1,Primo decile della distribuzione della retribuzione oraria della singola posizione lavorativa dipendente delle imprese ottenuta come rapporto fra la retribuzione lorda imponibile a fini contributivi a carico del datore di lavoro e le ore retribuite stimate sempre a carico del datore di lavoro.,,,,,,,,,,
A,Annuale,ITF5,Basilicata,HOUWAG_ENTEMP_FIRD_MI,Retribuzione lorda  oraria per ora retribuita delle posizioni lavorative dipendenti in euro (primo decile),9,Totale,2018,7.6,,,,,TIPO_DATO7__HOUWAG_ENTEMP_FIRD_MI_N1,Primo decile della distribuzione della retribuzione oraria della singola posizione lavorativa dipendente delle imprese ottenuta come rapporto fra la retribuzione lorda imponibile a fini contributivi a carico del datore di lavoro e le ore retribuite stimate sempre a carico del datore di lavoro.,,,,,,,,,,
A,Annuale,ITF5,Basilicata,HOUWAG_ENTEMP_FIRD_MI,Retribuzione lorda  oraria per ora retribuita delle posizioni lavorative dipendenti in euro (primo decile),9,Totale,2019,7.62,,,,,TIPO_DATO7__HOUWAG_ENTEMP_FIRD_MI_N1,Primo decile della distribuzione della retribuzione oraria della singola posizione lavorativa dipendente delle imprese ottenuta come rapporto fra la retribuzione lorda imponibile a fini contributivi a carico del datore di lavoro e le ore retribuite stimate sempre a carico del datore di lavoro.,,,,,,,,,,
A,Annuale,ITF5,Basilicata,HOUWAG_ENTEMP_FIRD_MI,Retribuzione lorda  oraria per ora retribuita delle posizioni lavorative dipendenti in euro (primo decile),9,Totale,2020,7.84,,,,,TIPO_DATO7__HOUWAG_ENTEMP_FIRD_MI_N1,Primo decile della distribuzione della retribuzione oraria della singola posizione lavorativa dipendente delle imprese ottenuta come rapporto fra la retribuzione lorda imponibile a fini contributivi a carico del datore di lavoro e le ore retribuite stimate sempre a carico del datore di lavoro.,,,,,,,,,,
A,Annuale,ITF5,Basilicata,HOUWAG_ENTEMP_FIRD_MI,Retribuzione lorda  oraria per ora retribuita delle posizioni lavorative dipendenti in euro (primo decile),9,Totale,2021,7.86,,,,,TIPO_DATO7__HOUWAG_ENTEMP_FIRD_MI_N1,Primo decile della distribuzione della retribuzione oraria della singola posizione lavorativa dipendente delle imprese ottenuta come rapporto fra la retribuzione lorda imponibile a fini contributivi a carico del datore di lavoro e le ore retribuite stimate sempre a carico del datore di lavoro.,,,,,,,,,,
A,Annuale,ITF5,Basilicata,HOUWAG_ENTEMP_FIRD_MI,Retribuzione lorda  oraria per ora retribuita delle posizioni lavorative dipendenti in euro (primo decile),9,Totale,2022,8.02,,,,,TIPO_DATO7__HOUWAG_ENTEMP_FIRD_MI_N1,Primo decile della distribuzione della retribuzione oraria della singola posizione lavorativa dipendente delle imprese ottenuta come rapporto fra la retribuzione lorda imponibile a fini contributivi a carico del datore di lavoro e le ore retribuite stimate sempre a carico del datore di lavoro.,,,,,,,,,,
A,Annuale,ITF5,Basilicata,HOUWAG_ENTEMP_MED_MI,Retribuzione lorda  oraria per ora retribuita delle posizioni lavorative dipendenti in euro (mediana).,9,Totale,2014,10.25,,,,,TIPO_DATO7__HOUWAG_ENTEMP_MED_MI_N1,Valore mediano della distribuzione della retribuzione oraria della singola posizione lavorativa dipendente delle imprese ottenuta come rapporto fra la retribuzione lorda imponibile a fini contributivi a carico del datore di lavoro e le ore retribuite stimate sempre a carico del datore di lavoro.,,,,,,,,,,
A,Annuale,ITF5,Basilicata,HOUWAG_ENTEMP_MED_MI,Retribuzione lorda  oraria per ora retribuita delle posizioni lavorative dipendenti in euro (mediana).,9,Totale,2015,10.63,,,,,TIPO_DATO7__HOUWAG_ENTEMP_MED_MI_N1,Valore mediano della distribuzione della retribuzione oraria della singola posizione lavorativa dipendente delle imprese ottenuta come rapporto fra la retribuzione lorda imponibile a fini contributivi a carico del datore di lavoro e le ore retribuite stimate sempre a carico del datore di lavoro.,,,,,,,,,,
A,Annuale,ITF5,Basilicata,HOUWAG_ENTEMP_MED_MI,Retribuzione lorda  oraria per ora retribuita delle posizioni lavorative dipendenti in euro (mediana).,9,Totale,2016,10.59,,,,,TIPO_DATO7__HOUWAG_ENTEMP_MED_MI_N1,Valore mediano della distribuzione della retribuzione oraria della singola posizione lavorativa dipendente delle imprese ottenuta come rapporto fra la retribuzione lorda imponibile a fini contributivi a carico del datore di lavoro e le ore retribuite stimate sempre a carico del datore di lavoro.,,,,,,,,,,
A,Annuale,ITF5,Basilicata,HOUWAG_ENTEMP_MED_MI,Retribuzione lorda  oraria per ora retribuita delle posizioni lavorative dipendenti in euro (mediana).,9,Totale,2017,10.55,,,,,TIPO_DATO7__HOUWAG_ENTEMP_MED_MI_N1,Valore mediano della distribuzione della retribuzione oraria della singola posizione lavorativa dipendente delle imprese ottenuta come rapporto fra la retribuzione lorda imponibile a fini contributivi a carico del datore di lavoro e le ore retribuite stimate sempre a carico del datore di lavoro.,,,,,,,,,,
A,Annuale,ITF5,Basilicata,HOUWAG_ENTEMP_MED_MI,Retribuzione lorda  oraria per ora retribuita delle posizioni lavorative dipendenti in euro (mediana).,9,Totale,2018,10.57,,,,,TIPO_DATO7__HOUWAG_ENTEMP_MED_MI_N1,Valore mediano della distribuzione della retribuzione oraria della singola posizione lavorativa dipendente delle imprese ottenuta come rapporto fra la retribuzione lorda imponibile a fini contributivi a carico del datore di lavoro e le ore retribuite stimate sempre a carico del datore di lavoro.,,,,,,,,,,
A,Annuale,ITF5,Basilicata,HOUWAG_ENTEMP_MED_MI,Retribuzione lorda  oraria per ora retribuita delle posizioni lavorative dipendenti in euro (mediana).,9,Totale,2019,10.74,,,,,TIPO_DATO7__HOUWAG_ENTEMP_MED_MI_N1,Valore mediano della distribuzione della retribuzione oraria della singola posizione lavorativa dipendente delle imprese ottenuta come rapporto fra la retribuzione lorda imponibile a fini contributivi a carico del datore di lavoro e le ore retribuite stimate sempre a carico del datore di lavoro.,,,,,,,,,,
A,Annuale,ITF5,Basilicata,HOUWAG_ENTEMP_MED_MI,Retribuzione lorda  oraria per ora retribuita delle posizioni lavorative dipendenti in euro (mediana).,9,Totale,2020,11.03,,,,,TIPO_DATO7__HOUWAG_ENTEMP_MED_MI_N1,Valore mediano della distribuzione della retribuzione oraria della singola posizione lavorativa dipendente delle imprese ottenuta come rapporto fra la retribuzione lorda imponibile a fini contributivi a carico del datore di lavoro e le ore retribuite stimate sempre a carico del datore di lavoro.,,,,,,,,,,
A,Annuale,ITF5,Basilicata,HOUWAG_ENTEMP_MED_MI,Retribuzione lorda  oraria per ora retribuita delle posizioni lavorative dipendenti in euro (mediana).,9,Totale,2021,11.03,,,,,TIPO_DATO7__HOUWAG_ENTEMP_MED_MI_N1,Valore mediano della distribuzione della retribuzione oraria della singola posizione lavorativa dipendente delle imprese ottenuta come rapporto fra la retribuzione lorda imponibile a fini contributivi a carico del datore di lavoro e le ore retribuite stimate sempre a carico del datore di lavoro.,,,,,,,,,,
A,Annuale,ITF5,Basilicata,HOUWAG_ENTEMP_MED_MI,Retribuzione lorda  oraria per ora retribuita delle posizioni lavorative dipendenti in euro (mediana).,9,Totale,2022,11.12,,,,,TIPO_DATO7__HOUWAG_ENTEMP_MED_MI_N1,Valore mediano della distribuzione della retribuzione oraria della singola posizione lavorativa dipendente delle imprese ottenuta come rapporto fra la retribuzione lorda imponibile a fini contributivi a carico del datore di lavoro e le ore retribuite stimate sempre a carico del datore di lavoro.,,,,,,,,,,
A,Annuale,ITF5,Basilicata,HOUWAG_ENTEMP_NIND_MI,Retribuzione lorda  oraria per ora retribuita delle posizioni lavorative dipendenti in euro (nono decile).,9,Totale,2014,15.87,,,,,TIPO_DATO7__HOUWAG_ENTEMP_NIND_MI_N1,Nono decile della distribuzione della retribuzione oraria della singola posizione lavorativa dipendente delle imprese ottenuta come rapporto fra la retribuzione lorda imponibile a fini contributivi a carico del datore di lavoro e le ore retribuite stimate sempre a carico del datore di lavoro.,,,,,,,,,,
A,Annuale,ITF5,Basilicata,HOUWAG_ENTEMP_NIND_MI,Retribuzione lorda  oraria per ora retribuita delle posizioni lavorative dipendenti in euro (nono decile).,9,Totale,2015,16.04,,,,,TIPO_DATO7__HOUWAG_ENTEMP_NIND_MI_N1,Nono decile della distribuzione della retribuzione oraria della singola posizione lavorativa dipendente delle imprese ottenuta come rapporto fra la retribuzione lorda imponibile a fini contributivi a carico del datore di lavoro e le ore retribuite stimate sempre a carico del datore di lavoro.,,,,,,,,,,
A,Annuale,ITF5,Basilicata,HOUWAG_ENTEMP_NIND_MI,Retribuzione lorda  oraria per ora retribuita delle posizioni lavorative dipendenti in euro (nono decile).,9,Totale,2016,15.8,,,,,TIPO_DATO7__HOUWAG_ENTEMP_NIND_MI_N1,Nono decile della distribuzione della retribuzione oraria della singola posizione lavorativa dipendente delle imprese ottenuta come rapporto fra la retribuzione lorda imponibile a fini contributivi a carico del datore di lavoro e le ore retribuite stimate sempre a carico del datore di lavoro.,,,,,,,,,,
A,Annuale,ITF5,Basilicata,HOUWAG_ENTEMP_NIND_MI,Retribuzione lorda  oraria per ora retribuita delle posizioni lavorative dipendenti in euro (nono decile).,9,Totale,2017,16.06,,,,,TIPO_DATO7__HOUWAG_ENTEMP_NIND_MI_N1,Nono decile della distribuzione della retribuzione oraria della singola posizione lavorativa dipendente delle imprese ottenuta come rapporto fra la retribuzione lorda imponibile a fini contributivi a carico del datore di lavoro e le ore retribuite stimate sempre a carico del datore di lavoro.,,,,,,,,,,
A,Annuale,ITF5,Basilicata,HOUWAG_ENTEMP_NIND_MI,Retribuzione lorda  oraria per ora retribuita delle posizioni lavorative dipendenti in euro (nono decile).,9,Totale,2018,15.98,,,,,TIPO_DATO7__HOUWAG_ENTEMP_NIND_MI_N1,Nono decile della distribuzione della retribuzione oraria della singola posizione lavorativa dipendente delle imprese ottenuta come rapporto fra la retribuzione lorda imponibile a fini contributivi a carico del datore di lavoro e le ore retribuite stimate sempre a carico del datore di lavoro.,,,,,,,,,,
A,Annuale,ITF5,Basilicata,HOUWAG_ENTEMP_NIND_MI,Retribuzione lorda  oraria per ora retribuita delle posizioni lavorative dipendenti in euro (nono decile).,9,Totale,2019,17.41,,,,,TIPO_DATO7__HOUWAG_ENTEMP_NIND_MI_N1,Nono decile della distribuzione della retribuzione oraria della singola posizione lavorativa dipendente delle imprese ottenuta come rapporto fra la retribuzione lorda imponibile a fini contributivi a carico del datore di lavoro e le ore retribuite stimate sempre a carico del datore di lavoro.,,,,,,,,,,
A,Annuale,ITF5,Basilicata,HOUWAG_ENTEMP_NIND_MI,Retribuzione lorda  oraria per ora retribuita delle posizioni lavorative dipendenti in euro (nono decile).,9,Totale,2020,16.75,,,,,TIPO_DATO7__HOUWAG_ENTEMP_NIND_MI_N1,Nono decile della distribuzione della retribuzione oraria della singola posizione lavorativa dipendente delle imprese ottenuta come rapporto fra la retribuzione lorda imponibile a fini contributivi a carico del datore di lavoro e le ore retribuite stimate sempre a carico del datore di lavoro.,,,,,,,,,,
A,Annuale,ITF5,Basilicata,HOUWAG_ENTEMP_NIND_MI,Retribuzione lorda  oraria per ora retribuita delle posizioni lavorative dipendenti in euro (nono decile).,9,Totale,2021,16.91,,,,,TIPO_DATO7__HOUWAG_ENTEMP_NIND_MI_N1,Nono decile della distribuzione della retribuzione oraria della singola posizione lavorativa dipendente delle imprese ottenuta come rapporto fra la retribuzione lorda imponibile a fini contributivi a carico del datore di lavoro e le ore retribuite stimate sempre a carico del datore di lavoro.,,,,,,,,,,
A,Annuale,ITF5,Basilicata,HOUWAG_ENTEMP_NIND_MI,Retribuzione lorda  oraria per ora retribuita delle posizioni lavorative dipendenti in euro (nono decile).,9,Totale,2022,17.31,,,,,TIPO_DATO7__HOUWAG_ENTEMP_NIND_MI_N1,Nono decile della distribuzione della retribuzione oraria della singola posizione lavorativa dipendente delle imprese ottenuta come rapporto fra la retribuzione lorda imponibile a fini contributivi a carico del datore di lavoro e le ore retribuite stimate sempre a carico del datore di lavoro.,,,,,,,,,,
A,Annuale,ITF6,Calabria,HOUWAG_ENTEMP_AV_MI,Retribuzione lorda oraria per ora retribuita delle posizioni lavorative dipendenti in euro (media),9,Totale,2014,11.36,,,,,TIPO_DATO7__HOUWAG_ENTEMP_AV_MI_N1,Media aritmetica semplice della retribuzione oraria calcolata a livello di singola posizione lavorativa. La retribuzione oraria della singola posizione lavorativa dipendente delle imprese è ottenuta come rapporto fra la retribuzione lorda imponibile a fini contributivi a carico del datore di lavoro e le ore retribuite stimate sempre a carico del datore di lavoro.,,,,,,,,,,
A,Annuale,ITF6,Calabria,HOUWAG_ENTEMP_AV_MI,Retribuzione lorda oraria per ora retribuita delle posizioni lavorative dipendenti in euro (media),9,Totale,2015,11.28,,,,,TIPO_DATO7__HOUWAG_ENTEMP_AV_MI_N1,Media aritmetica semplice della retribuzione oraria calcolata a livello di singola posizione lavorativa. La retribuzione oraria della singola posizione lavorativa dipendente delle imprese è ottenuta come rapporto fra la retribuzione lorda imponibile a fini contributivi a carico del datore di lavoro e le ore retribuite stimate sempre a carico del datore di lavoro.,,,,,,,,,,
A,Annuale,ITF6,Calabria,HOUWAG_ENTEMP_AV_MI,Retribuzione lorda oraria per ora retribuita delle posizioni lavorative dipendenti in euro (media),9,Totale,2016,11.33,,,,,TIPO_DATO7__HOUWAG_ENTEMP_AV_MI_N1,Media aritmetica semplice della retribuzione oraria calcolata a livello di singola posizione lavorativa. La retribuzione oraria della singola posizione lavorativa dipendente delle imprese è ottenuta come rapporto fra la retribuzione lorda imponibile a fini contributivi a carico del datore di lavoro e le ore retribuite stimate sempre a carico del datore di lavoro.,,,,,,,,,,
A,Annuale,ITF6,Calabria,HOUWAG_ENTEMP_AV_MI,Retribuzione lorda oraria per ora retribuita delle posizioni lavorative dipendenti in euro (media),9,Totale,2017,11.46,,,,,TIPO_DATO7__HOUWAG_ENTEMP_AV_MI_N1,Media aritmetica semplice della retribuzione oraria calcolata a livello di singola posizione lavorativa. La retribuzione oraria della singola posizione lavorativa dipendente delle imprese è ottenuta come rapporto fra la retribuzione lorda imponibile a fini contributivi a carico del datore di lavoro e le ore retribuite stimate sempre a carico del datore di lavoro.,,,,,,,,,,
A,Annuale,ITF6,Calabria,HOUWAG_ENTEMP_AV_MI,Retribuzione lorda oraria per ora retribuita delle posizioni lavorative dipendenti in euro (media),9,Totale,2018,11.31,,,,,TIPO_DATO7__HOUWAG_ENTEMP_AV_MI_N1,Media aritmetica semplice della retribuzione oraria calcolata a livello di singola posizione lavorativa. La retribuzione oraria della singola posizione lavorativa dipendente delle imprese è ottenuta come rapporto fra la retribuzione lorda imponibile a fini contributivi a carico del datore di lavoro e le ore retribuite stimate sempre a carico del datore di lavoro.,,,,,,,,,,
A,Annuale,ITF6,Calabria,HOUWAG_ENTEMP_AV_MI,Retribuzione lorda oraria per ora retribuita delle posizioni lavorative dipendenti in euro (media),9,Totale,2019,11.66,,,,,TIPO_DATO7__HOUWAG_ENTEMP_AV_MI_N1,Media aritmetica semplice della retribuzione oraria calcolata a livello di singola posizione lavorativa. La retribuzione oraria della singola posizione lavorativa dipendente delle imprese è ottenuta come rapporto fra la retribuzione lorda imponibile a fini contributivi a carico del datore di lavoro e le ore retribuite stimate sempre a carico del datore di lavoro.,,,,,,,,,,
A,Annuale,ITF6,Calabria,HOUWAG_ENTEMP_AV_MI,Retribuzione lorda oraria per ora retribuita delle posizioni lavorative dipendenti in euro (media),9,Totale,2020,11.69,,,,,TIPO_DATO7__HOUWAG_ENTEMP_AV_MI_N1,Media aritmetica semplice della retribuzione oraria calcolata a livello di singola posizione lavorativa. La retribuzione oraria della singola posizione lavorativa dipendente delle imprese è ottenuta come rapporto fra la retribuzione lorda imponibile a fini contributivi a carico del datore di lavoro e le ore retribuite stimate sempre a carico del datore di lavoro.,,,,,,,,,,
A,Annuale,ITF6,Calabria,HOUWAG_ENTEMP_AV_MI,Retribuzione lorda oraria per ora retribuita delle posizioni lavorative dipendenti in euro (media),9,Totale,2021,12.17,,,,,TIPO_DATO7__HOUWAG_ENTEMP_AV_MI_N1,Media aritmetica semplice della retribuzione oraria calcolata a livello di singola posizione lavorativa. La retribuzione oraria della singola posizione lavorativa dipendente delle imprese è ottenuta come rapporto fra la retribuzione lorda imponibile a fini contributivi a carico del datore di lavoro e le ore retribuite stimate sempre a carico del datore di lavoro.,,,,,,,,,,
A,Annuale,ITF6,Calabria,HOUWAG_ENTEMP_AV_MI,Retribuzione lorda oraria per ora retribuita delle posizioni lavorative dipendenti in euro (media),9,Totale,2022,11.95,,,,,TIPO_DATO7__HOUWAG_ENTEMP_AV_MI_N1,Media aritmetica semplice della retribuzione oraria calcolata a livello di singola posizione lavorativa. La retribuzione oraria della singola posizione lavorativa dipendente delle imprese è ottenuta come rapporto fra la retribuzione lorda imponibile a fini contributivi a carico del datore di lavoro e le ore retribuite stimate sempre a carico del datore di lavoro.,,,,,,,,,,
A,Annuale,ITF6,Calabria,HOUWAG_ENTEMP_FIRD_MI,Retribuzione lorda  oraria per ora retribuita delle posizioni lavorative dipendenti in euro (primo decile),9,Totale,2014,7.04,,,,,TIPO_DATO7__HOUWAG_ENTEMP_FIRD_MI_N1,Primo decile della distribuzione della retribuzione oraria della singola posizione lavorativa dipendente delle imprese ottenuta come rapporto fra la retribuzione lorda imponibile a fini contributivi a carico del datore di lavoro e le ore retribuite stimate sempre a carico del datore di lavoro.,,,,,,,,,,
A,Annuale,ITF6,Calabria,HOUWAG_ENTEMP_FIRD_MI,Retribuzione lorda  oraria per ora retribuita delle posizioni lavorative dipendenti in euro (primo decile),9,Totale,2015,7.19,,,,,TIPO_DATO7__HOUWAG_ENTEMP_FIRD_MI_N1,Primo decile della distribuzione della retribuzione oraria della singola posizione lavorativa dipendente delle imprese ottenuta come rapporto fra la retribuzione lorda imponibile a fini contributivi a carico del datore di lavoro e le ore retribuite stimate sempre a carico del datore di lavoro.,,,,,,,,,,
A,Annuale,ITF6,Calabria,HOUWAG_ENTEMP_FIRD_MI,Retribuzione lorda  oraria per ora retribuita delle posizioni lavorative dipendenti in euro (primo decile),9,Totale,2016,7.21,,,,,TIPO_DATO7__HOUWAG_ENTEMP_FIRD_MI_N1,Primo decile della distribuzione della retribuzione oraria della singola posizione lavorativa dipendente delle imprese ottenuta come rapporto fra la retribuzione lorda imponibile a fini contributivi a carico del datore di lavoro e le ore retribuite stimate sempre a carico del datore di lavoro.,,,,,,,,,,
A,Annuale,ITF6,Calabria,HOUWAG_ENTEMP_FIRD_MI,Retribuzione lorda  oraria per ora retribuita delle posizioni lavorative dipendenti in euro (primo decile),9,Totale,2017,7.28,,,,,TIPO_DATO7__HOUWAG_ENTEMP_FIRD_MI_N1,Primo decile della distribuzione della retribuzione oraria della singola posizione lavorativa dipendente delle imprese ottenuta come rapporto fra la retribuzione lorda imponibile a fini contributivi a carico del datore di lavoro e le ore retribuite stimate sempre a carico del datore di lavoro.,,,,,,,,,,
A,Annuale,ITF6,Calabria,HOUWAG_ENTEMP_FIRD_MI,Retribuzione lorda  oraria per ora retribuita delle posizioni lavorative dipendenti in euro (primo decile),9,Totale,2018,7.29,,,,,TIPO_DATO7__HOUWAG_ENTEMP_FIRD_MI_N1,Primo decile della distribuzione della retribuzione oraria della singola posizione lavorativa dipendente delle imprese ottenuta come rapporto fra la retribuzione lorda imponibile a fini contributivi a carico del datore di lavoro e le ore retribuite stimate sempre a carico del datore di lavoro.,,,,,,,,,,
A,Annuale,ITF6,Calabria,HOUWAG_ENTEMP_FIRD_MI,Retribuzione lorda  oraria per ora retribuita delle posizioni lavorative dipendenti in euro (primo decile),9,Totale,2019,7.35,,,,,TIPO_DATO7__HOUWAG_ENTEMP_FIRD_MI_N1,Primo decile della distribuzione della retribuzione oraria della singola posizione lavorativa dipendente delle imprese ottenuta come rapporto fra la retribuzione lorda imponibile a fini contributivi a carico del datore di lavoro e le ore retribuite stimate sempre a carico del datore di lavoro.,,,,,,,,,,
A,Annuale,ITF6,Calabria,HOUWAG_ENTEMP_FIRD_MI,Retribuzione lorda  oraria per ora retribuita delle posizioni lavorative dipendenti in euro (primo decile),9,Totale,2020,7.36,,,,,TIPO_DATO7__HOUWAG_ENTEMP_FIRD_MI_N1,Primo decile della distribuzione della retribuzione oraria della singola posizione lavorativa dipendente delle imprese ottenuta come rapporto fra la retribuzione lorda imponibile a fini contributivi a carico del datore di lavoro e le ore retribuite stimate sempre a carico del datore di lavoro.,,,,,,,,,,
A,Annuale,ITF6,Calabria,HOUWAG_ENTEMP_FIRD_MI,Retribuzione lorda  oraria per ora retribuita delle posizioni lavorative dipendenti in euro (primo decile),9,Totale,2021,7.48,,,,,TIPO_DATO7__HOUWAG_ENTEMP_FIRD_MI_N1,Primo decile della distribuzione della retribuzione oraria della singola posizione lavorativa dipendente delle imprese ottenuta come rapporto fra la retribuzione lorda imponibile a fini contributivi a carico del datore di lavoro e le ore retribuite stimate sempre a carico del datore di lavoro.,,,,,,,,,,
A,Annuale,ITF6,Calabria,HOUWAG_ENTEMP_FIRD_MI,Retribuzione lorda  oraria per ora retribuita delle posizioni lavorative dipendenti in euro (primo decile),9,Totale,2022,7.65,,,,,TIPO_DATO7__HOUWAG_ENTEMP_FIRD_MI_N1,Primo decile della distribuzione della retribuzione oraria della singola posizione lavorativa dipendente delle imprese ottenuta come rapporto fra la retribuzione lorda imponibile a fini contributivi a carico del datore di lavoro e le ore retribuite stimate sempre a carico del datore di lavoro.,,,,,,,,,,
A,Annuale,ITF6,Calabria,HOUWAG_ENTEMP_MED_MI,Retribuzione lorda  oraria per ora retribuita delle posizioni lavorative dipendenti in euro (mediana).,9,Totale,2014,9.88,,,,,TIPO_DATO7__HOUWAG_ENTEMP_MED_MI_N1,Valore mediano della distribuzione della retribuzione oraria della singola posizione lavorativa dipendente delle imprese ottenuta come rapporto fra la retribuzione lorda imponibile a fini contributivi a carico del datore di lavoro e le ore retribuite stimate sempre a carico del datore di lavoro.,,,,,,,,,,
A,Annuale,ITF6,Calabria,HOUWAG_ENTEMP_MED_MI,Retribuzione lorda  oraria per ora retribuita delle posizioni lavorative dipendenti in euro (mediana).,9,Totale,2015,9.94,,,,,TIPO_DATO7__HOUWAG_ENTEMP_MED_MI_N1,Valore mediano della distribuzione della retribuzione oraria della singola posizione lavorativa dipendente delle imprese ottenuta come rapporto fra la retribuzione lorda imponibile a fini contributivi a carico del datore di lavoro e le ore retribuite stimate sempre a carico del datore di lavoro.,,,,,,,,,,
A,Annuale,ITF6,Calabria,HOUWAG_ENTEMP_MED_MI,Retribuzione lorda  oraria per ora retribuita delle posizioni lavorative dipendenti in euro (mediana).,9,Totale,2016,10.01,,,,,TIPO_DATO7__HOUWAG_ENTEMP_MED_MI_N1,Valore mediano della distribuzione della retribuzione oraria della singola posizione lavorativa dipendente delle imprese ottenuta come rapporto fra la retribuzione lorda imponibile a fini contributivi a carico del datore di lavoro e le ore retribuite stimate sempre a carico del datore di lavoro.,,,,,,,,,,
A,Annuale,ITF6,Calabria,HOUWAG_ENTEMP_MED_MI,Retribuzione lorda  oraria per ora retribuita delle posizioni lavorative dipendenti in euro (mediana).,9,Totale,2017,10.1,,,,,TIPO_DATO7__HOUWAG_ENTEMP_MED_MI_N1,Valore mediano della distribuzione della retribuzione oraria della singola posizione lavorativa dipendente delle imprese ottenuta come rapporto fra la retribuzione lorda imponibile a fini contributivi a carico del datore di lavoro e le ore retribuite stimate sempre a carico del datore di lavoro.,,,,,,,,,,
A,Annuale,ITF6,Calabria,HOUWAG_ENTEMP_MED_MI,Retribuzione lorda  oraria per ora retribuita delle posizioni lavorative dipendenti in euro (mediana).,9,Totale,2018,10.11,,,,,TIPO_DATO7__HOUWAG_ENTEMP_MED_MI_N1,Valore mediano della distribuzione della retribuzione oraria della singola posizione lavorativa dipendente delle imprese ottenuta come rapporto fra la retribuzione lorda imponibile a fini contributivi a carico del datore di lavoro e le ore retribuite stimate sempre a carico del datore di lavoro.,,,,,,,,,,
A,Annuale,ITF6,Calabria,HOUWAG_ENTEMP_MED_MI,Retribuzione lorda  oraria per ora retribuita delle posizioni lavorative dipendenti in euro (mediana).,9,Totale,2019,10.23,,,,,TIPO_DATO7__HOUWAG_ENTEMP_MED_MI_N1,Valore mediano della distribuzione della retribuzione oraria della singola posizione lavorativa dipendente delle imprese ottenuta come rapporto fra la retribuzione lorda imponibile a fini contributivi a carico del datore di lavoro e le ore retribuite stimate sempre a carico del datore di lavoro.,,,,,,,,,,
A,Annuale,ITF6,Calabria,HOUWAG_ENTEMP_MED_MI,Retribuzione lorda  oraria per ora retribuita delle posizioni lavorative dipendenti in euro (mediana).,9,Totale,2020,10.42,,,,,TIPO_DATO7__HOUWAG_ENTEMP_MED_MI_N1,Valore mediano della distribuzione della retribuzione oraria della singola posizione lavorativa dipendente delle imprese ottenuta come rapporto fra la retribuzione lorda imponibile a fini contributivi a carico del datore di lavoro e le ore retribuite stimate sempre a carico del datore di lavoro.,,,,,,,,,,
A,Annuale,ITF6,Calabria,HOUWAG_ENTEMP_MED_MI,Retribuzione lorda  oraria per ora retribuita delle posizioni lavorative dipendenti in euro (mediana).,9,Totale,2021,10.48,,,,,TIPO_DATO7__HOUWAG_ENTEMP_MED_MI_N1,Valore mediano della distribuzione della retribuzione oraria della singola posizione lavorativa dipendente delle imprese ottenuta come rapporto fra la retribuzione lorda imponibile a fini contributivi a carico del datore di lavoro e le ore retribuite stimate sempre a carico del datore di lavoro.,,,,,,,,,,
A,Annuale,ITF6,Calabria,HOUWAG_ENTEMP_MED_MI,Retribuzione lorda  oraria per ora retribuita delle posizioni lavorative dipendenti in euro (mediana).,9,Totale,2022,10.55,,,,,TIPO_DATO7__HOUWAG_ENTEMP_MED_MI_N1,Valore mediano della distribuzione della retribuzione oraria della singola posizione lavorativa dipendente delle imprese ottenuta come rapporto fra la retribuzione lorda imponibile a fini contributivi a carico del datore di lavoro e le ore retribuite stimate sempre a carico del datore di lavoro.,,,,,,,,,,
A,Annuale,ITF6,Calabria,HOUWAG_ENTEMP_NIND_MI,Retribuzione lorda  oraria per ora retribuita delle posizioni lavorative dipendenti in euro (nono decile).,9,Totale,2014,15.41,,,,,TIPO_DATO7__HOUWAG_ENTEMP_NIND_MI_N1,Nono decile della distribuzione della retribuzione oraria della singola posizione lavorativa dipendente delle imprese ottenuta come rapporto fra la retribuzione lorda imponibile a fini contributivi a carico del datore di lavoro e le ore retribuite stimate sempre a carico del datore di lavoro.,,,,,,,,,,
A,Annuale,ITF6,Calabria,HOUWAG_ENTEMP_NIND_MI,Retribuzione lorda  oraria per ora retribuita delle posizioni lavorative dipendenti in euro (nono decile).,9,Totale,2015,15.28,,,,,TIPO_DATO7__HOUWAG_ENTEMP_NIND_MI_N1,Nono decile della distribuzione della retribuzione oraria della singola posizione lavorativa dipendente delle imprese ottenuta come rapporto fra la retribuzione lorda imponibile a fini contributivi a carico del datore di lavoro e le ore retribuite stimate sempre a carico del datore di lavoro.,,,,,,,,,,
A,Annuale,ITF6,Calabria,HOUWAG_ENTEMP_NIND_MI,Retribuzione lorda  oraria per ora retribuita delle posizioni lavorative dipendenti in euro (nono decile).,9,Totale,2016,15.08,,,,,TIPO_DATO7__HOUWAG_ENTEMP_NIND_MI_N1,Nono decile della distribuzione della retribuzione oraria della singola posizione lavorativa dipendente delle imprese ottenuta come rapporto fra la retribuzione lorda imponibile a fini contributivi a carico del datore di lavoro e le ore retribuite stimate sempre a carico del datore di lavoro.,,,,,,,,,,
A,Annuale,ITF6,Calabria,HOUWAG_ENTEMP_NIND_MI,Retribuzione lorda  oraria per ora retribuita delle posizioni lavorative dipendenti in euro (nono decile).,9,Totale,2017,15.3,,,,,TIPO_DATO7__HOUWAG_ENTEMP_NIND_MI_N1,Nono decile della distribuzione della retribuzione oraria della singola posizione lavorativa dipendente delle imprese ottenuta come rapporto fra la retribuzione lorda imponibile a fini contributivi a carico del datore di lavoro e le ore retribuite stimate sempre a carico del datore di lavoro.,,,,,,,,,,
A,Annuale,ITF6,Calabria,HOUWAG_ENTEMP_NIND_MI,Retribuzione lorda  oraria per ora retribuita delle posizioni lavorative dipendenti in euro (nono decile).,9,Totale,2018,15.13,,,,,TIPO_DATO7__HOUWAG_ENTEMP_NIND_MI_N1,Nono decile della distribuzione della retribuzione oraria della singola posizione lavorativa dipendente delle imprese ottenuta come rapporto fra la retribuzione lorda imponibile a fini contributivi a carico del datore di lavoro e le ore retribuite stimate sempre a carico del datore di lavoro.,,,,,,,,,,
A,Annuale,ITF6,Calabria,HOUWAG_ENTEMP_NIND_MI,Retribuzione lorda  oraria per ora retribuita delle posizioni lavorative dipendenti in euro (nono decile).,9,Totale,2019,15.47,,,,,TIPO_DATO7__HOUWAG_ENTEMP_NIND_MI_N1,Nono decile della distribuzione della retribuzione oraria della singola posizione lavorativa dipendente delle imprese ottenuta come rapporto fra la retribuzione lorda imponibile a fini contributivi a carico del datore di lavoro e le ore retribuite stimate sempre a carico del datore di lavoro.,,,,,,,,,,
A,Annuale,ITF6,Calabria,HOUWAG_ENTEMP_NIND_MI,Retribuzione lorda  oraria per ora retribuita delle posizioni lavorative dipendenti in euro (nono decile).,9,Totale,2020,15.8,,,,,TIPO_DATO7__HOUWAG_ENTEMP_NIND_MI_N1,Nono decile della distribuzione della retribuzione oraria della singola posizione lavorativa dipendente delle imprese ottenuta come rapporto fra la retribuzione lorda imponibile a fini contributivi a carico del datore di lavoro e le ore retribuite stimate sempre a carico del datore di lavoro.,,,,,,,,,,
A,Annuale,ITF6,Calabria,HOUWAG_ENTEMP_NIND_MI,Retribuzione lorda  oraria per ora retribuita delle posizioni lavorative dipendenti in euro (nono decile).,9,Totale,2021,16.18,,,,,TIPO_DATO7__HOUWAG_ENTEMP_NIND_MI_N1,Nono decile della distribuzione della retribuzione oraria della singola posizione lavorativa dipendente delle imprese ottenuta come rapporto fra la retribuzione lorda imponibile a fini contributivi a carico del datore di lavoro e le ore retribuite stimate sempre a carico del datore di lavoro.,,,,,,,,,,
A,Annuale,ITF6,Calabria,HOUWAG_ENTEMP_NIND_MI,Retribuzione lorda  oraria per ora retribuita delle posizioni lavorative dipendenti in euro (nono decile).,9,Totale,2022,15.83,,,,,TIPO_DATO7__HOUWAG_ENTEMP_NIND_MI_N1,Nono decile della distribuzione della retribuzione oraria della singola posizione lavorativa dipendente delle imprese ottenuta come rapporto fra la retribuzione lorda imponibile a fini contributivi a carico del datore di lavoro e le ore retribuite stimate sempre a carico del datore di lavoro.,,,,,,,,,,
A,Annuale,ITG1,Sicilia,HOUWAG_ENTEMP_AV_MI,Retribuzione lorda oraria per ora retribuita delle posizioni lavorative dipendenti in euro (media),9,Totale,2014,12.01,,,,,TIPO_DATO7__HOUWAG_ENTEMP_AV_MI_N1,Media aritmetica semplice della retribuzione oraria calcolata a livello di singola posizione lavorativa. La retribuzione oraria della singola posizione lavorativa dipendente delle imprese è ottenuta come rapporto fra la retribuzione lorda imponibile a fini contributivi a carico del datore di lavoro e le ore retribuite stimate sempre a carico del datore di lavoro.,,,,,,,,,,
A,Annuale,ITG1,Sicilia,HOUWAG_ENTEMP_AV_MI,Retribuzione lorda oraria per ora retribuita delle posizioni lavorative dipendenti in euro (media),9,Totale,2015,12.14,,,,,TIPO_DATO7__HOUWAG_ENTEMP_AV_MI_N1,Media aritmetica semplice della retribuzione oraria calcolata a livello di singola posizione lavorativa. La retribuzione oraria della singola posizione lavorativa dipendente delle imprese è ottenuta come rapporto fra la retribuzione lorda imponibile a fini contributivi a carico del datore di lavoro e le ore retribuite stimate sempre a carico del datore di lavoro.,,,,,,,,,,
A,Annuale,ITG1,Sicilia,HOUWAG_ENTEMP_AV_MI,Retribuzione lorda oraria per ora retribuita delle posizioni lavorative dipendenti in euro (media),9,Totale,2016,12.18,,,,,TIPO_DATO7__HOUWAG_ENTEMP_AV_MI_N1,Media aritmetica semplice della retribuzione oraria calcolata a livello di singola posizione lavorativa. La retribuzione oraria della singola posizione lavorativa dipendente delle imprese è ottenuta come rapporto fra la retribuzione lorda imponibile a fini contributivi a carico del datore di lavoro e le ore retribuite stimate sempre a carico del datore di lavoro.,,,,,,,,,,
A,Annuale,ITG1,Sicilia,HOUWAG_ENTEMP_AV_MI,Retribuzione lorda oraria per ora retribuita delle posizioni lavorative dipendenti in euro (media),9,Totale,2017,12.42,,,,,TIPO_DATO7__HOUWAG_ENTEMP_AV_MI_N1,Media aritmetica semplice della retribuzione oraria calcolata a livello di singola posizione lavorativa. La retribuzione oraria della singola posizione lavorativa dipendente delle imprese è ottenuta come rapporto fra la retribuzione lorda imponibile a fini contributivi a carico del datore di lavoro e le ore retribuite stimate sempre a carico del datore di lavoro.,,,,,,,,,,
A,Annuale,ITG1,Sicilia,HOUWAG_ENTEMP_AV_MI,Retribuzione lorda oraria per ora retribuita delle posizioni lavorative dipendenti in euro (media),9,Totale,2018,12.19,,,,,TIPO_DATO7__HOUWAG_ENTEMP_AV_MI_N1,Media aritmetica semplice della retribuzione oraria calcolata a livello di singola posizione lavorativa. La retribuzione oraria della singola posizione lavorativa dipendente delle imprese è ottenuta come rapporto fra la retribuzione lorda imponibile a fini contributivi a carico del datore di lavoro e le ore retribuite stimate sempre a carico del datore di lavoro.,,,,,,,,,,
A,Annuale,ITG1,Sicilia,HOUWAG_ENTEMP_AV_MI,Retribuzione lorda oraria per ora retribuita delle posizioni lavorative dipendenti in euro (media),9,Totale,2019,12.45,,,,,TIPO_DATO7__HOUWAG_ENTEMP_AV_MI_N1,Media aritmetica semplice della retribuzione oraria calcolata a livello di singola posizione lavorativa. La retribuzione oraria della singola posizione lavorativa dipendente delle imprese è ottenuta come rapporto fra la retribuzione lorda imponibile a fini contributivi a carico del datore di lavoro e le ore retribuite stimate sempre a carico del datore di lavoro.,,,,,,,,,,
A,Annuale,ITG1,Sicilia,HOUWAG_ENTEMP_AV_MI,Retribuzione lorda oraria per ora retribuita delle posizioni lavorative dipendenti in euro (media),9,Totale,2020,12.54,,,,,TIPO_DATO7__HOUWAG_ENTEMP_AV_MI_N1,Media aritmetica semplice della retribuzione oraria calcolata a livello di singola posizione lavorativa. La retribuzione oraria della singola posizione lavorativa dipendente delle imprese è ottenuta come rapporto fra la retribuzione lorda imponibile a fini contributivi a carico del datore di lavoro e le ore retribuite stimate sempre a carico del datore di lavoro.,,,,,,,,,,
A,Annuale,ITG1,Sicilia,HOUWAG_ENTEMP_AV_MI,Retribuzione lorda oraria per ora retribuita delle posizioni lavorative dipendenti in euro (media),9,Totale,2021,12.77,,,,,TIPO_DATO7__HOUWAG_ENTEMP_AV_MI_N1,Media aritmetica semplice della retribuzione oraria calcolata a livello di singola posizione lavorativa. La retribuzione oraria della singola posizione lavorativa dipendente delle imprese è ottenuta come rapporto fra la retribuzione lorda imponibile a fini contributivi a carico del datore di lavoro e le ore retribuite stimate sempre a carico del datore di lavoro.,,,,,,,,,,
A,Annuale,ITG1,Sicilia,HOUWAG_ENTEMP_AV_MI,Retribuzione lorda oraria per ora retribuita delle posizioni lavorative dipendenti in euro (media),9,Totale,2022,12.78,,,,,TIPO_DATO7__HOUWAG_ENTEMP_AV_MI_N1,Media aritmetica semplice della retribuzione oraria calcolata a livello di singola posizione lavorativa. La retribuzione oraria della singola posizione lavorativa dipendente delle imprese è ottenuta come rapporto fra la retribuzione lorda imponibile a fini contributivi a carico del datore di lavoro e le ore retribuite stimate sempre a carico del datore di lavoro.,,,,,,,,,,
A,Annuale,ITG1,Sicilia,HOUWAG_ENTEMP_FIRD_MI,Retribuzione lorda  oraria per ora retribuita delle posizioni lavorative dipendenti in euro (primo decile),9,Totale,2014,7.62,,,,,TIPO_DATO7__HOUWAG_ENTEMP_FIRD_MI_N1,Primo decile della distribuzione della retribuzione oraria della singola posizione lavorativa dipendente delle imprese ottenuta come rapporto fra la retribuzione lorda imponibile a fini contributivi a carico del datore di lavoro e le ore retribuite stimate sempre a carico del datore di lavoro.,,,,,,,,,,
A,Annuale,ITG1,Sicilia,HOUWAG_ENTEMP_FIRD_MI,Retribuzione lorda  oraria per ora retribuita delle posizioni lavorative dipendenti in euro (primo decile),9,Totale,2015,7.76,,,,,TIPO_DATO7__HOUWAG_ENTEMP_FIRD_MI_N1,Primo decile della distribuzione della retribuzione oraria della singola posizione lavorativa dipendente delle imprese ottenuta come rapporto fra la retribuzione lorda imponibile a fini contributivi a carico del datore di lavoro e le ore retribuite stimate sempre a carico del datore di lavoro.,,,,,,,,,,
A,Annuale,ITG1,Sicilia,HOUWAG_ENTEMP_FIRD_MI,Retribuzione lorda  oraria per ora retribuita delle posizioni lavorative dipendenti in euro (primo decile),9,Totale,2016,7.76,,,,,TIPO_DATO7__HOUWAG_ENTEMP_FIRD_MI_N1,Primo decile della distribuzione della retribuzione oraria della singola posizione lavorativa dipendente delle imprese ottenuta come rapporto fra la retribuzione lorda imponibile a fini contributivi a carico del datore di lavoro e le ore retribuite stimate sempre a carico del datore di lavoro.,,,,,,,,,,
A,Annuale,ITG1,Sicilia,HOUWAG_ENTEMP_FIRD_MI,Retribuzione lorda  oraria per ora retribuita delle posizioni lavorative dipendenti in euro (primo decile),9,Totale,2017,7.79,,,,,TIPO_DATO7__HOUWAG_ENTEMP_FIRD_MI_N1,Primo decile della distribuzione della retribuzione oraria della singola posizione lavorativa dipendente delle imprese ottenuta come rapporto fra la retribuzione lorda imponibile a fini contributivi a carico del datore di lavoro e le ore retribuite stimate sempre a carico del datore di lavoro.,,,,,,,,,,
A,Annuale,ITG1,Sicilia,HOUWAG_ENTEMP_FIRD_MI,Retribuzione lorda  oraria per ora retribuita delle posizioni lavorative dipendenti in euro (primo decile),9,Totale,2018,7.71,,,,,TIPO_DATO7__HOUWAG_ENTEMP_FIRD_MI_N1,Primo decile della distribuzione della retribuzione oraria della singola posizione lavorativa dipendente delle imprese ottenuta come rapporto fra la retribuzione lorda imponibile a fini contributivi a carico del datore di lavoro e le ore retribuite stimate sempre a carico del datore di lavoro.,,,,,,,,,,
A,Annuale,ITG1,Sicilia,HOUWAG_ENTEMP_FIRD_MI,Retribuzione lorda  oraria per ora retribuita delle posizioni lavorative dipendenti in euro (primo decile),9,Totale,2019,7.73,,,,,TIPO_DATO7__HOUWAG_ENTEMP_FIRD_MI_N1,Primo decile della distribuzione della retribuzione oraria della singola posizione lavorativa dipendente delle imprese ottenuta come rapporto fra la retribuzione lorda imponibile a fini contributivi a carico del datore di lavoro e le ore retribuite stimate sempre a carico del datore di lavoro.,,,,,,,,,,
A,Annuale,ITG1,Sicilia,HOUWAG_ENTEMP_FIRD_MI,Retribuzione lorda  oraria per ora retribuita delle posizioni lavorative dipendenti in euro (primo decile),9,Totale,2020,7.88,,,,,TIPO_DATO7__HOUWAG_ENTEMP_FIRD_MI_N1,Primo decile della distribuzione della retribuzione oraria della singola posizione lavorativa dipendente delle imprese ottenuta come rapporto fra la retribuzione lorda imponibile a fini contributivi a carico del datore di lavoro e le ore retribuite stimate sempre a carico del datore di lavoro.,,,,,,,,,,
A,Annuale,ITG1,Sicilia,HOUWAG_ENTEMP_FIRD_MI,Retribuzione lorda  oraria per ora retribuita delle posizioni lavorative dipendenti in euro (primo decile),9,Totale,2021,7.95,,,,,TIPO_DATO7__HOUWAG_ENTEMP_FIRD_MI_N1,Primo decile della distribuzione della retribuzione oraria della singola posizione lavorativa dipendente delle imprese ottenuta come rapporto fra la retribuzione lorda imponibile a fini contributivi a carico del datore di lavoro e le ore retribuite stimate sempre a carico del datore di lavoro.,,,,,,,,,,
A,Annuale,ITG1,Sicilia,HOUWAG_ENTEMP_FIRD_MI,Retribuzione lorda  oraria per ora retribuita delle posizioni lavorative dipendenti in euro (primo decile),9,Totale,2022,8.08,,,,,TIPO_DATO7__HOUWAG_ENTEMP_FIRD_MI_N1,Primo decile della distribuzione della retribuzione oraria della singola posizione lavorativa dipendente delle imprese ottenuta come rapporto fra la retribuzione lorda imponibile a fini contributivi a carico del datore di lavoro e le ore retribuite stimate sempre a carico del datore di lavoro.,,,,,,,,,,
A,Annuale,ITG1,Sicilia,HOUWAG_ENTEMP_MED_MI,Retribuzione lorda  oraria per ora retribuita delle posizioni lavorative dipendenti in euro (mediana).,9,Totale,2014,10.29,,,,,TIPO_DATO7__HOUWAG_ENTEMP_MED_MI_N1,Valore mediano della distribuzione della retribuzione oraria della singola posizione lavorativa dipendente delle imprese ottenuta come rapporto fra la retribuzione lorda imponibile a fini contributivi a carico del datore di lavoro e le ore retribuite stimate sempre a carico del datore di lavoro.,,,,,,,,,,
A,Annuale,ITG1,Sicilia,HOUWAG_ENTEMP_MED_MI,Retribuzione lorda  oraria per ora retribuita delle posizioni lavorative dipendenti in euro (mediana).,9,Totale,2015,10.42,,,,,TIPO_DATO7__HOUWAG_ENTEMP_MED_MI_N1,Valore mediano della distribuzione della retribuzione oraria della singola posizione lavorativa dipendente delle imprese ottenuta come rapporto fra la retribuzione lorda imponibile a fini contributivi a carico del datore di lavoro e le ore retribuite stimate sempre a carico del datore di lavoro.,,,,,,,,,,
A,Annuale,ITG1,Sicilia,HOUWAG_ENTEMP_MED_MI,Retribuzione lorda  oraria per ora retribuita delle posizioni lavorative dipendenti in euro (mediana).,9,Totale,2016,10.45,,,,,TIPO_DATO7__HOUWAG_ENTEMP_MED_MI_N1,Valore mediano della distribuzione della retribuzione oraria della singola posizione lavorativa dipendente delle imprese ottenuta come rapporto fra la retribuzione lorda imponibile a fini contributivi a carico del datore di lavoro e le ore retribuite stimate sempre a carico del datore di lavoro.,,,,,,,,,,
A,Annuale,ITG1,Sicilia,HOUWAG_ENTEMP_MED_MI,Retribuzione lorda  oraria per ora retribuita delle posizioni lavorative dipendenti in euro (mediana).,9,Totale,2017,10.56,,,,,TIPO_DATO7__HOUWAG_ENTEMP_MED_MI_N1,Valore mediano della distribuzione della retribuzione oraria della singola posizione lavorativa dipendente delle imprese ottenuta come rapporto fra la retribuzione lorda imponibile a fini contributivi a carico del datore di lavoro e le ore retribuite stimate sempre a carico del datore di lavoro.,,,,,,,,,,
A,Annuale,ITG1,Sicilia,HOUWAG_ENTEMP_MED_MI,Retribuzione lorda  oraria per ora retribuita delle posizioni lavorative dipendenti in euro (mediana).,9,Totale,2018,10.56,,,,,TIPO_DATO7__HOUWAG_ENTEMP_MED_MI_N1,Valore mediano della distribuzione della retribuzione oraria della singola posizione lavorativa dipendente delle imprese ottenuta come rapporto fra la retribuzione lorda imponibile a fini contributivi a carico del datore di lavoro e le ore retribuite stimate sempre a carico del datore di lavoro.,,,,,,,,,,
A,Annuale,ITG1,Sicilia,HOUWAG_ENTEMP_MED_MI,Retribuzione lorda  oraria per ora retribuita delle posizioni lavorative dipendenti in euro (mediana).,9,Totale,2019,10.66,,,,,TIPO_DATO7__HOUWAG_ENTEMP_MED_MI_N1,Valore mediano della distribuzione della retribuzione oraria della singola posizione lavorativa dipendente delle imprese ottenuta come rapporto fra la retribuzione lorda imponibile a fini contributivi a carico del datore di lavoro e le ore retribuite stimate sempre a carico del datore di lavoro.,,,,,,,,,,
A,Annuale,ITG1,Sicilia,HOUWAG_ENTEMP_MED_MI,Retribuzione lorda  oraria per ora retribuita delle posizioni lavorative dipendenti in euro (mediana).,9,Totale,2020,10.86,,,,,TIPO_DATO7__HOUWAG_ENTEMP_MED_MI_N1,Valore mediano della distribuzione della retribuzione oraria della singola posizione lavorativa dipendente delle imprese ottenuta come rapporto fra la retribuzione lorda imponibile a fini contributivi a carico del datore di lavoro e le ore retribuite stimate sempre a carico del datore di lavoro.,,,,,,,,,,
A,Annuale,ITG1,Sicilia,HOUWAG_ENTEMP_MED_MI,Retribuzione lorda  oraria per ora retribuita delle posizioni lavorative dipendenti in euro (mediana).,9,Totale,2021,10.88,,,,,TIPO_DATO7__HOUWAG_ENTEMP_MED_MI_N1,Valore mediano della distribuzione della retribuzione oraria della singola posizione lavorativa dipendente delle imprese ottenuta come rapporto fra la retribuzione lorda imponibile a fini contributivi a carico del datore di lavoro e le ore retribuite stimate sempre a carico del datore di lavoro.,,,,,,,,,,
A,Annuale,ITG1,Sicilia,HOUWAG_ENTEMP_MED_MI,Retribuzione lorda  oraria per ora retribuita delle posizioni lavorative dipendenti in euro (mediana).,9,Totale,2022,10.99,,,,,TIPO_DATO7__HOUWAG_ENTEMP_MED_MI_N1,Valore mediano della distribuzione della retribuzione oraria della singola posizione lavorativa dipendente delle imprese ottenuta come rapporto fra la retribuzione lorda imponibile a fini contributivi a carico del datore di lavoro e le ore retribuite stimate sempre a carico del datore di lavoro.,,,,,,,,,,
A,Annuale,ITG1,Sicilia,HOUWAG_ENTEMP_NIND_MI,Retribuzione lorda  oraria per ora retribuita delle posizioni lavorative dipendenti in euro (nono decile).,9,Totale,2014,16.92,,,,,TIPO_DATO7__HOUWAG_ENTEMP_NIND_MI_N1,Nono decile della distribuzione della retribuzione oraria della singola posizione lavorativa dipendente delle imprese ottenuta come rapporto fra la retribuzione lorda imponibile a fini contributivi a carico del datore di lavoro e le ore retribuite stimate sempre a carico del datore di lavoro.,,,,,,,,,,
A,Annuale,ITG1,Sicilia,HOUWAG_ENTEMP_NIND_MI,Retribuzione lorda  oraria per ora retribuita delle posizioni lavorative dipendenti in euro (nono decile).,9,Totale,2015,16.86,,,,,TIPO_DATO7__HOUWAG_ENTEMP_NIND_MI_N1,Nono decile della distribuzione della retribuzione oraria della singola posizione lavorativa dipendente delle imprese ottenuta come rapporto fra la retribuzione lorda imponibile a fini contributivi a carico del datore di lavoro e le ore retribuite stimate sempre a carico del datore di lavoro.,,,,,,,,,,
A,Annuale,ITG1,Sicilia,HOUWAG_ENTEMP_NIND_MI,Retribuzione lorda  oraria per ora retribuita delle posizioni lavorative dipendenti in euro (nono decile).,9,Totale,2016,16.86,,,,,TIPO_DATO7__HOUWAG_ENTEMP_NIND_MI_N1,Nono decile della distribuzione della retribuzione oraria della singola posizione lavorativa dipendente delle imprese ottenuta come rapporto fra la retribuzione lorda imponibile a fini contributivi a carico del datore di lavoro e le ore retribuite stimate sempre a carico del datore di lavoro.,,,,,,,,,,
A,Annuale,ITG1,Sicilia,HOUWAG_ENTEMP_NIND_MI,Retribuzione lorda  oraria per ora retribuita delle posizioni lavorative dipendenti in euro (nono decile).,9,Totale,2017,17.39,,,,,TIPO_DATO7__HOUWAG_ENTEMP_NIND_MI_N1,Nono decile della distribuzione della retribuzione oraria della singola posizione lavorativa dipendente delle imprese ottenuta come rapporto fra la retribuzione lorda imponibile a fini contributivi a carico del datore di lavoro e le ore retribuite stimate sempre a carico del datore di lavoro.,,,,,,,,,,
A,Annuale,ITG1,Sicilia,HOUWAG_ENTEMP_NIND_MI,Retribuzione lorda  oraria per ora retribuita delle posizioni lavorative dipendenti in euro (nono decile).,9,Totale,2018,16.83,,,,,TIPO_DATO7__HOUWAG_ENTEMP_NIND_MI_N1,Nono decile della distribuzione della retribuzione oraria della singola posizione lavorativa dipendente delle imprese ottenuta come rapporto fra la retribuzione lorda imponibile a fini contributivi a carico del datore di lavoro e le ore retribuite stimate sempre a carico del datore di lavoro.,,,,,,,,,,
A,Annuale,ITG1,Sicilia,HOUWAG_ENTEMP_NIND_MI,Retribuzione lorda  oraria per ora retribuita delle posizioni lavorative dipendenti in euro (nono decile).,9,Totale,2019,17.32,,,,,TIPO_DATO7__HOUWAG_ENTEMP_NIND_MI_N1,Nono decile della distribuzione della retribuzione oraria della singola posizione lavorativa dipendente delle imprese ottenuta come rapporto fra la retribuzione lorda imponibile a fini contributivi a carico del datore di lavoro e le ore retribuite stimate sempre a carico del datore di lavoro.,,,,,,,,,,
A,Annuale,ITG1,Sicilia,HOUWAG_ENTEMP_NIND_MI,Retribuzione lorda  oraria per ora retribuita delle posizioni lavorative dipendenti in euro (nono decile).,9,Totale,2020,17.36,,,,,TIPO_DATO7__HOUWAG_ENTEMP_NIND_MI_N1,Nono decile della distribuzione della retribuzione oraria della singola posizione lavorativa dipendente delle imprese ottenuta come rapporto fra la retribuzione lorda imponibile a fini contributivi a carico del datore di lavoro e le ore retribuite stimate sempre a carico del datore di lavoro.,,,,,,,,,,
A,Annuale,ITG1,Sicilia,HOUWAG_ENTEMP_NIND_MI,Retribuzione lorda  oraria per ora retribuita delle posizioni lavorative dipendenti in euro (nono decile).,9,Totale,2021,17.59,,,,,TIPO_DATO7__HOUWAG_ENTEMP_NIND_MI_N1,Nono decile della distribuzione della retribuzione oraria della singola posizione lavorativa dipendente delle imprese ottenuta come rapporto fra la retribuzione lorda imponibile a fini contributivi a carico del datore di lavoro e le ore retribuite stimate sempre a carico del datore di lavoro.,,,,,,,,,,
A,Annuale,ITG1,Sicilia,HOUWAG_ENTEMP_NIND_MI,Retribuzione lorda  oraria per ora retribuita delle posizioni lavorative dipendenti in euro (nono decile).,9,Totale,2022,17.55,,,,,TIPO_DATO7__HOUWAG_ENTEMP_NIND_MI_N1,Nono decile della distribuzione della retribuzione oraria della singola posizione lavorativa dipendente delle imprese ottenuta come rapporto fra la retribuzione lorda imponibile a fini contributivi a carico del datore di lavoro e le ore retribuite stimate sempre a carico del datore di lavoro.,,,,,,,,,,
A,Annuale,ITG2,Sardegna,HOUWAG_ENTEMP_AV_MI,Retribuzione lorda oraria per ora retribuita delle posizioni lavorative dipendenti in euro (media),9,Totale,2014,12.18,,,,,TIPO_DATO7__HOUWAG_ENTEMP_AV_MI_N1,Media aritmetica semplice della retribuzione oraria calcolata a livello di singola posizione lavorativa. La retribuzione oraria della singola posizione lavorativa dipendente delle imprese è ottenuta come rapporto fra la retribuzione lorda imponibile a fini contributivi a carico del datore di lavoro e le ore retribuite stimate sempre a carico del datore di lavoro.,,,,,,,,,,
A,Annuale,ITG2,Sardegna,HOUWAG_ENTEMP_AV_MI,Retribuzione lorda oraria per ora retribuita delle posizioni lavorative dipendenti in euro (media),9,Totale,2015,12.34,,,,,TIPO_DATO7__HOUWAG_ENTEMP_AV_MI_N1,Media aritmetica semplice della retribuzione oraria calcolata a livello di singola posizione lavorativa. La retribuzione oraria della singola posizione lavorativa dipendente delle imprese è ottenuta come rapporto fra la retribuzione lorda imponibile a fini contributivi a carico del datore di lavoro e le ore retribuite stimate sempre a carico del datore di lavoro.,,,,,,,,,,
A,Annuale,ITG2,Sardegna,HOUWAG_ENTEMP_AV_MI,Retribuzione lorda oraria per ora retribuita delle posizioni lavorative dipendenti in euro (media),9,Totale,2016,12.35,,,,,TIPO_DATO7__HOUWAG_ENTEMP_AV_MI_N1,Media aritmetica semplice della retribuzione oraria calcolata a livello di singola posizione lavorativa. La retribuzione oraria della singola posizione lavorativa dipendente delle imprese è ottenuta come rapporto fra la retribuzione lorda imponibile a fini contributivi a carico del datore di lavoro e le ore retribuite stimate sempre a carico del datore di lavoro.,,,,,,,,,,
A,Annuale,ITG2,Sardegna,HOUWAG_ENTEMP_AV_MI,Retribuzione lorda oraria per ora retribuita delle posizioni lavorative dipendenti in euro (media),9,Totale,2017,12.35,,,,,TIPO_DATO7__HOUWAG_ENTEMP_AV_MI_N1,Media aritmetica semplice della retribuzione oraria calcolata a livello di singola posizione lavorativa. La retribuzione oraria della singola posizione lavorativa dipendente delle imprese è ottenuta come rapporto fra la retribuzione lorda imponibile a fini contributivi a carico del datore di lavoro e le ore retribuite stimate sempre a carico del datore di lavoro.,,,,,,,,,,
A,Annuale,ITG2,Sardegna,HOUWAG_ENTEMP_AV_MI,Retribuzione lorda oraria per ora retribuita delle posizioni lavorative dipendenti in euro (media),9,Totale,2018,12.22,,,,,TIPO_DATO7__HOUWAG_ENTEMP_AV_MI_N1,Media aritmetica semplice della retribuzione oraria calcolata a livello di singola posizione lavorativa. La retribuzione oraria della singola posizione lavorativa dipendente delle imprese è ottenuta come rapporto fra la retribuzione lorda imponibile a fini contributivi a carico del datore di lavoro e le ore retribuite stimate sempre a carico del datore di lavoro.,,,,,,,,,,
A,Annuale,ITG2,Sardegna,HOUWAG_ENTEMP_AV_MI,Retribuzione lorda oraria per ora retribuita delle posizioni lavorative dipendenti in euro (media),9,Totale,2019,12.44,,,,,TIPO_DATO7__HOUWAG_ENTEMP_AV_MI_N1,Media aritmetica semplice della retribuzione oraria calcolata a livello di singola posizione lavorativa. La retribuzione oraria della singola posizione lavorativa dipendente delle imprese è ottenuta come rapporto fra la retribuzione lorda imponibile a fini contributivi a carico del datore di lavoro e le ore retribuite stimate sempre a carico del datore di lavoro.,,,,,,,,,,
A,Annuale,ITG2,Sardegna,HOUWAG_ENTEMP_AV_MI,Retribuzione lorda oraria per ora retribuita delle posizioni lavorative dipendenti in euro (media),9,Totale,2020,12.53,,,,,TIPO_DATO7__HOUWAG_ENTEMP_AV_MI_N1,Media aritmetica semplice della retribuzione oraria calcolata a livello di singola posizione lavorativa. La retribuzione oraria della singola posizione lavorativa dipendente delle imprese è ottenuta come rapporto fra la retribuzione lorda imponibile a fini contributivi a carico del datore di lavoro e le ore retribuite stimate sempre a carico del datore di lavoro.,,,,,,,,,,
A,Annuale,ITG2,Sardegna,HOUWAG_ENTEMP_AV_MI,Retribuzione lorda oraria per ora retribuita delle posizioni lavorative dipendenti in euro (media),9,Totale,2021,12.68,,,,,TIPO_DATO7__HOUWAG_ENTEMP_AV_MI_N1,Media aritmetica semplice della retribuzione oraria calcolata a livello di singola posizione lavorativa. La retribuzione oraria della singola posizione lavorativa dipendente delle imprese è ottenuta come rapporto fra la retribuzione lorda imponibile a fini contributivi a carico del datore di lavoro e le ore retribuite stimate sempre a carico del datore di lavoro.,,,,,,,,,,
A,Annuale,ITG2,Sardegna,HOUWAG_ENTEMP_AV_MI,Retribuzione lorda oraria per ora retribuita delle posizioni lavorative dipendenti in euro (media),9,Totale,2022,13.51,,,,,TIPO_DATO7__HOUWAG_ENTEMP_AV_MI_N1,Media aritmetica semplice della retribuzione oraria calcolata a livello di singola posizione lavorativa. La retribuzione oraria della singola posizione lavorativa dipendente delle imprese è ottenuta come rapporto fra la retribuzione lorda imponibile a fini contributivi a carico del datore di lavoro e le ore retribuite stimate sempre a carico del datore di lavoro.,,,,,,,,,,
A,Annuale,ITG2,Sardegna,HOUWAG_ENTEMP_FIRD_MI,Retribuzione lorda  oraria per ora retribuita delle posizioni lavorative dipendenti in euro (primo decile),9,Totale,2014,7.98,,,,,TIPO_DATO7__HOUWAG_ENTEMP_FIRD_MI_N1,Primo decile della distribuzione della retribuzione oraria della singola posizione lavorativa dipendente delle imprese ottenuta come rapporto fra la retribuzione lorda imponibile a fini contributivi a carico del datore di lavoro e le ore retribuite stimate sempre a carico del datore di lavoro.,,,,,,,,,,
A,Annuale,ITG2,Sardegna,HOUWAG_ENTEMP_FIRD_MI,Retribuzione lorda  oraria per ora retribuita delle posizioni lavorative dipendenti in euro (primo decile),9,Totale,2015,8.07,,,,,TIPO_DATO7__HOUWAG_ENTEMP_FIRD_MI_N1,Primo decile della distribuzione della retribuzione oraria della singola posizione lavorativa dipendente delle imprese ottenuta come rapporto fra la retribuzione lorda imponibile a fini contributivi a carico del datore di lavoro e le ore retribuite stimate sempre a carico del datore di lavoro.,,,,,,,,,,
A,Annuale,ITG2,Sardegna,HOUWAG_ENTEMP_FIRD_MI,Retribuzione lorda  oraria per ora retribuita delle posizioni lavorative dipendenti in euro (primo decile),9,Totale,2016,8.13,,,,,TIPO_DATO7__HOUWAG_ENTEMP_FIRD_MI_N1,Primo decile della distribuzione della retribuzione oraria della singola posizione lavorativa dipendente delle imprese ottenuta come rapporto fra la retribuzione lorda imponibile a fini contributivi a carico del datore di lavoro e le ore retribuite stimate sempre a carico del datore di lavoro.,,,,,,,,,,
A,Annuale,ITG2,Sardegna,HOUWAG_ENTEMP_FIRD_MI,Retribuzione lorda  oraria per ora retribuita delle posizioni lavorative dipendenti in euro (primo decile),9,Totale,2017,8.09,,,,,TIPO_DATO7__HOUWAG_ENTEMP_FIRD_MI_N1,Primo decile della distribuzione della retribuzione oraria della singola posizione lavorativa dipendente delle imprese ottenuta come rapporto fra la retribuzione lorda imponibile a fini contributivi a carico del datore di lavoro e le ore retribuite stimate sempre a carico del datore di lavoro.,,,,,,,,,,
A,Annuale,ITG2,Sardegna,HOUWAG_ENTEMP_FIRD_MI,Retribuzione lorda  oraria per ora retribuita delle posizioni lavorative dipendenti in euro (primo decile),9,Totale,2018,8.07,,,,,TIPO_DATO7__HOUWAG_ENTEMP_FIRD_MI_N1,Primo decile della distribuzione della retribuzione oraria della singola posizione lavorativa dipendente delle imprese ottenuta come rapporto fra la retribuzione lorda imponibile a fini contributivi a carico del datore di lavoro e le ore retribuite stimate sempre a carico del datore di lavoro.,,,,,,,,,,
A,Annuale,ITG2,Sardegna,HOUWAG_ENTEMP_FIRD_MI,Retribuzione lorda  oraria per ora retribuita delle posizioni lavorative dipendenti in euro (primo decile),9,Totale,2019,8.16,,,,,TIPO_DATO7__HOUWAG_ENTEMP_FIRD_MI_N1,Primo decile della distribuzione della retribuzione oraria della singola posizione lavorativa dipendente delle imprese ottenuta come rapporto fra la retribuzione lorda imponibile a fini contributivi a carico del datore di lavoro e le ore retribuite stimate sempre a carico del datore di lavoro.,,,,,,,,,,
A,Annuale,ITG2,Sardegna,HOUWAG_ENTEMP_FIRD_MI,Retribuzione lorda  oraria per ora retribuita delle posizioni lavorative dipendenti in euro (primo decile),9,Totale,2020,8.29,,,,,TIPO_DATO7__HOUWAG_ENTEMP_FIRD_MI_N1,Primo decile della distribuzione della retribuzione oraria della singola posizione lavorativa dipendente delle imprese ottenuta come rapporto fra la retribuzione lorda imponibile a fini contributivi a carico del datore di lavoro e le ore retribuite stimate sempre a carico del datore di lavoro.,,,,,,,,,,
A,Annuale,ITG2,Sardegna,HOUWAG_ENTEMP_FIRD_MI,Retribuzione lorda  oraria per ora retribuita delle posizioni lavorative dipendenti in euro (primo decile),9,Totale,2021,8.32,,,,,TIPO_DATO7__HOUWAG_ENTEMP_FIRD_MI_N1,Primo decile della distribuzione della retribuzione oraria della singola posizione lavorativa dipendente delle imprese ottenuta come rapporto fra la retribuzione lorda imponibile a fini contributivi a carico del datore di lavoro e le ore retribuite stimate sempre a carico del datore di lavoro.,,,,,,,,,,
A,Annuale,ITG2,Sardegna,HOUWAG_ENTEMP_FIRD_MI,Retribuzione lorda  oraria per ora retribuita delle posizioni lavorative dipendenti in euro (primo decile),9,Totale,2022,8.5,,,,,TIPO_DATO7__HOUWAG_ENTEMP_FIRD_MI_N1,Primo decile della distribuzione della retribuzione oraria della singola posizione lavorativa dipendente delle imprese ottenuta come rapporto fra la retribuzione lorda imponibile a fini contributivi a carico del datore di lavoro e le ore retribuite stimate sempre a carico del datore di lavoro.,,,,,,,,,,
A,Annuale,ITG2,Sardegna,HOUWAG_ENTEMP_MED_MI,Retribuzione lorda  oraria per ora retribuita delle posizioni lavorative dipendenti in euro (mediana).,9,Totale,2014,10.46,,,,,TIPO_DATO7__HOUWAG_ENTEMP_MED_MI_N1,Valore mediano della distribuzione della retribuzione oraria della singola posizione lavorativa dipendente delle imprese ottenuta come rapporto fra la retribuzione lorda imponibile a fini contributivi a carico del datore di lavoro e le ore retribuite stimate sempre a carico del datore di lavoro.,,,,,,,,,,
A,Annuale,ITG2,Sardegna,HOUWAG_ENTEMP_MED_MI,Retribuzione lorda  oraria per ora retribuita delle posizioni lavorative dipendenti in euro (mediana).,9,Totale,2015,10.59,,,,,TIPO_DATO7__HOUWAG_ENTEMP_MED_MI_N1,Valore mediano della distribuzione della retribuzione oraria della singola posizione lavorativa dipendente delle imprese ottenuta come rapporto fra la retribuzione lorda imponibile a fini contributivi a carico del datore di lavoro e le ore retribuite stimate sempre a carico del datore di lavoro.,,,,,,,,,,
A,Annuale,ITG2,Sardegna,HOUWAG_ENTEMP_MED_MI,Retribuzione lorda  oraria per ora retribuita delle posizioni lavorative dipendenti in euro (mediana).,9,Totale,2016,10.63,,,,,TIPO_DATO7__HOUWAG_ENTEMP_MED_MI_N1,Valore mediano della distribuzione della retribuzione oraria della singola posizione lavorativa dipendente delle imprese ottenuta come rapporto fra la retribuzione lorda imponibile a fini contributivi a carico del datore di lavoro e le ore retribuite stimate sempre a carico del datore di lavoro.,,,,,,,,,,
A,Annuale,ITG2,Sardegna,HOUWAG_ENTEMP_MED_MI,Retribuzione lorda  oraria per ora retribuita delle posizioni lavorative dipendenti in euro (mediana).,9,Totale,2017,10.61,,,,,TIPO_DATO7__HOUWAG_ENTEMP_MED_MI_N1,Valore mediano della distribuzione della retribuzione oraria della singola posizione lavorativa dipendente delle imprese ottenuta come rapporto fra la retribuzione lorda imponibile a fini contributivi a carico del datore di lavoro e le ore retribuite stimate sempre a carico del datore di lavoro.,,,,,,,,,,
A,Annuale,ITG2,Sardegna,HOUWAG_ENTEMP_MED_MI,Retribuzione lorda  oraria per ora retribuita delle posizioni lavorative dipendenti in euro (mediana).,9,Totale,2018,10.63,,,,,TIPO_DATO7__HOUWAG_ENTEMP_MED_MI_N1,Valore mediano della distribuzione della retribuzione oraria della singola posizione lavorativa dipendente delle imprese ottenuta come rapporto fra la retribuzione lorda imponibile a fini contributivi a carico del datore di lavoro e le ore retribuite stimate sempre a carico del datore di lavoro.,,,,,,,,,,
A,Annuale,ITG2,Sardegna,HOUWAG_ENTEMP_MED_MI,Retribuzione lorda  oraria per ora retribuita delle posizioni lavorative dipendenti in euro (mediana).,9,Totale,2019,10.73,,,,,TIPO_DATO7__HOUWAG_ENTEMP_MED_MI_N1,Valore mediano della distribuzione della retribuzione oraria della singola posizione lavorativa dipendente delle imprese ottenuta come rapporto fra la retribuzione lorda imponibile a fini contributivi a carico del datore di lavoro e le ore retribuite stimate sempre a carico del datore di lavoro.,,,,,,,,,,
A,Annuale,ITG2,Sardegna,HOUWAG_ENTEMP_MED_MI,Retribuzione lorda  oraria per ora retribuita delle posizioni lavorative dipendenti in euro (mediana).,9,Totale,2020,10.96,,,,,TIPO_DATO7__HOUWAG_ENTEMP_MED_MI_N1,Valore mediano della distribuzione della retribuzione oraria della singola posizione lavorativa dipendente delle imprese ottenuta come rapporto fra la retribuzione lorda imponibile a fini contributivi a carico del datore di lavoro e le ore retribuite stimate sempre a carico del datore di lavoro.,,,,,,,,,,
A,Annuale,ITG2,Sardegna,HOUWAG_ENTEMP_MED_MI,Retribuzione lorda  oraria per ora retribuita delle posizioni lavorative dipendenti in euro (mediana).,9,Totale,2021,10.95,,,,,TIPO_DATO7__HOUWAG_ENTEMP_MED_MI_N1,Valore mediano della distribuzione della retribuzione oraria della singola posizione lavorativa dipendente delle imprese ottenuta come rapporto fra la retribuzione lorda imponibile a fini contributivi a carico del datore di lavoro e le ore retribuite stimate sempre a carico del datore di lavoro.,,,,,,,,,,
A,Annuale,ITG2,Sardegna,HOUWAG_ENTEMP_MED_MI,Retribuzione lorda  oraria per ora retribuita delle posizioni lavorative dipendenti in euro (mediana).,9,Totale,2022,11.08,,,,,TIPO_DATO7__HOUWAG_ENTEMP_MED_MI_N1,Valore mediano della distribuzione della retribuzione oraria della singola posizione lavorativa dipendente delle imprese ottenuta come rapporto fra la retribuzione lorda imponibile a fini contributivi a carico del datore di lavoro e le ore retribuite stimate sempre a carico del datore di lavoro.,,,,,,,,,,
A,Annuale,ITG2,Sardegna,HOUWAG_ENTEMP_NIND_MI,Retribuzione lorda  oraria per ora retribuita delle posizioni lavorative dipendenti in euro (nono decile).,9,Totale,2014,16.5,,,,,TIPO_DATO7__HOUWAG_ENTEMP_NIND_MI_N1,Nono decile della distribuzione della retribuzione oraria della singola posizione lavorativa dipendente delle imprese ottenuta come rapporto fra la retribuzione lorda imponibile a fini contributivi a carico del datore di lavoro e le ore retribuite stimate sempre a carico del datore di lavoro.,,,,,,,,,,
A,Annuale,ITG2,Sardegna,HOUWAG_ENTEMP_NIND_MI,Retribuzione lorda  oraria per ora retribuita delle posizioni lavorative dipendenti in euro (nono decile).,9,Totale,2015,16.76,,,,,TIPO_DATO7__HOUWAG_ENTEMP_NIND_MI_N1,Nono decile della distribuzione della retribuzione oraria della singola posizione lavorativa dipendente delle imprese ottenuta come rapporto fra la retribuzione lorda imponibile a fini contributivi a carico del datore di lavoro e le ore retribuite stimate sempre a carico del datore di lavoro.,,,,,,,,,,
A,Annuale,ITG2,Sardegna,HOUWAG_ENTEMP_NIND_MI,Retribuzione lorda  oraria per ora retribuita delle posizioni lavorative dipendenti in euro (nono decile).,9,Totale,2016,16.7,,,,,TIPO_DATO7__HOUWAG_ENTEMP_NIND_MI_N1,Nono decile della distribuzione della retribuzione oraria della singola posizione lavorativa dipendente delle imprese ottenuta come rapporto fra la retribuzione lorda imponibile a fini contributivi a carico del datore di lavoro e le ore retribuite stimate sempre a carico del datore di lavoro.,,,,,,,,,,
A,Annuale,ITG2,Sardegna,HOUWAG_ENTEMP_NIND_MI,Retribuzione lorda  oraria per ora retribuita delle posizioni lavorative dipendenti in euro (nono decile).,9,Totale,2017,16.62,,,,,TIPO_DATO7__HOUWAG_ENTEMP_NIND_MI_N1,Nono decile della distribuzione della retribuzione oraria della singola posizione lavorativa dipendente delle imprese ottenuta come rapporto fra la retribuzione lorda imponibile a fini contributivi a carico del datore di lavoro e le ore retribuite stimate sempre a carico del datore di lavoro.,,,,,,,,,,
A,Annuale,ITG2,Sardegna,HOUWAG_ENTEMP_NIND_MI,Retribuzione lorda  oraria per ora retribuita delle posizioni lavorative dipendenti in euro (nono decile).,9,Totale,2018,16.47,,,,,TIPO_DATO7__HOUWAG_ENTEMP_NIND_MI_N1,Nono decile della distribuzione della retribuzione oraria della singola posizione lavorativa dipendente delle imprese ottenuta come rapporto fra la retribuzione lorda imponibile a fini contributivi a carico del datore di lavoro e le ore retribuite stimate sempre a carico del datore di lavoro.,,,,,,,,,,
A,Annuale,ITG2,Sardegna,HOUWAG_ENTEMP_NIND_MI,Retribuzione lorda  oraria per ora retribuita delle posizioni lavorative dipendenti in euro (nono decile).,9,Totale,2019,16.71,,,,,TIPO_DATO7__HOUWAG_ENTEMP_NIND_MI_N1,Nono decile della distribuzione della retribuzione oraria della singola posizione lavorativa dipendente delle imprese ottenuta come rapporto fra la retribuzione lorda imponibile a fini contributivi a carico del datore di lavoro e le ore retribuite stimate sempre a carico del datore di lavoro.,,,,,,,,,,
A,Annuale,ITG2,Sardegna,HOUWAG_ENTEMP_NIND_MI,Retribuzione lorda  oraria per ora retribuita delle posizioni lavorative dipendenti in euro (nono decile).,9,Totale,2020,16.82,,,,,TIPO_DATO7__HOUWAG_ENTEMP_NIND_MI_N1,Nono decile della distribuzione della retribuzione oraria della singola posizione lavorativa dipendente delle imprese ottenuta come rapporto fra la retribuzione lorda imponibile a fini contributivi a carico del datore di lavoro e le ore retribuite stimate sempre a carico del datore di lavoro.,,,,,,,,,,
A,Annuale,ITG2,Sardegna,HOUWAG_ENTEMP_NIND_MI,Retribuzione lorda  oraria per ora retribuita delle posizioni lavorative dipendenti in euro (nono decile).,9,Totale,2021,16.73,,,,,TIPO_DATO7__HOUWAG_ENTEMP_NIND_MI_N1,Nono decile della distribuzione della retribuzione oraria della singola posizione lavorativa dipendente delle imprese ottenuta come rapporto fra la retribuzione lorda imponibile a fini contributivi a carico del datore di lavoro e le ore retribuite stimate sempre a carico del datore di lavoro.,,,,,,,,,,
A,Annuale,ITG2,Sardegna,HOUWAG_ENTEMP_NIND_MI,Retribuzione lorda  oraria per ora retribuita delle posizioni lavorative dipendenti in euro (nono decile).,9,Totale,2022,16.83,,,,,TIPO_DATO7__HOUWAG_ENTEMP_NIND_MI_N1,Nono decile della distribuzione della retribuzione oraria della singola posizione lavorativa dipendente delle imprese ottenuta come rapporto fra la retribuzione lorda imponibile a fini contributivi a carico del datore di lavoro e le ore retribuite stimate sempre a carico del datore di lavoro.,,,,,,,,,,
