FREQ,Frequenza,REF_AREA,Territorio,DATA_TYPE,Indicatore,TYPE_SOCIO_EDUC_SERVICE,Tipo di servizio socio-educativo,TYPE_MANAGEMENT,Tipo di gestione,TIME_PERIOD,Osservazione,OBS_STATUS,'Stato dell"'osservazione',NOTE_REF_AREA,Territorio (NOTE_REF_AREA),NOTE_DATA_TYPE,Indicatore (NOTE_DATA_TYPE),NOTE_TYPE_SOCIO_EDUC_SERVICE,Tipo di servizio socio-educativo (NOTE_TYPE_SOCIO_EDUC_SERVICE),NOTE_TYPE_MANAGEMENT,Tipo di gestione (NOTE_TYPE_MANAGEMENT),NOTE_TIME_PERIOD,Tempo (NOTE_TIME_PERIOD),BASE_PER,Anno base,UNIT_MEAS,Unità di misura,UNIT_MULT,Unità di moltiplicazione
A,Annuale,IT,Italia,USSSPM,Utenti,DNUR,Nidi e sezioni primavera,MDO,Comunale a gestione diretta,2023,84679,,,,,,,,,,,,,,,,,,
A,Annuale,IT,Italia,USSSPM,Utenti,DNUR,Nidi e sezioni primavera,MMETP,Comunale a gestione affidata a terzi,2023,69127,,,,,,,,,,,,,,,,,,
A,Annuale,IT,Italia,USSSPM,Utenti,DNUR,Nidi e sezioni primavera,PRPM,Privata con riserva di posti da parte del comune,2023,29532,,,,,,,,,,,,,,,,,,
A,Annuale,IT,Italia,USSSPM,Utenti,DNUR,Nidi e sezioni primavera,CFPPS,Contributi alle famiglie per servizi privati o pubblici,2023,28321,,,,,,,,,,,,,,,,,,
A,Annuale,IT,Italia,USSSPM,Utenti,DNUR,Nidi e sezioni primavera,ALL,Tutte le voci,2023,211659,,,,,,,,,,,,,,,,,,
A,Annuale,IT,Italia,USSSPM,Utenti,CDNUR,Nidi,MDO,Comunale a gestione diretta,2023,81868,,,,,,,,,,,,,,,,,,
A,Annuale,IT,Italia,USSSPM,Utenti,CDNUR,Nidi,MMETP,Comunale a gestione affidata a terzi,2023,66784,,,,,,,,,,,,,,,,,,
A,Annuale,IT,Italia,USSSPM,Utenti,CDNUR,Nidi,PRPM,Privata con riserva di posti da parte del comune,2023,26386,,,,,,,,,,,,,,,,,,
A,Annuale,IT,Italia,USSSPM,Utenti,CDNUR,Nidi,CFPPS,Contributi alle famiglie per servizi privati o pubblici,2023,25920,,,,,,,,,,,,,,,,,,
A,Annuale,IT,Italia,USSSPM,Utenti,CDNUR,Nidi,ALL,Tutte le voci,2023,200958,,,,,,,,,,,,,,,,,,
A,Annuale,IT,Italia,USSSPM,Utenti,DNISC,Sezioni primavera,MDO,Comunale a gestione diretta,2023,2811,,,,,,,,,,,,,,,,,,
A,Annuale,IT,Italia,USSSPM,Utenti,DNISC,Sezioni primavera,MMETP,Comunale a gestione affidata a terzi,2023,2343,,,,,,,,,,,,,,,,,,
A,Annuale,IT,Italia,USSSPM,Utenti,DNISC,Sezioni primavera,PRPM,Privata con riserva di posti da parte del comune,2023,3146,,,,,,,,,,,,,,,,,,
A,Annuale,IT,Italia,USSSPM,Utenti,DNISC,Sezioni primavera,CFPPS,Contributi alle famiglie per servizi privati o pubblici,2023,2401,,,,,,,,,,,,,,,,,,
A,Annuale,IT,Italia,USSSPM,Utenti,DNISC,Sezioni primavera,ALL,Tutte le voci,2023,10701,,,,,,,,,,,,,,,,,,
A,Annuale,IT,Italia,USSSPM,Utenti,ISERIDC,Servizi integrativi per la prima infanzia,MDO,Comunale a gestione diretta,2023,2341,,,,,,,,,,,,,,,,,,
A,Annuale,IT,Italia,USSSPM,Utenti,ISERIDC,Servizi integrativi per la prima infanzia,MMETP,Comunale a gestione affidata a terzi,2023,3024,,,,,,,,,,,,,,,,,,
A,Annuale,IT,Italia,USSSPM,Utenti,ISERIDC,Servizi integrativi per la prima infanzia,PRPM,Privata con riserva di posti da parte del comune,2023,1843,,,,,,,,,,,,,,,,,,
A,Annuale,IT,Italia,USSSPM,Utenti,ISERIDC,Servizi integrativi per la prima infanzia,CFPPS,Contributi alle famiglie per servizi privati o pubblici,2023,2630,,,,,,,,,,,,,,,,,,
A,Annuale,IT,Italia,USSSPM,Utenti,ISERIDC,Servizi integrativi per la prima infanzia,ALL,Tutte le voci,2023,9838,,,,,,,,,,,,,,,,,,
A,Annuale,IT,Italia,USSSPM,Utenti,ALL,Tutte le voci,MDO,Comunale a gestione diretta,2023,87020,,,,,,,,,,,,,,,,,,
A,Annuale,IT,Italia,USSSPM,Utenti,ALL,Tutte le voci,MMETP,Comunale a gestione affidata a terzi,2023,72151,,,,,,,,,,,,,,,,,,
A,Annuale,IT,Italia,USSSPM,Utenti,ALL,Tutte le voci,PRPM,Privata con riserva di posti da parte del comune,2023,31375,,,,,,,,,,,,,,,,,,
A,Annuale,IT,Italia,USSSPM,Utenti,ALL,Tutte le voci,CFPPS,Contributi alle famiglie per servizi privati o pubblici,2023,30951,,,,,,,,,,,,,,,,,,
A,Annuale,IT,Italia,USSSPM,Utenti,ALL,Tutte le voci,ALL,Tutte le voci,2023,221497,,,,,,,,,,,,,,,,,,
A,Annuale,IT,Italia,TOTEXP,Totale spesa (euro),DNUR,Nidi e sezioni primavera,MDO,Comunale a gestione diretta,2023,982023419,,,,,,,,,,,,,,,,,,
A,Annuale,IT,Italia,TOTEXP,Totale spesa (euro),DNUR,Nidi e sezioni primavera,MMETP,Comunale a gestione affidata a terzi,2023,498089940,,,,,,,,,,,,,,,,,,
A,Annuale,IT,Italia,TOTEXP,Totale spesa (euro),DNUR,Nidi e sezioni primavera,PRPM,Privata con riserva di posti da parte del comune,2023,136729284,,,,,,,,,,,,,,,,,,
A,Annuale,IT,Italia,TOTEXP,Totale spesa (euro),DNUR,Nidi e sezioni primavera,PCM,Privata senza riserva di posti da parte del comune,2023,23661475,,,,,,,,,,,,,,,,,,
A,Annuale,IT,Italia,TOTEXP,Totale spesa (euro),DNUR,Nidi e sezioni primavera,CFPPS,Contributi alle famiglie per servizi privati o pubblici,2023,73607311,,,,,,,,,,,,,,,,,,
A,Annuale,IT,Italia,TOTEXP,Totale spesa (euro),DNUR,Nidi e sezioni primavera,ALL,Tutte le voci,2023,1714111429,,,,,,,,,,,,,,,,,,
A,Annuale,IT,Italia,TOTEXP,Totale spesa (euro),CDNUR,Nidi,MDO,Comunale a gestione diretta,2023,955368353,,,,,,,,,,,,,,,,,,
A,Annuale,IT,Italia,TOTEXP,Totale spesa (euro),CDNUR,Nidi,MMETP,Comunale a gestione affidata a terzi,2023,487888086,,,,,,,,,,,,,,,,,,
A,Annuale,IT,Italia,TOTEXP,Totale spesa (euro),CDNUR,Nidi,PRPM,Privata con riserva di posti da parte del comune,2023,131507601,,,,,,,,,,,,,,,,,,
A,Annuale,IT,Italia,TOTEXP,Totale spesa (euro),CDNUR,Nidi,PCM,Privata senza riserva di posti da parte del comune,2023,16763420,,,,,,,,,,,,,,,,,,
A,Annuale,IT,Italia,TOTEXP,Totale spesa (euro),CDNUR,Nidi,CFPPS,Contributi alle famiglie per servizi privati o pubblici,2023,67916560,,,,,,,,,,,,,,,,,,
A,Annuale,IT,Italia,TOTEXP,Totale spesa (euro),CDNUR,Nidi,ALL,Tutte le voci,2023,1659444020,,,,,,,,,,,,,,,,,,
A,Annuale,IT,Italia,TOTEXP,Totale spesa (euro),DNISC,Sezioni primavera,MDO,Comunale a gestione diretta,2023,26655066,,,,,,,,,,,,,,,,,,
A,Annuale,IT,Italia,TOTEXP,Totale spesa (euro),DNISC,Sezioni primavera,MMETP,Comunale a gestione affidata a terzi,2023,10201854,,,,,,,,,,,,,,,,,,
A,Annuale,IT,Italia,TOTEXP,Totale spesa (euro),DNISC,Sezioni primavera,PRPM,Privata con riserva di posti da parte del comune,2023,5221683,,,,,,,,,,,,,,,,,,
A,Annuale,IT,Italia,TOTEXP,Totale spesa (euro),DNISC,Sezioni primavera,PCM,Privata senza riserva di posti da parte del comune,2023,6898055,,,,,,,,,,,,,,,,,,
A,Annuale,IT,Italia,TOTEXP,Totale spesa (euro),DNISC,Sezioni primavera,CFPPS,Contributi alle famiglie per servizi privati o pubblici,2023,5690751,,,,,,,,,,,,,,,,,,
A,Annuale,IT,Italia,TOTEXP,Totale spesa (euro),DNISC,Sezioni primavera,ALL,Tutte le voci,2023,54667409,,,,,,,,,,,,,,,,,,
A,Annuale,IT,Italia,TOTEXP,Totale spesa (euro),ISERIDC,Servizi integrativi per la prima infanzia,MDO,Comunale a gestione diretta,2023,10472033,,,,,,,,,,,,,,,,,,
A,Annuale,IT,Italia,TOTEXP,Totale spesa (euro),ISERIDC,Servizi integrativi per la prima infanzia,MMETP,Comunale a gestione affidata a terzi,2023,8146487,,,,,,,,,,,,,,,,,,
A,Annuale,IT,Italia,TOTEXP,Totale spesa (euro),ISERIDC,Servizi integrativi per la prima infanzia,PRPM,Privata con riserva di posti da parte del comune,2023,10238091,,,,,,,,,,,,,,,,,,
A,Annuale,IT,Italia,TOTEXP,Totale spesa (euro),ISERIDC,Servizi integrativi per la prima infanzia,PCM,Privata senza riserva di posti da parte del comune,2023,1602016,,,,,,,,,,,,,,,,,,
A,Annuale,IT,Italia,TOTEXP,Totale spesa (euro),ISERIDC,Servizi integrativi per la prima infanzia,CFPPS,Contributi alle famiglie per servizi privati o pubblici,2023,6099417,,,,,,,,,,,,,,,,,,
A,Annuale,IT,Italia,TOTEXP,Totale spesa (euro),ISERIDC,Servizi integrativi per la prima infanzia,ALL,Tutte le voci,2023,36558044,,,,,,,,,,,,,,,,,,
A,Annuale,IT,Italia,TOTEXP,Totale spesa (euro),ALL,Tutte le voci,MDO,Comunale a gestione diretta,2023,992495452,,,,,,,,,,,,,,,,,,
A,Annuale,IT,Italia,TOTEXP,Totale spesa (euro),ALL,Tutte le voci,MMETP,Comunale a gestione affidata a terzi,2023,506236427,,,,,,,,,,,,,,,,,,
A,Annuale,IT,Italia,TOTEXP,Totale spesa (euro),ALL,Tutte le voci,PRPM,Privata con riserva di posti da parte del comune,2023,146967375,,,,,,,,,,,,,,,,,,
A,Annuale,IT,Italia,TOTEXP,Totale spesa (euro),ALL,Tutte le voci,PCM,Privata senza riserva di posti da parte del comune,2023,25263491,,,,,,,,,,,,,,,,,,
A,Annuale,IT,Italia,TOTEXP,Totale spesa (euro),ALL,Tutte le voci,CFPPS,Contributi alle famiglie per servizi privati o pubblici,2023,79706728,,,,,,,,,,,,,,,,,,
A,Annuale,IT,Italia,TOTEXP,Totale spesa (euro),ALL,Tutte le voci,ALL,Tutte le voci,2023,1750669473,,,,,,,,,,,,,,,,,,
A,Annuale,IT,Italia,EXPMUN,Spesa dei comuni (euro),DNUR,Nidi e sezioni primavera,MDO,Comunale a gestione diretta,2023,793401184,,,,,,,,,,,,,,,,,,
A,Annuale,IT,Italia,EXPMUN,Spesa dei comuni (euro),DNUR,Nidi e sezioni primavera,MMETP,Comunale a gestione affidata a terzi,2023,378131283,,,,,,,,,,,,,,,,,,
A,Annuale,IT,Italia,EXPMUN,Spesa dei comuni (euro),DNUR,Nidi e sezioni primavera,PRPM,Privata con riserva di posti da parte del comune,2023,113720378,,,,,,,,,,,,,,,,,,
A,Annuale,IT,Italia,EXPMUN,Spesa dei comuni (euro),DNUR,Nidi e sezioni primavera,PCM,Privata senza riserva di posti da parte del comune,2023,23661475,,,,,,,,,,,,,,,,,,
A,Annuale,IT,Italia,EXPMUN,Spesa dei comuni (euro),DNUR,Nidi e sezioni primavera,CFPPS,Contributi alle famiglie per servizi privati o pubblici,2023,73607311,,,,,,,,,,,,,,,,,,
A,Annuale,IT,Italia,EXPMUN,Spesa dei comuni (euro),DNUR,Nidi e sezioni primavera,ALL,Tutte le voci,2023,1382521631,,,,,,,,,,,,,,,,,,
A,Annuale,IT,Italia,EXPMUN,Spesa dei comuni (euro),CDNUR,Nidi,MDO,Comunale a gestione diretta,2023,771938998,,,,,,,,,,,,,,,,,,
A,Annuale,IT,Italia,EXPMUN,Spesa dei comuni (euro),CDNUR,Nidi,MMETP,Comunale a gestione affidata a terzi,2023,369895280,,,,,,,,,,,,,,,,,,
A,Annuale,IT,Italia,EXPMUN,Spesa dei comuni (euro),CDNUR,Nidi,PRPM,Privata con riserva di posti da parte del comune,2023,109043012,,,,,,,,,,,,,,,,,,
A,Annuale,IT,Italia,EXPMUN,Spesa dei comuni (euro),CDNUR,Nidi,PCM,Privata senza riserva di posti da parte del comune,2023,16763420,,,,,,,,,,,,,,,,,,
A,Annuale,IT,Italia,EXPMUN,Spesa dei comuni (euro),CDNUR,Nidi,CFPPS,Contributi alle famiglie per servizi privati o pubblici,2023,67916560,,,,,,,,,,,,,,,,,,
A,Annuale,IT,Italia,EXPMUN,Spesa dei comuni (euro),CDNUR,Nidi,ALL,Tutte le voci,2023,1335557270,,,,,,,,,,,,,,,,,,
A,Annuale,IT,Italia,EXPMUN,Spesa dei comuni (euro),DNISC,Sezioni primavera,MDO,Comunale a gestione diretta,2023,21462186,,,,,,,,,,,,,,,,,,
A,Annuale,IT,Italia,EXPMUN,Spesa dei comuni (euro),DNISC,Sezioni primavera,MMETP,Comunale a gestione affidata a terzi,2023,8236003,,,,,,,,,,,,,,,,,,
A,Annuale,IT,Italia,EXPMUN,Spesa dei comuni (euro),DNISC,Sezioni primavera,PRPM,Privata con riserva di posti da parte del comune,2023,4677366,,,,,,,,,,,,,,,,,,
A,Annuale,IT,Italia,EXPMUN,Spesa dei comuni (euro),DNISC,Sezioni primavera,PCM,Privata senza riserva di posti da parte del comune,2023,6898055,,,,,,,,,,,,,,,,,,
A,Annuale,IT,Italia,EXPMUN,Spesa dei comuni (euro),DNISC,Sezioni primavera,CFPPS,Contributi alle famiglie per servizi privati o pubblici,2023,5690751,,,,,,,,,,,,,,,,,,
A,Annuale,IT,Italia,EXPMUN,Spesa dei comuni (euro),DNISC,Sezioni primavera,ALL,Tutte le voci,2023,46964361,,,,,,,,,,,,,,,,,,
A,Annuale,IT,Italia,EXPMUN,Spesa dei comuni (euro),ISERIDC,Servizi integrativi per la prima infanzia,MDO,Comunale a gestione diretta,2023,9349041,,,,,,,,,,,,,,,,,,
A,Annuale,IT,Italia,EXPMUN,Spesa dei comuni (euro),ISERIDC,Servizi integrativi per la prima infanzia,MMETP,Comunale a gestione affidata a terzi,2023,6793893,,,,,,,,,,,,,,,,,,
A,Annuale,IT,Italia,EXPMUN,Spesa dei comuni (euro),ISERIDC,Servizi integrativi per la prima infanzia,PRPM,Privata con riserva di posti da parte del comune,2023,10004551,,,,,,,,,,,,,,,,,,
A,Annuale,IT,Italia,EXPMUN,Spesa dei comuni (euro),ISERIDC,Servizi integrativi per la prima infanzia,PCM,Privata senza riserva di posti da parte del comune,2023,1602016,,,,,,,,,,,,,,,,,,
A,Annuale,IT,Italia,EXPMUN,Spesa dei comuni (euro),ISERIDC,Servizi integrativi per la prima infanzia,CFPPS,Contributi alle famiglie per servizi privati o pubblici,2023,6099417,,,,,,,,,,,,,,,,,,
A,Annuale,IT,Italia,EXPMUN,Spesa dei comuni (euro),ISERIDC,Servizi integrativi per la prima infanzia,ALL,Tutte le voci,2023,33848918,,,,,,,,,,,,,,,,,,
A,Annuale,IT,Italia,EXPMUN,Spesa dei comuni (euro),ALL,Tutte le voci,MDO,Comunale a gestione diretta,2023,802750225,,,,,,,,,,,,,,,,,,
A,Annuale,IT,Italia,EXPMUN,Spesa dei comuni (euro),ALL,Tutte le voci,MMETP,Comunale a gestione affidata a terzi,2023,384925176,,,,,,,,,,,,,,,,,,
A,Annuale,IT,Italia,EXPMUN,Spesa dei comuni (euro),ALL,Tutte le voci,PRPM,Privata con riserva di posti da parte del comune,2023,123724929,,,,,,,,,,,,,,,,,,
A,Annuale,IT,Italia,EXPMUN,Spesa dei comuni (euro),ALL,Tutte le voci,PCM,Privata senza riserva di posti da parte del comune,2023,25263491,,,,,,,,,,,,,,,,,,
A,Annuale,IT,Italia,EXPMUN,Spesa dei comuni (euro),ALL,Tutte le voci,CFPPS,Contributi alle famiglie per servizi privati o pubblici,2023,79706728,,,,,,,,,,,,,,,,,,
A,Annuale,IT,Italia,EXPMUN,Spesa dei comuni (euro),ALL,Tutte le voci,ALL,Tutte le voci,2023,1416370549,,,,,,,,,,,,,,,,,,
A,Annuale,IT,Italia,EXPUSERS,Compartecipazione degli utenti alla spesa totale (euro),DNUR,Nidi e sezioni primavera,MDO,Comunale a gestione diretta,2023,188622235,,,,,,,,,,,,,,,,,,
A,Annuale,IT,Italia,EXPUSERS,Compartecipazione degli utenti alla spesa totale (euro),DNUR,Nidi e sezioni primavera,MMETP,Comunale a gestione affidata a terzi,2023,119958657,,,,,,,,,,,,,,,,,,
A,Annuale,IT,Italia,EXPUSERS,Compartecipazione degli utenti alla spesa totale (euro),DNUR,Nidi e sezioni primavera,PRPM,Privata con riserva di posti da parte del comune,2023,23008906,,,,,,,,,,,,,,,,,,
A,Annuale,IT,Italia,EXPUSERS,Compartecipazione degli utenti alla spesa totale (euro),DNUR,Nidi e sezioni primavera,ALL,Tutte le voci,2023,331589798,,,,,,,,,,,,,,,,,,
A,Annuale,IT,Italia,EXPUSERS,Compartecipazione degli utenti alla spesa totale (euro),CDNUR,Nidi,MDO,Comunale a gestione diretta,2023,183429355,,,,,,,,,,,,,,,,,,
A,Annuale,IT,Italia,EXPUSERS,Compartecipazione degli utenti alla spesa totale (euro),CDNUR,Nidi,MMETP,Comunale a gestione affidata a terzi,2023,117992806,,,,,,,,,,,,,,,,,,
A,Annuale,IT,Italia,EXPUSERS,Compartecipazione degli utenti alla spesa totale (euro),CDNUR,Nidi,PRPM,Privata con riserva di posti da parte del comune,2023,22464589,,,,,,,,,,,,,,,,,,
A,Annuale,IT,Italia,EXPUSERS,Compartecipazione degli utenti alla spesa totale (euro),CDNUR,Nidi,ALL,Tutte le voci,2023,323886750,,,,,,,,,,,,,,,,,,
A,Annuale,IT,Italia,EXPUSERS,Compartecipazione degli utenti alla spesa totale (euro),DNISC,Sezioni primavera,MDO,Comunale a gestione diretta,2023,5192880,,,,,,,,,,,,,,,,,,
A,Annuale,IT,Italia,EXPUSERS,Compartecipazione degli utenti alla spesa totale (euro),DNISC,Sezioni primavera,MMETP,Comunale a gestione affidata a terzi,2023,1965851,,,,,,,,,,,,,,,,,,
A,Annuale,IT,Italia,EXPUSERS,Compartecipazione degli utenti alla spesa totale (euro),DNISC,Sezioni primavera,PRPM,Privata con riserva di posti da parte del comune,2023,544317,,,,,,,,,,,,,,,,,,
A,Annuale,IT,Italia,EXPUSERS,Compartecipazione degli utenti alla spesa totale (euro),DNISC,Sezioni primavera,ALL,Tutte le voci,2023,7703048,,,,,,,,,,,,,,,,,,
A,Annuale,IT,Italia,EXPUSERS,Compartecipazione degli utenti alla spesa totale (euro),ISERIDC,Servizi integrativi per la prima infanzia,MDO,Comunale a gestione diretta,2023,1122992,,,,,,,,,,,,,,,,,,
A,Annuale,IT,Italia,EXPUSERS,Compartecipazione degli utenti alla spesa totale (euro),ISERIDC,Servizi integrativi per la prima infanzia,MMETP,Comunale a gestione affidata a terzi,2023,1352594,,,,,,,,,,,,,,,,,,
A,Annuale,IT,Italia,EXPUSERS,Compartecipazione degli utenti alla spesa totale (euro),ISERIDC,Servizi integrativi per la prima infanzia,PRPM,Privata con riserva di posti da parte del comune,2023,233540,,,,,,,,,,,,,,,,,,
A,Annuale,IT,Italia,EXPUSERS,Compartecipazione degli utenti alla spesa totale (euro),ISERIDC,Servizi integrativi per la prima infanzia,ALL,Tutte le voci,2023,2709126,,,,,,,,,,,,,,,,,,
A,Annuale,IT,Italia,EXPUSERS,Compartecipazione degli utenti alla spesa totale (euro),ALL,Tutte le voci,MDO,Comunale a gestione diretta,2023,189745227,,,,,,,,,,,,,,,,,,
A,Annuale,IT,Italia,EXPUSERS,Compartecipazione degli utenti alla spesa totale (euro),ALL,Tutte le voci,MMETP,Comunale a gestione affidata a terzi,2023,121311251,,,,,,,,,,,,,,,,,,
A,Annuale,IT,Italia,EXPUSERS,Compartecipazione degli utenti alla spesa totale (euro),ALL,Tutte le voci,PRPM,Privata con riserva di posti da parte del comune,2023,23242446,,,,,,,,,,,,,,,,,,
A,Annuale,IT,Italia,EXPUSERS,Compartecipazione degli utenti alla spesa totale (euro),ALL,Tutte le voci,ALL,Tutte le voci,2023,334298924,,,,,,,,,,,,,,,,,,
A,Annuale,IT,Italia,PEREXPPU,Spesa sostenuta dagli utenti sulla spesa totale (percentuale),DNUR,Nidi e sezioni primavera,MDO,Comunale a gestione diretta,2023,19.2,,,,,,,,,,,,,,,,,,
A,Annuale,IT,Italia,PEREXPPU,Spesa sostenuta dagli utenti sulla spesa totale (percentuale),DNUR,Nidi e sezioni primavera,MMETP,Comunale a gestione affidata a terzi,2023,24.1,,,,,,,,,,,,,,,,,,
A,Annuale,IT,Italia,PEREXPPU,Spesa sostenuta dagli utenti sulla spesa totale (percentuale),DNUR,Nidi e sezioni primavera,PRPM,Privata con riserva di posti da parte del comune,2023,16.8,,,,,,,,,,,,,,,,,,
A,Annuale,IT,Italia,PEREXPPU,Spesa sostenuta dagli utenti sulla spesa totale (percentuale),DNUR,Nidi e sezioni primavera,ALL,Tutte le voci,2023,19.3,,,,,,,,,,,,,,,,,,
A,Annuale,IT,Italia,PEREXPPU,Spesa sostenuta dagli utenti sulla spesa totale (percentuale),CDNUR,Nidi,MDO,Comunale a gestione diretta,2023,19.2,,,,,,,,,,,,,,,,,,
A,Annuale,IT,Italia,PEREXPPU,Spesa sostenuta dagli utenti sulla spesa totale (percentuale),CDNUR,Nidi,MMETP,Comunale a gestione affidata a terzi,2023,24.2,,,,,,,,,,,,,,,,,,
A,Annuale,IT,Italia,PEREXPPU,Spesa sostenuta dagli utenti sulla spesa totale (percentuale),CDNUR,Nidi,PRPM,Privata con riserva di posti da parte del comune,2023,17.1,,,,,,,,,,,,,,,,,,
A,Annuale,IT,Italia,PEREXPPU,Spesa sostenuta dagli utenti sulla spesa totale (percentuale),CDNUR,Nidi,ALL,Tutte le voci,2023,19.5,,,,,,,,,,,,,,,,,,
A,Annuale,IT,Italia,PEREXPPU,Spesa sostenuta dagli utenti sulla spesa totale (percentuale),DNISC,Sezioni primavera,MDO,Comunale a gestione diretta,2023,19.5,,,,,,,,,,,,,,,,,,
A,Annuale,IT,Italia,PEREXPPU,Spesa sostenuta dagli utenti sulla spesa totale (percentuale),DNISC,Sezioni primavera,MMETP,Comunale a gestione affidata a terzi,2023,19.3,,,,,,,,,,,,,,,,,,
A,Annuale,IT,Italia,PEREXPPU,Spesa sostenuta dagli utenti sulla spesa totale (percentuale),DNISC,Sezioni primavera,PRPM,Privata con riserva di posti da parte del comune,2023,10.4,,,,,,,,,,,,,,,,,,
A,Annuale,IT,Italia,PEREXPPU,Spesa sostenuta dagli utenti sulla spesa totale (percentuale),DNISC,Sezioni primavera,ALL,Tutte le voci,2023,14.1,,,,,,,,,,,,,,,,,,
A,Annuale,IT,Italia,PEREXPPU,Spesa sostenuta dagli utenti sulla spesa totale (percentuale),ISERIDC,Servizi integrativi per la prima infanzia,MDO,Comunale a gestione diretta,2023,10.7,,,,,,,,,,,,,,,,,,
A,Annuale,IT,Italia,PEREXPPU,Spesa sostenuta dagli utenti sulla spesa totale (percentuale),ISERIDC,Servizi integrativi per la prima infanzia,MMETP,Comunale a gestione affidata a terzi,2023,16.6,,,,,,,,,,,,,,,,,,
A,Annuale,IT,Italia,PEREXPPU,Spesa sostenuta dagli utenti sulla spesa totale (percentuale),ISERIDC,Servizi integrativi per la prima infanzia,PRPM,Privata con riserva di posti da parte del comune,2023,2.3,,,,,,,,,,,,,,,,,,
A,Annuale,IT,Italia,PEREXPPU,Spesa sostenuta dagli utenti sulla spesa totale (percentuale),ISERIDC,Servizi integrativi per la prima infanzia,ALL,Tutte le voci,2023,7.4,,,,,,,,,,,,,,,,,,
A,Annuale,IT,Italia,PEREXPPU,Spesa sostenuta dagli utenti sulla spesa totale (percentuale),ALL,Tutte le voci,MDO,Comunale a gestione diretta,2023,19.1,,,,,,,,,,,,,,,,,,
A,Annuale,IT,Italia,PEREXPPU,Spesa sostenuta dagli utenti sulla spesa totale (percentuale),ALL,Tutte le voci,MMETP,Comunale a gestione affidata a terzi,2023,24,,,,,,,,,,,,,,,,,,
A,Annuale,IT,Italia,PEREXPPU,Spesa sostenuta dagli utenti sulla spesa totale (percentuale),ALL,Tutte le voci,PRPM,Privata con riserva di posti da parte del comune,2023,15.8,,,,,,,,,,,,,,,,,,
A,Annuale,IT,Italia,PEREXPPU,Spesa sostenuta dagli utenti sulla spesa totale (percentuale),ALL,Tutte le voci,ALL,Tutte le voci,2023,19.1,,,,,,,,,,,,,,,,,,
A,Annuale,ITCDE,Centro-nord,USSSPM,Utenti,DNUR,Nidi e sezioni primavera,MDO,Comunale a gestione diretta,2023,73830,,,FILTER_ATS,Filter,,,,,,,,,,,,,,
A,Annuale,ITCDE,Centro-nord,USSSPM,Utenti,DNUR,Nidi e sezioni primavera,MMETP,Comunale a gestione affidata a terzi,2023,54017,,,FILTER_ATS,Filter,,,,,,,,,,,,,,
A,Annuale,ITCDE,Centro-nord,USSSPM,Utenti,DNUR,Nidi e sezioni primavera,PRPM,Privata con riserva di posti da parte del comune,2023,24524,,,FILTER_ATS,Filter,,,,,,,,,,,,,,
A,Annuale,ITCDE,Centro-nord,USSSPM,Utenti,DNUR,Nidi e sezioni primavera,CFPPS,Contributi alle famiglie per servizi privati o pubblici,2023,18717,,,FILTER_ATS,Filter,,,,,,,,,,,,,,
A,Annuale,ITCDE,Centro-nord,USSSPM,Utenti,DNUR,Nidi e sezioni primavera,ALL,Tutte le voci,2023,171088,,,FILTER_ATS,Filter,,,,,,,,,,,,,,
A,Annuale,ITCDE,Centro-nord,USSSPM,Utenti,CDNUR,Nidi,MDO,Comunale a gestione diretta,2023,71633,,,FILTER_ATS,Filter,,,,,,,,,,,,,,
A,Annuale,ITCDE,Centro-nord,USSSPM,Utenti,CDNUR,Nidi,MMETP,Comunale a gestione affidata a terzi,2023,53008,,,FILTER_ATS,Filter,,,,,,,,,,,,,,
A,Annuale,ITCDE,Centro-nord,USSSPM,Utenti,CDNUR,Nidi,PRPM,Privata con riserva di posti da parte del comune,2023,22389,,,FILTER_ATS,Filter,,,,,,,,,,,,,,
A,Annuale,ITCDE,Centro-nord,USSSPM,Utenti,CDNUR,Nidi,CFPPS,Contributi alle famiglie per servizi privati o pubblici,2023,17823,,,FILTER_ATS,Filter,,,,,,,,,,,,,,
A,Annuale,ITCDE,Centro-nord,USSSPM,Utenti,CDNUR,Nidi,ALL,Tutte le voci,2023,164853,,,FILTER_ATS,Filter,,,,,,,,,,,,,,
A,Annuale,ITCDE,Centro-nord,USSSPM,Utenti,DNISC,Sezioni primavera,MDO,Comunale a gestione diretta,2023,2197,,,FILTER_ATS,Filter,,,,,,,,,,,,,,
A,Annuale,ITCDE,Centro-nord,USSSPM,Utenti,DNISC,Sezioni primavera,MMETP,Comunale a gestione affidata a terzi,2023,1009,,,FILTER_ATS,Filter,,,,,,,,,,,,,,
A,Annuale,ITCDE,Centro-nord,USSSPM,Utenti,DNISC,Sezioni primavera,PRPM,Privata con riserva di posti da parte del comune,2023,2135,,,FILTER_ATS,Filter,,,,,,,,,,,,,,
A,Annuale,ITCDE,Centro-nord,USSSPM,Utenti,DNISC,Sezioni primavera,CFPPS,Contributi alle famiglie per servizi privati o pubblici,2023,894,,,FILTER_ATS,Filter,,,,,,,,,,,,,,
A,Annuale,ITCDE,Centro-nord,USSSPM,Utenti,DNISC,Sezioni primavera,ALL,Tutte le voci,2023,6235,,,FILTER_ATS,Filter,,,,,,,,,,,,,,
A,Annuale,ITCDE,Centro-nord,USSSPM,Utenti,ISERIDC,Servizi integrativi per la prima infanzia,MDO,Comunale a gestione diretta,2023,1993,,,FILTER_ATS,Filter,,,,,,,,,,,,,,
A,Annuale,ITCDE,Centro-nord,USSSPM,Utenti,ISERIDC,Servizi integrativi per la prima infanzia,MMETP,Comunale a gestione affidata a terzi,2023,2248,,,FILTER_ATS,Filter,,,,,,,,,,,,,,
A,Annuale,ITCDE,Centro-nord,USSSPM,Utenti,ISERIDC,Servizi integrativi per la prima infanzia,PRPM,Privata con riserva di posti da parte del comune,2023,1485,,,FILTER_ATS,Filter,,,,,,,,,,,,,,
A,Annuale,ITCDE,Centro-nord,USSSPM,Utenti,ISERIDC,Servizi integrativi per la prima infanzia,CFPPS,Contributi alle famiglie per servizi privati o pubblici,2023,1673,,,FILTER_ATS,Filter,,,,,,,,,,,,,,
A,Annuale,ITCDE,Centro-nord,USSSPM,Utenti,ISERIDC,Servizi integrativi per la prima infanzia,ALL,Tutte le voci,2023,7399,,,FILTER_ATS,Filter,,,,,,,,,,,,,,
A,Annuale,ITCDE,Centro-nord,USSSPM,Utenti,ALL,Tutte le voci,MDO,Comunale a gestione diretta,2023,75823,,,FILTER_ATS,Filter,,,,,,,,,,,,,,
A,Annuale,ITCDE,Centro-nord,USSSPM,Utenti,ALL,Tutte le voci,MMETP,Comunale a gestione affidata a terzi,2023,56265,,,FILTER_ATS,Filter,,,,,,,,,,,,,,
A,Annuale,ITCDE,Centro-nord,USSSPM,Utenti,ALL,Tutte le voci,PRPM,Privata con riserva di posti da parte del comune,2023,26009,,,FILTER_ATS,Filter,,,,,,,,,,,,,,
A,Annuale,ITCDE,Centro-nord,USSSPM,Utenti,ALL,Tutte le voci,CFPPS,Contributi alle famiglie per servizi privati o pubblici,2023,20390,,,FILTER_ATS,Filter,,,,,,,,,,,,,,
A,Annuale,ITCDE,Centro-nord,USSSPM,Utenti,ALL,Tutte le voci,ALL,Tutte le voci,2023,178487,,,FILTER_ATS,Filter,,,,,,,,,,,,,,
A,Annuale,ITCDE,Centro-nord,TOTEXP,Totale spesa (euro),DNUR,Nidi e sezioni primavera,MDO,Comunale a gestione diretta,2023,879912722,,,FILTER_ATS,Filter,,,,,,,,,,,,,,
A,Annuale,ITCDE,Centro-nord,TOTEXP,Totale spesa (euro),DNUR,Nidi e sezioni primavera,MMETP,Comunale a gestione affidata a terzi,2023,409484219,,,FILTER_ATS,Filter,,,,,,,,,,,,,,
A,Annuale,ITCDE,Centro-nord,TOTEXP,Totale spesa (euro),DNUR,Nidi e sezioni primavera,PRPM,Privata con riserva di posti da parte del comune,2023,116523541,,,FILTER_ATS,Filter,,,,,,,,,,,,,,
A,Annuale,ITCDE,Centro-nord,TOTEXP,Totale spesa (euro),DNUR,Nidi e sezioni primavera,PCM,Privata senza riserva di posti da parte del comune,2023,20539468,,,FILTER_ATS,Filter,,,,,,,,,,,,,,
A,Annuale,ITCDE,Centro-nord,TOTEXP,Totale spesa (euro),DNUR,Nidi e sezioni primavera,CFPPS,Contributi alle famiglie per servizi privati o pubblici,2023,41087662,,,FILTER_ATS,Filter,,,,,,,,,,,,,,
A,Annuale,ITCDE,Centro-nord,TOTEXP,Totale spesa (euro),DNUR,Nidi e sezioni primavera,ALL,Tutte le voci,2023,1467547612,,,FILTER_ATS,Filter,,,,,,,,,,,,,,
A,Annuale,ITCDE,Centro-nord,TOTEXP,Totale spesa (euro),CDNUR,Nidi,MDO,Comunale a gestione diretta,2023,857419346,,,FILTER_ATS,Filter,,,,,,,,,,,,,,
A,Annuale,ITCDE,Centro-nord,TOTEXP,Totale spesa (euro),CDNUR,Nidi,MMETP,Comunale a gestione affidata a terzi,2023,404000193,,,FILTER_ATS,Filter,,,,,,,,,,,,,,
A,Annuale,ITCDE,Centro-nord,TOTEXP,Totale spesa (euro),CDNUR,Nidi,PRPM,Privata con riserva di posti da parte del comune,2023,113847491,,,FILTER_ATS,Filter,,,,,,,,,,,,,,
A,Annuale,ITCDE,Centro-nord,TOTEXP,Totale spesa (euro),CDNUR,Nidi,PCM,Privata senza riserva di posti da parte del comune,2023,15166110,,,FILTER_ATS,Filter,,,,,,,,,,,,,,
A,Annuale,ITCDE,Centro-nord,TOTEXP,Totale spesa (euro),CDNUR,Nidi,CFPPS,Contributi alle famiglie per servizi privati o pubblici,2023,40319213,,,FILTER_ATS,Filter,,,,,,,,,,,,,,
A,Annuale,ITCDE,Centro-nord,TOTEXP,Totale spesa (euro),CDNUR,Nidi,ALL,Tutte le voci,2023,1430752353,,,FILTER_ATS,Filter,,,,,,,,,,,,,,
A,Annuale,ITCDE,Centro-nord,TOTEXP,Totale spesa (euro),DNISC,Sezioni primavera,MDO,Comunale a gestione diretta,2023,22493376,,,FILTER_ATS,Filter,,,,,,,,,,,,,,
A,Annuale,ITCDE,Centro-nord,TOTEXP,Totale spesa (euro),DNISC,Sezioni primavera,MMETP,Comunale a gestione affidata a terzi,2023,5484026,,,FILTER_ATS,Filter,,,,,,,,,,,,,,
A,Annuale,ITCDE,Centro-nord,TOTEXP,Totale spesa (euro),DNISC,Sezioni primavera,PRPM,Privata con riserva di posti da parte del comune,2023,2676050,,,FILTER_ATS,Filter,,,,,,,,,,,,,,
A,Annuale,ITCDE,Centro-nord,TOTEXP,Totale spesa (euro),DNISC,Sezioni primavera,PCM,Privata senza riserva di posti da parte del comune,2023,5373358,,,FILTER_ATS,Filter,,,,,,,,,,,,,,
A,Annuale,ITCDE,Centro-nord,TOTEXP,Totale spesa (euro),DNISC,Sezioni primavera,CFPPS,Contributi alle famiglie per servizi privati o pubblici,2023,768449,,,FILTER_ATS,Filter,,,,,,,,,,,,,,
A,Annuale,ITCDE,Centro-nord,TOTEXP,Totale spesa (euro),DNISC,Sezioni primavera,ALL,Tutte le voci,2023,36795259,,,FILTER_ATS,Filter,,,,,,,,,,,,,,
A,Annuale,ITCDE,Centro-nord,TOTEXP,Totale spesa (euro),ISERIDC,Servizi integrativi per la prima infanzia,MDO,Comunale a gestione diretta,2023,9203267,,,FILTER_ATS,Filter,,,,,,,,,,,,,,
A,Annuale,ITCDE,Centro-nord,TOTEXP,Totale spesa (euro),ISERIDC,Servizi integrativi per la prima infanzia,MMETP,Comunale a gestione affidata a terzi,2023,5639003,,,FILTER_ATS,Filter,,,,,,,,,,,,,,
A,Annuale,ITCDE,Centro-nord,TOTEXP,Totale spesa (euro),ISERIDC,Servizi integrativi per la prima infanzia,PRPM,Privata con riserva di posti da parte del comune,2023,9141986,,,FILTER_ATS,Filter,,,,,,,,,,,,,,
A,Annuale,ITCDE,Centro-nord,TOTEXP,Totale spesa (euro),ISERIDC,Servizi integrativi per la prima infanzia,PCM,Privata senza riserva di posti da parte del comune,2023,1299046,,,FILTER_ATS,Filter,,,,,,,,,,,,,,
A,Annuale,ITCDE,Centro-nord,TOTEXP,Totale spesa (euro),ISERIDC,Servizi integrativi per la prima infanzia,CFPPS,Contributi alle famiglie per servizi privati o pubblici,2023,3732975,,,FILTER_ATS,Filter,,,,,,,,,,,,,,
A,Annuale,ITCDE,Centro-nord,TOTEXP,Totale spesa (euro),ISERIDC,Servizi integrativi per la prima infanzia,ALL,Tutte le voci,2023,29016277,,,FILTER_ATS,Filter,,,,,,,,,,,,,,
A,Annuale,ITCDE,Centro-nord,TOTEXP,Totale spesa (euro),ALL,Tutte le voci,MDO,Comunale a gestione diretta,2023,889115989,,,FILTER_ATS,Filter,,,,,,,,,,,,,,
A,Annuale,ITCDE,Centro-nord,TOTEXP,Totale spesa (euro),ALL,Tutte le voci,MMETP,Comunale a gestione affidata a terzi,2023,415123222,,,FILTER_ATS,Filter,,,,,,,,,,,,,,
A,Annuale,ITCDE,Centro-nord,TOTEXP,Totale spesa (euro),ALL,Tutte le voci,PRPM,Privata con riserva di posti da parte del comune,2023,125665527,,,FILTER_ATS,Filter,,,,,,,,,,,,,,
A,Annuale,ITCDE,Centro-nord,TOTEXP,Totale spesa (euro),ALL,Tutte le voci,PCM,Privata senza riserva di posti da parte del comune,2023,21838514,,,FILTER_ATS,Filter,,,,,,,,,,,,,,
A,Annuale,ITCDE,Centro-nord,TOTEXP,Totale spesa (euro),ALL,Tutte le voci,CFPPS,Contributi alle famiglie per servizi privati o pubblici,2023,44820637,,,FILTER_ATS,Filter,,,,,,,,,,,,,,
A,Annuale,ITCDE,Centro-nord,TOTEXP,Totale spesa (euro),ALL,Tutte le voci,ALL,Tutte le voci,2023,1496563889,,,FILTER_ATS,Filter,,,,,,,,,,,,,,
A,Annuale,ITCDE,Centro-nord,EXPMUN,Spesa dei comuni (euro),DNUR,Nidi e sezioni primavera,MDO,Comunale a gestione diretta,2023,703150018,,,FILTER_ATS,Filter,,,,,,,,,,,,,,
A,Annuale,ITCDE,Centro-nord,EXPMUN,Spesa dei comuni (euro),DNUR,Nidi e sezioni primavera,MMETP,Comunale a gestione affidata a terzi,2023,303507075,,,FILTER_ATS,Filter,,,,,,,,,,,,,,
A,Annuale,ITCDE,Centro-nord,EXPMUN,Spesa dei comuni (euro),DNUR,Nidi e sezioni primavera,PRPM,Privata con riserva di posti da parte del comune,2023,95745947,,,FILTER_ATS,Filter,,,,,,,,,,,,,,
A,Annuale,ITCDE,Centro-nord,EXPMUN,Spesa dei comuni (euro),DNUR,Nidi e sezioni primavera,PCM,Privata senza riserva di posti da parte del comune,2023,20539468,,,FILTER_ATS,Filter,,,,,,,,,,,,,,
A,Annuale,ITCDE,Centro-nord,EXPMUN,Spesa dei comuni (euro),DNUR,Nidi e sezioni primavera,CFPPS,Contributi alle famiglie per servizi privati o pubblici,2023,41087662,,,FILTER_ATS,Filter,,,,,,,,,,,,,,
A,Annuale,ITCDE,Centro-nord,EXPMUN,Spesa dei comuni (euro),DNUR,Nidi e sezioni primavera,ALL,Tutte le voci,2023,1164030170,,,FILTER_ATS,Filter,,,,,,,,,,,,,,
A,Annuale,ITCDE,Centro-nord,EXPMUN,Spesa dei comuni (euro),CDNUR,Nidi,MDO,Comunale a gestione diretta,2023,685267297,,,FILTER_ATS,Filter,,,,,,,,,,,,,,
A,Annuale,ITCDE,Centro-nord,EXPMUN,Spesa dei comuni (euro),CDNUR,Nidi,MMETP,Comunale a gestione affidata a terzi,2023,299381725,,,FILTER_ATS,Filter,,,,,,,,,,,,,,
A,Annuale,ITCDE,Centro-nord,EXPMUN,Spesa dei comuni (euro),CDNUR,Nidi,PRPM,Privata con riserva di posti da parte del comune,2023,93296404,,,FILTER_ATS,Filter,,,,,,,,,,,,,,
A,Annuale,ITCDE,Centro-nord,EXPMUN,Spesa dei comuni (euro),CDNUR,Nidi,PCM,Privata senza riserva di posti da parte del comune,2023,15166110,,,FILTER_ATS,Filter,,,,,,,,,,,,,,
A,Annuale,ITCDE,Centro-nord,EXPMUN,Spesa dei comuni (euro),CDNUR,Nidi,CFPPS,Contributi alle famiglie per servizi privati o pubblici,2023,40319213,,,FILTER_ATS,Filter,,,,,,,,,,,,,,
A,Annuale,ITCDE,Centro-nord,EXPMUN,Spesa dei comuni (euro),CDNUR,Nidi,ALL,Tutte le voci,2023,1133430749,,,FILTER_ATS,Filter,,,,,,,,,,,,,,
A,Annuale,ITCDE,Centro-nord,EXPMUN,Spesa dei comuni (euro),DNISC,Sezioni primavera,MDO,Comunale a gestione diretta,2023,17882721,,,FILTER_ATS,Filter,,,,,,,,,,,,,,
A,Annuale,ITCDE,Centro-nord,EXPMUN,Spesa dei comuni (euro),DNISC,Sezioni primavera,MMETP,Comunale a gestione affidata a terzi,2023,4125350,,,FILTER_ATS,Filter,,,,,,,,,,,,,,
A,Annuale,ITCDE,Centro-nord,EXPMUN,Spesa dei comuni (euro),DNISC,Sezioni primavera,PRPM,Privata con riserva di posti da parte del comune,2023,2449543,,,FILTER_ATS,Filter,,,,,,,,,,,,,,
A,Annuale,ITCDE,Centro-nord,EXPMUN,Spesa dei comuni (euro),DNISC,Sezioni primavera,PCM,Privata senza riserva di posti da parte del comune,2023,5373358,,,FILTER_ATS,Filter,,,,,,,,,,,,,,
A,Annuale,ITCDE,Centro-nord,EXPMUN,Spesa dei comuni (euro),DNISC,Sezioni primavera,CFPPS,Contributi alle famiglie per servizi privati o pubblici,2023,768449,,,FILTER_ATS,Filter,,,,,,,,,,,,,,
A,Annuale,ITCDE,Centro-nord,EXPMUN,Spesa dei comuni (euro),DNISC,Sezioni primavera,ALL,Tutte le voci,2023,30599421,,,FILTER_ATS,Filter,,,,,,,,,,,,,,
A,Annuale,ITCDE,Centro-nord,EXPMUN,Spesa dei comuni (euro),ISERIDC,Servizi integrativi per la prima infanzia,MDO,Comunale a gestione diretta,2023,8190312,,,FILTER_ATS,Filter,,,,,,,,,,,,,,
A,Annuale,ITCDE,Centro-nord,EXPMUN,Spesa dei comuni (euro),ISERIDC,Servizi integrativi per la prima infanzia,MMETP,Comunale a gestione affidata a terzi,2023,4376350,,,FILTER_ATS,Filter,,,,,,,,,,,,,,
A,Annuale,ITCDE,Centro-nord,EXPMUN,Spesa dei comuni (euro),ISERIDC,Servizi integrativi per la prima infanzia,PRPM,Privata con riserva di posti da parte del comune,2023,8986831,,,FILTER_ATS,Filter,,,,,,,,,,,,,,
A,Annuale,ITCDE,Centro-nord,EXPMUN,Spesa dei comuni (euro),ISERIDC,Servizi integrativi per la prima infanzia,PCM,Privata senza riserva di posti da parte del comune,2023,1299046,,,FILTER_ATS,Filter,,,,,,,,,,,,,,
A,Annuale,ITCDE,Centro-nord,EXPMUN,Spesa dei comuni (euro),ISERIDC,Servizi integrativi per la prima infanzia,CFPPS,Contributi alle famiglie per servizi privati o pubblici,2023,3732975,,,FILTER_ATS,Filter,,,,,,,,,,,,,,
A,Annuale,ITCDE,Centro-nord,EXPMUN,Spesa dei comuni (euro),ISERIDC,Servizi integrativi per la prima infanzia,ALL,Tutte le voci,2023,26585514,,,FILTER_ATS,Filter,,,,,,,,,,,,,,
A,Annuale,ITCDE,Centro-nord,EXPMUN,Spesa dei comuni (euro),ALL,Tutte le voci,MDO,Comunale a gestione diretta,2023,711340330,,,FILTER_ATS,Filter,,,,,,,,,,,,,,
A,Annuale,ITCDE,Centro-nord,EXPMUN,Spesa dei comuni (euro),ALL,Tutte le voci,MMETP,Comunale a gestione affidata a terzi,2023,307883425,,,FILTER_ATS,Filter,,,,,,,,,,,,,,
A,Annuale,ITCDE,Centro-nord,EXPMUN,Spesa dei comuni (euro),ALL,Tutte le voci,PRPM,Privata con riserva di posti da parte del comune,2023,104732778,,,FILTER_ATS,Filter,,,,,,,,,,,,,,
A,Annuale,ITCDE,Centro-nord,EXPMUN,Spesa dei comuni (euro),ALL,Tutte le voci,PCM,Privata senza riserva di posti da parte del comune,2023,21838514,,,FILTER_ATS,Filter,,,,,,,,,,,,,,
A,Annuale,ITCDE,Centro-nord,EXPMUN,Spesa dei comuni (euro),ALL,Tutte le voci,CFPPS,Contributi alle famiglie per servizi privati o pubblici,2023,44820637,,,FILTER_ATS,Filter,,,,,,,,,,,,,,
A,Annuale,ITCDE,Centro-nord,EXPMUN,Spesa dei comuni (euro),ALL,Tutte le voci,ALL,Tutte le voci,2023,1190615684,,,FILTER_ATS,Filter,,,,,,,,,,,,,,
A,Annuale,ITCDE,Centro-nord,EXPUSERS,Compartecipazione degli utenti alla spesa totale (euro),DNUR,Nidi e sezioni primavera,MDO,Comunale a gestione diretta,2023,176762704,,,FILTER_ATS,Filter,,,,,,,,,,,,,,
A,Annuale,ITCDE,Centro-nord,EXPUSERS,Compartecipazione degli utenti alla spesa totale (euro),DNUR,Nidi e sezioni primavera,MMETP,Comunale a gestione affidata a terzi,2023,105977144,,,FILTER_ATS,Filter,,,,,,,,,,,,,,
A,Annuale,ITCDE,Centro-nord,EXPUSERS,Compartecipazione degli utenti alla spesa totale (euro),DNUR,Nidi e sezioni primavera,PRPM,Privata con riserva di posti da parte del comune,2023,20777594,,,FILTER_ATS,Filter,,,,,,,,,,,,,,
A,Annuale,ITCDE,Centro-nord,EXPUSERS,Compartecipazione degli utenti alla spesa totale (euro),DNUR,Nidi e sezioni primavera,ALL,Tutte le voci,2023,303517442,,,FILTER_ATS,Filter,,,,,,,,,,,,,,
A,Annuale,ITCDE,Centro-nord,EXPUSERS,Compartecipazione degli utenti alla spesa totale (euro),CDNUR,Nidi,MDO,Comunale a gestione diretta,2023,172152049,,,FILTER_ATS,Filter,,,,,,,,,,,,,,
A,Annuale,ITCDE,Centro-nord,EXPUSERS,Compartecipazione degli utenti alla spesa totale (euro),CDNUR,Nidi,MMETP,Comunale a gestione affidata a terzi,2023,104618468,,,FILTER_ATS,Filter,,,,,,,,,,,,,,
A,Annuale,ITCDE,Centro-nord,EXPUSERS,Compartecipazione degli utenti alla spesa totale (euro),CDNUR,Nidi,PRPM,Privata con riserva di posti da parte del comune,2023,20551087,,,FILTER_ATS,Filter,,,,,,,,,,,,,,
A,Annuale,ITCDE,Centro-nord,EXPUSERS,Compartecipazione degli utenti alla spesa totale (euro),CDNUR,Nidi,ALL,Tutte le voci,2023,297321604,,,FILTER_ATS,Filter,,,,,,,,,,,,,,
A,Annuale,ITCDE,Centro-nord,EXPUSERS,Compartecipazione degli utenti alla spesa totale (euro),DNISC,Sezioni primavera,MDO,Comunale a gestione diretta,2023,4610655,,,FILTER_ATS,Filter,,,,,,,,,,,,,,
A,Annuale,ITCDE,Centro-nord,EXPUSERS,Compartecipazione degli utenti alla spesa totale (euro),DNISC,Sezioni primavera,MMETP,Comunale a gestione affidata a terzi,2023,1358676,,,FILTER_ATS,Filter,,,,,,,,,,,,,,
A,Annuale,ITCDE,Centro-nord,EXPUSERS,Compartecipazione degli utenti alla spesa totale (euro),DNISC,Sezioni primavera,PRPM,Privata con riserva di posti da parte del comune,2023,226507,,,FILTER_ATS,Filter,,,,,,,,,,,,,,
A,Annuale,ITCDE,Centro-nord,EXPUSERS,Compartecipazione degli utenti alla spesa totale (euro),DNISC,Sezioni primavera,ALL,Tutte le voci,2023,6195838,,,FILTER_ATS,Filter,,,,,,,,,,,,,,
A,Annuale,ITCDE,Centro-nord,EXPUSERS,Compartecipazione degli utenti alla spesa totale (euro),ISERIDC,Servizi integrativi per la prima infanzia,MDO,Comunale a gestione diretta,2023,1012955,,,FILTER_ATS,Filter,,,,,,,,,,,,,,
A,Annuale,ITCDE,Centro-nord,EXPUSERS,Compartecipazione degli utenti alla spesa totale (euro),ISERIDC,Servizi integrativi per la prima infanzia,MMETP,Comunale a gestione affidata a terzi,2023,1262653,,,FILTER_ATS,Filter,,,,,,,,,,,,,,
A,Annuale,ITCDE,Centro-nord,EXPUSERS,Compartecipazione degli utenti alla spesa totale (euro),ISERIDC,Servizi integrativi per la prima infanzia,PRPM,Privata con riserva di posti da parte del comune,2023,155155,,,FILTER_ATS,Filter,,,,,,,,,,,,,,
A,Annuale,ITCDE,Centro-nord,EXPUSERS,Compartecipazione degli utenti alla spesa totale (euro),ISERIDC,Servizi integrativi per la prima infanzia,ALL,Tutte le voci,2023,2430763,,,FILTER_ATS,Filter,,,,,,,,,,,,,,
A,Annuale,ITCDE,Centro-nord,EXPUSERS,Compartecipazione degli utenti alla spesa totale (euro),ALL,Tutte le voci,MDO,Comunale a gestione diretta,2023,177775659,,,FILTER_ATS,Filter,,,,,,,,,,,,,,
A,Annuale,ITCDE,Centro-nord,EXPUSERS,Compartecipazione degli utenti alla spesa totale (euro),ALL,Tutte le voci,MMETP,Comunale a gestione affidata a terzi,2023,107239797,,,FILTER_ATS,Filter,,,,,,,,,,,,,,
A,Annuale,ITCDE,Centro-nord,EXPUSERS,Compartecipazione degli utenti alla spesa totale (euro),ALL,Tutte le voci,PRPM,Privata con riserva di posti da parte del comune,2023,20932749,,,FILTER_ATS,Filter,,,,,,,,,,,,,,
A,Annuale,ITCDE,Centro-nord,EXPUSERS,Compartecipazione degli utenti alla spesa totale (euro),ALL,Tutte le voci,ALL,Tutte le voci,2023,305948205,,,FILTER_ATS,Filter,,,,,,,,,,,,,,
A,Annuale,ITCDE,Centro-nord,PEREXPPU,Spesa sostenuta dagli utenti sulla spesa totale (percentuale),DNUR,Nidi e sezioni primavera,MDO,Comunale a gestione diretta,2023,20.1,,,FILTER_ATS,Filter,,,,,,,,,,,,,,
A,Annuale,ITCDE,Centro-nord,PEREXPPU,Spesa sostenuta dagli utenti sulla spesa totale (percentuale),DNUR,Nidi e sezioni primavera,MMETP,Comunale a gestione affidata a terzi,2023,25.9,,,FILTER_ATS,Filter,,,,,,,,,,,,,,
A,Annuale,ITCDE,Centro-nord,PEREXPPU,Spesa sostenuta dagli utenti sulla spesa totale (percentuale),DNUR,Nidi e sezioni primavera,PRPM,Privata con riserva di posti da parte del comune,2023,17.8,,,FILTER_ATS,Filter,,,,,,,,,,,,,,
A,Annuale,ITCDE,Centro-nord,PEREXPPU,Spesa sostenuta dagli utenti sulla spesa totale (percentuale),DNUR,Nidi e sezioni primavera,ALL,Tutte le voci,2023,20.7,,,FILTER_ATS,Filter,,,,,,,,,,,,,,
A,Annuale,ITCDE,Centro-nord,PEREXPPU,Spesa sostenuta dagli utenti sulla spesa totale (percentuale),CDNUR,Nidi,MDO,Comunale a gestione diretta,2023,20.1,,,FILTER_ATS,Filter,,,,,,,,,,,,,,
A,Annuale,ITCDE,Centro-nord,PEREXPPU,Spesa sostenuta dagli utenti sulla spesa totale (percentuale),CDNUR,Nidi,MMETP,Comunale a gestione affidata a terzi,2023,25.9,,,FILTER_ATS,Filter,,,,,,,,,,,,,,
A,Annuale,ITCDE,Centro-nord,PEREXPPU,Spesa sostenuta dagli utenti sulla spesa totale (percentuale),CDNUR,Nidi,PRPM,Privata con riserva di posti da parte del comune,2023,18.1,,,FILTER_ATS,Filter,,,,,,,,,,,,,,
A,Annuale,ITCDE,Centro-nord,PEREXPPU,Spesa sostenuta dagli utenti sulla spesa totale (percentuale),CDNUR,Nidi,ALL,Tutte le voci,2023,20.8,,,FILTER_ATS,Filter,,,,,,,,,,,,,,
A,Annuale,ITCDE,Centro-nord,PEREXPPU,Spesa sostenuta dagli utenti sulla spesa totale (percentuale),DNISC,Sezioni primavera,MDO,Comunale a gestione diretta,2023,20.5,,,FILTER_ATS,Filter,,,,,,,,,,,,,,
A,Annuale,ITCDE,Centro-nord,PEREXPPU,Spesa sostenuta dagli utenti sulla spesa totale (percentuale),DNISC,Sezioni primavera,MMETP,Comunale a gestione affidata a terzi,2023,24.8,,,FILTER_ATS,Filter,,,,,,,,,,,,,,
A,Annuale,ITCDE,Centro-nord,PEREXPPU,Spesa sostenuta dagli utenti sulla spesa totale (percentuale),DNISC,Sezioni primavera,PRPM,Privata con riserva di posti da parte del comune,2023,8.5,,,FILTER_ATS,Filter,,,,,,,,,,,,,,
A,Annuale,ITCDE,Centro-nord,PEREXPPU,Spesa sostenuta dagli utenti sulla spesa totale (percentuale),DNISC,Sezioni primavera,ALL,Tutte le voci,2023,16.8,,,FILTER_ATS,Filter,,,,,,,,,,,,,,
A,Annuale,ITCDE,Centro-nord,PEREXPPU,Spesa sostenuta dagli utenti sulla spesa totale (percentuale),ISERIDC,Servizi integrativi per la prima infanzia,MDO,Comunale a gestione diretta,2023,11,,,FILTER_ATS,Filter,,,,,,,,,,,,,,
A,Annuale,ITCDE,Centro-nord,PEREXPPU,Spesa sostenuta dagli utenti sulla spesa totale (percentuale),ISERIDC,Servizi integrativi per la prima infanzia,MMETP,Comunale a gestione affidata a terzi,2023,22.4,,,FILTER_ATS,Filter,,,,,,,,,,,,,,
A,Annuale,ITCDE,Centro-nord,PEREXPPU,Spesa sostenuta dagli utenti sulla spesa totale (percentuale),ISERIDC,Servizi integrativi per la prima infanzia,PRPM,Privata con riserva di posti da parte del comune,2023,1.7,,,FILTER_ATS,Filter,,,,,,,,,,,,,,
A,Annuale,ITCDE,Centro-nord,PEREXPPU,Spesa sostenuta dagli utenti sulla spesa totale (percentuale),ISERIDC,Servizi integrativi per la prima infanzia,ALL,Tutte le voci,2023,8.4,,,FILTER_ATS,Filter,,,,,,,,,,,,,,
A,Annuale,ITCDE,Centro-nord,PEREXPPU,Spesa sostenuta dagli utenti sulla spesa totale (percentuale),ALL,Tutte le voci,MDO,Comunale a gestione diretta,2023,20,,,FILTER_ATS,Filter,,,,,,,,,,,,,,
A,Annuale,ITCDE,Centro-nord,PEREXPPU,Spesa sostenuta dagli utenti sulla spesa totale (percentuale),ALL,Tutte le voci,MMETP,Comunale a gestione affidata a terzi,2023,25.8,,,FILTER_ATS,Filter,,,,,,,,,,,,,,
A,Annuale,ITCDE,Centro-nord,PEREXPPU,Spesa sostenuta dagli utenti sulla spesa totale (percentuale),ALL,Tutte le voci,PRPM,Privata con riserva di posti da parte del comune,2023,16.7,,,FILTER_ATS,Filter,,,,,,,,,,,,,,
A,Annuale,ITCDE,Centro-nord,PEREXPPU,Spesa sostenuta dagli utenti sulla spesa totale (percentuale),ALL,Tutte le voci,ALL,Tutte le voci,2023,20.4,,,FILTER_ATS,Filter,,,,,,,,,,,,,,
A,Annuale,ITCD,Nord,USSSPM,Utenti,DNUR,Nidi e sezioni primavera,MDO,Comunale a gestione diretta,2023,48194,,,FILTER_ATS,Filter,,,,,,,,,,,,,,
A,Annuale,ITCD,Nord,USSSPM,Utenti,DNUR,Nidi e sezioni primavera,MMETP,Comunale a gestione affidata a terzi,2023,38868,,,FILTER_ATS,Filter,,,,,,,,,,,,,,
A,Annuale,ITCD,Nord,USSSPM,Utenti,DNUR,Nidi e sezioni primavera,PRPM,Privata con riserva di posti da parte del comune,2023,15935,,,FILTER_ATS,Filter,,,,,,,,,,,,,,
A,Annuale,ITCD,Nord,USSSPM,Utenti,DNUR,Nidi e sezioni primavera,CFPPS,Contributi alle famiglie per servizi privati o pubblici,2023,14079,,,FILTER_ATS,Filter,,,,,,,,,,,,,,
A,Annuale,ITCD,Nord,USSSPM,Utenti,DNUR,Nidi e sezioni primavera,ALL,Tutte le voci,2023,117076,,,FILTER_ATS,Filter,,,,,,,,,,,,,,
A,Annuale,ITCD,Nord,USSSPM,Utenti,CDNUR,Nidi,MDO,Comunale a gestione diretta,2023,46643,,,FILTER_ATS,Filter,,,,,,,,,,,,,,
A,Annuale,ITCD,Nord,USSSPM,Utenti,CDNUR,Nidi,MMETP,Comunale a gestione affidata a terzi,2023,38197,,,FILTER_ATS,Filter,,,,,,,,,,,,,,
A,Annuale,ITCD,Nord,USSSPM,Utenti,CDNUR,Nidi,PRPM,Privata con riserva di posti da parte del comune,2023,13820,,,FILTER_ATS,Filter,,,,,,,,,,,,,,
A,Annuale,ITCD,Nord,USSSPM,Utenti,CDNUR,Nidi,CFPPS,Contributi alle famiglie per servizi privati o pubblici,2023,13198,,,FILTER_ATS,Filter,,,,,,,,,,,,,,
A,Annuale,ITCD,Nord,USSSPM,Utenti,CDNUR,Nidi,ALL,Tutte le voci,2023,111858,,,FILTER_ATS,Filter,,,,,,,,,,,,,,
A,Annuale,ITCD,Nord,USSSPM,Utenti,DNISC,Sezioni primavera,MDO,Comunale a gestione diretta,2023,1551,,,FILTER_ATS,Filter,,,,,,,,,,,,,,
A,Annuale,ITCD,Nord,USSSPM,Utenti,DNISC,Sezioni primavera,MMETP,Comunale a gestione affidata a terzi,2023,671,,,FILTER_ATS,Filter,,,,,,,,,,,,,,
A,Annuale,ITCD,Nord,USSSPM,Utenti,DNISC,Sezioni primavera,PRPM,Privata con riserva di posti da parte del comune,2023,2115,,,FILTER_ATS,Filter,,,,,,,,,,,,,,
A,Annuale,ITCD,Nord,USSSPM,Utenti,DNISC,Sezioni primavera,CFPPS,Contributi alle famiglie per servizi privati o pubblici,2023,881,,,FILTER_ATS,Filter,,,,,,,,,,,,,,
A,Annuale,ITCD,Nord,USSSPM,Utenti,DNISC,Sezioni primavera,ALL,Tutte le voci,2023,5218,,,FILTER_ATS,Filter,,,,,,,,,,,,,,
A,Annuale,ITCD,Nord,USSSPM,Utenti,ISERIDC,Servizi integrativi per la prima infanzia,MDO,Comunale a gestione diretta,2023,1558,,,FILTER_ATS,Filter,,,,,,,,,,,,,,
A,Annuale,ITCD,Nord,USSSPM,Utenti,ISERIDC,Servizi integrativi per la prima infanzia,MMETP,Comunale a gestione affidata a terzi,2023,1716,,,FILTER_ATS,Filter,,,,,,,,,,,,,,
A,Annuale,ITCD,Nord,USSSPM,Utenti,ISERIDC,Servizi integrativi per la prima infanzia,PRPM,Privata con riserva di posti da parte del comune,2023,1450,,,FILTER_ATS,Filter,,,,,,,,,,,,,,
A,Annuale,ITCD,Nord,USSSPM,Utenti,ISERIDC,Servizi integrativi per la prima infanzia,CFPPS,Contributi alle famiglie per servizi privati o pubblici,2023,1569,,,FILTER_ATS,Filter,,,,,,,,,,,,,,
A,Annuale,ITCD,Nord,USSSPM,Utenti,ISERIDC,Servizi integrativi per la prima infanzia,ALL,Tutte le voci,2023,6293,,,FILTER_ATS,Filter,,,,,,,,,,,,,,
A,Annuale,ITCD,Nord,USSSPM,Utenti,ALL,Tutte le voci,MDO,Comunale a gestione diretta,2023,49752,,,FILTER_ATS,Filter,,,,,,,,,,,,,,
A,Annuale,ITCD,Nord,USSSPM,Utenti,ALL,Tutte le voci,MMETP,Comunale a gestione affidata a terzi,2023,40584,,,FILTER_ATS,Filter,,,,,,,,,,,,,,
A,Annuale,ITCD,Nord,USSSPM,Utenti,ALL,Tutte le voci,PRPM,Privata con riserva di posti da parte del comune,2023,17385,,,FILTER_ATS,Filter,,,,,,,,,,,,,,
A,Annuale,ITCD,Nord,USSSPM,Utenti,ALL,Tutte le voci,CFPPS,Contributi alle famiglie per servizi privati o pubblici,2023,15648,,,FILTER_ATS,Filter,,,,,,,,,,,,,,
A,Annuale,ITCD,Nord,USSSPM,Utenti,ALL,Tutte le voci,ALL,Tutte le voci,2023,123369,,,FILTER_ATS,Filter,,,,,,,,,,,,,,
A,Annuale,ITCD,Nord,TOTEXP,Totale spesa (euro),DNUR,Nidi e sezioni primavera,MDO,Comunale a gestione diretta,2023,572646111,,,FILTER_ATS,Filter,,,,,,,,,,,,,,
A,Annuale,ITCD,Nord,TOTEXP,Totale spesa (euro),DNUR,Nidi e sezioni primavera,MMETP,Comunale a gestione affidata a terzi,2023,297293566,,,FILTER_ATS,Filter,,,,,,,,,,,,,,
A,Annuale,ITCD,Nord,TOTEXP,Totale spesa (euro),DNUR,Nidi e sezioni primavera,PRPM,Privata con riserva di posti da parte del comune,2023,54627759,,,FILTER_ATS,Filter,,,,,,,,,,,,,,
A,Annuale,ITCD,Nord,TOTEXP,Totale spesa (euro),DNUR,Nidi e sezioni primavera,PCM,Privata senza riserva di posti da parte del comune,2023,17962632,,,FILTER_ATS,Filter,,,,,,,,,,,,,,
A,Annuale,ITCD,Nord,TOTEXP,Totale spesa (euro),DNUR,Nidi e sezioni primavera,CFPPS,Contributi alle famiglie per servizi privati o pubblici,2023,32303570,,,FILTER_ATS,Filter,,,,,,,,,,,,,,
A,Annuale,ITCD,Nord,TOTEXP,Totale spesa (euro),DNUR,Nidi e sezioni primavera,ALL,Tutte le voci,2023,974833638,,,FILTER_ATS,Filter,,,,,,,,,,,,,,
A,Annuale,ITCD,Nord,TOTEXP,Totale spesa (euro),CDNUR,Nidi,MDO,Comunale a gestione diretta,2023,557343326,,,FILTER_ATS,Filter,,,,,,,,,,,,,,
A,Annuale,ITCD,Nord,TOTEXP,Totale spesa (euro),CDNUR,Nidi,MMETP,Comunale a gestione affidata a terzi,2023,293258219,,,FILTER_ATS,Filter,,,,,,,,,,,,,,
A,Annuale,ITCD,Nord,TOTEXP,Totale spesa (euro),CDNUR,Nidi,PRPM,Privata con riserva di posti da parte del comune,2023,51957432,,,FILTER_ATS,Filter,,,,,,,,,,,,,,
A,Annuale,ITCD,Nord,TOTEXP,Totale spesa (euro),CDNUR,Nidi,PCM,Privata senza riserva di posti da parte del comune,2023,12662039,,,FILTER_ATS,Filter,,,,,,,,,,,,,,
A,Annuale,ITCD,Nord,TOTEXP,Totale spesa (euro),CDNUR,Nidi,CFPPS,Contributi alle famiglie per servizi privati o pubblici,2023,31557902,,,FILTER_ATS,Filter,,,,,,,,,,,,,,
A,Annuale,ITCD,Nord,TOTEXP,Totale spesa (euro),CDNUR,Nidi,ALL,Tutte le voci,2023,946778918,,,FILTER_ATS,Filter,,,,,,,,,,,,,,
A,Annuale,ITCD,Nord,TOTEXP,Totale spesa (euro),DNISC,Sezioni primavera,MDO,Comunale a gestione diretta,2023,15302785,,,FILTER_ATS,Filter,,,,,,,,,,,,,,
A,Annuale,ITCD,Nord,TOTEXP,Totale spesa (euro),DNISC,Sezioni primavera,MMETP,Comunale a gestione affidata a terzi,2023,4035347,,,FILTER_ATS,Filter,,,,,,,,,,,,,,
A,Annuale,ITCD,Nord,TOTEXP,Totale spesa (euro),DNISC,Sezioni primavera,PRPM,Privata con riserva di posti da parte del comune,2023,2670327,,,FILTER_ATS,Filter,,,,,,,,,,,,,,
A,Annuale,ITCD,Nord,TOTEXP,Totale spesa (euro),DNISC,Sezioni primavera,PCM,Privata senza riserva di posti da parte del comune,2023,5300593,,,FILTER_ATS,Filter,,,,,,,,,,,,,,
A,Annuale,ITCD,Nord,TOTEXP,Totale spesa (euro),DNISC,Sezioni primavera,CFPPS,Contributi alle famiglie per servizi privati o pubblici,2023,745668,,,FILTER_ATS,Filter,,,,,,,,,,,,,,
A,Annuale,ITCD,Nord,TOTEXP,Totale spesa (euro),DNISC,Sezioni primavera,ALL,Tutte le voci,2023,28054720,,,FILTER_ATS,Filter,,,,,,,,,,,,,,
A,Annuale,ITCD,Nord,TOTEXP,Totale spesa (euro),ISERIDC,Servizi integrativi per la prima infanzia,MDO,Comunale a gestione diretta,2023,6728644,,,FILTER_ATS,Filter,,,,,,,,,,,,,,
A,Annuale,ITCD,Nord,TOTEXP,Totale spesa (euro),ISERIDC,Servizi integrativi per la prima infanzia,MMETP,Comunale a gestione affidata a terzi,2023,3751257,,,FILTER_ATS,Filter,,,,,,,,,,,,,,
A,Annuale,ITCD,Nord,TOTEXP,Totale spesa (euro),ISERIDC,Servizi integrativi per la prima infanzia,PRPM,Privata con riserva di posti da parte del comune,2023,9083320,,,FILTER_ATS,Filter,,,,,,,,,,,,,,
A,Annuale,ITCD,Nord,TOTEXP,Totale spesa (euro),ISERIDC,Servizi integrativi per la prima infanzia,PCM,Privata senza riserva di posti da parte del comune,2023,1242571,,,FILTER_ATS,Filter,,,,,,,,,,,,,,
A,Annuale,ITCD,Nord,TOTEXP,Totale spesa (euro),ISERIDC,Servizi integrativi per la prima infanzia,CFPPS,Contributi alle famiglie per servizi privati o pubblici,2023,3562036,,,FILTER_ATS,Filter,,,,,,,,,,,,,,
A,Annuale,ITCD,Nord,TOTEXP,Totale spesa (euro),ISERIDC,Servizi integrativi per la prima infanzia,ALL,Tutte le voci,2023,24367828,,,FILTER_ATS,Filter,,,,,,,,,,,,,,
A,Annuale,ITCD,Nord,TOTEXP,Totale spesa (euro),ALL,Tutte le voci,MDO,Comunale a gestione diretta,2023,579374755,,,FILTER_ATS,Filter,,,,,,,,,,,,,,
A,Annuale,ITCD,Nord,TOTEXP,Totale spesa (euro),ALL,Tutte le voci,MMETP,Comunale a gestione affidata a terzi,2023,301044823,,,FILTER_ATS,Filter,,,,,,,,,,,,,,
A,Annuale,ITCD,Nord,TOTEXP,Totale spesa (euro),ALL,Tutte le voci,PRPM,Privata con riserva di posti da parte del comune,2023,63711079,,,FILTER_ATS,Filter,,,,,,,,,,,,,,
A,Annuale,ITCD,Nord,TOTEXP,Totale spesa (euro),ALL,Tutte le voci,PCM,Privata senza riserva di posti da parte del comune,2023,19205203,,,FILTER_ATS,Filter,,,,,,,,,,,,,,
A,Annuale,ITCD,Nord,TOTEXP,Totale spesa (euro),ALL,Tutte le voci,CFPPS,Contributi alle famiglie per servizi privati o pubblici,2023,35865606,,,FILTER_ATS,Filter,,,,,,,,,,,,,,
A,Annuale,ITCD,Nord,TOTEXP,Totale spesa (euro),ALL,Tutte le voci,ALL,Tutte le voci,2023,999201466,,,FILTER_ATS,Filter,,,,,,,,,,,,,,
A,Annuale,ITCD,Nord,EXPMUN,Spesa dei comuni (euro),DNUR,Nidi e sezioni primavera,MDO,Comunale a gestione diretta,2023,447371014,,,FILTER_ATS,Filter,,,,,,,,,,,,,,
A,Annuale,ITCD,Nord,EXPMUN,Spesa dei comuni (euro),DNUR,Nidi e sezioni primavera,MMETP,Comunale a gestione affidata a terzi,2023,219904763,,,FILTER_ATS,Filter,,,,,,,,,,,,,,
A,Annuale,ITCD,Nord,EXPMUN,Spesa dei comuni (euro),DNUR,Nidi e sezioni primavera,PRPM,Privata con riserva di posti da parte del comune,2023,45205561,,,FILTER_ATS,Filter,,,,,,,,,,,,,,
A,Annuale,ITCD,Nord,EXPMUN,Spesa dei comuni (euro),DNUR,Nidi e sezioni primavera,PCM,Privata senza riserva di posti da parte del comune,2023,17962632,,,FILTER_ATS,Filter,,,,,,,,,,,,,,
A,Annuale,ITCD,Nord,EXPMUN,Spesa dei comuni (euro),DNUR,Nidi e sezioni primavera,CFPPS,Contributi alle famiglie per servizi privati o pubblici,2023,32303570,,,FILTER_ATS,Filter,,,,,,,,,,,,,,
A,Annuale,ITCD,Nord,EXPMUN,Spesa dei comuni (euro),DNUR,Nidi e sezioni primavera,ALL,Tutte le voci,2023,762747540,,,FILTER_ATS,Filter,,,,,,,,,,,,,,
A,Annuale,ITCD,Nord,EXPMUN,Spesa dei comuni (euro),CDNUR,Nidi,MDO,Comunale a gestione diretta,2023,435753836,,,FILTER_ATS,Filter,,,,,,,,,,,,,,
A,Annuale,ITCD,Nord,EXPMUN,Spesa dei comuni (euro),CDNUR,Nidi,MMETP,Comunale a gestione affidata a terzi,2023,216857491,,,FILTER_ATS,Filter,,,,,,,,,,,,,,
A,Annuale,ITCD,Nord,EXPMUN,Spesa dei comuni (euro),CDNUR,Nidi,PRPM,Privata con riserva di posti da parte del comune,2023,42761741,,,FILTER_ATS,Filter,,,,,,,,,,,,,,
A,Annuale,ITCD,Nord,EXPMUN,Spesa dei comuni (euro),CDNUR,Nidi,PCM,Privata senza riserva di posti da parte del comune,2023,12662039,,,FILTER_ATS,Filter,,,,,,,,,,,,,,
A,Annuale,ITCD,Nord,EXPMUN,Spesa dei comuni (euro),CDNUR,Nidi,CFPPS,Contributi alle famiglie per servizi privati o pubblici,2023,31557902,,,FILTER_ATS,Filter,,,,,,,,,,,,,,
A,Annuale,ITCD,Nord,EXPMUN,Spesa dei comuni (euro),CDNUR,Nidi,ALL,Tutte le voci,2023,739593009,,,FILTER_ATS,Filter,,,,,,,,,,,,,,
A,Annuale,ITCD,Nord,EXPMUN,Spesa dei comuni (euro),DNISC,Sezioni primavera,MDO,Comunale a gestione diretta,2023,11617178,,,FILTER_ATS,Filter,,,,,,,,,,,,,,
A,Annuale,ITCD,Nord,EXPMUN,Spesa dei comuni (euro),DNISC,Sezioni primavera,MMETP,Comunale a gestione affidata a terzi,2023,3047272,,,FILTER_ATS,Filter,,,,,,,,,,,,,,
A,Annuale,ITCD,Nord,EXPMUN,Spesa dei comuni (euro),DNISC,Sezioni primavera,PRPM,Privata con riserva di posti da parte del comune,2023,2443820,,,FILTER_ATS,Filter,,,,,,,,,,,,,,
A,Annuale,ITCD,Nord,EXPMUN,Spesa dei comuni (euro),DNISC,Sezioni primavera,PCM,Privata senza riserva di posti da parte del comune,2023,5300593,,,FILTER_ATS,Filter,,,,,,,,,,,,,,
A,Annuale,ITCD,Nord,EXPMUN,Spesa dei comuni (euro),DNISC,Sezioni primavera,CFPPS,Contributi alle famiglie per servizi privati o pubblici,2023,745668,,,FILTER_ATS,Filter,,,,,,,,,,,,,,
A,Annuale,ITCD,Nord,EXPMUN,Spesa dei comuni (euro),DNISC,Sezioni primavera,ALL,Tutte le voci,2023,23154531,,,FILTER_ATS,Filter,,,,,,,,,,,,,,
A,Annuale,ITCD,Nord,EXPMUN,Spesa dei comuni (euro),ISERIDC,Servizi integrativi per la prima infanzia,MDO,Comunale a gestione diretta,2023,6066434,,,FILTER_ATS,Filter,,,,,,,,,,,,,,
A,Annuale,ITCD,Nord,EXPMUN,Spesa dei comuni (euro),ISERIDC,Servizi integrativi per la prima infanzia,MMETP,Comunale a gestione affidata a terzi,2023,2882875,,,FILTER_ATS,Filter,,,,,,,,,,,,,,
A,Annuale,ITCD,Nord,EXPMUN,Spesa dei comuni (euro),ISERIDC,Servizi integrativi per la prima infanzia,PRPM,Privata con riserva di posti da parte del comune,2023,8928165,,,FILTER_ATS,Filter,,,,,,,,,,,,,,
A,Annuale,ITCD,Nord,EXPMUN,Spesa dei comuni (euro),ISERIDC,Servizi integrativi per la prima infanzia,PCM,Privata senza riserva di posti da parte del comune,2023,1242571,,,FILTER_ATS,Filter,,,,,,,,,,,,,,
A,Annuale,ITCD,Nord,EXPMUN,Spesa dei comuni (euro),ISERIDC,Servizi integrativi per la prima infanzia,CFPPS,Contributi alle famiglie per servizi privati o pubblici,2023,3562036,,,FILTER_ATS,Filter,,,,,,,,,,,,,,
A,Annuale,ITCD,Nord,EXPMUN,Spesa dei comuni (euro),ISERIDC,Servizi integrativi per la prima infanzia,ALL,Tutte le voci,2023,22682081,,,FILTER_ATS,Filter,,,,,,,,,,,,,,
A,Annuale,ITCD,Nord,EXPMUN,Spesa dei comuni (euro),ALL,Tutte le voci,MDO,Comunale a gestione diretta,2023,453437448,,,FILTER_ATS,Filter,,,,,,,,,,,,,,
A,Annuale,ITCD,Nord,EXPMUN,Spesa dei comuni (euro),ALL,Tutte le voci,MMETP,Comunale a gestione affidata a terzi,2023,222787638,,,FILTER_ATS,Filter,,,,,,,,,,,,,,
A,Annuale,ITCD,Nord,EXPMUN,Spesa dei comuni (euro),ALL,Tutte le voci,PRPM,Privata con riserva di posti da parte del comune,2023,54133726,,,FILTER_ATS,Filter,,,,,,,,,,,,,,
A,Annuale,ITCD,Nord,EXPMUN,Spesa dei comuni (euro),ALL,Tutte le voci,PCM,Privata senza riserva di posti da parte del comune,2023,19205203,,,FILTER_ATS,Filter,,,,,,,,,,,,,,
A,Annuale,ITCD,Nord,EXPMUN,Spesa dei comuni (euro),ALL,Tutte le voci,CFPPS,Contributi alle famiglie per servizi privati o pubblici,2023,35865606,,,FILTER_ATS,Filter,,,,,,,,,,,,,,
A,Annuale,ITCD,Nord,EXPMUN,Spesa dei comuni (euro),ALL,Tutte le voci,ALL,Tutte le voci,2023,785429621,,,FILTER_ATS,Filter,,,,,,,,,,,,,,
A,Annuale,ITCD,Nord,EXPUSERS,Compartecipazione degli utenti alla spesa totale (euro),DNUR,Nidi e sezioni primavera,MDO,Comunale a gestione diretta,2023,125275097,,,FILTER_ATS,Filter,,,,,,,,,,,,,,
A,Annuale,ITCD,Nord,EXPUSERS,Compartecipazione degli utenti alla spesa totale (euro),DNUR,Nidi e sezioni primavera,MMETP,Comunale a gestione affidata a terzi,2023,77388803,,,FILTER_ATS,Filter,,,,,,,,,,,,,,
A,Annuale,ITCD,Nord,EXPUSERS,Compartecipazione degli utenti alla spesa totale (euro),DNUR,Nidi e sezioni primavera,PRPM,Privata con riserva di posti da parte del comune,2023,9422198,,,FILTER_ATS,Filter,,,,,,,,,,,,,,
A,Annuale,ITCD,Nord,EXPUSERS,Compartecipazione degli utenti alla spesa totale (euro),DNUR,Nidi e sezioni primavera,ALL,Tutte le voci,2023,212086098,,,FILTER_ATS,Filter,,,,,,,,,,,,,,
A,Annuale,ITCD,Nord,EXPUSERS,Compartecipazione degli utenti alla spesa totale (euro),CDNUR,Nidi,MDO,Comunale a gestione diretta,2023,121589490,,,FILTER_ATS,Filter,,,,,,,,,,,,,,
A,Annuale,ITCD,Nord,EXPUSERS,Compartecipazione degli utenti alla spesa totale (euro),CDNUR,Nidi,MMETP,Comunale a gestione affidata a terzi,2023,76400728,,,FILTER_ATS,Filter,,,,,,,,,,,,,,
A,Annuale,ITCD,Nord,EXPUSERS,Compartecipazione degli utenti alla spesa totale (euro),CDNUR,Nidi,PRPM,Privata con riserva di posti da parte del comune,2023,9195691,,,FILTER_ATS,Filter,,,,,,,,,,,,,,
A,Annuale,ITCD,Nord,EXPUSERS,Compartecipazione degli utenti alla spesa totale (euro),CDNUR,Nidi,ALL,Tutte le voci,2023,207185909,,,FILTER_ATS,Filter,,,,,,,,,,,,,,
A,Annuale,ITCD,Nord,EXPUSERS,Compartecipazione degli utenti alla spesa totale (euro),DNISC,Sezioni primavera,MDO,Comunale a gestione diretta,2023,3685607,,,FILTER_ATS,Filter,,,,,,,,,,,,,,
A,Annuale,ITCD,Nord,EXPUSERS,Compartecipazione degli utenti alla spesa totale (euro),DNISC,Sezioni primavera,MMETP,Comunale a gestione affidata a terzi,2023,988075,,,FILTER_ATS,Filter,,,,,,,,,,,,,,
A,Annuale,ITCD,Nord,EXPUSERS,Compartecipazione degli utenti alla spesa totale (euro),DNISC,Sezioni primavera,PRPM,Privata con riserva di posti da parte del comune,2023,226507,,,FILTER_ATS,Filter,,,,,,,,,,,,,,
A,Annuale,ITCD,Nord,EXPUSERS,Compartecipazione degli utenti alla spesa totale (euro),DNISC,Sezioni primavera,ALL,Tutte le voci,2023,4900189,,,FILTER_ATS,Filter,,,,,,,,,,,,,,
A,Annuale,ITCD,Nord,EXPUSERS,Compartecipazione degli utenti alla spesa totale (euro),ISERIDC,Servizi integrativi per la prima infanzia,MDO,Comunale a gestione diretta,2023,662210,,,FILTER_ATS,Filter,,,,,,,,,,,,,,
A,Annuale,ITCD,Nord,EXPUSERS,Compartecipazione degli utenti alla spesa totale (euro),ISERIDC,Servizi integrativi per la prima infanzia,MMETP,Comunale a gestione affidata a terzi,2023,868382,,,FILTER_ATS,Filter,,,,,,,,,,,,,,
A,Annuale,ITCD,Nord,EXPUSERS,Compartecipazione degli utenti alla spesa totale (euro),ISERIDC,Servizi integrativi per la prima infanzia,PRPM,Privata con riserva di posti da parte del comune,2023,155155,,,FILTER_ATS,Filter,,,,,,,,,,,,,,
A,Annuale,ITCD,Nord,EXPUSERS,Compartecipazione degli utenti alla spesa totale (euro),ISERIDC,Servizi integrativi per la prima infanzia,ALL,Tutte le voci,2023,1685747,,,FILTER_ATS,Filter,,,,,,,,,,,,,,
A,Annuale,ITCD,Nord,EXPUSERS,Compartecipazione degli utenti alla spesa totale (euro),ALL,Tutte le voci,MDO,Comunale a gestione diretta,2023,125937307,,,FILTER_ATS,Filter,,,,,,,,,,,,,,
A,Annuale,ITCD,Nord,EXPUSERS,Compartecipazione degli utenti alla spesa totale (euro),ALL,Tutte le voci,MMETP,Comunale a gestione affidata a terzi,2023,78257185,,,FILTER_ATS,Filter,,,,,,,,,,,,,,
A,Annuale,ITCD,Nord,EXPUSERS,Compartecipazione degli utenti alla spesa totale (euro),ALL,Tutte le voci,PRPM,Privata con riserva di posti da parte del comune,2023,9577353,,,FILTER_ATS,Filter,,,,,,,,,,,,,,
A,Annuale,ITCD,Nord,EXPUSERS,Compartecipazione degli utenti alla spesa totale (euro),ALL,Tutte le voci,ALL,Tutte le voci,2023,213771845,,,FILTER_ATS,Filter,,,,,,,,,,,,,,
A,Annuale,ITCD,Nord,PEREXPPU,Spesa sostenuta dagli utenti sulla spesa totale (percentuale),DNUR,Nidi e sezioni primavera,MDO,Comunale a gestione diretta,2023,21.9,,,FILTER_ATS,Filter,,,,,,,,,,,,,,
A,Annuale,ITCD,Nord,PEREXPPU,Spesa sostenuta dagli utenti sulla spesa totale (percentuale),DNUR,Nidi e sezioni primavera,MMETP,Comunale a gestione affidata a terzi,2023,26,,,FILTER_ATS,Filter,,,,,,,,,,,,,,
A,Annuale,ITCD,Nord,PEREXPPU,Spesa sostenuta dagli utenti sulla spesa totale (percentuale),DNUR,Nidi e sezioni primavera,PRPM,Privata con riserva di posti da parte del comune,2023,17.2,,,FILTER_ATS,Filter,,,,,,,,,,,,,,
A,Annuale,ITCD,Nord,PEREXPPU,Spesa sostenuta dagli utenti sulla spesa totale (percentuale),DNUR,Nidi e sezioni primavera,ALL,Tutte le voci,2023,21.8,,,FILTER_ATS,Filter,,,,,,,,,,,,,,
A,Annuale,ITCD,Nord,PEREXPPU,Spesa sostenuta dagli utenti sulla spesa totale (percentuale),CDNUR,Nidi,MDO,Comunale a gestione diretta,2023,21.8,,,FILTER_ATS,Filter,,,,,,,,,,,,,,
A,Annuale,ITCD,Nord,PEREXPPU,Spesa sostenuta dagli utenti sulla spesa totale (percentuale),CDNUR,Nidi,MMETP,Comunale a gestione affidata a terzi,2023,26.1,,,FILTER_ATS,Filter,,,,,,,,,,,,,,
A,Annuale,ITCD,Nord,PEREXPPU,Spesa sostenuta dagli utenti sulla spesa totale (percentuale),CDNUR,Nidi,PRPM,Privata con riserva di posti da parte del comune,2023,17.7,,,FILTER_ATS,Filter,,,,,,,,,,,,,,
A,Annuale,ITCD,Nord,PEREXPPU,Spesa sostenuta dagli utenti sulla spesa totale (percentuale),CDNUR,Nidi,ALL,Tutte le voci,2023,21.9,,,FILTER_ATS,Filter,,,,,,,,,,,,,,
A,Annuale,ITCD,Nord,PEREXPPU,Spesa sostenuta dagli utenti sulla spesa totale (percentuale),DNISC,Sezioni primavera,MDO,Comunale a gestione diretta,2023,24.1,,,FILTER_ATS,Filter,,,,,,,,,,,,,,
A,Annuale,ITCD,Nord,PEREXPPU,Spesa sostenuta dagli utenti sulla spesa totale (percentuale),DNISC,Sezioni primavera,MMETP,Comunale a gestione affidata a terzi,2023,24.5,,,FILTER_ATS,Filter,,,,,,,,,,,,,,
A,Annuale,ITCD,Nord,PEREXPPU,Spesa sostenuta dagli utenti sulla spesa totale (percentuale),DNISC,Sezioni primavera,PRPM,Privata con riserva di posti da parte del comune,2023,8.5,,,FILTER_ATS,Filter,,,,,,,,,,,,,,
A,Annuale,ITCD,Nord,PEREXPPU,Spesa sostenuta dagli utenti sulla spesa totale (percentuale),DNISC,Sezioni primavera,ALL,Tutte le voci,2023,17.5,,,FILTER_ATS,Filter,,,,,,,,,,,,,,
A,Annuale,ITCD,Nord,PEREXPPU,Spesa sostenuta dagli utenti sulla spesa totale (percentuale),ISERIDC,Servizi integrativi per la prima infanzia,MDO,Comunale a gestione diretta,2023,9.8,,,FILTER_ATS,Filter,,,,,,,,,,,,,,
A,Annuale,ITCD,Nord,PEREXPPU,Spesa sostenuta dagli utenti sulla spesa totale (percentuale),ISERIDC,Servizi integrativi per la prima infanzia,MMETP,Comunale a gestione affidata a terzi,2023,23.1,,,FILTER_ATS,Filter,,,,,,,,,,,,,,
A,Annuale,ITCD,Nord,PEREXPPU,Spesa sostenuta dagli utenti sulla spesa totale (percentuale),ISERIDC,Servizi integrativi per la prima infanzia,PRPM,Privata con riserva di posti da parte del comune,2023,1.7,,,FILTER_ATS,Filter,,,,,,,,,,,,,,
A,Annuale,ITCD,Nord,PEREXPPU,Spesa sostenuta dagli utenti sulla spesa totale (percentuale),ISERIDC,Servizi integrativi per la prima infanzia,ALL,Tutte le voci,2023,6.9,,,FILTER_ATS,Filter,,,,,,,,,,,,,,
A,Annuale,ITCD,Nord,PEREXPPU,Spesa sostenuta dagli utenti sulla spesa totale (percentuale),ALL,Tutte le voci,MDO,Comunale a gestione diretta,2023,21.7,,,FILTER_ATS,Filter,,,,,,,,,,,,,,
A,Annuale,ITCD,Nord,PEREXPPU,Spesa sostenuta dagli utenti sulla spesa totale (percentuale),ALL,Tutte le voci,MMETP,Comunale a gestione affidata a terzi,2023,26,,,FILTER_ATS,Filter,,,,,,,,,,,,,,
A,Annuale,ITCD,Nord,PEREXPPU,Spesa sostenuta dagli utenti sulla spesa totale (percentuale),ALL,Tutte le voci,PRPM,Privata con riserva di posti da parte del comune,2023,15,,,FILTER_ATS,Filter,,,,,,,,,,,,,,
A,Annuale,ITCD,Nord,PEREXPPU,Spesa sostenuta dagli utenti sulla spesa totale (percentuale),ALL,Tutte le voci,ALL,Tutte le voci,2023,21.4,,,FILTER_ATS,Filter,,,,,,,,,,,,,,
A,Annuale,ITC,Nord-ovest,USSSPM,Utenti,DNUR,Nidi e sezioni primavera,MDO,Comunale a gestione diretta,2023,26497,,,FILTER_ATS,Filter,,,,,,,,,,,,,,
A,Annuale,ITC,Nord-ovest,USSSPM,Utenti,DNUR,Nidi e sezioni primavera,MMETP,Comunale a gestione affidata a terzi,2023,17649,,,FILTER_ATS,Filter,,,,,,,,,,,,,,
A,Annuale,ITC,Nord-ovest,USSSPM,Utenti,DNUR,Nidi e sezioni primavera,PRPM,Privata con riserva di posti da parte del comune,2023,7793,,,FILTER_ATS,Filter,,,,,,,,,,,,,,
A,Annuale,ITC,Nord-ovest,USSSPM,Utenti,DNUR,Nidi e sezioni primavera,CFPPS,Contributi alle famiglie per servizi privati o pubblici,2023,5709,,,FILTER_ATS,Filter,,,,,,,,,,,,,,
A,Annuale,ITC,Nord-ovest,USSSPM,Utenti,DNUR,Nidi e sezioni primavera,ALL,Tutte le voci,2023,57648,,,FILTER_ATS,Filter,,,,,,,,,,,,,,
A,Annuale,ITC,Nord-ovest,USSSPM,Utenti,CDNUR,Nidi,MDO,Comunale a gestione diretta,2023,25136,,,FILTER_ATS,Filter,,,,,,,,,,,,,,
A,Annuale,ITC,Nord-ovest,USSSPM,Utenti,CDNUR,Nidi,MMETP,Comunale a gestione affidata a terzi,2023,17253,,,FILTER_ATS,Filter,,,,,,,,,,,,,,
A,Annuale,ITC,Nord-ovest,USSSPM,Utenti,CDNUR,Nidi,PRPM,Privata con riserva di posti da parte del comune,2023,7012,,,FILTER_ATS,Filter,,,,,,,,,,,,,,
A,Annuale,ITC,Nord-ovest,USSSPM,Utenti,CDNUR,Nidi,CFPPS,Contributi alle famiglie per servizi privati o pubblici,2023,5271,,,FILTER_ATS,Filter,,,,,,,,,,,,,,
A,Annuale,ITC,Nord-ovest,USSSPM,Utenti,CDNUR,Nidi,ALL,Tutte le voci,2023,54672,,,FILTER_ATS,Filter,,,,,,,,,,,,,,
A,Annuale,ITC,Nord-ovest,USSSPM,Utenti,DNISC,Sezioni primavera,MDO,Comunale a gestione diretta,2023,1361,,,FILTER_ATS,Filter,,,,,,,,,,,,,,
A,Annuale,ITC,Nord-ovest,USSSPM,Utenti,DNISC,Sezioni primavera,MMETP,Comunale a gestione affidata a terzi,2023,396,,,FILTER_ATS,Filter,,,,,,,,,,,,,,
A,Annuale,ITC,Nord-ovest,USSSPM,Utenti,DNISC,Sezioni primavera,PRPM,Privata con riserva di posti da parte del comune,2023,781,,,FILTER_ATS,Filter,,,,,,,,,,,,,,
A,Annuale,ITC,Nord-ovest,USSSPM,Utenti,DNISC,Sezioni primavera,CFPPS,Contributi alle famiglie per servizi privati o pubblici,2023,438,,,FILTER_ATS,Filter,,,,,,,,,,,,,,
A,Annuale,ITC,Nord-ovest,USSSPM,Utenti,DNISC,Sezioni primavera,ALL,Tutte le voci,2023,2976,,,FILTER_ATS,Filter,,,,,,,,,,,,,,
A,Annuale,ITC,Nord-ovest,USSSPM,Utenti,ISERIDC,Servizi integrativi per la prima infanzia,MDO,Comunale a gestione diretta,2023,779,,,FILTER_ATS,Filter,,,,,,,,,,,,,,
A,Annuale,ITC,Nord-ovest,USSSPM,Utenti,ISERIDC,Servizi integrativi per la prima infanzia,MMETP,Comunale a gestione affidata a terzi,2023,959,,,FILTER_ATS,Filter,,,,,,,,,,,,,,
A,Annuale,ITC,Nord-ovest,USSSPM,Utenti,ISERIDC,Servizi integrativi per la prima infanzia,PRPM,Privata con riserva di posti da parte del comune,2023,197,,,FILTER_ATS,Filter,,,,,,,,,,,,,,
A,Annuale,ITC,Nord-ovest,USSSPM,Utenti,ISERIDC,Servizi integrativi per la prima infanzia,CFPPS,Contributi alle famiglie per servizi privati o pubblici,2023,334,,,FILTER_ATS,Filter,,,,,,,,,,,,,,
A,Annuale,ITC,Nord-ovest,USSSPM,Utenti,ISERIDC,Servizi integrativi per la prima infanzia,ALL,Tutte le voci,2023,2269,,,FILTER_ATS,Filter,,,,,,,,,,,,,,
A,Annuale,ITC,Nord-ovest,USSSPM,Utenti,ALL,Tutte le voci,MDO,Comunale a gestione diretta,2023,27276,,,FILTER_ATS,Filter,,,,,,,,,,,,,,
A,Annuale,ITC,Nord-ovest,USSSPM,Utenti,ALL,Tutte le voci,MMETP,Comunale a gestione affidata a terzi,2023,18608,,,FILTER_ATS,Filter,,,,,,,,,,,,,,
A,Annuale,ITC,Nord-ovest,USSSPM,Utenti,ALL,Tutte le voci,PRPM,Privata con riserva di posti da parte del comune,2023,7990,,,FILTER_ATS,Filter,,,,,,,,,,,,,,
A,Annuale,ITC,Nord-ovest,USSSPM,Utenti,ALL,Tutte le voci,CFPPS,Contributi alle famiglie per servizi privati o pubblici,2023,6043,,,FILTER_ATS,Filter,,,,,,,,,,,,,,
A,Annuale,ITC,Nord-ovest,USSSPM,Utenti,ALL,Tutte le voci,ALL,Tutte le voci,2023,59917,,,FILTER_ATS,Filter,,,,,,,,,,,,,,
A,Annuale,ITC,Nord-ovest,TOTEXP,Totale spesa (euro),DNUR,Nidi e sezioni primavera,MDO,Comunale a gestione diretta,2023,309044984,,,FILTER_ATS,Filter,,,,,,,,,,,,,,
A,Annuale,ITC,Nord-ovest,TOTEXP,Totale spesa (euro),DNUR,Nidi e sezioni primavera,MMETP,Comunale a gestione affidata a terzi,2023,112401191,,,FILTER_ATS,Filter,,,,,,,,,,,,,,
A,Annuale,ITC,Nord-ovest,TOTEXP,Totale spesa (euro),DNUR,Nidi e sezioni primavera,PRPM,Privata con riserva di posti da parte del comune,2023,21156374,,,FILTER_ATS,Filter,,,,,,,,,,,,,,
A,Annuale,ITC,Nord-ovest,TOTEXP,Totale spesa (euro),DNUR,Nidi e sezioni primavera,PCM,Privata senza riserva di posti da parte del comune,2023,8894341,,,FILTER_ATS,Filter,,,,,,,,,,,,,,
A,Annuale,ITC,Nord-ovest,TOTEXP,Totale spesa (euro),DNUR,Nidi e sezioni primavera,CFPPS,Contributi alle famiglie per servizi privati o pubblici,2023,6985261,,,FILTER_ATS,Filter,,,,,,,,,,,,,,
A,Annuale,ITC,Nord-ovest,TOTEXP,Totale spesa (euro),DNUR,Nidi e sezioni primavera,ALL,Tutte le voci,2023,458482151,,,FILTER_ATS,Filter,,,,,,,,,,,,,,
A,Annuale,ITC,Nord-ovest,TOTEXP,Totale spesa (euro),CDNUR,Nidi,MDO,Comunale a gestione diretta,2023,295970624,,,FILTER_ATS,Filter,,,,,,,,,,,,,,
A,Annuale,ITC,Nord-ovest,TOTEXP,Totale spesa (euro),CDNUR,Nidi,MMETP,Comunale a gestione affidata a terzi,2023,110580960,,,FILTER_ATS,Filter,,,,,,,,,,,,,,
A,Annuale,ITC,Nord-ovest,TOTEXP,Totale spesa (euro),CDNUR,Nidi,PRPM,Privata con riserva di posti da parte del comune,2023,20165181,,,FILTER_ATS,Filter,,,,,,,,,,,,,,
A,Annuale,ITC,Nord-ovest,TOTEXP,Totale spesa (euro),CDNUR,Nidi,PCM,Privata senza riserva di posti da parte del comune,2023,6938699,,,FILTER_ATS,Filter,,,,,,,,,,,,,,
A,Annuale,ITC,Nord-ovest,TOTEXP,Totale spesa (euro),CDNUR,Nidi,CFPPS,Contributi alle famiglie per servizi privati o pubblici,2023,6616971,,,FILTER_ATS,Filter,,,,,,,,,,,,,,
A,Annuale,ITC,Nord-ovest,TOTEXP,Totale spesa (euro),CDNUR,Nidi,ALL,Tutte le voci,2023,440272435,,,FILTER_ATS,Filter,,,,,,,,,,,,,,
A,Annuale,ITC,Nord-ovest,TOTEXP,Totale spesa (euro),DNISC,Sezioni primavera,MDO,Comunale a gestione diretta,2023,13074360,,,FILTER_ATS,Filter,,,,,,,,,,,,,,
A,Annuale,ITC,Nord-ovest,TOTEXP,Totale spesa (euro),DNISC,Sezioni primavera,MMETP,Comunale a gestione affidata a terzi,2023,1820231,,,FILTER_ATS,Filter,,,,,,,,,,,,,,
A,Annuale,ITC,Nord-ovest,TOTEXP,Totale spesa (euro),DNISC,Sezioni primavera,PRPM,Privata con riserva di posti da parte del comune,2023,991193,,,FILTER_ATS,Filter,,,,,,,,,,,,,,
A,Annuale,ITC,Nord-ovest,TOTEXP,Totale spesa (euro),DNISC,Sezioni primavera,PCM,Privata senza riserva di posti da parte del comune,2023,1955642,,,FILTER_ATS,Filter,,,,,,,,,,,,,,
A,Annuale,ITC,Nord-ovest,TOTEXP,Totale spesa (euro),DNISC,Sezioni primavera,CFPPS,Contributi alle famiglie per servizi privati o pubblici,2023,368290,,,FILTER_ATS,Filter,,,,,,,,,,,,,,
A,Annuale,ITC,Nord-ovest,TOTEXP,Totale spesa (euro),DNISC,Sezioni primavera,ALL,Tutte le voci,2023,18209716,,,FILTER_ATS,Filter,,,,,,,,,,,,,,
A,Annuale,ITC,Nord-ovest,TOTEXP,Totale spesa (euro),ISERIDC,Servizi integrativi per la prima infanzia,MDO,Comunale a gestione diretta,2023,2394796,,,FILTER_ATS,Filter,,,,,,,,,,,,,,
A,Annuale,ITC,Nord-ovest,TOTEXP,Totale spesa (euro),ISERIDC,Servizi integrativi per la prima infanzia,MMETP,Comunale a gestione affidata a terzi,2023,1517645,,,FILTER_ATS,Filter,,,,,,,,,,,,,,
A,Annuale,ITC,Nord-ovest,TOTEXP,Totale spesa (euro),ISERIDC,Servizi integrativi per la prima infanzia,PRPM,Privata con riserva di posti da parte del comune,2023,366318,,,FILTER_ATS,Filter,,,,,,,,,,,,,,
A,Annuale,ITC,Nord-ovest,TOTEXP,Totale spesa (euro),ISERIDC,Servizi integrativi per la prima infanzia,PCM,Privata senza riserva di posti da parte del comune,2023,887165,,,FILTER_ATS,Filter,,,,,,,,,,,,,,
A,Annuale,ITC,Nord-ovest,TOTEXP,Totale spesa (euro),ISERIDC,Servizi integrativi per la prima infanzia,CFPPS,Contributi alle famiglie per servizi privati o pubblici,2023,343976,,,FILTER_ATS,Filter,,,,,,,,,,,,,,
A,Annuale,ITC,Nord-ovest,TOTEXP,Totale spesa (euro),ISERIDC,Servizi integrativi per la prima infanzia,ALL,Tutte le voci,2023,5509900,,,FILTER_ATS,Filter,,,,,,,,,,,,,,
A,Annuale,ITC,Nord-ovest,TOTEXP,Totale spesa (euro),ALL,Tutte le voci,MDO,Comunale a gestione diretta,2023,311439780,,,FILTER_ATS,Filter,,,,,,,,,,,,,,
A,Annuale,ITC,Nord-ovest,TOTEXP,Totale spesa (euro),ALL,Tutte le voci,MMETP,Comunale a gestione affidata a terzi,2023,113918836,,,FILTER_ATS,Filter,,,,,,,,,,,,,,
A,Annuale,ITC,Nord-ovest,TOTEXP,Totale spesa (euro),ALL,Tutte le voci,PRPM,Privata con riserva di posti da parte del comune,2023,21522692,,,FILTER_ATS,Filter,,,,,,,,,,,,,,
A,Annuale,ITC,Nord-ovest,TOTEXP,Totale spesa (euro),ALL,Tutte le voci,PCM,Privata senza riserva di posti da parte del comune,2023,9781506,,,FILTER_ATS,Filter,,,,,,,,,,,,,,
A,Annuale,ITC,Nord-ovest,TOTEXP,Totale spesa (euro),ALL,Tutte le voci,CFPPS,Contributi alle famiglie per servizi privati o pubblici,2023,7329237,,,FILTER_ATS,Filter,,,,,,,,,,,,,,
A,Annuale,ITC,Nord-ovest,TOTEXP,Totale spesa (euro),ALL,Tutte le voci,ALL,Tutte le voci,2023,463992051,,,FILTER_ATS,Filter,,,,,,,,,,,,,,
A,Annuale,ITC,Nord-ovest,EXPMUN,Spesa dei comuni (euro),DNUR,Nidi e sezioni primavera,MDO,Comunale a gestione diretta,2023,234266207,,,FILTER_ATS,Filter,,,,,,,,,,,,,,
A,Annuale,ITC,Nord-ovest,EXPMUN,Spesa dei comuni (euro),DNUR,Nidi e sezioni primavera,MMETP,Comunale a gestione affidata a terzi,2023,77965402,,,FILTER_ATS,Filter,,,,,,,,,,,,,,
A,Annuale,ITC,Nord-ovest,EXPMUN,Spesa dei comuni (euro),DNUR,Nidi e sezioni primavera,PRPM,Privata con riserva di posti da parte del comune,2023,15961612,,,FILTER_ATS,Filter,,,,,,,,,,,,,,
A,Annuale,ITC,Nord-ovest,EXPMUN,Spesa dei comuni (euro),DNUR,Nidi e sezioni primavera,PCM,Privata senza riserva di posti da parte del comune,2023,8894341,,,FILTER_ATS,Filter,,,,,,,,,,,,,,
A,Annuale,ITC,Nord-ovest,EXPMUN,Spesa dei comuni (euro),DNUR,Nidi e sezioni primavera,CFPPS,Contributi alle famiglie per servizi privati o pubblici,2023,6985261,,,FILTER_ATS,Filter,,,,,,,,,,,,,,
A,Annuale,ITC,Nord-ovest,EXPMUN,Spesa dei comuni (euro),DNUR,Nidi e sezioni primavera,ALL,Tutte le voci,2023,344072823,,,FILTER_ATS,Filter,,,,,,,,,,,,,,
A,Annuale,ITC,Nord-ovest,EXPMUN,Spesa dei comuni (euro),CDNUR,Nidi,MDO,Comunale a gestione diretta,2023,224507808,,,FILTER_ATS,Filter,,,,,,,,,,,,,,
A,Annuale,ITC,Nord-ovest,EXPMUN,Spesa dei comuni (euro),CDNUR,Nidi,MMETP,Comunale a gestione affidata a terzi,2023,76727424,,,FILTER_ATS,Filter,,,,,,,,,,,,,,
A,Annuale,ITC,Nord-ovest,EXPMUN,Spesa dei comuni (euro),CDNUR,Nidi,PRPM,Privata con riserva di posti da parte del comune,2023,15074269,,,FILTER_ATS,Filter,,,,,,,,,,,,,,
A,Annuale,ITC,Nord-ovest,EXPMUN,Spesa dei comuni (euro),CDNUR,Nidi,PCM,Privata senza riserva di posti da parte del comune,2023,6938699,,,FILTER_ATS,Filter,,,,,,,,,,,,,,
A,Annuale,ITC,Nord-ovest,EXPMUN,Spesa dei comuni (euro),CDNUR,Nidi,CFPPS,Contributi alle famiglie per servizi privati o pubblici,2023,6616971,,,FILTER_ATS,Filter,,,,,,,,,,,,,,
A,Annuale,ITC,Nord-ovest,EXPMUN,Spesa dei comuni (euro),CDNUR,Nidi,ALL,Tutte le voci,2023,329865171,,,FILTER_ATS,Filter,,,,,,,,,,,,,,
A,Annuale,ITC,Nord-ovest,EXPMUN,Spesa dei comuni (euro),DNISC,Sezioni primavera,MDO,Comunale a gestione diretta,2023,9758399,,,FILTER_ATS,Filter,,,,,,,,,,,,,,
A,Annuale,ITC,Nord-ovest,EXPMUN,Spesa dei comuni (euro),DNISC,Sezioni primavera,MMETP,Comunale a gestione affidata a terzi,2023,1237978,,,FILTER_ATS,Filter,,,,,,,,,,,,,,
A,Annuale,ITC,Nord-ovest,EXPMUN,Spesa dei comuni (euro),DNISC,Sezioni primavera,PRPM,Privata con riserva di posti da parte del comune,2023,887343,,,FILTER_ATS,Filter,,,,,,,,,,,,,,
A,Annuale,ITC,Nord-ovest,EXPMUN,Spesa dei comuni (euro),DNISC,Sezioni primavera,PCM,Privata senza riserva di posti da parte del comune,2023,1955642,,,FILTER_ATS,Filter,,,,,,,,,,,,,,
A,Annuale,ITC,Nord-ovest,EXPMUN,Spesa dei comuni (euro),DNISC,Sezioni primavera,CFPPS,Contributi alle famiglie per servizi privati o pubblici,2023,368290,,,FILTER_ATS,Filter,,,,,,,,,,,,,,
A,Annuale,ITC,Nord-ovest,EXPMUN,Spesa dei comuni (euro),DNISC,Sezioni primavera,ALL,Tutte le voci,2023,14207652,,,FILTER_ATS,Filter,,,,,,,,,,,,,,
A,Annuale,ITC,Nord-ovest,EXPMUN,Spesa dei comuni (euro),ISERIDC,Servizi integrativi per la prima infanzia,MDO,Comunale a gestione diretta,2023,1922845,,,FILTER_ATS,Filter,,,,,,,,,,,,,,
A,Annuale,ITC,Nord-ovest,EXPMUN,Spesa dei comuni (euro),ISERIDC,Servizi integrativi per la prima infanzia,MMETP,Comunale a gestione affidata a terzi,2023,1052093,,,FILTER_ATS,Filter,,,,,,,,,,,,,,
A,Annuale,ITC,Nord-ovest,EXPMUN,Spesa dei comuni (euro),ISERIDC,Servizi integrativi per la prima infanzia,PRPM,Privata con riserva di posti da parte del comune,2023,315952,,,FILTER_ATS,Filter,,,,,,,,,,,,,,
A,Annuale,ITC,Nord-ovest,EXPMUN,Spesa dei comuni (euro),ISERIDC,Servizi integrativi per la prima infanzia,PCM,Privata senza riserva di posti da parte del comune,2023,887165,,,FILTER_ATS,Filter,,,,,,,,,,,,,,
A,Annuale,ITC,Nord-ovest,EXPMUN,Spesa dei comuni (euro),ISERIDC,Servizi integrativi per la prima infanzia,CFPPS,Contributi alle famiglie per servizi privati o pubblici,2023,343976,,,FILTER_ATS,Filter,,,,,,,,,,,,,,
A,Annuale,ITC,Nord-ovest,EXPMUN,Spesa dei comuni (euro),ISERIDC,Servizi integrativi per la prima infanzia,ALL,Tutte le voci,2023,4522031,,,FILTER_ATS,Filter,,,,,,,,,,,,,,
A,Annuale,ITC,Nord-ovest,EXPMUN,Spesa dei comuni (euro),ALL,Tutte le voci,MDO,Comunale a gestione diretta,2023,236189052,,,FILTER_ATS,Filter,,,,,,,,,,,,,,
A,Annuale,ITC,Nord-ovest,EXPMUN,Spesa dei comuni (euro),ALL,Tutte le voci,MMETP,Comunale a gestione affidata a terzi,2023,79017495,,,FILTER_ATS,Filter,,,,,,,,,,,,,,
A,Annuale,ITC,Nord-ovest,EXPMUN,Spesa dei comuni (euro),ALL,Tutte le voci,PRPM,Privata con riserva di posti da parte del comune,2023,16277564,,,FILTER_ATS,Filter,,,,,,,,,,,,,,
A,Annuale,ITC,Nord-ovest,EXPMUN,Spesa dei comuni (euro),ALL,Tutte le voci,PCM,Privata senza riserva di posti da parte del comune,2023,9781506,,,FILTER_ATS,Filter,,,,,,,,,,,,,,
A,Annuale,ITC,Nord-ovest,EXPMUN,Spesa dei comuni (euro),ALL,Tutte le voci,CFPPS,Contributi alle famiglie per servizi privati o pubblici,2023,7329237,,,FILTER_ATS,Filter,,,,,,,,,,,,,,
A,Annuale,ITC,Nord-ovest,EXPMUN,Spesa dei comuni (euro),ALL,Tutte le voci,ALL,Tutte le voci,2023,348594854,,,FILTER_ATS,Filter,,,,,,,,,,,,,,
A,Annuale,ITC,Nord-ovest,EXPUSERS,Compartecipazione degli utenti alla spesa totale (euro),DNUR,Nidi e sezioni primavera,MDO,Comunale a gestione diretta,2023,74778777,,,FILTER_ATS,Filter,,,,,,,,,,,,,,
A,Annuale,ITC,Nord-ovest,EXPUSERS,Compartecipazione degli utenti alla spesa totale (euro),DNUR,Nidi e sezioni primavera,MMETP,Comunale a gestione affidata a terzi,2023,34435789,,,FILTER_ATS,Filter,,,,,,,,,,,,,,
A,Annuale,ITC,Nord-ovest,EXPUSERS,Compartecipazione degli utenti alla spesa totale (euro),DNUR,Nidi e sezioni primavera,PRPM,Privata con riserva di posti da parte del comune,2023,5194762,,,FILTER_ATS,Filter,,,,,,,,,,,,,,
A,Annuale,ITC,Nord-ovest,EXPUSERS,Compartecipazione degli utenti alla spesa totale (euro),DNUR,Nidi e sezioni primavera,ALL,Tutte le voci,2023,114409328,,,FILTER_ATS,Filter,,,,,,,,,,,,,,
A,Annuale,ITC,Nord-ovest,EXPUSERS,Compartecipazione degli utenti alla spesa totale (euro),CDNUR,Nidi,MDO,Comunale a gestione diretta,2023,71462816,,,FILTER_ATS,Filter,,,,,,,,,,,,,,
A,Annuale,ITC,Nord-ovest,EXPUSERS,Compartecipazione degli utenti alla spesa totale (euro),CDNUR,Nidi,MMETP,Comunale a gestione affidata a terzi,2023,33853536,,,FILTER_ATS,Filter,,,,,,,,,,,,,,
A,Annuale,ITC,Nord-ovest,EXPUSERS,Compartecipazione degli utenti alla spesa totale (euro),CDNUR,Nidi,PRPM,Privata con riserva di posti da parte del comune,2023,5090912,,,FILTER_ATS,Filter,,,,,,,,,,,,,,
A,Annuale,ITC,Nord-ovest,EXPUSERS,Compartecipazione degli utenti alla spesa totale (euro),CDNUR,Nidi,ALL,Tutte le voci,2023,110407264,,,FILTER_ATS,Filter,,,,,,,,,,,,,,
A,Annuale,ITC,Nord-ovest,EXPUSERS,Compartecipazione degli utenti alla spesa totale (euro),DNISC,Sezioni primavera,MDO,Comunale a gestione diretta,2023,3315961,,,FILTER_ATS,Filter,,,,,,,,,,,,,,
A,Annuale,ITC,Nord-ovest,EXPUSERS,Compartecipazione degli utenti alla spesa totale (euro),DNISC,Sezioni primavera,MMETP,Comunale a gestione affidata a terzi,2023,582253,,,FILTER_ATS,Filter,,,,,,,,,,,,,,
A,Annuale,ITC,Nord-ovest,EXPUSERS,Compartecipazione degli utenti alla spesa totale (euro),DNISC,Sezioni primavera,PRPM,Privata con riserva di posti da parte del comune,2023,103850,,,FILTER_ATS,Filter,,,,,,,,,,,,,,
A,Annuale,ITC,Nord-ovest,EXPUSERS,Compartecipazione degli utenti alla spesa totale (euro),DNISC,Sezioni primavera,ALL,Tutte le voci,2023,4002064,,,FILTER_ATS,Filter,,,,,,,,,,,,,,
A,Annuale,ITC,Nord-ovest,EXPUSERS,Compartecipazione degli utenti alla spesa totale (euro),ISERIDC,Servizi integrativi per la prima infanzia,MDO,Comunale a gestione diretta,2023,471951,,,FILTER_ATS,Filter,,,,,,,,,,,,,,
A,Annuale,ITC,Nord-ovest,EXPUSERS,Compartecipazione degli utenti alla spesa totale (euro),ISERIDC,Servizi integrativi per la prima infanzia,MMETP,Comunale a gestione affidata a terzi,2023,465552,,,FILTER_ATS,Filter,,,,,,,,,,,,,,
A,Annuale,ITC,Nord-ovest,EXPUSERS,Compartecipazione degli utenti alla spesa totale (euro),ISERIDC,Servizi integrativi per la prima infanzia,PRPM,Privata con riserva di posti da parte del comune,2023,50366,,,FILTER_ATS,Filter,,,,,,,,,,,,,,
A,Annuale,ITC,Nord-ovest,EXPUSERS,Compartecipazione degli utenti alla spesa totale (euro),ISERIDC,Servizi integrativi per la prima infanzia,ALL,Tutte le voci,2023,987869,,,FILTER_ATS,Filter,,,,,,,,,,,,,,
A,Annuale,ITC,Nord-ovest,EXPUSERS,Compartecipazione degli utenti alla spesa totale (euro),ALL,Tutte le voci,MDO,Comunale a gestione diretta,2023,75250728,,,FILTER_ATS,Filter,,,,,,,,,,,,,,
A,Annuale,ITC,Nord-ovest,EXPUSERS,Compartecipazione degli utenti alla spesa totale (euro),ALL,Tutte le voci,MMETP,Comunale a gestione affidata a terzi,2023,34901341,,,FILTER_ATS,Filter,,,,,,,,,,,,,,
A,Annuale,ITC,Nord-ovest,EXPUSERS,Compartecipazione degli utenti alla spesa totale (euro),ALL,Tutte le voci,PRPM,Privata con riserva di posti da parte del comune,2023,5245128,,,FILTER_ATS,Filter,,,,,,,,,,,,,,
A,Annuale,ITC,Nord-ovest,EXPUSERS,Compartecipazione degli utenti alla spesa totale (euro),ALL,Tutte le voci,ALL,Tutte le voci,2023,115397197,,,FILTER_ATS,Filter,,,,,,,,,,,,,,
A,Annuale,ITC,Nord-ovest,PEREXPPU,Spesa sostenuta dagli utenti sulla spesa totale (percentuale),DNUR,Nidi e sezioni primavera,MDO,Comunale a gestione diretta,2023,24.2,,,FILTER_ATS,Filter,,,,,,,,,,,,,,
A,Annuale,ITC,Nord-ovest,PEREXPPU,Spesa sostenuta dagli utenti sulla spesa totale (percentuale),DNUR,Nidi e sezioni primavera,MMETP,Comunale a gestione affidata a terzi,2023,30.6,,,FILTER_ATS,Filter,,,,,,,,,,,,,,
A,Annuale,ITC,Nord-ovest,PEREXPPU,Spesa sostenuta dagli utenti sulla spesa totale (percentuale),DNUR,Nidi e sezioni primavera,PRPM,Privata con riserva di posti da parte del comune,2023,24.6,,,FILTER_ATS,Filter,,,,,,,,,,,,,,
A,Annuale,ITC,Nord-ovest,PEREXPPU,Spesa sostenuta dagli utenti sulla spesa totale (percentuale),DNUR,Nidi e sezioni primavera,ALL,Tutte le voci,2023,25,,,FILTER_ATS,Filter,,,,,,,,,,,,,,
A,Annuale,ITC,Nord-ovest,PEREXPPU,Spesa sostenuta dagli utenti sulla spesa totale (percentuale),CDNUR,Nidi,MDO,Comunale a gestione diretta,2023,24.1,,,FILTER_ATS,Filter,,,,,,,,,,,,,,
A,Annuale,ITC,Nord-ovest,PEREXPPU,Spesa sostenuta dagli utenti sulla spesa totale (percentuale),CDNUR,Nidi,MMETP,Comunale a gestione affidata a terzi,2023,30.6,,,FILTER_ATS,Filter,,,,,,,,,,,,,,
A,Annuale,ITC,Nord-ovest,PEREXPPU,Spesa sostenuta dagli utenti sulla spesa totale (percentuale),CDNUR,Nidi,PRPM,Privata con riserva di posti da parte del comune,2023,25.2,,,FILTER_ATS,Filter,,,,,,,,,,,,,,
A,Annuale,ITC,Nord-ovest,PEREXPPU,Spesa sostenuta dagli utenti sulla spesa totale (percentuale),CDNUR,Nidi,ALL,Tutte le voci,2023,25.1,,,FILTER_ATS,Filter,,,,,,,,,,,,,,
A,Annuale,ITC,Nord-ovest,PEREXPPU,Spesa sostenuta dagli utenti sulla spesa totale (percentuale),DNISC,Sezioni primavera,MDO,Comunale a gestione diretta,2023,25.4,,,FILTER_ATS,Filter,,,,,,,,,,,,,,
A,Annuale,ITC,Nord-ovest,PEREXPPU,Spesa sostenuta dagli utenti sulla spesa totale (percentuale),DNISC,Sezioni primavera,MMETP,Comunale a gestione affidata a terzi,2023,32,,,FILTER_ATS,Filter,,,,,,,,,,,,,,
A,Annuale,ITC,Nord-ovest,PEREXPPU,Spesa sostenuta dagli utenti sulla spesa totale (percentuale),DNISC,Sezioni primavera,PRPM,Privata con riserva di posti da parte del comune,2023,10.5,,,FILTER_ATS,Filter,,,,,,,,,,,,,,
A,Annuale,ITC,Nord-ovest,PEREXPPU,Spesa sostenuta dagli utenti sulla spesa totale (percentuale),DNISC,Sezioni primavera,ALL,Tutte le voci,2023,22,,,FILTER_ATS,Filter,,,,,,,,,,,,,,
A,Annuale,ITC,Nord-ovest,PEREXPPU,Spesa sostenuta dagli utenti sulla spesa totale (percentuale),ISERIDC,Servizi integrativi per la prima infanzia,MDO,Comunale a gestione diretta,2023,19.7,,,FILTER_ATS,Filter,,,,,,,,,,,,,,
A,Annuale,ITC,Nord-ovest,PEREXPPU,Spesa sostenuta dagli utenti sulla spesa totale (percentuale),ISERIDC,Servizi integrativi per la prima infanzia,MMETP,Comunale a gestione affidata a terzi,2023,30.7,,,FILTER_ATS,Filter,,,,,,,,,,,,,,
A,Annuale,ITC,Nord-ovest,PEREXPPU,Spesa sostenuta dagli utenti sulla spesa totale (percentuale),ISERIDC,Servizi integrativi per la prima infanzia,PRPM,Privata con riserva di posti da parte del comune,2023,13.7,,,FILTER_ATS,Filter,,,,,,,,,,,,,,
A,Annuale,ITC,Nord-ovest,PEREXPPU,Spesa sostenuta dagli utenti sulla spesa totale (percentuale),ISERIDC,Servizi integrativi per la prima infanzia,ALL,Tutte le voci,2023,17.9,,,FILTER_ATS,Filter,,,,,,,,,,,,,,
A,Annuale,ITC,Nord-ovest,PEREXPPU,Spesa sostenuta dagli utenti sulla spesa totale (percentuale),ALL,Tutte le voci,MDO,Comunale a gestione diretta,2023,24.2,,,FILTER_ATS,Filter,,,,,,,,,,,,,,
A,Annuale,ITC,Nord-ovest,PEREXPPU,Spesa sostenuta dagli utenti sulla spesa totale (percentuale),ALL,Tutte le voci,MMETP,Comunale a gestione affidata a terzi,2023,30.6,,,FILTER_ATS,Filter,,,,,,,,,,,,,,
A,Annuale,ITC,Nord-ovest,PEREXPPU,Spesa sostenuta dagli utenti sulla spesa totale (percentuale),ALL,Tutte le voci,PRPM,Privata con riserva di posti da parte del comune,2023,24.4,,,FILTER_ATS,Filter,,,,,,,,,,,,,,
A,Annuale,ITC,Nord-ovest,PEREXPPU,Spesa sostenuta dagli utenti sulla spesa totale (percentuale),ALL,Tutte le voci,ALL,Tutte le voci,2023,24.9,,,FILTER_ATS,Filter,,,,,,,,,,,,,,
A,Annuale,ITC1,Piemonte,USSSPM,Utenti,DNUR,Nidi e sezioni primavera,MDO,Comunale a gestione diretta,2023,7071,,,FILTER_ATS,Filter,,,,,,,,,,,,,,
A,Annuale,ITC1,Piemonte,USSSPM,Utenti,DNUR,Nidi e sezioni primavera,MMETP,Comunale a gestione affidata a terzi,2023,4927,,,FILTER_ATS,Filter,,,,,,,,,,,,,,
A,Annuale,ITC1,Piemonte,USSSPM,Utenti,DNUR,Nidi e sezioni primavera,PRPM,Privata con riserva di posti da parte del comune,2023,660,,,FILTER_ATS,Filter,,,,,,,,,,,,,,
A,Annuale,ITC1,Piemonte,USSSPM,Utenti,DNUR,Nidi e sezioni primavera,CFPPS,Contributi alle famiglie per servizi privati o pubblici,2023,1791,,,FILTER_ATS,Filter,,,,,,,,,,,,,,
A,Annuale,ITC1,Piemonte,USSSPM,Utenti,DNUR,Nidi e sezioni primavera,ALL,Tutte le voci,2023,14449,,,FILTER_ATS,Filter,,,,,,,,,,,,,,
A,Annuale,ITC1,Piemonte,USSSPM,Utenti,CDNUR,Nidi,MDO,Comunale a gestione diretta,2023,6982,,,FILTER_ATS,Filter,,,,,,,,,,,,,,
A,Annuale,ITC1,Piemonte,USSSPM,Utenti,CDNUR,Nidi,MMETP,Comunale a gestione affidata a terzi,2023,4766,,,FILTER_ATS,Filter,,,,,,,,,,,,,,
A,Annuale,ITC1,Piemonte,USSSPM,Utenti,CDNUR,Nidi,PRPM,Privata con riserva di posti da parte del comune,2023,571,,,FILTER_ATS,Filter,,,,,,,,,,,,,,
A,Annuale,ITC1,Piemonte,USSSPM,Utenti,CDNUR,Nidi,CFPPS,Contributi alle famiglie per servizi privati o pubblici,2023,1720,,,FILTER_ATS,Filter,,,,,,,,,,,,,,
A,Annuale,ITC1,Piemonte,USSSPM,Utenti,CDNUR,Nidi,ALL,Tutte le voci,2023,14039,,,FILTER_ATS,Filter,,,,,,,,,,,,,,
A,Annuale,ITC1,Piemonte,USSSPM,Utenti,DNISC,Sezioni primavera,MDO,Comunale a gestione diretta,2023,89,,,FILTER_ATS,Filter,,,,,,,,,,,,,,
A,Annuale,ITC1,Piemonte,USSSPM,Utenti,DNISC,Sezioni primavera,MMETP,Comunale a gestione affidata a terzi,2023,161,,,FILTER_ATS,Filter,,,,,,,,,,,,,,
A,Annuale,ITC1,Piemonte,USSSPM,Utenti,DNISC,Sezioni primavera,PRPM,Privata con riserva di posti da parte del comune,2023,89,,,FILTER_ATS,Filter,,,,,,,,,,,,,,
A,Annuale,ITC1,Piemonte,USSSPM,Utenti,DNISC,Sezioni primavera,CFPPS,Contributi alle famiglie per servizi privati o pubblici,2023,71,,,FILTER_ATS,Filter,,,,,,,,,,,,,,
A,Annuale,ITC1,Piemonte,USSSPM,Utenti,DNISC,Sezioni primavera,ALL,Tutte le voci,2023,410,,,FILTER_ATS,Filter,,,,,,,,,,,,,,
A,Annuale,ITC1,Piemonte,USSSPM,Utenti,ISERIDC,Servizi integrativi per la prima infanzia,MDO,Comunale a gestione diretta,2023,54,,,FILTER_ATS,Filter,,,,,,,,,,,,,,
A,Annuale,ITC1,Piemonte,USSSPM,Utenti,ISERIDC,Servizi integrativi per la prima infanzia,MMETP,Comunale a gestione affidata a terzi,2023,190,,,FILTER_ATS,Filter,,,,,,,,,,,,,,
A,Annuale,ITC1,Piemonte,USSSPM,Utenti,ISERIDC,Servizi integrativi per la prima infanzia,PRPM,Privata con riserva di posti da parte del comune,2023,102,,,FILTER_ATS,Filter,,,,,,,,,,,,,,
A,Annuale,ITC1,Piemonte,USSSPM,Utenti,ISERIDC,Servizi integrativi per la prima infanzia,CFPPS,Contributi alle famiglie per servizi privati o pubblici,2023,268,,,FILTER_ATS,Filter,,,,,,,,,,,,,,
A,Annuale,ITC1,Piemonte,USSSPM,Utenti,ISERIDC,Servizi integrativi per la prima infanzia,ALL,Tutte le voci,2023,614,,,FILTER_ATS,Filter,,,,,,,,,,,,,,
A,Annuale,ITC1,Piemonte,USSSPM,Utenti,ALL,Tutte le voci,MDO,Comunale a gestione diretta,2023,7125,,,FILTER_ATS,Filter,,,,,,,,,,,,,,
A,Annuale,ITC1,Piemonte,USSSPM,Utenti,ALL,Tutte le voci,MMETP,Comunale a gestione affidata a terzi,2023,5117,,,FILTER_ATS,Filter,,,,,,,,,,,,,,
A,Annuale,ITC1,Piemonte,USSSPM,Utenti,ALL,Tutte le voci,PRPM,Privata con riserva di posti da parte del comune,2023,762,,,FILTER_ATS,Filter,,,,,,,,,,,,,,
A,Annuale,ITC1,Piemonte,USSSPM,Utenti,ALL,Tutte le voci,CFPPS,Contributi alle famiglie per servizi privati o pubblici,2023,2059,,,FILTER_ATS,Filter,,,,,,,,,,,,,,
A,Annuale,ITC1,Piemonte,USSSPM,Utenti,ALL,Tutte le voci,ALL,Tutte le voci,2023,15063,,,FILTER_ATS,Filter,,,,,,,,,,,,,,
A,Annuale,ITC1,Piemonte,TOTEXP,Totale spesa (euro),DNUR,Nidi e sezioni primavera,MDO,Comunale a gestione diretta,2023,82655916,,,FILTER_ATS,Filter,,,,,,,,,,,,,,
A,Annuale,ITC1,Piemonte,TOTEXP,Totale spesa (euro),DNUR,Nidi e sezioni primavera,MMETP,Comunale a gestione affidata a terzi,2023,30831394,,,FILTER_ATS,Filter,,,,,,,,,,,,,,
A,Annuale,ITC1,Piemonte,TOTEXP,Totale spesa (euro),DNUR,Nidi e sezioni primavera,PRPM,Privata con riserva di posti da parte del comune,2023,1574752,,,FILTER_ATS,Filter,,,,,,,,,,,,,,
A,Annuale,ITC1,Piemonte,TOTEXP,Totale spesa (euro),DNUR,Nidi e sezioni primavera,PCM,Privata senza riserva di posti da parte del comune,2023,2544862,,,FILTER_ATS,Filter,,,,,,,,,,,,,,
A,Annuale,ITC1,Piemonte,TOTEXP,Totale spesa (euro),DNUR,Nidi e sezioni primavera,CFPPS,Contributi alle famiglie per servizi privati o pubblici,2023,2021704,,,FILTER_ATS,Filter,,,,,,,,,,,,,,
A,Annuale,ITC1,Piemonte,TOTEXP,Totale spesa (euro),DNUR,Nidi e sezioni primavera,ALL,Tutte le voci,2023,119628628,,,FILTER_ATS,Filter,,,,,,,,,,,,,,
A,Annuale,ITC1,Piemonte,TOTEXP,Totale spesa (euro),CDNUR,Nidi,MDO,Comunale a gestione diretta,2023,82120946,,,FILTER_ATS,Filter,,,,,,,,,,,,,,
A,Annuale,ITC1,Piemonte,TOTEXP,Totale spesa (euro),CDNUR,Nidi,MMETP,Comunale a gestione affidata a terzi,2023,30142822,,,FILTER_ATS,Filter,,,,,,,,,,,,,,
A,Annuale,ITC1,Piemonte,TOTEXP,Totale spesa (euro),CDNUR,Nidi,PRPM,Privata con riserva di posti da parte del comune,2023,1399710,,,FILTER_ATS,Filter,,,,,,,,,,,,,,
A,Annuale,ITC1,Piemonte,TOTEXP,Totale spesa (euro),CDNUR,Nidi,PCM,Privata senza riserva di posti da parte del comune,2023,1912108,,,FILTER_ATS,Filter,,,,,,,,,,,,,,
A,Annuale,ITC1,Piemonte,TOTEXP,Totale spesa (euro),CDNUR,Nidi,CFPPS,Contributi alle famiglie per servizi privati o pubblici,2023,1969183,,,FILTER_ATS,Filter,,,,,,,,,,,,,,
A,Annuale,ITC1,Piemonte,TOTEXP,Totale spesa (euro),CDNUR,Nidi,ALL,Tutte le voci,2023,117544769,,,FILTER_ATS,Filter,,,,,,,,,,,,,,
A,Annuale,ITC1,Piemonte,TOTEXP,Totale spesa (euro),DNISC,Sezioni primavera,MDO,Comunale a gestione diretta,2023,534970,,,FILTER_ATS,Filter,,,,,,,,,,,,,,
A,Annuale,ITC1,Piemonte,TOTEXP,Totale spesa (euro),DNISC,Sezioni primavera,MMETP,Comunale a gestione affidata a terzi,2023,688572,,,FILTER_ATS,Filter,,,,,,,,,,,,,,
A,Annuale,ITC1,Piemonte,TOTEXP,Totale spesa (euro),DNISC,Sezioni primavera,PRPM,Privata con riserva di posti da parte del comune,2023,175042,,,FILTER_ATS,Filter,,,,,,,,,,,,,,
A,Annuale,ITC1,Piemonte,TOTEXP,Totale spesa (euro),DNISC,Sezioni primavera,PCM,Privata senza riserva di posti da parte del comune,2023,632754,,,FILTER_ATS,Filter,,,,,,,,,,,,,,
A,Annuale,ITC1,Piemonte,TOTEXP,Totale spesa (euro),DNISC,Sezioni primavera,CFPPS,Contributi alle famiglie per servizi privati o pubblici,2023,52521,,,FILTER_ATS,Filter,,,,,,,,,,,,,,
A,Annuale,ITC1,Piemonte,TOTEXP,Totale spesa (euro),DNISC,Sezioni primavera,ALL,Tutte le voci,2023,2083859,,,FILTER_ATS,Filter,,,,,,,,,,,,,,
A,Annuale,ITC1,Piemonte,TOTEXP,Totale spesa (euro),ISERIDC,Servizi integrativi per la prima infanzia,MDO,Comunale a gestione diretta,2023,352451,,,FILTER_ATS,Filter,,,,,,,,,,,,,,
A,Annuale,ITC1,Piemonte,TOTEXP,Totale spesa (euro),ISERIDC,Servizi integrativi per la prima infanzia,MMETP,Comunale a gestione affidata a terzi,2023,448536,,,FILTER_ATS,Filter,,,,,,,,,,,,,,
A,Annuale,ITC1,Piemonte,TOTEXP,Totale spesa (euro),ISERIDC,Servizi integrativi per la prima infanzia,PRPM,Privata con riserva di posti da parte del comune,2023,171766,,,FILTER_ATS,Filter,,,,,,,,,,,,,,
A,Annuale,ITC1,Piemonte,TOTEXP,Totale spesa (euro),ISERIDC,Servizi integrativi per la prima infanzia,PCM,Privata senza riserva di posti da parte del comune,2023,427651,,,FILTER_ATS,Filter,,,,,,,,,,,,,,
A,Annuale,ITC1,Piemonte,TOTEXP,Totale spesa (euro),ISERIDC,Servizi integrativi per la prima infanzia,CFPPS,Contributi alle famiglie per servizi privati o pubblici,2023,262851,,,FILTER_ATS,Filter,,,,,,,,,,,,,,
A,Annuale,ITC1,Piemonte,TOTEXP,Totale spesa (euro),ISERIDC,Servizi integrativi per la prima infanzia,ALL,Tutte le voci,2023,1663255,,,FILTER_ATS,Filter,,,,,,,,,,,,,,
A,Annuale,ITC1,Piemonte,TOTEXP,Totale spesa (euro),ALL,Tutte le voci,MDO,Comunale a gestione diretta,2023,83008367,,,FILTER_ATS,Filter,,,,,,,,,,,,,,
A,Annuale,ITC1,Piemonte,TOTEXP,Totale spesa (euro),ALL,Tutte le voci,MMETP,Comunale a gestione affidata a terzi,2023,31279930,,,FILTER_ATS,Filter,,,,,,,,,,,,,,
A,Annuale,ITC1,Piemonte,TOTEXP,Totale spesa (euro),ALL,Tutte le voci,PRPM,Privata con riserva di posti da parte del comune,2023,1746518,,,FILTER_ATS,Filter,,,,,,,,,,,,,,
A,Annuale,ITC1,Piemonte,TOTEXP,Totale spesa (euro),ALL,Tutte le voci,PCM,Privata senza riserva di posti da parte del comune,2023,2972513,,,FILTER_ATS,Filter,,,,,,,,,,,,,,
A,Annuale,ITC1,Piemonte,TOTEXP,Totale spesa (euro),ALL,Tutte le voci,CFPPS,Contributi alle famiglie per servizi privati o pubblici,2023,2284555,,,FILTER_ATS,Filter,,,,,,,,,,,,,,
A,Annuale,ITC1,Piemonte,TOTEXP,Totale spesa (euro),ALL,Tutte le voci,ALL,Tutte le voci,2023,121291883,,,FILTER_ATS,Filter,,,,,,,,,,,,,,
A,Annuale,ITC1,Piemonte,EXPMUN,Spesa dei comuni (euro),DNUR,Nidi e sezioni primavera,MDO,Comunale a gestione diretta,2023,64913073,,,FILTER_ATS,Filter,,,,,,,,,,,,,,
A,Annuale,ITC1,Piemonte,EXPMUN,Spesa dei comuni (euro),DNUR,Nidi e sezioni primavera,MMETP,Comunale a gestione affidata a terzi,2023,22217126,,,FILTER_ATS,Filter,,,,,,,,,,,,,,
A,Annuale,ITC1,Piemonte,EXPMUN,Spesa dei comuni (euro),DNUR,Nidi e sezioni primavera,PRPM,Privata con riserva di posti da parte del comune,2023,1104689,,,FILTER_ATS,Filter,,,,,,,,,,,,,,
A,Annuale,ITC1,Piemonte,EXPMUN,Spesa dei comuni (euro),DNUR,Nidi e sezioni primavera,PCM,Privata senza riserva di posti da parte del comune,2023,2544862,,,FILTER_ATS,Filter,,,,,,,,,,,,,,
A,Annuale,ITC1,Piemonte,EXPMUN,Spesa dei comuni (euro),DNUR,Nidi e sezioni primavera,CFPPS,Contributi alle famiglie per servizi privati o pubblici,2023,2021704,,,FILTER_ATS,Filter,,,,,,,,,,,,,,
A,Annuale,ITC1,Piemonte,EXPMUN,Spesa dei comuni (euro),DNUR,Nidi e sezioni primavera,ALL,Tutte le voci,2023,92801454,,,FILTER_ATS,Filter,,,,,,,,,,,,,,
A,Annuale,ITC1,Piemonte,EXPMUN,Spesa dei comuni (euro),CDNUR,Nidi,MDO,Comunale a gestione diretta,2023,64577072,,,FILTER_ATS,Filter,,,,,,,,,,,,,,
A,Annuale,ITC1,Piemonte,EXPMUN,Spesa dei comuni (euro),CDNUR,Nidi,MMETP,Comunale a gestione affidata a terzi,2023,21711681,,,FILTER_ATS,Filter,,,,,,,,,,,,,,
A,Annuale,ITC1,Piemonte,EXPMUN,Spesa dei comuni (euro),CDNUR,Nidi,PRPM,Privata con riserva di posti da parte del comune,2023,1000247,,,FILTER_ATS,Filter,,,,,,,,,,,,,,
A,Annuale,ITC1,Piemonte,EXPMUN,Spesa dei comuni (euro),CDNUR,Nidi,PCM,Privata senza riserva di posti da parte del comune,2023,1912108,,,FILTER_ATS,Filter,,,,,,,,,,,,,,
A,Annuale,ITC1,Piemonte,EXPMUN,Spesa dei comuni (euro),CDNUR,Nidi,CFPPS,Contributi alle famiglie per servizi privati o pubblici,2023,1969183,,,FILTER_ATS,Filter,,,,,,,,,,,,,,
A,Annuale,ITC1,Piemonte,EXPMUN,Spesa dei comuni (euro),CDNUR,Nidi,ALL,Tutte le voci,2023,91170291,,,FILTER_ATS,Filter,,,,,,,,,,,,,,
A,Annuale,ITC1,Piemonte,EXPMUN,Spesa dei comuni (euro),DNISC,Sezioni primavera,MDO,Comunale a gestione diretta,2023,336001,,,FILTER_ATS,Filter,,,,,,,,,,,,,,
A,Annuale,ITC1,Piemonte,EXPMUN,Spesa dei comuni (euro),DNISC,Sezioni primavera,MMETP,Comunale a gestione affidata a terzi,2023,505445,,,FILTER_ATS,Filter,,,,,,,,,,,,,,
A,Annuale,ITC1,Piemonte,EXPMUN,Spesa dei comuni (euro),DNISC,Sezioni primavera,PRPM,Privata con riserva di posti da parte del comune,2023,104442,,,FILTER_ATS,Filter,,,,,,,,,,,,,,
A,Annuale,ITC1,Piemonte,EXPMUN,Spesa dei comuni (euro),DNISC,Sezioni primavera,PCM,Privata senza riserva di posti da parte del comune,2023,632754,,,FILTER_ATS,Filter,,,,,,,,,,,,,,
A,Annuale,ITC1,Piemonte,EXPMUN,Spesa dei comuni (euro),DNISC,Sezioni primavera,CFPPS,Contributi alle famiglie per servizi privati o pubblici,2023,52521,,,FILTER_ATS,Filter,,,,,,,,,,,,,,
A,Annuale,ITC1,Piemonte,EXPMUN,Spesa dei comuni (euro),DNISC,Sezioni primavera,ALL,Tutte le voci,2023,1631163,,,FILTER_ATS,Filter,,,,,,,,,,,,,,
A,Annuale,ITC1,Piemonte,EXPMUN,Spesa dei comuni (euro),ISERIDC,Servizi integrativi per la prima infanzia,MDO,Comunale a gestione diretta,2023,345521,,,FILTER_ATS,Filter,,,,,,,,,,,,,,
A,Annuale,ITC1,Piemonte,EXPMUN,Spesa dei comuni (euro),ISERIDC,Servizi integrativi per la prima infanzia,MMETP,Comunale a gestione affidata a terzi,2023,271888,,,FILTER_ATS,Filter,,,,,,,,,,,,,,
A,Annuale,ITC1,Piemonte,EXPMUN,Spesa dei comuni (euro),ISERIDC,Servizi integrativi per la prima infanzia,PRPM,Privata con riserva di posti da parte del comune,2023,134343,,,FILTER_ATS,Filter,,,,,,,,,,,,,,
A,Annuale,ITC1,Piemonte,EXPMUN,Spesa dei comuni (euro),ISERIDC,Servizi integrativi per la prima infanzia,PCM,Privata senza riserva di posti da parte del comune,2023,427651,,,FILTER_ATS,Filter,,,,,,,,,,,,,,
A,Annuale,ITC1,Piemonte,EXPMUN,Spesa dei comuni (euro),ISERIDC,Servizi integrativi per la prima infanzia,CFPPS,Contributi alle famiglie per servizi privati o pubblici,2023,262851,,,FILTER_ATS,Filter,,,,,,,,,,,,,,
A,Annuale,ITC1,Piemonte,EXPMUN,Spesa dei comuni (euro),ISERIDC,Servizi integrativi per la prima infanzia,ALL,Tutte le voci,2023,1442254,,,FILTER_ATS,Filter,,,,,,,,,,,,,,
A,Annuale,ITC1,Piemonte,EXPMUN,Spesa dei comuni (euro),ALL,Tutte le voci,MDO,Comunale a gestione diretta,2023,65258594,,,FILTER_ATS,Filter,,,,,,,,,,,,,,
A,Annuale,ITC1,Piemonte,EXPMUN,Spesa dei comuni (euro),ALL,Tutte le voci,MMETP,Comunale a gestione affidata a terzi,2023,22489014,,,FILTER_ATS,Filter,,,,,,,,,,,,,,
A,Annuale,ITC1,Piemonte,EXPMUN,Spesa dei comuni (euro),ALL,Tutte le voci,PRPM,Privata con riserva di posti da parte del comune,2023,1239032,,,FILTER_ATS,Filter,,,,,,,,,,,,,,
A,Annuale,ITC1,Piemonte,EXPMUN,Spesa dei comuni (euro),ALL,Tutte le voci,PCM,Privata senza riserva di posti da parte del comune,2023,2972513,,,FILTER_ATS,Filter,,,,,,,,,,,,,,
A,Annuale,ITC1,Piemonte,EXPMUN,Spesa dei comuni (euro),ALL,Tutte le voci,CFPPS,Contributi alle famiglie per servizi privati o pubblici,2023,2284555,,,FILTER_ATS,Filter,,,,,,,,,,,,,,
A,Annuale,ITC1,Piemonte,EXPMUN,Spesa dei comuni (euro),ALL,Tutte le voci,ALL,Tutte le voci,2023,94243708,,,FILTER_ATS,Filter,,,,,,,,,,,,,,
A,Annuale,ITC1,Piemonte,EXPUSERS,Compartecipazione degli utenti alla spesa totale (euro),DNUR,Nidi e sezioni primavera,MDO,Comunale a gestione diretta,2023,17742843,,,FILTER_ATS,Filter,,,,,,,,,,,,,,
A,Annuale,ITC1,Piemonte,EXPUSERS,Compartecipazione degli utenti alla spesa totale (euro),DNUR,Nidi e sezioni primavera,MMETP,Comunale a gestione affidata a terzi,2023,8614268,,,FILTER_ATS,Filter,,,,,,,,,,,,,,
A,Annuale,ITC1,Piemonte,EXPUSERS,Compartecipazione degli utenti alla spesa totale (euro),DNUR,Nidi e sezioni primavera,PRPM,Privata con riserva di posti da parte del comune,2023,470063,,,FILTER_ATS,Filter,,,,,,,,,,,,,,
A,Annuale,ITC1,Piemonte,EXPUSERS,Compartecipazione degli utenti alla spesa totale (euro),DNUR,Nidi e sezioni primavera,ALL,Tutte le voci,2023,26827174,,,FILTER_ATS,Filter,,,,,,,,,,,,,,
A,Annuale,ITC1,Piemonte,EXPUSERS,Compartecipazione degli utenti alla spesa totale (euro),CDNUR,Nidi,MDO,Comunale a gestione diretta,2023,17543874,,,FILTER_ATS,Filter,,,,,,,,,,,,,,
A,Annuale,ITC1,Piemonte,EXPUSERS,Compartecipazione degli utenti alla spesa totale (euro),CDNUR,Nidi,MMETP,Comunale a gestione affidata a terzi,2023,8431141,,,FILTER_ATS,Filter,,,,,,,,,,,,,,
A,Annuale,ITC1,Piemonte,EXPUSERS,Compartecipazione degli utenti alla spesa totale (euro),CDNUR,Nidi,PRPM,Privata con riserva di posti da parte del comune,2023,399463,,,FILTER_ATS,Filter,,,,,,,,,,,,,,
A,Annuale,ITC1,Piemonte,EXPUSERS,Compartecipazione degli utenti alla spesa totale (euro),CDNUR,Nidi,ALL,Tutte le voci,2023,26374478,,,FILTER_ATS,Filter,,,,,,,,,,,,,,
A,Annuale,ITC1,Piemonte,EXPUSERS,Compartecipazione degli utenti alla spesa totale (euro),DNISC,Sezioni primavera,MDO,Comunale a gestione diretta,2023,198969,,,FILTER_ATS,Filter,,,,,,,,,,,,,,
A,Annuale,ITC1,Piemonte,EXPUSERS,Compartecipazione degli utenti alla spesa totale (euro),DNISC,Sezioni primavera,MMETP,Comunale a gestione affidata a terzi,2023,183127,,,FILTER_ATS,Filter,,,,,,,,,,,,,,
A,Annuale,ITC1,Piemonte,EXPUSERS,Compartecipazione degli utenti alla spesa totale (euro),DNISC,Sezioni primavera,PRPM,Privata con riserva di posti da parte del comune,2023,70600,,,FILTER_ATS,Filter,,,,,,,,,,,,,,
A,Annuale,ITC1,Piemonte,EXPUSERS,Compartecipazione degli utenti alla spesa totale (euro),DNISC,Sezioni primavera,ALL,Tutte le voci,2023,452696,,,FILTER_ATS,Filter,,,,,,,,,,,,,,
A,Annuale,ITC1,Piemonte,EXPUSERS,Compartecipazione degli utenti alla spesa totale (euro),ISERIDC,Servizi integrativi per la prima infanzia,MDO,Comunale a gestione diretta,2023,6930,,,FILTER_ATS,Filter,,,,,,,,,,,,,,
A,Annuale,ITC1,Piemonte,EXPUSERS,Compartecipazione degli utenti alla spesa totale (euro),ISERIDC,Servizi integrativi per la prima infanzia,MMETP,Comunale a gestione affidata a terzi,2023,176648,,,FILTER_ATS,Filter,,,,,,,,,,,,,,
A,Annuale,ITC1,Piemonte,EXPUSERS,Compartecipazione degli utenti alla spesa totale (euro),ISERIDC,Servizi integrativi per la prima infanzia,PRPM,Privata con riserva di posti da parte del comune,2023,37423,,,FILTER_ATS,Filter,,,,,,,,,,,,,,
A,Annuale,ITC1,Piemonte,EXPUSERS,Compartecipazione degli utenti alla spesa totale (euro),ISERIDC,Servizi integrativi per la prima infanzia,ALL,Tutte le voci,2023,221001,,,FILTER_ATS,Filter,,,,,,,,,,,,,,
A,Annuale,ITC1,Piemonte,EXPUSERS,Compartecipazione degli utenti alla spesa totale (euro),ALL,Tutte le voci,MDO,Comunale a gestione diretta,2023,17749773,,,FILTER_ATS,Filter,,,,,,,,,,,,,,
A,Annuale,ITC1,Piemonte,EXPUSERS,Compartecipazione degli utenti alla spesa totale (euro),ALL,Tutte le voci,MMETP,Comunale a gestione affidata a terzi,2023,8790916,,,FILTER_ATS,Filter,,,,,,,,,,,,,,
A,Annuale,ITC1,Piemonte,EXPUSERS,Compartecipazione degli utenti alla spesa totale (euro),ALL,Tutte le voci,PRPM,Privata con riserva di posti da parte del comune,2023,507486,,,FILTER_ATS,Filter,,,,,,,,,,,,,,
A,Annuale,ITC1,Piemonte,EXPUSERS,Compartecipazione degli utenti alla spesa totale (euro),ALL,Tutte le voci,ALL,Tutte le voci,2023,27048175,,,FILTER_ATS,Filter,,,,,,,,,,,,,,
A,Annuale,ITC1,Piemonte,PEREXPPU,Spesa sostenuta dagli utenti sulla spesa totale (percentuale),DNUR,Nidi e sezioni primavera,MDO,Comunale a gestione diretta,2023,21.5,,,FILTER_ATS,Filter,,,,,,,,,,,,,,
A,Annuale,ITC1,Piemonte,PEREXPPU,Spesa sostenuta dagli utenti sulla spesa totale (percentuale),DNUR,Nidi e sezioni primavera,MMETP,Comunale a gestione affidata a terzi,2023,27.9,,,FILTER_ATS,Filter,,,,,,,,,,,,,,
A,Annuale,ITC1,Piemonte,PEREXPPU,Spesa sostenuta dagli utenti sulla spesa totale (percentuale),DNUR,Nidi e sezioni primavera,PRPM,Privata con riserva di posti da parte del comune,2023,29.8,,,FILTER_ATS,Filter,,,,,,,,,,,,,,
A,Annuale,ITC1,Piemonte,PEREXPPU,Spesa sostenuta dagli utenti sulla spesa totale (percentuale),DNUR,Nidi e sezioni primavera,ALL,Tutte le voci,2023,22.4,,,FILTER_ATS,Filter,,,,,,,,,,,,,,
A,Annuale,ITC1,Piemonte,PEREXPPU,Spesa sostenuta dagli utenti sulla spesa totale (percentuale),CDNUR,Nidi,MDO,Comunale a gestione diretta,2023,21.4,,,FILTER_ATS,Filter,,,,,,,,,,,,,,
A,Annuale,ITC1,Piemonte,PEREXPPU,Spesa sostenuta dagli utenti sulla spesa totale (percentuale),CDNUR,Nidi,MMETP,Comunale a gestione affidata a terzi,2023,28,,,FILTER_ATS,Filter,,,,,,,,,,,,,,
A,Annuale,ITC1,Piemonte,PEREXPPU,Spesa sostenuta dagli utenti sulla spesa totale (percentuale),CDNUR,Nidi,PRPM,Privata con riserva di posti da parte del comune,2023,28.5,,,FILTER_ATS,Filter,,,,,,,,,,,,,,
A,Annuale,ITC1,Piemonte,PEREXPPU,Spesa sostenuta dagli utenti sulla spesa totale (percentuale),CDNUR,Nidi,ALL,Tutte le voci,2023,22.4,,,FILTER_ATS,Filter,,,,,,,,,,,,,,
A,Annuale,ITC1,Piemonte,PEREXPPU,Spesa sostenuta dagli utenti sulla spesa totale (percentuale),DNISC,Sezioni primavera,MDO,Comunale a gestione diretta,2023,37.2,,,FILTER_ATS,Filter,,,,,,,,,,,,,,
A,Annuale,ITC1,Piemonte,PEREXPPU,Spesa sostenuta dagli utenti sulla spesa totale (percentuale),DNISC,Sezioni primavera,MMETP,Comunale a gestione affidata a terzi,2023,26.6,,,FILTER_ATS,Filter,,,,,,,,,,,,,,
A,Annuale,ITC1,Piemonte,PEREXPPU,Spesa sostenuta dagli utenti sulla spesa totale (percentuale),DNISC,Sezioni primavera,PRPM,Privata con riserva di posti da parte del comune,2023,40.3,,,FILTER_ATS,Filter,,,,,,,,,,,,,,
A,Annuale,ITC1,Piemonte,PEREXPPU,Spesa sostenuta dagli utenti sulla spesa totale (percentuale),DNISC,Sezioni primavera,ALL,Tutte le voci,2023,21.7,,,FILTER_ATS,Filter,,,,,,,,,,,,,,
A,Annuale,ITC1,Piemonte,PEREXPPU,Spesa sostenuta dagli utenti sulla spesa totale (percentuale),ISERIDC,Servizi integrativi per la prima infanzia,MDO,Comunale a gestione diretta,2023,2,,,FILTER_ATS,Filter,,,,,,,,,,,,,,
A,Annuale,ITC1,Piemonte,PEREXPPU,Spesa sostenuta dagli utenti sulla spesa totale (percentuale),ISERIDC,Servizi integrativi per la prima infanzia,MMETP,Comunale a gestione affidata a terzi,2023,39.4,,,FILTER_ATS,Filter,,,,,,,,,,,,,,
A,Annuale,ITC1,Piemonte,PEREXPPU,Spesa sostenuta dagli utenti sulla spesa totale (percentuale),ISERIDC,Servizi integrativi per la prima infanzia,PRPM,Privata con riserva di posti da parte del comune,2023,21.8,,,FILTER_ATS,Filter,,,,,,,,,,,,,,
A,Annuale,ITC1,Piemonte,PEREXPPU,Spesa sostenuta dagli utenti sulla spesa totale (percentuale),ISERIDC,Servizi integrativi per la prima infanzia,ALL,Tutte le voci,2023,13.3,,,FILTER_ATS,Filter,,,,,,,,,,,,,,
A,Annuale,ITC1,Piemonte,PEREXPPU,Spesa sostenuta dagli utenti sulla spesa totale (percentuale),ALL,Tutte le voci,MDO,Comunale a gestione diretta,2023,21.4,,,FILTER_ATS,Filter,,,,,,,,,,,,,,
A,Annuale,ITC1,Piemonte,PEREXPPU,Spesa sostenuta dagli utenti sulla spesa totale (percentuale),ALL,Tutte le voci,MMETP,Comunale a gestione affidata a terzi,2023,28.1,,,FILTER_ATS,Filter,,,,,,,,,,,,,,
A,Annuale,ITC1,Piemonte,PEREXPPU,Spesa sostenuta dagli utenti sulla spesa totale (percentuale),ALL,Tutte le voci,PRPM,Privata con riserva di posti da parte del comune,2023,29.1,,,FILTER_ATS,Filter,,,,,,,,,,,,,,
A,Annuale,ITC1,Piemonte,PEREXPPU,Spesa sostenuta dagli utenti sulla spesa totale (percentuale),ALL,Tutte le voci,ALL,Tutte le voci,2023,22.3,,,FILTER_ATS,Filter,,,,,,,,,,,,,,
A,Annuale,ITC2,'Valle d"'Aosta / Vallée d"'Aoste',USSSPM,Utenti,DNUR,Nidi e sezioni primavera,MDO,Comunale a gestione diretta,2023,98,,,FILTER_ATS,Filter,,,,,,,,,,,,,,
A,Annuale,ITC2,'Valle d"'Aosta / Vallée d"'Aoste',USSSPM,Utenti,DNUR,Nidi e sezioni primavera,MMETP,Comunale a gestione affidata a terzi,2023,650,,,FILTER_ATS,Filter,,,,,,,,,,,,,,
A,Annuale,ITC2,'Valle d"'Aosta / Vallée d"'Aoste',USSSPM,Utenti,DNUR,Nidi e sezioni primavera,PRPM,Privata con riserva di posti da parte del comune,2023,9,,,FILTER_ATS,Filter,,,,,,,,,,,,,,
A,Annuale,ITC2,'Valle d"'Aosta / Vallée d"'Aoste',USSSPM,Utenti,DNUR,Nidi e sezioni primavera,CFPPS,Contributi alle famiglie per servizi privati o pubblici,2023,0,,,FILTER_ATS,Filter,,,,,,,,,,,,,,
A,Annuale,ITC2,'Valle d"'Aosta / Vallée d"'Aoste',USSSPM,Utenti,DNUR,Nidi e sezioni primavera,ALL,Tutte le voci,2023,757,,,FILTER_ATS,Filter,,,,,,,,,,,,,,
A,Annuale,ITC2,'Valle d"'Aosta / Vallée d"'Aoste',USSSPM,Utenti,CDNUR,Nidi,MDO,Comunale a gestione diretta,2023,98,,,FILTER_ATS,Filter,,,,,,,,,,,,,,
A,Annuale,ITC2,'Valle d"'Aosta / Vallée d"'Aoste',USSSPM,Utenti,CDNUR,Nidi,MMETP,Comunale a gestione affidata a terzi,2023,650,,,FILTER_ATS,Filter,,,,,,,,,,,,,,
A,Annuale,ITC2,'Valle d"'Aosta / Vallée d"'Aoste',USSSPM,Utenti,CDNUR,Nidi,PRPM,Privata con riserva di posti da parte del comune,2023,9,,,FILTER_ATS,Filter,,,,,,,,,,,,,,
A,Annuale,ITC2,'Valle d"'Aosta / Vallée d"'Aoste',USSSPM,Utenti,CDNUR,Nidi,CFPPS,Contributi alle famiglie per servizi privati o pubblici,2023,0,,,FILTER_ATS,Filter,,,,,,,,,,,,,,
A,Annuale,ITC2,'Valle d"'Aosta / Vallée d"'Aoste',USSSPM,Utenti,CDNUR,Nidi,ALL,Tutte le voci,2023,757,,,FILTER_ATS,Filter,,,,,,,,,,,,,,
A,Annuale,ITC2,'Valle d"'Aosta / Vallée d"'Aoste',USSSPM,Utenti,DNISC,Sezioni primavera,MDO,Comunale a gestione diretta,2023,0,,,FILTER_ATS,Filter,,,,,,,,,,,,,,
A,Annuale,ITC2,'Valle d"'Aosta / Vallée d"'Aoste',USSSPM,Utenti,DNISC,Sezioni primavera,MMETP,Comunale a gestione affidata a terzi,2023,0,,,FILTER_ATS,Filter,,,,,,,,,,,,,,
A,Annuale,ITC2,'Valle d"'Aosta / Vallée d"'Aoste',USSSPM,Utenti,DNISC,Sezioni primavera,PRPM,Privata con riserva di posti da parte del comune,2023,0,,,FILTER_ATS,Filter,,,,,,,,,,,,,,
A,Annuale,ITC2,'Valle d"'Aosta / Vallée d"'Aoste',USSSPM,Utenti,DNISC,Sezioni primavera,CFPPS,Contributi alle famiglie per servizi privati o pubblici,2023,0,,,FILTER_ATS,Filter,,,,,,,,,,,,,,
A,Annuale,ITC2,'Valle d"'Aosta / Vallée d"'Aoste',USSSPM,Utenti,DNISC,Sezioni primavera,ALL,Tutte le voci,2023,0,,,FILTER_ATS,Filter,,,,,,,,,,,,,,
A,Annuale,ITC2,'Valle d"'Aosta / Vallée d"'Aoste',USSSPM,Utenti,ISERIDC,Servizi integrativi per la prima infanzia,MDO,Comunale a gestione diretta,2023,2,,,FILTER_ATS,Filter,,,,,,,,,,,,,,
A,Annuale,ITC2,'Valle d"'Aosta / Vallée d"'Aoste',USSSPM,Utenti,ISERIDC,Servizi integrativi per la prima infanzia,MMETP,Comunale a gestione affidata a terzi,2023,21,,,FILTER_ATS,Filter,,,,,,,,,,,,,,
A,Annuale,ITC2,'Valle d"'Aosta / Vallée d"'Aoste',USSSPM,Utenti,ISERIDC,Servizi integrativi per la prima infanzia,PRPM,Privata con riserva di posti da parte del comune,2023,0,,,FILTER_ATS,Filter,,,,,,,,,,,,,,
A,Annuale,ITC2,'Valle d"'Aosta / Vallée d"'Aoste',USSSPM,Utenti,ISERIDC,Servizi integrativi per la prima infanzia,CFPPS,Contributi alle famiglie per servizi privati o pubblici,2023,0,,,FILTER_ATS,Filter,,,,,,,,,,,,,,
A,Annuale,ITC2,'Valle d"'Aosta / Vallée d"'Aoste',USSSPM,Utenti,ISERIDC,Servizi integrativi per la prima infanzia,ALL,Tutte le voci,2023,23,,,FILTER_ATS,Filter,,,,,,,,,,,,,,
A,Annuale,ITC2,'Valle d"'Aosta / Vallée d"'Aoste',USSSPM,Utenti,ALL,Tutte le voci,MDO,Comunale a gestione diretta,2023,100,,,FILTER_ATS,Filter,,,,,,,,,,,,,,
A,Annuale,ITC2,'Valle d"'Aosta / Vallée d"'Aoste',USSSPM,Utenti,ALL,Tutte le voci,MMETP,Comunale a gestione affidata a terzi,2023,671,,,FILTER_ATS,Filter,,,,,,,,,,,,,,
A,Annuale,ITC2,'Valle d"'Aosta / Vallée d"'Aoste',USSSPM,Utenti,ALL,Tutte le voci,PRPM,Privata con riserva di posti da parte del comune,2023,9,,,FILTER_ATS,Filter,,,,,,,,,,,,,,
A,Annuale,ITC2,'Valle d"'Aosta / Vallée d"'Aoste',USSSPM,Utenti,ALL,Tutte le voci,CFPPS,Contributi alle famiglie per servizi privati o pubblici,2023,0,,,FILTER_ATS,Filter,,,,,,,,,,,,,,
A,Annuale,ITC2,'Valle d"'Aosta / Vallée d"'Aoste',USSSPM,Utenti,ALL,Tutte le voci,ALL,Tutte le voci,2023,780,,,FILTER_ATS,Filter,,,,,,,,,,,,,,
A,Annuale,ITC2,'Valle d"'Aosta / Vallée d"'Aoste',TOTEXP,Totale spesa (euro),DNUR,Nidi e sezioni primavera,MDO,Comunale a gestione diretta,2023,1504703,,,FILTER_ATS,Filter,,,,,,,,,,,,,,
A,Annuale,ITC2,'Valle d"'Aosta / Vallée d"'Aoste',TOTEXP,Totale spesa (euro),DNUR,Nidi e sezioni primavera,MMETP,Comunale a gestione affidata a terzi,2023,6648745,,,FILTER_ATS,Filter,,,,,,,,,,,,,,
A,Annuale,ITC2,'Valle d"'Aosta / Vallée d"'Aoste',TOTEXP,Totale spesa (euro),DNUR,Nidi e sezioni primavera,PRPM,Privata con riserva di posti da parte del comune,2023,99260,,,FILTER_ATS,Filter,,,,,,,,,,,,,,
A,Annuale,ITC2,'Valle d"'Aosta / Vallée d"'Aoste',TOTEXP,Totale spesa (euro),DNUR,Nidi e sezioni primavera,PCM,Privata senza riserva di posti da parte del comune,2023,6502,,,FILTER_ATS,Filter,,,,,,,,,,,,,,
A,Annuale,ITC2,'Valle d"'Aosta / Vallée d"'Aoste',TOTEXP,Totale spesa (euro),DNUR,Nidi e sezioni primavera,CFPPS,Contributi alle famiglie per servizi privati o pubblici,2023,0,,,FILTER_ATS,Filter,,,,,,,,,,,,,,
A,Annuale,ITC2,'Valle d"'Aosta / Vallée d"'Aoste',TOTEXP,Totale spesa (euro),DNUR,Nidi e sezioni primavera,ALL,Tutte le voci,2023,8259210,,,FILTER_ATS,Filter,,,,,,,,,,,,,,
A,Annuale,ITC2,'Valle d"'Aosta / Vallée d"'Aoste',TOTEXP,Totale spesa (euro),CDNUR,Nidi,MDO,Comunale a gestione diretta,2023,1504703,,,FILTER_ATS,Filter,,,,,,,,,,,,,,
A,Annuale,ITC2,'Valle d"'Aosta / Vallée d"'Aoste',TOTEXP,Totale spesa (euro),CDNUR,Nidi,MMETP,Comunale a gestione affidata a terzi,2023,6648745,,,FILTER_ATS,Filter,,,,,,,,,,,,,,
A,Annuale,ITC2,'Valle d"'Aosta / Vallée d"'Aoste',TOTEXP,Totale spesa (euro),CDNUR,Nidi,PRPM,Privata con riserva di posti da parte del comune,2023,99260,,,FILTER_ATS,Filter,,,,,,,,,,,,,,
A,Annuale,ITC2,'Valle d"'Aosta / Vallée d"'Aoste',TOTEXP,Totale spesa (euro),CDNUR,Nidi,PCM,Privata senza riserva di posti da parte del comune,2023,6502,,,FILTER_ATS,Filter,,,,,,,,,,,,,,
A,Annuale,ITC2,'Valle d"'Aosta / Vallée d"'Aoste',TOTEXP,Totale spesa (euro),CDNUR,Nidi,CFPPS,Contributi alle famiglie per servizi privati o pubblici,2023,0,,,FILTER_ATS,Filter,,,,,,,,,,,,,,
A,Annuale,ITC2,'Valle d"'Aosta / Vallée d"'Aoste',TOTEXP,Totale spesa (euro),CDNUR,Nidi,ALL,Tutte le voci,2023,8259210,,,FILTER_ATS,Filter,,,,,,,,,,,,,,
A,Annuale,ITC2,'Valle d"'Aosta / Vallée d"'Aoste',TOTEXP,Totale spesa (euro),DNISC,Sezioni primavera,MDO,Comunale a gestione diretta,2023,0,,,FILTER_ATS,Filter,,,,,,,,,,,,,,
A,Annuale,ITC2,'Valle d"'Aosta / Vallée d"'Aoste',TOTEXP,Totale spesa (euro),DNISC,Sezioni primavera,MMETP,Comunale a gestione affidata a terzi,2023,0,,,FILTER_ATS,Filter,,,,,,,,,,,,,,
A,Annuale,ITC2,'Valle d"'Aosta / Vallée d"'Aoste',TOTEXP,Totale spesa (euro),DNISC,Sezioni primavera,PRPM,Privata con riserva di posti da parte del comune,2023,0,,,FILTER_ATS,Filter,,,,,,,,,,,,,,
A,Annuale,ITC2,'Valle d"'Aosta / Vallée d"'Aoste',TOTEXP,Totale spesa (euro),DNISC,Sezioni primavera,PCM,Privata senza riserva di posti da parte del comune,2023,0,,,FILTER_ATS,Filter,,,,,,,,,,,,,,
A,Annuale,ITC2,'Valle d"'Aosta / Vallée d"'Aoste',TOTEXP,Totale spesa (euro),DNISC,Sezioni primavera,CFPPS,Contributi alle famiglie per servizi privati o pubblici,2023,0,,,FILTER_ATS,Filter,,,,,,,,,,,,,,
A,Annuale,ITC2,'Valle d"'Aosta / Vallée d"'Aoste',TOTEXP,Totale spesa (euro),DNISC,Sezioni primavera,ALL,Tutte le voci,2023,0,,,FILTER_ATS,Filter,,,,,,,,,,,,,,
A,Annuale,ITC2,'Valle d"'Aosta / Vallée d"'Aoste',TOTEXP,Totale spesa (euro),ISERIDC,Servizi integrativi per la prima infanzia,MDO,Comunale a gestione diretta,2023,14172,,,FILTER_ATS,Filter,,,,,,,,,,,,,,
A,Annuale,ITC2,'Valle d"'Aosta / Vallée d"'Aoste',TOTEXP,Totale spesa (euro),ISERIDC,Servizi integrativi per la prima infanzia,MMETP,Comunale a gestione affidata a terzi,2023,127375,,,FILTER_ATS,Filter,,,,,,,,,,,,,,
A,Annuale,ITC2,'Valle d"'Aosta / Vallée d"'Aoste',TOTEXP,Totale spesa (euro),ISERIDC,Servizi integrativi per la prima infanzia,PRPM,Privata con riserva di posti da parte del comune,2023,0,,,FILTER_ATS,Filter,,,,,,,,,,,,,,
A,Annuale,ITC2,'Valle d"'Aosta / Vallée d"'Aoste',TOTEXP,Totale spesa (euro),ISERIDC,Servizi integrativi per la prima infanzia,PCM,Privata senza riserva di posti da parte del comune,2023,0,,,FILTER_ATS,Filter,,,,,,,,,,,,,,
A,Annuale,ITC2,'Valle d"'Aosta / Vallée d"'Aoste',TOTEXP,Totale spesa (euro),ISERIDC,Servizi integrativi per la prima infanzia,CFPPS,Contributi alle famiglie per servizi privati o pubblici,2023,0,,,FILTER_ATS,Filter,,,,,,,,,,,,,,
A,Annuale,ITC2,'Valle d"'Aosta / Vallée d"'Aoste',TOTEXP,Totale spesa (euro),ISERIDC,Servizi integrativi per la prima infanzia,ALL,Tutte le voci,2023,141547,,,FILTER_ATS,Filter,,,,,,,,,,,,,,
A,Annuale,ITC2,'Valle d"'Aosta / Vallée d"'Aoste',TOTEXP,Totale spesa (euro),ALL,Tutte le voci,MDO,Comunale a gestione diretta,2023,1518875,,,FILTER_ATS,Filter,,,,,,,,,,,,,,
A,Annuale,ITC2,'Valle d"'Aosta / Vallée d"'Aoste',TOTEXP,Totale spesa (euro),ALL,Tutte le voci,MMETP,Comunale a gestione affidata a terzi,2023,6776120,,,FILTER_ATS,Filter,,,,,,,,,,,,,,
A,Annuale,ITC2,'Valle d"'Aosta / Vallée d"'Aoste',TOTEXP,Totale spesa (euro),ALL,Tutte le voci,PRPM,Privata con riserva di posti da parte del comune,2023,99260,,,FILTER_ATS,Filter,,,,,,,,,,,,,,
A,Annuale,ITC2,'Valle d"'Aosta / Vallée d"'Aoste',TOTEXP,Totale spesa (euro),ALL,Tutte le voci,PCM,Privata senza riserva di posti da parte del comune,2023,6502,,,FILTER_ATS,Filter,,,,,,,,,,,,,,
A,Annuale,ITC2,'Valle d"'Aosta / Vallée d"'Aoste',TOTEXP,Totale spesa (euro),ALL,Tutte le voci,CFPPS,Contributi alle famiglie per servizi privati o pubblici,2023,0,,,FILTER_ATS,Filter,,,,,,,,,,,,,,
A,Annuale,ITC2,'Valle d"'Aosta / Vallée d"'Aoste',TOTEXP,Totale spesa (euro),ALL,Tutte le voci,ALL,Tutte le voci,2023,8400757,,,FILTER_ATS,Filter,,,,,,,,,,,,,,
A,Annuale,ITC2,'Valle d"'Aosta / Vallée d"'Aoste',EXPMUN,Spesa dei comuni (euro),DNUR,Nidi e sezioni primavera,MDO,Comunale a gestione diretta,2023,1185227,,,FILTER_ATS,Filter,,,,,,,,,,,,,,
A,Annuale,ITC2,'Valle d"'Aosta / Vallée d"'Aoste',EXPMUN,Spesa dei comuni (euro),DNUR,Nidi e sezioni primavera,MMETP,Comunale a gestione affidata a terzi,2023,5261441,,,FILTER_ATS,Filter,,,,,,,,,,,,,,
A,Annuale,ITC2,'Valle d"'Aosta / Vallée d"'Aoste',EXPMUN,Spesa dei comuni (euro),DNUR,Nidi e sezioni primavera,PRPM,Privata con riserva di posti da parte del comune,2023,65545,,,FILTER_ATS,Filter,,,,,,,,,,,,,,
A,Annuale,ITC2,'Valle d"'Aosta / Vallée d"'Aoste',EXPMUN,Spesa dei comuni (euro),DNUR,Nidi e sezioni primavera,PCM,Privata senza riserva di posti da parte del comune,2023,6502,,,FILTER_ATS,Filter,,,,,,,,,,,,,,
A,Annuale,ITC2,'Valle d"'Aosta / Vallée d"'Aoste',EXPMUN,Spesa dei comuni (euro),DNUR,Nidi e sezioni primavera,CFPPS,Contributi alle famiglie per servizi privati o pubblici,2023,0,,,FILTER_ATS,Filter,,,,,,,,,,,,,,
A,Annuale,ITC2,'Valle d"'Aosta / Vallée d"'Aoste',EXPMUN,Spesa dei comuni (euro),DNUR,Nidi e sezioni primavera,ALL,Tutte le voci,2023,6518715,,,FILTER_ATS,Filter,,,,,,,,,,,,,,
A,Annuale,ITC2,'Valle d"'Aosta / Vallée d"'Aoste',EXPMUN,Spesa dei comuni (euro),CDNUR,Nidi,MDO,Comunale a gestione diretta,2023,1185227,,,FILTER_ATS,Filter,,,,,,,,,,,,,,
A,Annuale,ITC2,'Valle d"'Aosta / Vallée d"'Aoste',EXPMUN,Spesa dei comuni (euro),CDNUR,Nidi,MMETP,Comunale a gestione affidata a terzi,2023,5261441,,,FILTER_ATS,Filter,,,,,,,,,,,,,,
A,Annuale,ITC2,'Valle d"'Aosta / Vallée d"'Aoste',EXPMUN,Spesa dei comuni (euro),CDNUR,Nidi,PRPM,Privata con riserva di posti da parte del comune,2023,65545,,,FILTER_ATS,Filter,,,,,,,,,,,,,,
A,Annuale,ITC2,'Valle d"'Aosta / Vallée d"'Aoste',EXPMUN,Spesa dei comuni (euro),CDNUR,Nidi,PCM,Privata senza riserva di posti da parte del comune,2023,6502,,,FILTER_ATS,Filter,,,,,,,,,,,,,,
A,Annuale,ITC2,'Valle d"'Aosta / Vallée d"'Aoste',EXPMUN,Spesa dei comuni (euro),CDNUR,Nidi,CFPPS,Contributi alle famiglie per servizi privati o pubblici,2023,0,,,FILTER_ATS,Filter,,,,,,,,,,,,,,
A,Annuale,ITC2,'Valle d"'Aosta / Vallée d"'Aoste',EXPMUN,Spesa dei comuni (euro),CDNUR,Nidi,ALL,Tutte le voci,2023,6518715,,,FILTER_ATS,Filter,,,,,,,,,,,,,,
A,Annuale,ITC2,'Valle d"'Aosta / Vallée d"'Aoste',EXPMUN,Spesa dei comuni (euro),DNISC,Sezioni primavera,MDO,Comunale a gestione diretta,2023,0,,,FILTER_ATS,Filter,,,,,,,,,,,,,,
A,Annuale,ITC2,'Valle d"'Aosta / Vallée d"'Aoste',EXPMUN,Spesa dei comuni (euro),DNISC,Sezioni primavera,MMETP,Comunale a gestione affidata a terzi,2023,0,,,FILTER_ATS,Filter,,,,,,,,,,,,,,
A,Annuale,ITC2,'Valle d"'Aosta / Vallée d"'Aoste',EXPMUN,Spesa dei comuni (euro),DNISC,Sezioni primavera,PRPM,Privata con riserva di posti da parte del comune,2023,0,,,FILTER_ATS,Filter,,,,,,,,,,,,,,
A,Annuale,ITC2,'Valle d"'Aosta / Vallée d"'Aoste',EXPMUN,Spesa dei comuni (euro),DNISC,Sezioni primavera,PCM,Privata senza riserva di posti da parte del comune,2023,0,,,FILTER_ATS,Filter,,,,,,,,,,,,,,
A,Annuale,ITC2,'Valle d"'Aosta / Vallée d"'Aoste',EXPMUN,Spesa dei comuni (euro),DNISC,Sezioni primavera,CFPPS,Contributi alle famiglie per servizi privati o pubblici,2023,0,,,FILTER_ATS,Filter,,,,,,,,,,,,,,
A,Annuale,ITC2,'Valle d"'Aosta / Vallée d"'Aoste',EXPMUN,Spesa dei comuni (euro),DNISC,Sezioni primavera,ALL,Tutte le voci,2023,0,,,FILTER_ATS,Filter,,,,,,,,,,,,,,
A,Annuale,ITC2,'Valle d"'Aosta / Vallée d"'Aoste',EXPMUN,Spesa dei comuni (euro),ISERIDC,Servizi integrativi per la prima infanzia,MDO,Comunale a gestione diretta,2023,12176,,,FILTER_ATS,Filter,,,,,,,,,,,,,,
A,Annuale,ITC2,'Valle d"'Aosta / Vallée d"'Aoste',EXPMUN,Spesa dei comuni (euro),ISERIDC,Servizi integrativi per la prima infanzia,MMETP,Comunale a gestione affidata a terzi,2023,72145,,,FILTER_ATS,Filter,,,,,,,,,,,,,,
A,Annuale,ITC2,'Valle d"'Aosta / Vallée d"'Aoste',EXPMUN,Spesa dei comuni (euro),ISERIDC,Servizi integrativi per la prima infanzia,PRPM,Privata con riserva di posti da parte del comune,2023,0,,,FILTER_ATS,Filter,,,,,,,,,,,,,,
A,Annuale,ITC2,'Valle d"'Aosta / Vallée d"'Aoste',EXPMUN,Spesa dei comuni (euro),ISERIDC,Servizi integrativi per la prima infanzia,PCM,Privata senza riserva di posti da parte del comune,2023,0,,,FILTER_ATS,Filter,,,,,,,,,,,,,,
A,Annuale,ITC2,'Valle d"'Aosta / Vallée d"'Aoste',EXPMUN,Spesa dei comuni (euro),ISERIDC,Servizi integrativi per la prima infanzia,CFPPS,Contributi alle famiglie per servizi privati o pubblici,2023,0,,,FILTER_ATS,Filter,,,,,,,,,,,,,,
A,Annuale,ITC2,'Valle d"'Aosta / Vallée d"'Aoste',EXPMUN,Spesa dei comuni (euro),ISERIDC,Servizi integrativi per la prima infanzia,ALL,Tutte le voci,2023,84321,,,FILTER_ATS,Filter,,,,,,,,,,,,,,
A,Annuale,ITC2,'Valle d"'Aosta / Vallée d"'Aoste',EXPMUN,Spesa dei comuni (euro),ALL,Tutte le voci,MDO,Comunale a gestione diretta,2023,1197403,,,FILTER_ATS,Filter,,,,,,,,,,,,,,
A,Annuale,ITC2,'Valle d"'Aosta / Vallée d"'Aoste',EXPMUN,Spesa dei comuni (euro),ALL,Tutte le voci,MMETP,Comunale a gestione affidata a terzi,2023,5333586,,,FILTER_ATS,Filter,,,,,,,,,,,,,,
A,Annuale,ITC2,'Valle d"'Aosta / Vallée d"'Aoste',EXPMUN,Spesa dei comuni (euro),ALL,Tutte le voci,PRPM,Privata con riserva di posti da parte del comune,2023,65545,,,FILTER_ATS,Filter,,,,,,,,,,,,,,
A,Annuale,ITC2,'Valle d"'Aosta / Vallée d"'Aoste',EXPMUN,Spesa dei comuni (euro),ALL,Tutte le voci,PCM,Privata senza riserva di posti da parte del comune,2023,6502,,,FILTER_ATS,Filter,,,,,,,,,,,,,,
A,Annuale,ITC2,'Valle d"'Aosta / Vallée d"'Aoste',EXPMUN,Spesa dei comuni (euro),ALL,Tutte le voci,CFPPS,Contributi alle famiglie per servizi privati o pubblici,2023,0,,,FILTER_ATS,Filter,,,,,,,,,,,,,,
A,Annuale,ITC2,'Valle d"'Aosta / Vallée d"'Aoste',EXPMUN,Spesa dei comuni (euro),ALL,Tutte le voci,ALL,Tutte le voci,2023,6603036,,,FILTER_ATS,Filter,,,,,,,,,,,,,,
A,Annuale,ITC2,'Valle d"'Aosta / Vallée d"'Aoste',EXPUSERS,Compartecipazione degli utenti alla spesa totale (euro),DNUR,Nidi e sezioni primavera,MDO,Comunale a gestione diretta,2023,319476,,,FILTER_ATS,Filter,,,,,,,,,,,,,,
A,Annuale,ITC2,'Valle d"'Aosta / Vallée d"'Aoste',EXPUSERS,Compartecipazione degli utenti alla spesa totale (euro),DNUR,Nidi e sezioni primavera,MMETP,Comunale a gestione affidata a terzi,2023,1387304,,,FILTER_ATS,Filter,,,,,,,,,,,,,,
A,Annuale,ITC2,'Valle d"'Aosta / Vallée d"'Aoste',EXPUSERS,Compartecipazione degli utenti alla spesa totale (euro),DNUR,Nidi e sezioni primavera,PRPM,Privata con riserva di posti da parte del comune,2023,33715,,,FILTER_ATS,Filter,,,,,,,,,,,,,,
A,Annuale,ITC2,'Valle d"'Aosta / Vallée d"'Aoste',EXPUSERS,Compartecipazione degli utenti alla spesa totale (euro),DNUR,Nidi e sezioni primavera,ALL,Tutte le voci,2023,1740495,,,FILTER_ATS,Filter,,,,,,,,,,,,,,
A,Annuale,ITC2,'Valle d"'Aosta / Vallée d"'Aoste',EXPUSERS,Compartecipazione degli utenti alla spesa totale (euro),CDNUR,Nidi,MDO,Comunale a gestione diretta,2023,319476,,,FILTER_ATS,Filter,,,,,,,,,,,,,,
A,Annuale,ITC2,'Valle d"'Aosta / Vallée d"'Aoste',EXPUSERS,Compartecipazione degli utenti alla spesa totale (euro),CDNUR,Nidi,MMETP,Comunale a gestione affidata a terzi,2023,1387304,,,FILTER_ATS,Filter,,,,,,,,,,,,,,
A,Annuale,ITC2,'Valle d"'Aosta / Vallée d"'Aoste',EXPUSERS,Compartecipazione degli utenti alla spesa totale (euro),CDNUR,Nidi,PRPM,Privata con riserva di posti da parte del comune,2023,33715,,,FILTER_ATS,Filter,,,,,,,,,,,,,,
A,Annuale,ITC2,'Valle d"'Aosta / Vallée d"'Aoste',EXPUSERS,Compartecipazione degli utenti alla spesa totale (euro),CDNUR,Nidi,ALL,Tutte le voci,2023,1740495,,,FILTER_ATS,Filter,,,,,,,,,,,,,,
A,Annuale,ITC2,'Valle d"'Aosta / Vallée d"'Aoste',EXPUSERS,Compartecipazione degli utenti alla spesa totale (euro),DNISC,Sezioni primavera,MDO,Comunale a gestione diretta,2023,0,,,FILTER_ATS,Filter,,,,,,,,,,,,,,
A,Annuale,ITC2,'Valle d"'Aosta / Vallée d"'Aoste',EXPUSERS,Compartecipazione degli utenti alla spesa totale (euro),DNISC,Sezioni primavera,MMETP,Comunale a gestione affidata a terzi,2023,0,,,FILTER_ATS,Filter,,,,,,,,,,,,,,
A,Annuale,ITC2,'Valle d"'Aosta / Vallée d"'Aoste',EXPUSERS,Compartecipazione degli utenti alla spesa totale (euro),DNISC,Sezioni primavera,PRPM,Privata con riserva di posti da parte del comune,2023,0,,,FILTER_ATS,Filter,,,,,,,,,,,,,,
A,Annuale,ITC2,'Valle d"'Aosta / Vallée d"'Aoste',EXPUSERS,Compartecipazione degli utenti alla spesa totale (euro),DNISC,Sezioni primavera,ALL,Tutte le voci,2023,0,,,FILTER_ATS,Filter,,,,,,,,,,,,,,
A,Annuale,ITC2,'Valle d"'Aosta / Vallée d"'Aoste',EXPUSERS,Compartecipazione degli utenti alla spesa totale (euro),ISERIDC,Servizi integrativi per la prima infanzia,MDO,Comunale a gestione diretta,2023,1996,,,FILTER_ATS,Filter,,,,,,,,,,,,,,
A,Annuale,ITC2,'Valle d"'Aosta / Vallée d"'Aoste',EXPUSERS,Compartecipazione degli utenti alla spesa totale (euro),ISERIDC,Servizi integrativi per la prima infanzia,MMETP,Comunale a gestione affidata a terzi,2023,55230,,,FILTER_ATS,Filter,,,,,,,,,,,,,,
A,Annuale,ITC2,'Valle d"'Aosta / Vallée d"'Aoste',EXPUSERS,Compartecipazione degli utenti alla spesa totale (euro),ISERIDC,Servizi integrativi per la prima infanzia,PRPM,Privata con riserva di posti da parte del comune,2023,0,,,FILTER_ATS,Filter,,,,,,,,,,,,,,
A,Annuale,ITC2,'Valle d"'Aosta / Vallée d"'Aoste',EXPUSERS,Compartecipazione degli utenti alla spesa totale (euro),ISERIDC,Servizi integrativi per la prima infanzia,ALL,Tutte le voci,2023,57226,,,FILTER_ATS,Filter,,,,,,,,,,,,,,
A,Annuale,ITC2,'Valle d"'Aosta / Vallée d"'Aoste',EXPUSERS,Compartecipazione degli utenti alla spesa totale (euro),ALL,Tutte le voci,MDO,Comunale a gestione diretta,2023,321472,,,FILTER_ATS,Filter,,,,,,,,,,,,,,
A,Annuale,ITC2,'Valle d"'Aosta / Vallée d"'Aoste',EXPUSERS,Compartecipazione degli utenti alla spesa totale (euro),ALL,Tutte le voci,MMETP,Comunale a gestione affidata a terzi,2023,1442534,,,FILTER_ATS,Filter,,,,,,,,,,,,,,
A,Annuale,ITC2,'Valle d"'Aosta / Vallée d"'Aoste',EXPUSERS,Compartecipazione degli utenti alla spesa totale (euro),ALL,Tutte le voci,PRPM,Privata con riserva di posti da parte del comune,2023,33715,,,FILTER_ATS,Filter,,,,,,,,,,,,,,
A,Annuale,ITC2,'Valle d"'Aosta / Vallée d"'Aoste',EXPUSERS,Compartecipazione degli utenti alla spesa totale (euro),ALL,Tutte le voci,ALL,Tutte le voci,2023,1797721,,,FILTER_ATS,Filter,,,,,,,,,,,,,,
A,Annuale,ITC2,'Valle d"'Aosta / Vallée d"'Aoste',PEREXPPU,Spesa sostenuta dagli utenti sulla spesa totale (percentuale),DNUR,Nidi e sezioni primavera,MDO,Comunale a gestione diretta,2023,21.2,,,FILTER_ATS,Filter,,,,,,,,,,,,,,
A,Annuale,ITC2,'Valle d"'Aosta / Vallée d"'Aoste',PEREXPPU,Spesa sostenuta dagli utenti sulla spesa totale (percentuale),DNUR,Nidi e sezioni primavera,MMETP,Comunale a gestione affidata a terzi,2023,20.9,,,FILTER_ATS,Filter,,,,,,,,,,,,,,
A,Annuale,ITC2,'Valle d"'Aosta / Vallée d"'Aoste',PEREXPPU,Spesa sostenuta dagli utenti sulla spesa totale (percentuale),DNUR,Nidi e sezioni primavera,PRPM,Privata con riserva di posti da parte del comune,2023,34,,,FILTER_ATS,Filter,,,,,,,,,,,,,,
A,Annuale,ITC2,'Valle d"'Aosta / Vallée d"'Aoste',PEREXPPU,Spesa sostenuta dagli utenti sulla spesa totale (percentuale),DNUR,Nidi e sezioni primavera,ALL,Tutte le voci,2023,21.1,,,FILTER_ATS,Filter,,,,,,,,,,,,,,
A,Annuale,ITC2,'Valle d"'Aosta / Vallée d"'Aoste',PEREXPPU,Spesa sostenuta dagli utenti sulla spesa totale (percentuale),CDNUR,Nidi,MDO,Comunale a gestione diretta,2023,21.2,,,FILTER_ATS,Filter,,,,,,,,,,,,,,
A,Annuale,ITC2,'Valle d"'Aosta / Vallée d"'Aoste',PEREXPPU,Spesa sostenuta dagli utenti sulla spesa totale (percentuale),CDNUR,Nidi,MMETP,Comunale a gestione affidata a terzi,2023,20.9,,,FILTER_ATS,Filter,,,,,,,,,,,,,,
A,Annuale,ITC2,'Valle d"'Aosta / Vallée d"'Aoste',PEREXPPU,Spesa sostenuta dagli utenti sulla spesa totale (percentuale),CDNUR,Nidi,PRPM,Privata con riserva di posti da parte del comune,2023,34,,,FILTER_ATS,Filter,,,,,,,,,,,,,,
A,Annuale,ITC2,'Valle d"'Aosta / Vallée d"'Aoste',PEREXPPU,Spesa sostenuta dagli utenti sulla spesa totale (percentuale),CDNUR,Nidi,ALL,Tutte le voci,2023,21.1,,,FILTER_ATS,Filter,,,,,,,,,,,,,,
A,Annuale,ITC2,'Valle d"'Aosta / Vallée d"'Aoste',PEREXPPU,Spesa sostenuta dagli utenti sulla spesa totale (percentuale),DNISC,Sezioni primavera,MDO,Comunale a gestione diretta,2023,0,,,FILTER_ATS,Filter,,,,,,,,,,,,,,
A,Annuale,ITC2,'Valle d"'Aosta / Vallée d"'Aoste',PEREXPPU,Spesa sostenuta dagli utenti sulla spesa totale (percentuale),DNISC,Sezioni primavera,MMETP,Comunale a gestione affidata a terzi,2023,0,,,FILTER_ATS,Filter,,,,,,,,,,,,,,
A,Annuale,ITC2,'Valle d"'Aosta / Vallée d"'Aoste',PEREXPPU,Spesa sostenuta dagli utenti sulla spesa totale (percentuale),DNISC,Sezioni primavera,PRPM,Privata con riserva di posti da parte del comune,2023,0,,,FILTER_ATS,Filter,,,,,,,,,,,,,,
A,Annuale,ITC2,'Valle d"'Aosta / Vallée d"'Aoste',PEREXPPU,Spesa sostenuta dagli utenti sulla spesa totale (percentuale),DNISC,Sezioni primavera,ALL,Tutte le voci,2023,0,,,FILTER_ATS,Filter,,,,,,,,,,,,,,
A,Annuale,ITC2,'Valle d"'Aosta / Vallée d"'Aoste',PEREXPPU,Spesa sostenuta dagli utenti sulla spesa totale (percentuale),ISERIDC,Servizi integrativi per la prima infanzia,MDO,Comunale a gestione diretta,2023,14.1,,,FILTER_ATS,Filter,,,,,,,,,,,,,,
A,Annuale,ITC2,'Valle d"'Aosta / Vallée d"'Aoste',PEREXPPU,Spesa sostenuta dagli utenti sulla spesa totale (percentuale),ISERIDC,Servizi integrativi per la prima infanzia,MMETP,Comunale a gestione affidata a terzi,2023,43.4,,,FILTER_ATS,Filter,,,,,,,,,,,,,,
A,Annuale,ITC2,'Valle d"'Aosta / Vallée d"'Aoste',PEREXPPU,Spesa sostenuta dagli utenti sulla spesa totale (percentuale),ISERIDC,Servizi integrativi per la prima infanzia,PRPM,Privata con riserva di posti da parte del comune,2023,0,,,FILTER_ATS,Filter,,,,,,,,,,,,,,
A,Annuale,ITC2,'Valle d"'Aosta / Vallée d"'Aoste',PEREXPPU,Spesa sostenuta dagli utenti sulla spesa totale (percentuale),ISERIDC,Servizi integrativi per la prima infanzia,ALL,Tutte le voci,2023,40.4,,,FILTER_ATS,Filter,,,,,,,,,,,,,,
A,Annuale,ITC2,'Valle d"'Aosta / Vallée d"'Aoste',PEREXPPU,Spesa sostenuta dagli utenti sulla spesa totale (percentuale),ALL,Tutte le voci,MDO,Comunale a gestione diretta,2023,21.2,,,FILTER_ATS,Filter,,,,,,,,,,,,,,
A,Annuale,ITC2,'Valle d"'Aosta / Vallée d"'Aoste',PEREXPPU,Spesa sostenuta dagli utenti sulla spesa totale (percentuale),ALL,Tutte le voci,MMETP,Comunale a gestione affidata a terzi,2023,21.3,,,FILTER_ATS,Filter,,,,,,,,,,,,,,
A,Annuale,ITC2,'Valle d"'Aosta / Vallée d"'Aoste',PEREXPPU,Spesa sostenuta dagli utenti sulla spesa totale (percentuale),ALL,Tutte le voci,PRPM,Privata con riserva di posti da parte del comune,2023,34,,,FILTER_ATS,Filter,,,,,,,,,,,,,,
A,Annuale,ITC2,'Valle d"'Aosta / Vallée d"'Aoste',PEREXPPU,Spesa sostenuta dagli utenti sulla spesa totale (percentuale),ALL,Tutte le voci,ALL,Tutte le voci,2023,21.4,,,FILTER_ATS,Filter,,,,,,,,,,,,,,
A,Annuale,ITC3,Liguria,USSSPM,Utenti,DNUR,Nidi e sezioni primavera,MDO,Comunale a gestione diretta,2023,2463,,,FILTER_ATS,Filter,,,,,,,,,,,,,,
A,Annuale,ITC3,Liguria,USSSPM,Utenti,DNUR,Nidi e sezioni primavera,MMETP,Comunale a gestione affidata a terzi,2023,1359,,,FILTER_ATS,Filter,,,,,,,,,,,,,,
A,Annuale,ITC3,Liguria,USSSPM,Utenti,DNUR,Nidi e sezioni primavera,PRPM,Privata con riserva di posti da parte del comune,2023,540,,,FILTER_ATS,Filter,,,,,,,,,,,,,,
A,Annuale,ITC3,Liguria,USSSPM,Utenti,DNUR,Nidi e sezioni primavera,CFPPS,Contributi alle famiglie per servizi privati o pubblici,2023,27,,,FILTER_ATS,Filter,,,,,,,,,,,,,,
A,Annuale,ITC3,Liguria,USSSPM,Utenti,DNUR,Nidi e sezioni primavera,ALL,Tutte le voci,2023,4389,,,FILTER_ATS,Filter,,,,,,,,,,,,,,
A,Annuale,ITC3,Liguria,USSSPM,Utenti,CDNUR,Nidi,MDO,Comunale a gestione diretta,2023,2306,,,FILTER_ATS,Filter,,,,,,,,,,,,,,
A,Annuale,ITC3,Liguria,USSSPM,Utenti,CDNUR,Nidi,MMETP,Comunale a gestione affidata a terzi,2023,1280,,,FILTER_ATS,Filter,,,,,,,,,,,,,,
A,Annuale,ITC3,Liguria,USSSPM,Utenti,CDNUR,Nidi,PRPM,Privata con riserva di posti da parte del comune,2023,437,,,FILTER_ATS,Filter,,,,,,,,,,,,,,
A,Annuale,ITC3,Liguria,USSSPM,Utenti,CDNUR,Nidi,CFPPS,Contributi alle famiglie per servizi privati o pubblici,2023,27,,,FILTER_ATS,Filter,,,,,,,,,,,,,,
A,Annuale,ITC3,Liguria,USSSPM,Utenti,CDNUR,Nidi,ALL,Tutte le voci,2023,4050,,,FILTER_ATS,Filter,,,,,,,,,,,,,,
A,Annuale,ITC3,Liguria,USSSPM,Utenti,DNISC,Sezioni primavera,MDO,Comunale a gestione diretta,2023,157,,,FILTER_ATS,Filter,,,,,,,,,,,,,,
A,Annuale,ITC3,Liguria,USSSPM,Utenti,DNISC,Sezioni primavera,MMETP,Comunale a gestione affidata a terzi,2023,79,,,FILTER_ATS,Filter,,,,,,,,,,,,,,
A,Annuale,ITC3,Liguria,USSSPM,Utenti,DNISC,Sezioni primavera,PRPM,Privata con riserva di posti da parte del comune,2023,103,,,FILTER_ATS,Filter,,,,,,,,,,,,,,
A,Annuale,ITC3,Liguria,USSSPM,Utenti,DNISC,Sezioni primavera,CFPPS,Contributi alle famiglie per servizi privati o pubblici,2023,0,,,FILTER_ATS,Filter,,,,,,,,,,,,,,
A,Annuale,ITC3,Liguria,USSSPM,Utenti,DNISC,Sezioni primavera,ALL,Tutte le voci,2023,339,,,FILTER_ATS,Filter,,,,,,,,,,,,,,
A,Annuale,ITC3,Liguria,USSSPM,Utenti,ISERIDC,Servizi integrativi per la prima infanzia,MDO,Comunale a gestione diretta,2023,16,,,FILTER_ATS,Filter,,,,,,,,,,,,,,
A,Annuale,ITC3,Liguria,USSSPM,Utenti,ISERIDC,Servizi integrativi per la prima infanzia,MMETP,Comunale a gestione affidata a terzi,2023,78,,,FILTER_ATS,Filter,,,,,,,,,,,,,,
A,Annuale,ITC3,Liguria,USSSPM,Utenti,ISERIDC,Servizi integrativi per la prima infanzia,PRPM,Privata con riserva di posti da parte del comune,2023,29,,,FILTER_ATS,Filter,,,,,,,,,,,,,,
A,Annuale,ITC3,Liguria,USSSPM,Utenti,ISERIDC,Servizi integrativi per la prima infanzia,CFPPS,Contributi alle famiglie per servizi privati o pubblici,2023,5,,,FILTER_ATS,Filter,,,,,,,,,,,,,,
A,Annuale,ITC3,Liguria,USSSPM,Utenti,ISERIDC,Servizi integrativi per la prima infanzia,ALL,Tutte le voci,2023,128,,,FILTER_ATS,Filter,,,,,,,,,,,,,,
A,Annuale,ITC3,Liguria,USSSPM,Utenti,ALL,Tutte le voci,MDO,Comunale a gestione diretta,2023,2479,,,FILTER_ATS,Filter,,,,,,,,,,,,,,
A,Annuale,ITC3,Liguria,USSSPM,Utenti,ALL,Tutte le voci,MMETP,Comunale a gestione affidata a terzi,2023,1437,,,FILTER_ATS,Filter,,,,,,,,,,,,,,
A,Annuale,ITC3,Liguria,USSSPM,Utenti,ALL,Tutte le voci,PRPM,Privata con riserva di posti da parte del comune,2023,569,,,FILTER_ATS,Filter,,,,,,,,,,,,,,
A,Annuale,ITC3,Liguria,USSSPM,Utenti,ALL,Tutte le voci,CFPPS,Contributi alle famiglie per servizi privati o pubblici,2023,32,,,FILTER_ATS,Filter,,,,,,,,,,,,,,
A,Annuale,ITC3,Liguria,USSSPM,Utenti,ALL,Tutte le voci,ALL,Tutte le voci,2023,4517,,,FILTER_ATS,Filter,,,,,,,,,,,,,,
A,Annuale,ITC3,Liguria,TOTEXP,Totale spesa (euro),DNUR,Nidi e sezioni primavera,MDO,Comunale a gestione diretta,2023,32212213,,,FILTER_ATS,Filter,,,,,,,,,,,,,,
A,Annuale,ITC3,Liguria,TOTEXP,Totale spesa (euro),DNUR,Nidi e sezioni primavera,MMETP,Comunale a gestione affidata a terzi,2023,8739913,,,FILTER_ATS,Filter,,,,,,,,,,,,,,
A,Annuale,ITC3,Liguria,TOTEXP,Totale spesa (euro),DNUR,Nidi e sezioni primavera,PRPM,Privata con riserva di posti da parte del comune,2023,911369,,,FILTER_ATS,Filter,,,,,,,,,,,,,,
A,Annuale,ITC3,Liguria,TOTEXP,Totale spesa (euro),DNUR,Nidi e sezioni primavera,PCM,Privata senza riserva di posti da parte del comune,2023,369692,,,FILTER_ATS,Filter,,,,,,,,,,,,,,
A,Annuale,ITC3,Liguria,TOTEXP,Totale spesa (euro),DNUR,Nidi e sezioni primavera,CFPPS,Contributi alle famiglie per servizi privati o pubblici,2023,28636,,,FILTER_ATS,Filter,,,,,,,,,,,,,,
A,Annuale,ITC3,Liguria,TOTEXP,Totale spesa (euro),DNUR,Nidi e sezioni primavera,ALL,Tutte le voci,2023,42261823,,,FILTER_ATS,Filter,,,,,,,,,,,,,,
A,Annuale,ITC3,Liguria,TOTEXP,Totale spesa (euro),CDNUR,Nidi,MDO,Comunale a gestione diretta,2023,31362345,,,FILTER_ATS,Filter,,,,,,,,,,,,,,
A,Annuale,ITC3,Liguria,TOTEXP,Totale spesa (euro),CDNUR,Nidi,MMETP,Comunale a gestione affidata a terzi,2023,8371710,,,FILTER_ATS,Filter,,,,,,,,,,,,,,
A,Annuale,ITC3,Liguria,TOTEXP,Totale spesa (euro),CDNUR,Nidi,PRPM,Privata con riserva di posti da parte del comune,2023,789259,,,FILTER_ATS,Filter,,,,,,,,,,,,,,
A,Annuale,ITC3,Liguria,TOTEXP,Totale spesa (euro),CDNUR,Nidi,PCM,Privata senza riserva di posti da parte del comune,2023,255542,,,FILTER_ATS,Filter,,,,,,,,,,,,,,
A,Annuale,ITC3,Liguria,TOTEXP,Totale spesa (euro),CDNUR,Nidi,CFPPS,Contributi alle famiglie per servizi privati o pubblici,2023,28636,,,FILTER_ATS,Filter,,,,,,,,,,,,,,
A,Annuale,ITC3,Liguria,TOTEXP,Totale spesa (euro),CDNUR,Nidi,ALL,Tutte le voci,2023,40807492,,,FILTER_ATS,Filter,,,,,,,,,,,,,,
A,Annuale,ITC3,Liguria,TOTEXP,Totale spesa (euro),DNISC,Sezioni primavera,MDO,Comunale a gestione diretta,2023,849868,,,FILTER_ATS,Filter,,,,,,,,,,,,,,
A,Annuale,ITC3,Liguria,TOTEXP,Totale spesa (euro),DNISC,Sezioni primavera,MMETP,Comunale a gestione affidata a terzi,2023,368203,,,FILTER_ATS,Filter,,,,,,,,,,,,,,
A,Annuale,ITC3,Liguria,TOTEXP,Totale spesa (euro),DNISC,Sezioni primavera,PRPM,Privata con riserva di posti da parte del comune,2023,122110,,,FILTER_ATS,Filter,,,,,,,,,,,,,,
A,Annuale,ITC3,Liguria,TOTEXP,Totale spesa (euro),DNISC,Sezioni primavera,PCM,Privata senza riserva di posti da parte del comune,2023,114150,,,FILTER_ATS,Filter,,,,,,,,,,,,,,
A,Annuale,ITC3,Liguria,TOTEXP,Totale spesa (euro),DNISC,Sezioni primavera,CFPPS,Contributi alle famiglie per servizi privati o pubblici,2023,0,,,FILTER_ATS,Filter,,,,,,,,,,,,,,
A,Annuale,ITC3,Liguria,TOTEXP,Totale spesa (euro),DNISC,Sezioni primavera,ALL,Tutte le voci,2023,1454331,,,FILTER_ATS,Filter,,,,,,,,,,,,,,
A,Annuale,ITC3,Liguria,TOTEXP,Totale spesa (euro),ISERIDC,Servizi integrativi per la prima infanzia,MDO,Comunale a gestione diretta,2023,196487,,,FILTER_ATS,Filter,,,,,,,,,,,,,,
A,Annuale,ITC3,Liguria,TOTEXP,Totale spesa (euro),ISERIDC,Servizi integrativi per la prima infanzia,MMETP,Comunale a gestione affidata a terzi,2023,243488,,,FILTER_ATS,Filter,,,,,,,,,,,,,,
A,Annuale,ITC3,Liguria,TOTEXP,Totale spesa (euro),ISERIDC,Servizi integrativi per la prima infanzia,PRPM,Privata con riserva di posti da parte del comune,2023,41681,,,FILTER_ATS,Filter,,,,,,,,,,,,,,
A,Annuale,ITC3,Liguria,TOTEXP,Totale spesa (euro),ISERIDC,Servizi integrativi per la prima infanzia,PCM,Privata senza riserva di posti da parte del comune,2023,83249,,,FILTER_ATS,Filter,,,,,,,,,,,,,,
A,Annuale,ITC3,Liguria,TOTEXP,Totale spesa (euro),ISERIDC,Servizi integrativi per la prima infanzia,CFPPS,Contributi alle famiglie per servizi privati o pubblici,2023,2310,,,FILTER_ATS,Filter,,,,,,,,,,,,,,
A,Annuale,ITC3,Liguria,TOTEXP,Totale spesa (euro),ISERIDC,Servizi integrativi per la prima infanzia,ALL,Tutte le voci,2023,567215,,,FILTER_ATS,Filter,,,,,,,,,,,,,,
A,Annuale,ITC3,Liguria,TOTEXP,Totale spesa (euro),ALL,Tutte le voci,MDO,Comunale a gestione diretta,2023,32408700,,,FILTER_ATS,Filter,,,,,,,,,,,,,,
A,Annuale,ITC3,Liguria,TOTEXP,Totale spesa (euro),ALL,Tutte le voci,MMETP,Comunale a gestione affidata a terzi,2023,8983401,,,FILTER_ATS,Filter,,,,,,,,,,,,,,
A,Annuale,ITC3,Liguria,TOTEXP,Totale spesa (euro),ALL,Tutte le voci,PRPM,Privata con riserva di posti da parte del comune,2023,953050,,,FILTER_ATS,Filter,,,,,,,,,,,,,,
A,Annuale,ITC3,Liguria,TOTEXP,Totale spesa (euro),ALL,Tutte le voci,PCM,Privata senza riserva di posti da parte del comune,2023,452941,,,FILTER_ATS,Filter,,,,,,,,,,,,,,
A,Annuale,ITC3,Liguria,TOTEXP,Totale spesa (euro),ALL,Tutte le voci,CFPPS,Contributi alle famiglie per servizi privati o pubblici,2023,30946,,,FILTER_ATS,Filter,,,,,,,,,,,,,,
A,Annuale,ITC3,Liguria,TOTEXP,Totale spesa (euro),ALL,Tutte le voci,ALL,Tutte le voci,2023,42829038,,,FILTER_ATS,Filter,,,,,,,,,,,,,,
A,Annuale,ITC3,Liguria,EXPMUN,Spesa dei comuni (euro),DNUR,Nidi e sezioni primavera,MDO,Comunale a gestione diretta,2023,27860650,,,FILTER_ATS,Filter,,,,,,,,,,,,,,
A,Annuale,ITC3,Liguria,EXPMUN,Spesa dei comuni (euro),DNUR,Nidi e sezioni primavera,MMETP,Comunale a gestione affidata a terzi,2023,6769697,,,FILTER_ATS,Filter,,,,,,,,,,,,,,
A,Annuale,ITC3,Liguria,EXPMUN,Spesa dei comuni (euro),DNUR,Nidi e sezioni primavera,PRPM,Privata con riserva di posti da parte del comune,2023,812697,,,FILTER_ATS,Filter,,,,,,,,,,,,,,
A,Annuale,ITC3,Liguria,EXPMUN,Spesa dei comuni (euro),DNUR,Nidi e sezioni primavera,PCM,Privata senza riserva di posti da parte del comune,2023,369692,,,FILTER_ATS,Filter,,,,,,,,,,,,,,
A,Annuale,ITC3,Liguria,EXPMUN,Spesa dei comuni (euro),DNUR,Nidi e sezioni primavera,CFPPS,Contributi alle famiglie per servizi privati o pubblici,2023,28636,,,FILTER_ATS,Filter,,,,,,,,,,,,,,
A,Annuale,ITC3,Liguria,EXPMUN,Spesa dei comuni (euro),DNUR,Nidi e sezioni primavera,ALL,Tutte le voci,2023,35841372,,,FILTER_ATS,Filter,,,,,,,,,,,,,,
A,Annuale,ITC3,Liguria,EXPMUN,Spesa dei comuni (euro),CDNUR,Nidi,MDO,Comunale a gestione diretta,2023,27220406,,,FILTER_ATS,Filter,,,,,,,,,,,,,,
A,Annuale,ITC3,Liguria,EXPMUN,Spesa dei comuni (euro),CDNUR,Nidi,MMETP,Comunale a gestione affidata a terzi,2023,6478889,,,FILTER_ATS,Filter,,,,,,,,,,,,,,
A,Annuale,ITC3,Liguria,EXPMUN,Spesa dei comuni (euro),CDNUR,Nidi,PRPM,Privata con riserva di posti da parte del comune,2023,690587,,,FILTER_ATS,Filter,,,,,,,,,,,,,,
A,Annuale,ITC3,Liguria,EXPMUN,Spesa dei comuni (euro),CDNUR,Nidi,PCM,Privata senza riserva di posti da parte del comune,2023,255542,,,FILTER_ATS,Filter,,,,,,,,,,,,,,
A,Annuale,ITC3,Liguria,EXPMUN,Spesa dei comuni (euro),CDNUR,Nidi,CFPPS,Contributi alle famiglie per servizi privati o pubblici,2023,28636,,,FILTER_ATS,Filter,,,,,,,,,,,,,,
A,Annuale,ITC3,Liguria,EXPMUN,Spesa dei comuni (euro),CDNUR,Nidi,ALL,Tutte le voci,2023,34674060,,,FILTER_ATS,Filter,,,,,,,,,,,,,,
A,Annuale,ITC3,Liguria,EXPMUN,Spesa dei comuni (euro),DNISC,Sezioni primavera,MDO,Comunale a gestione diretta,2023,640244,,,FILTER_ATS,Filter,,,,,,,,,,,,,,
A,Annuale,ITC3,Liguria,EXPMUN,Spesa dei comuni (euro),DNISC,Sezioni primavera,MMETP,Comunale a gestione affidata a terzi,2023,290808,,,FILTER_ATS,Filter,,,,,,,,,,,,,,
A,Annuale,ITC3,Liguria,EXPMUN,Spesa dei comuni (euro),DNISC,Sezioni primavera,PRPM,Privata con riserva di posti da parte del comune,2023,122110,,,FILTER_ATS,Filter,,,,,,,,,,,,,,
A,Annuale,ITC3,Liguria,EXPMUN,Spesa dei comuni (euro),DNISC,Sezioni primavera,PCM,Privata senza riserva di posti da parte del comune,2023,114150,,,FILTER_ATS,Filter,,,,,,,,,,,,,,
A,Annuale,ITC3,Liguria,EXPMUN,Spesa dei comuni (euro),DNISC,Sezioni primavera,CFPPS,Contributi alle famiglie per servizi privati o pubblici,2023,0,,,FILTER_ATS,Filter,,,,,,,,,,,,,,
A,Annuale,ITC3,Liguria,EXPMUN,Spesa dei comuni (euro),DNISC,Sezioni primavera,ALL,Tutte le voci,2023,1167312,,,FILTER_ATS,Filter,,,,,,,,,,,,,,
A,Annuale,ITC3,Liguria,EXPMUN,Spesa dei comuni (euro),ISERIDC,Servizi integrativi per la prima infanzia,MDO,Comunale a gestione diretta,2023,160191,,,FILTER_ATS,Filter,,,,,,,,,,,,,,
A,Annuale,ITC3,Liguria,EXPMUN,Spesa dei comuni (euro),ISERIDC,Servizi integrativi per la prima infanzia,MMETP,Comunale a gestione affidata a terzi,2023,195934,,,FILTER_ATS,Filter,,,,,,,,,,,,,,
A,Annuale,ITC3,Liguria,EXPMUN,Spesa dei comuni (euro),ISERIDC,Servizi integrativi per la prima infanzia,PRPM,Privata con riserva di posti da parte del comune,2023,41681,,,FILTER_ATS,Filter,,,,,,,,,,,,,,
A,Annuale,ITC3,Liguria,EXPMUN,Spesa dei comuni (euro),ISERIDC,Servizi integrativi per la prima infanzia,PCM,Privata senza riserva di posti da parte del comune,2023,83249,,,FILTER_ATS,Filter,,,,,,,,,,,,,,
A,Annuale,ITC3,Liguria,EXPMUN,Spesa dei comuni (euro),ISERIDC,Servizi integrativi per la prima infanzia,CFPPS,Contributi alle famiglie per servizi privati o pubblici,2023,2310,,,FILTER_ATS,Filter,,,,,,,,,,,,,,
A,Annuale,ITC3,Liguria,EXPMUN,Spesa dei comuni (euro),ISERIDC,Servizi integrativi per la prima infanzia,ALL,Tutte le voci,2023,483365,,,FILTER_ATS,Filter,,,,,,,,,,,,,,
A,Annuale,ITC3,Liguria,EXPMUN,Spesa dei comuni (euro),ALL,Tutte le voci,MDO,Comunale a gestione diretta,2023,28020841,,,FILTER_ATS,Filter,,,,,,,,,,,,,,
A,Annuale,ITC3,Liguria,EXPMUN,Spesa dei comuni (euro),ALL,Tutte le voci,MMETP,Comunale a gestione affidata a terzi,2023,6965631,,,FILTER_ATS,Filter,,,,,,,,,,,,,,
A,Annuale,ITC3,Liguria,EXPMUN,Spesa dei comuni (euro),ALL,Tutte le voci,PRPM,Privata con riserva di posti da parte del comune,2023,854378,,,FILTER_ATS,Filter,,,,,,,,,,,,,,
A,Annuale,ITC3,Liguria,EXPMUN,Spesa dei comuni (euro),ALL,Tutte le voci,PCM,Privata senza riserva di posti da parte del comune,2023,452941,,,FILTER_ATS,Filter,,,,,,,,,,,,,,
A,Annuale,ITC3,Liguria,EXPMUN,Spesa dei comuni (euro),ALL,Tutte le voci,CFPPS,Contributi alle famiglie per servizi privati o pubblici,2023,30946,,,FILTER_ATS,Filter,,,,,,,,,,,,,,
A,Annuale,ITC3,Liguria,EXPMUN,Spesa dei comuni (euro),ALL,Tutte le voci,ALL,Tutte le voci,2023,36324737,,,FILTER_ATS,Filter,,,,,,,,,,,,,,
A,Annuale,ITC3,Liguria,EXPUSERS,Compartecipazione degli utenti alla spesa totale (euro),DNUR,Nidi e sezioni primavera,MDO,Comunale a gestione diretta,2023,4351563,,,FILTER_ATS,Filter,,,,,,,,,,,,,,
A,Annuale,ITC3,Liguria,EXPUSERS,Compartecipazione degli utenti alla spesa totale (euro),DNUR,Nidi e sezioni primavera,MMETP,Comunale a gestione affidata a terzi,2023,1970216,,,FILTER_ATS,Filter,,,,,,,,,,,,,,
A,Annuale,ITC3,Liguria,EXPUSERS,Compartecipazione degli utenti alla spesa totale (euro),DNUR,Nidi e sezioni primavera,PRPM,Privata con riserva di posti da parte del comune,2023,98672,,,FILTER_ATS,Filter,,,,,,,,,,,,,,
A,Annuale,ITC3,Liguria,EXPUSERS,Compartecipazione degli utenti alla spesa totale (euro),DNUR,Nidi e sezioni primavera,ALL,Tutte le voci,2023,6420451,,,FILTER_ATS,Filter,,,,,,,,,,,,,,
A,Annuale,ITC3,Liguria,EXPUSERS,Compartecipazione degli utenti alla spesa totale (euro),CDNUR,Nidi,MDO,Comunale a gestione diretta,2023,4141939,,,FILTER_ATS,Filter,,,,,,,,,,,,,,
A,Annuale,ITC3,Liguria,EXPUSERS,Compartecipazione degli utenti alla spesa totale (euro),CDNUR,Nidi,MMETP,Comunale a gestione affidata a terzi,2023,1892821,,,FILTER_ATS,Filter,,,,,,,,,,,,,,
A,Annuale,ITC3,Liguria,EXPUSERS,Compartecipazione degli utenti alla spesa totale (euro),CDNUR,Nidi,PRPM,Privata con riserva di posti da parte del comune,2023,98672,,,FILTER_ATS,Filter,,,,,,,,,,,,,,
A,Annuale,ITC3,Liguria,EXPUSERS,Compartecipazione degli utenti alla spesa totale (euro),CDNUR,Nidi,ALL,Tutte le voci,2023,6133432,,,FILTER_ATS,Filter,,,,,,,,,,,,,,
A,Annuale,ITC3,Liguria,EXPUSERS,Compartecipazione degli utenti alla spesa totale (euro),DNISC,Sezioni primavera,MDO,Comunale a gestione diretta,2023,209624,,,FILTER_ATS,Filter,,,,,,,,,,,,,,
A,Annuale,ITC3,Liguria,EXPUSERS,Compartecipazione degli utenti alla spesa totale (euro),DNISC,Sezioni primavera,MMETP,Comunale a gestione affidata a terzi,2023,77395,,,FILTER_ATS,Filter,,,,,,,,,,,,,,
A,Annuale,ITC3,Liguria,EXPUSERS,Compartecipazione degli utenti alla spesa totale (euro),DNISC,Sezioni primavera,PRPM,Privata con riserva di posti da parte del comune,2023,0,,,FILTER_ATS,Filter,,,,,,,,,,,,,,
A,Annuale,ITC3,Liguria,EXPUSERS,Compartecipazione degli utenti alla spesa totale (euro),DNISC,Sezioni primavera,ALL,Tutte le voci,2023,287019,,,FILTER_ATS,Filter,,,,,,,,,,,,,,
A,Annuale,ITC3,Liguria,EXPUSERS,Compartecipazione degli utenti alla spesa totale (euro),ISERIDC,Servizi integrativi per la prima infanzia,MDO,Comunale a gestione diretta,2023,36296,,,FILTER_ATS,Filter,,,,,,,,,,,,,,
A,Annuale,ITC3,Liguria,EXPUSERS,Compartecipazione degli utenti alla spesa totale (euro),ISERIDC,Servizi integrativi per la prima infanzia,MMETP,Comunale a gestione affidata a terzi,2023,47554,,,FILTER_ATS,Filter,,,,,,,,,,,,,,
A,Annuale,ITC3,Liguria,EXPUSERS,Compartecipazione degli utenti alla spesa totale (euro),ISERIDC,Servizi integrativi per la prima infanzia,PRPM,Privata con riserva di posti da parte del comune,2023,0,,,FILTER_ATS,Filter,,,,,,,,,,,,,,
A,Annuale,ITC3,Liguria,EXPUSERS,Compartecipazione degli utenti alla spesa totale (euro),ISERIDC,Servizi integrativi per la prima infanzia,ALL,Tutte le voci,2023,83850,,,FILTER_ATS,Filter,,,,,,,,,,,,,,
A,Annuale,ITC3,Liguria,EXPUSERS,Compartecipazione degli utenti alla spesa totale (euro),ALL,Tutte le voci,MDO,Comunale a gestione diretta,2023,4387859,,,FILTER_ATS,Filter,,,,,,,,,,,,,,
A,Annuale,ITC3,Liguria,EXPUSERS,Compartecipazione degli utenti alla spesa totale (euro),ALL,Tutte le voci,MMETP,Comunale a gestione affidata a terzi,2023,2017770,,,FILTER_ATS,Filter,,,,,,,,,,,,,,
A,Annuale,ITC3,Liguria,EXPUSERS,Compartecipazione degli utenti alla spesa totale (euro),ALL,Tutte le voci,PRPM,Privata con riserva di posti da parte del comune,2023,98672,,,FILTER_ATS,Filter,,,,,,,,,,,,,,
A,Annuale,ITC3,Liguria,EXPUSERS,Compartecipazione degli utenti alla spesa totale (euro),ALL,Tutte le voci,ALL,Tutte le voci,2023,6504301,,,FILTER_ATS,Filter,,,,,,,,,,,,,,
A,Annuale,ITC3,Liguria,PEREXPPU,Spesa sostenuta dagli utenti sulla spesa totale (percentuale),DNUR,Nidi e sezioni primavera,MDO,Comunale a gestione diretta,2023,13.5,,,FILTER_ATS,Filter,,,,,,,,,,,,,,
A,Annuale,ITC3,Liguria,PEREXPPU,Spesa sostenuta dagli utenti sulla spesa totale (percentuale),DNUR,Nidi e sezioni primavera,MMETP,Comunale a gestione affidata a terzi,2023,22.5,,,FILTER_ATS,Filter,,,,,,,,,,,,,,
A,Annuale,ITC3,Liguria,PEREXPPU,Spesa sostenuta dagli utenti sulla spesa totale (percentuale),DNUR,Nidi e sezioni primavera,PRPM,Privata con riserva di posti da parte del comune,2023,10.8,,,FILTER_ATS,Filter,,,,,,,,,,,,,,
A,Annuale,ITC3,Liguria,PEREXPPU,Spesa sostenuta dagli utenti sulla spesa totale (percentuale),DNUR,Nidi e sezioni primavera,ALL,Tutte le voci,2023,15.2,,,FILTER_ATS,Filter,,,,,,,,,,,,,,
A,Annuale,ITC3,Liguria,PEREXPPU,Spesa sostenuta dagli utenti sulla spesa totale (percentuale),CDNUR,Nidi,MDO,Comunale a gestione diretta,2023,13.2,,,FILTER_ATS,Filter,,,,,,,,,,,,,,
A,Annuale,ITC3,Liguria,PEREXPPU,Spesa sostenuta dagli utenti sulla spesa totale (percentuale),CDNUR,Nidi,MMETP,Comunale a gestione affidata a terzi,2023,22.6,,,FILTER_ATS,Filter,,,,,,,,,,,,,,
A,Annuale,ITC3,Liguria,PEREXPPU,Spesa sostenuta dagli utenti sulla spesa totale (percentuale),CDNUR,Nidi,PRPM,Privata con riserva di posti da parte del comune,2023,12.5,,,FILTER_ATS,Filter,,,,,,,,,,,,,,
A,Annuale,ITC3,Liguria,PEREXPPU,Spesa sostenuta dagli utenti sulla spesa totale (percentuale),CDNUR,Nidi,ALL,Tutte le voci,2023,15,,,FILTER_ATS,Filter,,,,,,,,,,,,,,
A,Annuale,ITC3,Liguria,PEREXPPU,Spesa sostenuta dagli utenti sulla spesa totale (percentuale),DNISC,Sezioni primavera,MDO,Comunale a gestione diretta,2023,24.7,,,FILTER_ATS,Filter,,,,,,,,,,,,,,
A,Annuale,ITC3,Liguria,PEREXPPU,Spesa sostenuta dagli utenti sulla spesa totale (percentuale),DNISC,Sezioni primavera,MMETP,Comunale a gestione affidata a terzi,2023,21,,,FILTER_ATS,Filter,,,,,,,,,,,,,,
A,Annuale,ITC3,Liguria,PEREXPPU,Spesa sostenuta dagli utenti sulla spesa totale (percentuale),DNISC,Sezioni primavera,PRPM,Privata con riserva di posti da parte del comune,2023,0,,,FILTER_ATS,Filter,,,,,,,,,,,,,,
A,Annuale,ITC3,Liguria,PEREXPPU,Spesa sostenuta dagli utenti sulla spesa totale (percentuale),DNISC,Sezioni primavera,ALL,Tutte le voci,2023,19.7,,,FILTER_ATS,Filter,,,,,,,,,,,,,,
A,Annuale,ITC3,Liguria,PEREXPPU,Spesa sostenuta dagli utenti sulla spesa totale (percentuale),ISERIDC,Servizi integrativi per la prima infanzia,MDO,Comunale a gestione diretta,2023,18.5,,,FILTER_ATS,Filter,,,,,,,,,,,,,,
A,Annuale,ITC3,Liguria,PEREXPPU,Spesa sostenuta dagli utenti sulla spesa totale (percentuale),ISERIDC,Servizi integrativi per la prima infanzia,MMETP,Comunale a gestione affidata a terzi,2023,19.5,,,FILTER_ATS,Filter,,,,,,,,,,,,,,
A,Annuale,ITC3,Liguria,PEREXPPU,Spesa sostenuta dagli utenti sulla spesa totale (percentuale),ISERIDC,Servizi integrativi per la prima infanzia,PRPM,Privata con riserva di posti da parte del comune,2023,0,,,FILTER_ATS,Filter,,,,,,,,,,,,,,
A,Annuale,ITC3,Liguria,PEREXPPU,Spesa sostenuta dagli utenti sulla spesa totale (percentuale),ISERIDC,Servizi integrativi per la prima infanzia,ALL,Tutte le voci,2023,14.8,,,FILTER_ATS,Filter,,,,,,,,,,,,,,
A,Annuale,ITC3,Liguria,PEREXPPU,Spesa sostenuta dagli utenti sulla spesa totale (percentuale),ALL,Tutte le voci,MDO,Comunale a gestione diretta,2023,13.5,,,FILTER_ATS,Filter,,,,,,,,,,,,,,
A,Annuale,ITC3,Liguria,PEREXPPU,Spesa sostenuta dagli utenti sulla spesa totale (percentuale),ALL,Tutte le voci,MMETP,Comunale a gestione affidata a terzi,2023,22.5,,,FILTER_ATS,Filter,,,,,,,,,,,,,,
A,Annuale,ITC3,Liguria,PEREXPPU,Spesa sostenuta dagli utenti sulla spesa totale (percentuale),ALL,Tutte le voci,PRPM,Privata con riserva di posti da parte del comune,2023,10.4,,,FILTER_ATS,Filter,,,,,,,,,,,,,,
A,Annuale,ITC3,Liguria,PEREXPPU,Spesa sostenuta dagli utenti sulla spesa totale (percentuale),ALL,Tutte le voci,ALL,Tutte le voci,2023,15.2,,,FILTER_ATS,Filter,,,,,,,,,,,,,,
A,Annuale,ITC4,Lombardia,USSSPM,Utenti,DNUR,Nidi e sezioni primavera,MDO,Comunale a gestione diretta,2023,16865,,,FILTER_ATS,Filter,,,,,,,,,,,,,,
A,Annuale,ITC4,Lombardia,USSSPM,Utenti,DNUR,Nidi e sezioni primavera,MMETP,Comunale a gestione affidata a terzi,2023,10713,,,FILTER_ATS,Filter,,,,,,,,,,,,,,
A,Annuale,ITC4,Lombardia,USSSPM,Utenti,DNUR,Nidi e sezioni primavera,PRPM,Privata con riserva di posti da parte del comune,2023,6584,,,FILTER_ATS,Filter,,,,,,,,,,,,,,
A,Annuale,ITC4,Lombardia,USSSPM,Utenti,DNUR,Nidi e sezioni primavera,CFPPS,Contributi alle famiglie per servizi privati o pubblici,2023,3891,,,FILTER_ATS,Filter,,,,,,,,,,,,,,
A,Annuale,ITC4,Lombardia,USSSPM,Utenti,DNUR,Nidi e sezioni primavera,ALL,Tutte le voci,2023,38053,,,FILTER_ATS,Filter,,,,,,,,,,,,,,
A,Annuale,ITC4,Lombardia,USSSPM,Utenti,CDNUR,Nidi,MDO,Comunale a gestione diretta,2023,15750,,,FILTER_ATS,Filter,,,,,,,,,,,,,,
A,Annuale,ITC4,Lombardia,USSSPM,Utenti,CDNUR,Nidi,MMETP,Comunale a gestione affidata a terzi,2023,10557,,,FILTER_ATS,Filter,,,,,,,,,,,,,,
A,Annuale,ITC4,Lombardia,USSSPM,Utenti,CDNUR,Nidi,PRPM,Privata con riserva di posti da parte del comune,2023,5995,,,FILTER_ATS,Filter,,,,,,,,,,,,,,
A,Annuale,ITC4,Lombardia,USSSPM,Utenti,CDNUR,Nidi,CFPPS,Contributi alle famiglie per servizi privati o pubblici,2023,3524,,,FILTER_ATS,Filter,,,,,,,,,,,,,,
A,Annuale,ITC4,Lombardia,USSSPM,Utenti,CDNUR,Nidi,ALL,Tutte le voci,2023,35826,,,FILTER_ATS,Filter,,,,,,,,,,,,,,
A,Annuale,ITC4,Lombardia,USSSPM,Utenti,DNISC,Sezioni primavera,MDO,Comunale a gestione diretta,2023,1115,,,FILTER_ATS,Filter,,,,,,,,,,,,,,
A,Annuale,ITC4,Lombardia,USSSPM,Utenti,DNISC,Sezioni primavera,MMETP,Comunale a gestione affidata a terzi,2023,156,,,FILTER_ATS,Filter,,,,,,,,,,,,,,
A,Annuale,ITC4,Lombardia,USSSPM,Utenti,DNISC,Sezioni primavera,PRPM,Privata con riserva di posti da parte del comune,2023,589,,,FILTER_ATS,Filter,,,,,,,,,,,,,,
A,Annuale,ITC4,Lombardia,USSSPM,Utenti,DNISC,Sezioni primavera,CFPPS,Contributi alle famiglie per servizi privati o pubblici,2023,367,,,FILTER_ATS,Filter,,,,,,,,,,,,,,
A,Annuale,ITC4,Lombardia,USSSPM,Utenti,DNISC,Sezioni primavera,ALL,Tutte le voci,2023,2227,,,FILTER_ATS,Filter,,,,,,,,,,,,,,
A,Annuale,ITC4,Lombardia,USSSPM,Utenti,ISERIDC,Servizi integrativi per la prima infanzia,MDO,Comunale a gestione diretta,2023,707,,,FILTER_ATS,Filter,,,,,,,,,,,,,,
A,Annuale,ITC4,Lombardia,USSSPM,Utenti,ISERIDC,Servizi integrativi per la prima infanzia,MMETP,Comunale a gestione affidata a terzi,2023,670,,,FILTER_ATS,Filter,,,,,,,,,,,,,,
A,Annuale,ITC4,Lombardia,USSSPM,Utenti,ISERIDC,Servizi integrativi per la prima infanzia,PRPM,Privata con riserva di posti da parte del comune,2023,66,,,FILTER_ATS,Filter,,,,,,,,,,,,,,
A,Annuale,ITC4,Lombardia,USSSPM,Utenti,ISERIDC,Servizi integrativi per la prima infanzia,CFPPS,Contributi alle famiglie per servizi privati o pubblici,2023,61,,,FILTER_ATS,Filter,,,,,,,,,,,,,,
A,Annuale,ITC4,Lombardia,USSSPM,Utenti,ISERIDC,Servizi integrativi per la prima infanzia,ALL,Tutte le voci,2023,1504,,,FILTER_ATS,Filter,,,,,,,,,,,,,,
A,Annuale,ITC4,Lombardia,USSSPM,Utenti,ALL,Tutte le voci,MDO,Comunale a gestione diretta,2023,17572,,,FILTER_ATS,Filter,,,,,,,,,,,,,,
A,Annuale,ITC4,Lombardia,USSSPM,Utenti,ALL,Tutte le voci,MMETP,Comunale a gestione affidata a terzi,2023,11383,,,FILTER_ATS,Filter,,,,,,,,,,,,,,
A,Annuale,ITC4,Lombardia,USSSPM,Utenti,ALL,Tutte le voci,PRPM,Privata con riserva di posti da parte del comune,2023,6650,,,FILTER_ATS,Filter,,,,,,,,,,,,,,
A,Annuale,ITC4,Lombardia,USSSPM,Utenti,ALL,Tutte le voci,CFPPS,Contributi alle famiglie per servizi privati o pubblici,2023,3952,,,FILTER_ATS,Filter,,,,,,,,,,,,,,
A,Annuale,ITC4,Lombardia,USSSPM,Utenti,ALL,Tutte le voci,ALL,Tutte le voci,2023,39557,,,FILTER_ATS,Filter,,,,,,,,,,,,,,
A,Annuale,ITC4,Lombardia,TOTEXP,Totale spesa (euro),DNUR,Nidi e sezioni primavera,MDO,Comunale a gestione diretta,2023,192672152,,,FILTER_ATS,Filter,,,,,,,,,,,,,,
A,Annuale,ITC4,Lombardia,TOTEXP,Totale spesa (euro),DNUR,Nidi e sezioni primavera,MMETP,Comunale a gestione affidata a terzi,2023,66181139,,,FILTER_ATS,Filter,,,,,,,,,,,,,,
A,Annuale,ITC4,Lombardia,TOTEXP,Totale spesa (euro),DNUR,Nidi e sezioni primavera,PRPM,Privata con riserva di posti da parte del comune,2023,18570993,,,FILTER_ATS,Filter,,,,,,,,,,,,,,
A,Annuale,ITC4,Lombardia,TOTEXP,Totale spesa (euro),DNUR,Nidi e sezioni primavera,PCM,Privata senza riserva di posti da parte del comune,2023,5973285,,,FILTER_ATS,Filter,,,,,,,,,,,,,,
A,Annuale,ITC4,Lombardia,TOTEXP,Totale spesa (euro),DNUR,Nidi e sezioni primavera,CFPPS,Contributi alle famiglie per servizi privati o pubblici,2023,4934921,,,FILTER_ATS,Filter,,,,,,,,,,,,,,
A,Annuale,ITC4,Lombardia,TOTEXP,Totale spesa (euro),DNUR,Nidi e sezioni primavera,ALL,Tutte le voci,2023,288332490,,,FILTER_ATS,Filter,,,,,,,,,,,,,,
A,Annuale,ITC4,Lombardia,TOTEXP,Totale spesa (euro),CDNUR,Nidi,MDO,Comunale a gestione diretta,2023,180982630,,,FILTER_ATS,Filter,,,,,,,,,,,,,,
A,Annuale,ITC4,Lombardia,TOTEXP,Totale spesa (euro),CDNUR,Nidi,MMETP,Comunale a gestione affidata a terzi,2023,65417683,,,FILTER_ATS,Filter,,,,,,,,,,,,,,
A,Annuale,ITC4,Lombardia,TOTEXP,Totale spesa (euro),CDNUR,Nidi,PRPM,Privata con riserva di posti da parte del comune,2023,17876952,,,FILTER_ATS,Filter,,,,,,,,,,,,,,
A,Annuale,ITC4,Lombardia,TOTEXP,Totale spesa (euro),CDNUR,Nidi,PCM,Privata senza riserva di posti da parte del comune,2023,4764547,,,FILTER_ATS,Filter,,,,,,,,,,,,,,
A,Annuale,ITC4,Lombardia,TOTEXP,Totale spesa (euro),CDNUR,Nidi,CFPPS,Contributi alle famiglie per servizi privati o pubblici,2023,4619152,,,FILTER_ATS,Filter,,,,,,,,,,,,,,
A,Annuale,ITC4,Lombardia,TOTEXP,Totale spesa (euro),CDNUR,Nidi,ALL,Tutte le voci,2023,273660964,,,FILTER_ATS,Filter,,,,,,,,,,,,,,
A,Annuale,ITC4,Lombardia,TOTEXP,Totale spesa (euro),DNISC,Sezioni primavera,MDO,Comunale a gestione diretta,2023,11689522,,,FILTER_ATS,Filter,,,,,,,,,,,,,,
A,Annuale,ITC4,Lombardia,TOTEXP,Totale spesa (euro),DNISC,Sezioni primavera,MMETP,Comunale a gestione affidata a terzi,2023,763456,,,FILTER_ATS,Filter,,,,,,,,,,,,,,
A,Annuale,ITC4,Lombardia,TOTEXP,Totale spesa (euro),DNISC,Sezioni primavera,PRPM,Privata con riserva di posti da parte del comune,2023,694041,,,FILTER_ATS,Filter,,,,,,,,,,,,,,
A,Annuale,ITC4,Lombardia,TOTEXP,Totale spesa (euro),DNISC,Sezioni primavera,PCM,Privata senza riserva di posti da parte del comune,2023,1208738,,,FILTER_ATS,Filter,,,,,,,,,,,,,,
A,Annuale,ITC4,Lombardia,TOTEXP,Totale spesa (euro),DNISC,Sezioni primavera,CFPPS,Contributi alle famiglie per servizi privati o pubblici,2023,315769,,,FILTER_ATS,Filter,,,,,,,,,,,,,,
A,Annuale,ITC4,Lombardia,TOTEXP,Totale spesa (euro),DNISC,Sezioni primavera,ALL,Tutte le voci,2023,14671526,,,FILTER_ATS,Filter,,,,,,,,,,,,,,
A,Annuale,ITC4,Lombardia,TOTEXP,Totale spesa (euro),ISERIDC,Servizi integrativi per la prima infanzia,MDO,Comunale a gestione diretta,2023,1831686,,,FILTER_ATS,Filter,,,,,,,,,,,,,,
A,Annuale,ITC4,Lombardia,TOTEXP,Totale spesa (euro),ISERIDC,Servizi integrativi per la prima infanzia,MMETP,Comunale a gestione affidata a terzi,2023,698246,,,FILTER_ATS,Filter,,,,,,,,,,,,,,
A,Annuale,ITC4,Lombardia,TOTEXP,Totale spesa (euro),ISERIDC,Servizi integrativi per la prima infanzia,PRPM,Privata con riserva di posti da parte del comune,2023,152871,,,FILTER_ATS,Filter,,,,,,,,,,,,,,
A,Annuale,ITC4,Lombardia,TOTEXP,Totale spesa (euro),ISERIDC,Servizi integrativi per la prima infanzia,PCM,Privata senza riserva di posti da parte del comune,2023,376265,,,FILTER_ATS,Filter,,,,,,,,,,,,,,
A,Annuale,ITC4,Lombardia,TOTEXP,Totale spesa (euro),ISERIDC,Servizi integrativi per la prima infanzia,CFPPS,Contributi alle famiglie per servizi privati o pubblici,2023,78815,,,FILTER_ATS,Filter,,,,,,,,,,,,,,
A,Annuale,ITC4,Lombardia,TOTEXP,Totale spesa (euro),ISERIDC,Servizi integrativi per la prima infanzia,ALL,Tutte le voci,2023,3137883,,,FILTER_ATS,Filter,,,,,,,,,,,,,,
A,Annuale,ITC4,Lombardia,TOTEXP,Totale spesa (euro),ALL,Tutte le voci,MDO,Comunale a gestione diretta,2023,194503838,,,FILTER_ATS,Filter,,,,,,,,,,,,,,
A,Annuale,ITC4,Lombardia,TOTEXP,Totale spesa (euro),ALL,Tutte le voci,MMETP,Comunale a gestione affidata a terzi,2023,66879385,,,FILTER_ATS,Filter,,,,,,,,,,,,,,
A,Annuale,ITC4,Lombardia,TOTEXP,Totale spesa (euro),ALL,Tutte le voci,PRPM,Privata con riserva di posti da parte del comune,2023,18723864,,,FILTER_ATS,Filter,,,,,,,,,,,,,,
A,Annuale,ITC4,Lombardia,TOTEXP,Totale spesa (euro),ALL,Tutte le voci,PCM,Privata senza riserva di posti da parte del comune,2023,6349550,,,FILTER_ATS,Filter,,,,,,,,,,,,,,
A,Annuale,ITC4,Lombardia,TOTEXP,Totale spesa (euro),ALL,Tutte le voci,CFPPS,Contributi alle famiglie per servizi privati o pubblici,2023,5013736,,,FILTER_ATS,Filter,,,,,,,,,,,,,,
A,Annuale,ITC4,Lombardia,TOTEXP,Totale spesa (euro),ALL,Tutte le voci,ALL,Tutte le voci,2023,291470373,,,FILTER_ATS,Filter,,,,,,,,,,,,,,
A,Annuale,ITC4,Lombardia,EXPMUN,Spesa dei comuni (euro),DNUR,Nidi e sezioni primavera,MDO,Comunale a gestione diretta,2023,140307257,,,FILTER_ATS,Filter,,,,,,,,,,,,,,
A,Annuale,ITC4,Lombardia,EXPMUN,Spesa dei comuni (euro),DNUR,Nidi e sezioni primavera,MMETP,Comunale a gestione affidata a terzi,2023,43717138,,,FILTER_ATS,Filter,,,,,,,,,,,,,,
A,Annuale,ITC4,Lombardia,EXPMUN,Spesa dei comuni (euro),DNUR,Nidi e sezioni primavera,PRPM,Privata con riserva di posti da parte del comune,2023,13978681,,,FILTER_ATS,Filter,,,,,,,,,,,,,,
A,Annuale,ITC4,Lombardia,EXPMUN,Spesa dei comuni (euro),DNUR,Nidi e sezioni primavera,PCM,Privata senza riserva di posti da parte del comune,2023,5973285,,,FILTER_ATS,Filter,,,,,,,,,,,,,,
A,Annuale,ITC4,Lombardia,EXPMUN,Spesa dei comuni (euro),DNUR,Nidi e sezioni primavera,CFPPS,Contributi alle famiglie per servizi privati o pubblici,2023,4934921,,,FILTER_ATS,Filter,,,,,,,,,,,,,,
A,Annuale,ITC4,Lombardia,EXPMUN,Spesa dei comuni (euro),DNUR,Nidi e sezioni primavera,ALL,Tutte le voci,2023,208911282,,,FILTER_ATS,Filter,,,,,,,,,,,,,,
A,Annuale,ITC4,Lombardia,EXPMUN,Spesa dei comuni (euro),CDNUR,Nidi,MDO,Comunale a gestione diretta,2023,131525103,,,FILTER_ATS,Filter,,,,,,,,,,,,,,
A,Annuale,ITC4,Lombardia,EXPMUN,Spesa dei comuni (euro),CDNUR,Nidi,MMETP,Comunale a gestione affidata a terzi,2023,43275413,,,FILTER_ATS,Filter,,,,,,,,,,,,,,
A,Annuale,ITC4,Lombardia,EXPMUN,Spesa dei comuni (euro),CDNUR,Nidi,PRPM,Privata con riserva di posti da parte del comune,2023,13317890,,,FILTER_ATS,Filter,,,,,,,,,,,,,,
A,Annuale,ITC4,Lombardia,EXPMUN,Spesa dei comuni (euro),CDNUR,Nidi,PCM,Privata senza riserva di posti da parte del comune,2023,4764547,,,FILTER_ATS,Filter,,,,,,,,,,,,,,
A,Annuale,ITC4,Lombardia,EXPMUN,Spesa dei comuni (euro),CDNUR,Nidi,CFPPS,Contributi alle famiglie per servizi privati o pubblici,2023,4619152,,,FILTER_ATS,Filter,,,,,,,,,,,,,,
A,Annuale,ITC4,Lombardia,EXPMUN,Spesa dei comuni (euro),CDNUR,Nidi,ALL,Tutte le voci,2023,197502105,,,FILTER_ATS,Filter,,,,,,,,,,,,,,
A,Annuale,ITC4,Lombardia,EXPMUN,Spesa dei comuni (euro),DNISC,Sezioni primavera,MDO,Comunale a gestione diretta,2023,8782154,,,FILTER_ATS,Filter,,,,,,,,,,,,,,
A,Annuale,ITC4,Lombardia,EXPMUN,Spesa dei comuni (euro),DNISC,Sezioni primavera,MMETP,Comunale a gestione affidata a terzi,2023,441725,,,FILTER_ATS,Filter,,,,,,,,,,,,,,
A,Annuale,ITC4,Lombardia,EXPMUN,Spesa dei comuni (euro),DNISC,Sezioni primavera,PRPM,Privata con riserva di posti da parte del comune,2023,660791,,,FILTER_ATS,Filter,,,,,,,,,,,,,,
A,Annuale,ITC4,Lombardia,EXPMUN,Spesa dei comuni (euro),DNISC,Sezioni primavera,PCM,Privata senza riserva di posti da parte del comune,2023,1208738,,,FILTER_ATS,Filter,,,,,,,,,,,,,,
A,Annuale,ITC4,Lombardia,EXPMUN,Spesa dei comuni (euro),DNISC,Sezioni primavera,CFPPS,Contributi alle famiglie per servizi privati o pubblici,2023,315769,,,FILTER_ATS,Filter,,,,,,,,,,,,,,
A,Annuale,ITC4,Lombardia,EXPMUN,Spesa dei comuni (euro),DNISC,Sezioni primavera,ALL,Tutte le voci,2023,11409177,,,FILTER_ATS,Filter,,,,,,,,,,,,,,
A,Annuale,ITC4,Lombardia,EXPMUN,Spesa dei comuni (euro),ISERIDC,Servizi integrativi per la prima infanzia,MDO,Comunale a gestione diretta,2023,1404957,,,FILTER_ATS,Filter,,,,,,,,,,,,,,
A,Annuale,ITC4,Lombardia,EXPMUN,Spesa dei comuni (euro),ISERIDC,Servizi integrativi per la prima infanzia,MMETP,Comunale a gestione affidata a terzi,2023,512126,,,FILTER_ATS,Filter,,,,,,,,,,,,,,
A,Annuale,ITC4,Lombardia,EXPMUN,Spesa dei comuni (euro),ISERIDC,Servizi integrativi per la prima infanzia,PRPM,Privata con riserva di posti da parte del comune,2023,139928,,,FILTER_ATS,Filter,,,,,,,,,,,,,,
A,Annuale,ITC4,Lombardia,EXPMUN,Spesa dei comuni (euro),ISERIDC,Servizi integrativi per la prima infanzia,PCM,Privata senza riserva di posti da parte del comune,2023,376265,,,FILTER_ATS,Filter,,,,,,,,,,,,,,
A,Annuale,ITC4,Lombardia,EXPMUN,Spesa dei comuni (euro),ISERIDC,Servizi integrativi per la prima infanzia,CFPPS,Contributi alle famiglie per servizi privati o pubblici,2023,78815,,,FILTER_ATS,Filter,,,,,,,,,,,,,,
A,Annuale,ITC4,Lombardia,EXPMUN,Spesa dei comuni (euro),ISERIDC,Servizi integrativi per la prima infanzia,ALL,Tutte le voci,2023,2512091,,,FILTER_ATS,Filter,,,,,,,,,,,,,,
A,Annuale,ITC4,Lombardia,EXPMUN,Spesa dei comuni (euro),ALL,Tutte le voci,MDO,Comunale a gestione diretta,2023,141712214,,,FILTER_ATS,Filter,,,,,,,,,,,,,,
A,Annuale,ITC4,Lombardia,EXPMUN,Spesa dei comuni (euro),ALL,Tutte le voci,MMETP,Comunale a gestione affidata a terzi,2023,44229264,,,FILTER_ATS,Filter,,,,,,,,,,,,,,
A,Annuale,ITC4,Lombardia,EXPMUN,Spesa dei comuni (euro),ALL,Tutte le voci,PRPM,Privata con riserva di posti da parte del comune,2023,14118609,,,FILTER_ATS,Filter,,,,,,,,,,,,,,
A,Annuale,ITC4,Lombardia,EXPMUN,Spesa dei comuni (euro),ALL,Tutte le voci,PCM,Privata senza riserva di posti da parte del comune,2023,6349550,,,FILTER_ATS,Filter,,,,,,,,,,,,,,
A,Annuale,ITC4,Lombardia,EXPMUN,Spesa dei comuni (euro),ALL,Tutte le voci,CFPPS,Contributi alle famiglie per servizi privati o pubblici,2023,5013736,,,FILTER_ATS,Filter,,,,,,,,,,,,,,
A,Annuale,ITC4,Lombardia,EXPMUN,Spesa dei comuni (euro),ALL,Tutte le voci,ALL,Tutte le voci,2023,211423373,,,FILTER_ATS,Filter,,,,,,,,,,,,,,
A,Annuale,ITC4,Lombardia,EXPUSERS,Compartecipazione degli utenti alla spesa totale (euro),DNUR,Nidi e sezioni primavera,MDO,Comunale a gestione diretta,2023,52364895,,,FILTER_ATS,Filter,,,,,,,,,,,,,,
A,Annuale,ITC4,Lombardia,EXPUSERS,Compartecipazione degli utenti alla spesa totale (euro),DNUR,Nidi e sezioni primavera,MMETP,Comunale a gestione affidata a terzi,2023,22464001,,,FILTER_ATS,Filter,,,,,,,,,,,,,,
A,Annuale,ITC4,Lombardia,EXPUSERS,Compartecipazione degli utenti alla spesa totale (euro),DNUR,Nidi e sezioni primavera,PRPM,Privata con riserva di posti da parte del comune,2023,4592312,,,FILTER_ATS,Filter,,,,,,,,,,,,,,
A,Annuale,ITC4,Lombardia,EXPUSERS,Compartecipazione degli utenti alla spesa totale (euro),DNUR,Nidi e sezioni primavera,ALL,Tutte le voci,2023,79421208,,,FILTER_ATS,Filter,,,,,,,,,,,,,,
A,Annuale,ITC4,Lombardia,EXPUSERS,Compartecipazione degli utenti alla spesa totale (euro),CDNUR,Nidi,MDO,Comunale a gestione diretta,2023,49457527,,,FILTER_ATS,Filter,,,,,,,,,,,,,,
A,Annuale,ITC4,Lombardia,EXPUSERS,Compartecipazione degli utenti alla spesa totale (euro),CDNUR,Nidi,MMETP,Comunale a gestione affidata a terzi,2023,22142270,,,FILTER_ATS,Filter,,,,,,,,,,,,,,
A,Annuale,ITC4,Lombardia,EXPUSERS,Compartecipazione degli utenti alla spesa totale (euro),CDNUR,Nidi,PRPM,Privata con riserva di posti da parte del comune,2023,4559062,,,FILTER_ATS,Filter,,,,,,,,,,,,,,
A,Annuale,ITC4,Lombardia,EXPUSERS,Compartecipazione degli utenti alla spesa totale (euro),CDNUR,Nidi,ALL,Tutte le voci,2023,76158859,,,FILTER_ATS,Filter,,,,,,,,,,,,,,
A,Annuale,ITC4,Lombardia,EXPUSERS,Compartecipazione degli utenti alla spesa totale (euro),DNISC,Sezioni primavera,MDO,Comunale a gestione diretta,2023,2907368,,,FILTER_ATS,Filter,,,,,,,,,,,,,,
A,Annuale,ITC4,Lombardia,EXPUSERS,Compartecipazione degli utenti alla spesa totale (euro),DNISC,Sezioni primavera,MMETP,Comunale a gestione affidata a terzi,2023,321731,,,FILTER_ATS,Filter,,,,,,,,,,,,,,
A,Annuale,ITC4,Lombardia,EXPUSERS,Compartecipazione degli utenti alla spesa totale (euro),DNISC,Sezioni primavera,PRPM,Privata con riserva di posti da parte del comune,2023,33250,,,FILTER_ATS,Filter,,,,,,,,,,,,,,
A,Annuale,ITC4,Lombardia,EXPUSERS,Compartecipazione degli utenti alla spesa totale (euro),DNISC,Sezioni primavera,ALL,Tutte le voci,2023,3262349,,,FILTER_ATS,Filter,,,,,,,,,,,,,,
A,Annuale,ITC4,Lombardia,EXPUSERS,Compartecipazione degli utenti alla spesa totale (euro),ISERIDC,Servizi integrativi per la prima infanzia,MDO,Comunale a gestione diretta,2023,426729,,,FILTER_ATS,Filter,,,,,,,,,,,,,,
A,Annuale,ITC4,Lombardia,EXPUSERS,Compartecipazione degli utenti alla spesa totale (euro),ISERIDC,Servizi integrativi per la prima infanzia,MMETP,Comunale a gestione affidata a terzi,2023,186120,,,FILTER_ATS,Filter,,,,,,,,,,,,,,
A,Annuale,ITC4,Lombardia,EXPUSERS,Compartecipazione degli utenti alla spesa totale (euro),ISERIDC,Servizi integrativi per la prima infanzia,PRPM,Privata con riserva di posti da parte del comune,2023,12943,,,FILTER_ATS,Filter,,,,,,,,,,,,,,
A,Annuale,ITC4,Lombardia,EXPUSERS,Compartecipazione degli utenti alla spesa totale (euro),ISERIDC,Servizi integrativi per la prima infanzia,ALL,Tutte le voci,2023,625792,,,FILTER_ATS,Filter,,,,,,,,,,,,,,
A,Annuale,ITC4,Lombardia,EXPUSERS,Compartecipazione degli utenti alla spesa totale (euro),ALL,Tutte le voci,MDO,Comunale a gestione diretta,2023,52791624,,,FILTER_ATS,Filter,,,,,,,,,,,,,,
A,Annuale,ITC4,Lombardia,EXPUSERS,Compartecipazione degli utenti alla spesa totale (euro),ALL,Tutte le voci,MMETP,Comunale a gestione affidata a terzi,2023,22650121,,,FILTER_ATS,Filter,,,,,,,,,,,,,,
A,Annuale,ITC4,Lombardia,EXPUSERS,Compartecipazione degli utenti alla spesa totale (euro),ALL,Tutte le voci,PRPM,Privata con riserva di posti da parte del comune,2023,4605255,,,FILTER_ATS,Filter,,,,,,,,,,,,,,
A,Annuale,ITC4,Lombardia,EXPUSERS,Compartecipazione degli utenti alla spesa totale (euro),ALL,Tutte le voci,ALL,Tutte le voci,2023,80047000,,,FILTER_ATS,Filter,,,,,,,,,,,,,,
A,Annuale,ITC4,Lombardia,PEREXPPU,Spesa sostenuta dagli utenti sulla spesa totale (percentuale),DNUR,Nidi e sezioni primavera,MDO,Comunale a gestione diretta,2023,27.2,,,FILTER_ATS,Filter,,,,,,,,,,,,,,
A,Annuale,ITC4,Lombardia,PEREXPPU,Spesa sostenuta dagli utenti sulla spesa totale (percentuale),DNUR,Nidi e sezioni primavera,MMETP,Comunale a gestione affidata a terzi,2023,33.9,,,FILTER_ATS,Filter,,,,,,,,,,,,,,
A,Annuale,ITC4,Lombardia,PEREXPPU,Spesa sostenuta dagli utenti sulla spesa totale (percentuale),DNUR,Nidi e sezioni primavera,PRPM,Privata con riserva di posti da parte del comune,2023,24.7,,,FILTER_ATS,Filter,,,,,,,,,,,,,,
A,Annuale,ITC4,Lombardia,PEREXPPU,Spesa sostenuta dagli utenti sulla spesa totale (percentuale),DNUR,Nidi e sezioni primavera,ALL,Tutte le voci,2023,27.5,,,FILTER_ATS,Filter,,,,,,,,,,,,,,
A,Annuale,ITC4,Lombardia,PEREXPPU,Spesa sostenuta dagli utenti sulla spesa totale (percentuale),CDNUR,Nidi,MDO,Comunale a gestione diretta,2023,27.3,,,FILTER_ATS,Filter,,,,,,,,,,,,,,
A,Annuale,ITC4,Lombardia,PEREXPPU,Spesa sostenuta dagli utenti sulla spesa totale (percentuale),CDNUR,Nidi,MMETP,Comunale a gestione affidata a terzi,2023,33.8,,,FILTER_ATS,Filter,,,,,,,,,,,,,,
A,Annuale,ITC4,Lombardia,PEREXPPU,Spesa sostenuta dagli utenti sulla spesa totale (percentuale),CDNUR,Nidi,PRPM,Privata con riserva di posti da parte del comune,2023,25.5,,,FILTER_ATS,Filter,,,,,,,,,,,,,,
A,Annuale,ITC4,Lombardia,PEREXPPU,Spesa sostenuta dagli utenti sulla spesa totale (percentuale),CDNUR,Nidi,ALL,Tutte le voci,2023,27.8,,,FILTER_ATS,Filter,,,,,,,,,,,,,,
A,Annuale,ITC4,Lombardia,PEREXPPU,Spesa sostenuta dagli utenti sulla spesa totale (percentuale),DNISC,Sezioni primavera,MDO,Comunale a gestione diretta,2023,24.9,,,FILTER_ATS,Filter,,,,,,,,,,,,,,
A,Annuale,ITC4,Lombardia,PEREXPPU,Spesa sostenuta dagli utenti sulla spesa totale (percentuale),DNISC,Sezioni primavera,MMETP,Comunale a gestione affidata a terzi,2023,42.1,,,FILTER_ATS,Filter,,,,,,,,,,,,,,
A,Annuale,ITC4,Lombardia,PEREXPPU,Spesa sostenuta dagli utenti sulla spesa totale (percentuale),DNISC,Sezioni primavera,PRPM,Privata con riserva di posti da parte del comune,2023,4.8,,,FILTER_ATS,Filter,,,,,,,,,,,,,,
A,Annuale,ITC4,Lombardia,PEREXPPU,Spesa sostenuta dagli utenti sulla spesa totale (percentuale),DNISC,Sezioni primavera,ALL,Tutte le voci,2023,22.2,,,FILTER_ATS,Filter,,,,,,,,,,,,,,
A,Annuale,ITC4,Lombardia,PEREXPPU,Spesa sostenuta dagli utenti sulla spesa totale (percentuale),ISERIDC,Servizi integrativi per la prima infanzia,MDO,Comunale a gestione diretta,2023,23.3,,,FILTER_ATS,Filter,,,,,,,,,,,,,,
A,Annuale,ITC4,Lombardia,PEREXPPU,Spesa sostenuta dagli utenti sulla spesa totale (percentuale),ISERIDC,Servizi integrativi per la prima infanzia,MMETP,Comunale a gestione affidata a terzi,2023,26.7,,,FILTER_ATS,Filter,,,,,,,,,,,,,,
A,Annuale,ITC4,Lombardia,PEREXPPU,Spesa sostenuta dagli utenti sulla spesa totale (percentuale),ISERIDC,Servizi integrativi per la prima infanzia,PRPM,Privata con riserva di posti da parte del comune,2023,8.5,,,FILTER_ATS,Filter,,,,,,,,,,,,,,
A,Annuale,ITC4,Lombardia,PEREXPPU,Spesa sostenuta dagli utenti sulla spesa totale (percentuale),ISERIDC,Servizi integrativi per la prima infanzia,ALL,Tutte le voci,2023,19.9,,,FILTER_ATS,Filter,,,,,,,,,,,,,,
A,Annuale,ITC4,Lombardia,PEREXPPU,Spesa sostenuta dagli utenti sulla spesa totale (percentuale),ALL,Tutte le voci,MDO,Comunale a gestione diretta,2023,27.1,,,FILTER_ATS,Filter,,,,,,,,,,,,,,
A,Annuale,ITC4,Lombardia,PEREXPPU,Spesa sostenuta dagli utenti sulla spesa totale (percentuale),ALL,Tutte le voci,MMETP,Comunale a gestione affidata a terzi,2023,33.9,,,FILTER_ATS,Filter,,,,,,,,,,,,,,
A,Annuale,ITC4,Lombardia,PEREXPPU,Spesa sostenuta dagli utenti sulla spesa totale (percentuale),ALL,Tutte le voci,PRPM,Privata con riserva di posti da parte del comune,2023,24.6,,,FILTER_ATS,Filter,,,,,,,,,,,,,,
A,Annuale,ITC4,Lombardia,PEREXPPU,Spesa sostenuta dagli utenti sulla spesa totale (percentuale),ALL,Tutte le voci,ALL,Tutte le voci,2023,27.5,,,FILTER_ATS,Filter,,,,,,,,,,,,,,
A,Annuale,ITD,Nord-est,USSSPM,Utenti,DNUR,Nidi e sezioni primavera,MDO,Comunale a gestione diretta,2023,21697,,,FILTER_ATS,Filter,,,,,,,,,,,,,,
A,Annuale,ITD,Nord-est,USSSPM,Utenti,DNUR,Nidi e sezioni primavera,MMETP,Comunale a gestione affidata a terzi,2023,21219,,,FILTER_ATS,Filter,,,,,,,,,,,,,,
A,Annuale,ITD,Nord-est,USSSPM,Utenti,DNUR,Nidi e sezioni primavera,PRPM,Privata con riserva di posti da parte del comune,2023,8142,,,FILTER_ATS,Filter,,,,,,,,,,,,,,
A,Annuale,ITD,Nord-est,USSSPM,Utenti,DNUR,Nidi e sezioni primavera,CFPPS,Contributi alle famiglie per servizi privati o pubblici,2023,8370,,,FILTER_ATS,Filter,,,,,,,,,,,,,,
A,Annuale,ITD,Nord-est,USSSPM,Utenti,DNUR,Nidi e sezioni primavera,ALL,Tutte le voci,2023,59428,,,FILTER_ATS,Filter,,,,,,,,,,,,,,
A,Annuale,ITD,Nord-est,USSSPM,Utenti,CDNUR,Nidi,MDO,Comunale a gestione diretta,2023,21507,,,FILTER_ATS,Filter,,,,,,,,,,,,,,
A,Annuale,ITD,Nord-est,USSSPM,Utenti,CDNUR,Nidi,MMETP,Comunale a gestione affidata a terzi,2023,20944,,,FILTER_ATS,Filter,,,,,,,,,,,,,,
A,Annuale,ITD,Nord-est,USSSPM,Utenti,CDNUR,Nidi,PRPM,Privata con riserva di posti da parte del comune,2023,6808,,,FILTER_ATS,Filter,,,,,,,,,,,,,,
A,Annuale,ITD,Nord-est,USSSPM,Utenti,CDNUR,Nidi,CFPPS,Contributi alle famiglie per servizi privati o pubblici,2023,7927,,,FILTER_ATS,Filter,,,,,,,,,,,,,,
A,Annuale,ITD,Nord-est,USSSPM,Utenti,CDNUR,Nidi,ALL,Tutte le voci,2023,57186,,,FILTER_ATS,Filter,,,,,,,,,,,,,,
A,Annuale,ITD,Nord-est,USSSPM,Utenti,DNISC,Sezioni primavera,MDO,Comunale a gestione diretta,2023,190,,,FILTER_ATS,Filter,,,,,,,,,,,,,,
A,Annuale,ITD,Nord-est,USSSPM,Utenti,DNISC,Sezioni primavera,MMETP,Comunale a gestione affidata a terzi,2023,275,,,FILTER_ATS,Filter,,,,,,,,,,,,,,
A,Annuale,ITD,Nord-est,USSSPM,Utenti,DNISC,Sezioni primavera,PRPM,Privata con riserva di posti da parte del comune,2023,1334,,,FILTER_ATS,Filter,,,,,,,,,,,,,,
A,Annuale,ITD,Nord-est,USSSPM,Utenti,DNISC,Sezioni primavera,CFPPS,Contributi alle famiglie per servizi privati o pubblici,2023,443,,,FILTER_ATS,Filter,,,,,,,,,,,,,,
A,Annuale,ITD,Nord-est,USSSPM,Utenti,DNISC,Sezioni primavera,ALL,Tutte le voci,2023,2242,,,FILTER_ATS,Filter,,,,,,,,,,,,,,
A,Annuale,ITD,Nord-est,USSSPM,Utenti,ISERIDC,Servizi integrativi per la prima infanzia,MDO,Comunale a gestione diretta,2023,779,,,FILTER_ATS,Filter,,,,,,,,,,,,,,
A,Annuale,ITD,Nord-est,USSSPM,Utenti,ISERIDC,Servizi integrativi per la prima infanzia,MMETP,Comunale a gestione affidata a terzi,2023,757,,,FILTER_ATS,Filter,,,,,,,,,,,,,,
A,Annuale,ITD,Nord-est,USSSPM,Utenti,ISERIDC,Servizi integrativi per la prima infanzia,PRPM,Privata con riserva di posti da parte del comune,2023,1253,,,FILTER_ATS,Filter,,,,,,,,,,,,,,
A,Annuale,ITD,Nord-est,USSSPM,Utenti,ISERIDC,Servizi integrativi per la prima infanzia,CFPPS,Contributi alle famiglie per servizi privati o pubblici,2023,1235,,,FILTER_ATS,Filter,,,,,,,,,,,,,,
A,Annuale,ITD,Nord-est,USSSPM,Utenti,ISERIDC,Servizi integrativi per la prima infanzia,ALL,Tutte le voci,2023,4024,,,FILTER_ATS,Filter,,,,,,,,,,,,,,
A,Annuale,ITD,Nord-est,USSSPM,Utenti,ALL,Tutte le voci,MDO,Comunale a gestione diretta,2023,22476,,,FILTER_ATS,Filter,,,,,,,,,,,,,,
A,Annuale,ITD,Nord-est,USSSPM,Utenti,ALL,Tutte le voci,MMETP,Comunale a gestione affidata a terzi,2023,21976,,,FILTER_ATS,Filter,,,,,,,,,,,,,,
A,Annuale,ITD,Nord-est,USSSPM,Utenti,ALL,Tutte le voci,PRPM,Privata con riserva di posti da parte del comune,2023,9395,,,FILTER_ATS,Filter,,,,,,,,,,,,,,
A,Annuale,ITD,Nord-est,USSSPM,Utenti,ALL,Tutte le voci,CFPPS,Contributi alle famiglie per servizi privati o pubblici,2023,9605,,,FILTER_ATS,Filter,,,,,,,,,,,,,,
A,Annuale,ITD,Nord-est,USSSPM,Utenti,ALL,Tutte le voci,ALL,Tutte le voci,2023,63452,,,FILTER_ATS,Filter,,,,,,,,,,,,,,
A,Annuale,ITD,Nord-est,TOTEXP,Totale spesa (euro),DNUR,Nidi e sezioni primavera,MDO,Comunale a gestione diretta,2023,263601127,,,FILTER_ATS,Filter,,,,,,,,,,,,,,
A,Annuale,ITD,Nord-est,TOTEXP,Totale spesa (euro),DNUR,Nidi e sezioni primavera,MMETP,Comunale a gestione affidata a terzi,2023,184892375,,,FILTER_ATS,Filter,,,,,,,,,,,,,,
A,Annuale,ITD,Nord-est,TOTEXP,Totale spesa (euro),DNUR,Nidi e sezioni primavera,PRPM,Privata con riserva di posti da parte del comune,2023,33471385,,,FILTER_ATS,Filter,,,,,,,,,,,,,,
A,Annuale,ITD,Nord-est,TOTEXP,Totale spesa (euro),DNUR,Nidi e sezioni primavera,PCM,Privata senza riserva di posti da parte del comune,2023,9068291,,,FILTER_ATS,Filter,,,,,,,,,,,,,,
A,Annuale,ITD,Nord-est,TOTEXP,Totale spesa (euro),DNUR,Nidi e sezioni primavera,CFPPS,Contributi alle famiglie per servizi privati o pubblici,2023,25318309,,,FILTER_ATS,Filter,,,,,,,,,,,,,,
A,Annuale,ITD,Nord-est,TOTEXP,Totale spesa (euro),DNUR,Nidi e sezioni primavera,ALL,Tutte le voci,2023,516351487,,,FILTER_ATS,Filter,,,,,,,,,,,,,,
A,Annuale,ITD,Nord-est,TOTEXP,Totale spesa (euro),CDNUR,Nidi,MDO,Comunale a gestione diretta,2023,261372702,,,FILTER_ATS,Filter,,,,,,,,,,,,,,
A,Annuale,ITD,Nord-est,TOTEXP,Totale spesa (euro),CDNUR,Nidi,MMETP,Comunale a gestione affidata a terzi,2023,182677259,,,FILTER_ATS,Filter,,,,,,,,,,,,,,
A,Annuale,ITD,Nord-est,TOTEXP,Totale spesa (euro),CDNUR,Nidi,PRPM,Privata con riserva di posti da parte del comune,2023,31792251,,,FILTER_ATS,Filter,,,,,,,,,,,,,,
A,Annuale,ITD,Nord-est,TOTEXP,Totale spesa (euro),CDNUR,Nidi,PCM,Privata senza riserva di posti da parte del comune,2023,5723340,,,FILTER_ATS,Filter,,,,,,,,,,,,,,
A,Annuale,ITD,Nord-est,TOTEXP,Totale spesa (euro),CDNUR,Nidi,CFPPS,Contributi alle famiglie per servizi privati o pubblici,2023,24940931,,,FILTER_ATS,Filter,,,,,,,,,,,,,,
A,Annuale,ITD,Nord-est,TOTEXP,Totale spesa (euro),CDNUR,Nidi,ALL,Tutte le voci,2023,506506483,,,FILTER_ATS,Filter,,,,,,,,,,,,,,
A,Annuale,ITD,Nord-est,TOTEXP,Totale spesa (euro),DNISC,Sezioni primavera,MDO,Comunale a gestione diretta,2023,2228425,,,FILTER_ATS,Filter,,,,,,,,,,,,,,
A,Annuale,ITD,Nord-est,TOTEXP,Totale spesa (euro),DNISC,Sezioni primavera,MMETP,Comunale a gestione affidata a terzi,2023,2215116,,,FILTER_ATS,Filter,,,,,,,,,,,,,,
A,Annuale,ITD,Nord-est,TOTEXP,Totale spesa (euro),DNISC,Sezioni primavera,PRPM,Privata con riserva di posti da parte del comune,2023,1679134,,,FILTER_ATS,Filter,,,,,,,,,,,,,,
A,Annuale,ITD,Nord-est,TOTEXP,Totale spesa (euro),DNISC,Sezioni primavera,PCM,Privata senza riserva di posti da parte del comune,2023,3344951,,,FILTER_ATS,Filter,,,,,,,,,,,,,,
A,Annuale,ITD,Nord-est,TOTEXP,Totale spesa (euro),DNISC,Sezioni primavera,CFPPS,Contributi alle famiglie per servizi privati o pubblici,2023,377378,,,FILTER_ATS,Filter,,,,,,,,,,,,,,
A,Annuale,ITD,Nord-est,TOTEXP,Totale spesa (euro),DNISC,Sezioni primavera,ALL,Tutte le voci,2023,9845004,,,FILTER_ATS,Filter,,,,,,,,,,,,,,
A,Annuale,ITD,Nord-est,TOTEXP,Totale spesa (euro),ISERIDC,Servizi integrativi per la prima infanzia,MDO,Comunale a gestione diretta,2023,4333848,,,FILTER_ATS,Filter,,,,,,,,,,,,,,
A,Annuale,ITD,Nord-est,TOTEXP,Totale spesa (euro),ISERIDC,Servizi integrativi per la prima infanzia,MMETP,Comunale a gestione affidata a terzi,2023,2233612,,,FILTER_ATS,Filter,,,,,,,,,,,,,,
A,Annuale,ITD,Nord-est,TOTEXP,Totale spesa (euro),ISERIDC,Servizi integrativi per la prima infanzia,PRPM,Privata con riserva di posti da parte del comune,2023,8717002,,,FILTER_ATS,Filter,,,,,,,,,,,,,,
A,Annuale,ITD,Nord-est,TOTEXP,Totale spesa (euro),ISERIDC,Servizi integrativi per la prima infanzia,PCM,Privata senza riserva di posti da parte del comune,2023,355406,,,FILTER_ATS,Filter,,,,,,,,,,,,,,
A,Annuale,ITD,Nord-est,TOTEXP,Totale spesa (euro),ISERIDC,Servizi integrativi per la prima infanzia,CFPPS,Contributi alle famiglie per servizi privati o pubblici,2023,3218060,,,FILTER_ATS,Filter,,,,,,,,,,,,,,
A,Annuale,ITD,Nord-est,TOTEXP,Totale spesa (euro),ISERIDC,Servizi integrativi per la prima infanzia,ALL,Tutte le voci,2023,18857928,,,FILTER_ATS,Filter,,,,,,,,,,,,,,
A,Annuale,ITD,Nord-est,TOTEXP,Totale spesa (euro),ALL,Tutte le voci,MDO,Comunale a gestione diretta,2023,267934975,,,FILTER_ATS,Filter,,,,,,,,,,,,,,
A,Annuale,ITD,Nord-est,TOTEXP,Totale spesa (euro),ALL,Tutte le voci,MMETP,Comunale a gestione affidata a terzi,2023,187125987,,,FILTER_ATS,Filter,,,,,,,,,,,,,,
A,Annuale,ITD,Nord-est,TOTEXP,Totale spesa (euro),ALL,Tutte le voci,PRPM,Privata con riserva di posti da parte del comune,2023,42188387,,,FILTER_ATS,Filter,,,,,,,,,,,,,,
A,Annuale,ITD,Nord-est,TOTEXP,Totale spesa (euro),ALL,Tutte le voci,PCM,Privata senza riserva di posti da parte del comune,2023,9423697,,,FILTER_ATS,Filter,,,,,,,,,,,,,,
A,Annuale,ITD,Nord-est,TOTEXP,Totale spesa (euro),ALL,Tutte le voci,CFPPS,Contributi alle famiglie per servizi privati o pubblici,2023,28536369,,,FILTER_ATS,Filter,,,,,,,,,,,,,,
A,Annuale,ITD,Nord-est,TOTEXP,Totale spesa (euro),ALL,Tutte le voci,ALL,Tutte le voci,2023,535209415,,,FILTER_ATS,Filter,,,,,,,,,,,,,,
A,Annuale,ITD,Nord-est,EXPMUN,Spesa dei comuni (euro),DNUR,Nidi e sezioni primavera,MDO,Comunale a gestione diretta,2023,213104807,,,FILTER_ATS,Filter,,,,,,,,,,,,,,
A,Annuale,ITD,Nord-est,EXPMUN,Spesa dei comuni (euro),DNUR,Nidi e sezioni primavera,MMETP,Comunale a gestione affidata a terzi,2023,141939361,,,FILTER_ATS,Filter,,,,,,,,,,,,,,
A,Annuale,ITD,Nord-est,EXPMUN,Spesa dei comuni (euro),DNUR,Nidi e sezioni primavera,PRPM,Privata con riserva di posti da parte del comune,2023,29243949,,,FILTER_ATS,Filter,,,,,,,,,,,,,,
A,Annuale,ITD,Nord-est,EXPMUN,Spesa dei comuni (euro),DNUR,Nidi e sezioni primavera,PCM,Privata senza riserva di posti da parte del comune,2023,9068291,,,FILTER_ATS,Filter,,,,,,,,,,,,,,
A,Annuale,ITD,Nord-est,EXPMUN,Spesa dei comuni (euro),DNUR,Nidi e sezioni primavera,CFPPS,Contributi alle famiglie per servizi privati o pubblici,2023,25318309,,,FILTER_ATS,Filter,,,,,,,,,,,,,,
A,Annuale,ITD,Nord-est,EXPMUN,Spesa dei comuni (euro),DNUR,Nidi e sezioni primavera,ALL,Tutte le voci,2023,418674717,,,FILTER_ATS,Filter,,,,,,,,,,,,,,
A,Annuale,ITD,Nord-est,EXPMUN,Spesa dei comuni (euro),CDNUR,Nidi,MDO,Comunale a gestione diretta,2023,211246028,,,FILTER_ATS,Filter,,,,,,,,,,,,,,
A,Annuale,ITD,Nord-est,EXPMUN,Spesa dei comuni (euro),CDNUR,Nidi,MMETP,Comunale a gestione affidata a terzi,2023,140130067,,,FILTER_ATS,Filter,,,,,,,,,,,,,,
A,Annuale,ITD,Nord-est,EXPMUN,Spesa dei comuni (euro),CDNUR,Nidi,PRPM,Privata con riserva di posti da parte del comune,2023,27687472,,,FILTER_ATS,Filter,,,,,,,,,,,,,,
A,Annuale,ITD,Nord-est,EXPMUN,Spesa dei comuni (euro),CDNUR,Nidi,PCM,Privata senza riserva di posti da parte del comune,2023,5723340,,,FILTER_ATS,Filter,,,,,,,,,,,,,,
A,Annuale,ITD,Nord-est,EXPMUN,Spesa dei comuni (euro),CDNUR,Nidi,CFPPS,Contributi alle famiglie per servizi privati o pubblici,2023,24940931,,,FILTER_ATS,Filter,,,,,,,,,,,,,,
A,Annuale,ITD,Nord-est,EXPMUN,Spesa dei comuni (euro),CDNUR,Nidi,ALL,Tutte le voci,2023,409727838,,,FILTER_ATS,Filter,,,,,,,,,,,,,,
A,Annuale,ITD,Nord-est,EXPMUN,Spesa dei comuni (euro),DNISC,Sezioni primavera,MDO,Comunale a gestione diretta,2023,1858779,,,FILTER_ATS,Filter,,,,,,,,,,,,,,
A,Annuale,ITD,Nord-est,EXPMUN,Spesa dei comuni (euro),DNISC,Sezioni primavera,MMETP,Comunale a gestione affidata a terzi,2023,1809294,,,FILTER_ATS,Filter,,,,,,,,,,,,,,
A,Annuale,ITD,Nord-est,EXPMUN,Spesa dei comuni (euro),DNISC,Sezioni primavera,PRPM,Privata con riserva di posti da parte del comune,2023,1556477,,,FILTER_ATS,Filter,,,,,,,,,,,,,,
A,Annuale,ITD,Nord-est,EXPMUN,Spesa dei comuni (euro),DNISC,Sezioni primavera,PCM,Privata senza riserva di posti da parte del comune,2023,3344951,,,FILTER_ATS,Filter,,,,,,,,,,,,,,
A,Annuale,ITD,Nord-est,EXPMUN,Spesa dei comuni (euro),DNISC,Sezioni primavera,CFPPS,Contributi alle famiglie per servizi privati o pubblici,2023,377378,,,FILTER_ATS,Filter,,,,,,,,,,,,,,
A,Annuale,ITD,Nord-est,EXPMUN,Spesa dei comuni (euro),DNISC,Sezioni primavera,ALL,Tutte le voci,2023,8946879,,,FILTER_ATS,Filter,,,,,,,,,,,,,,
A,Annuale,ITD,Nord-est,EXPMUN,Spesa dei comuni (euro),ISERIDC,Servizi integrativi per la prima infanzia,MDO,Comunale a gestione diretta,2023,4143589,,,FILTER_ATS,Filter,,,,,,,,,,,,,,
A,Annuale,ITD,Nord-est,EXPMUN,Spesa dei comuni (euro),ISERIDC,Servizi integrativi per la prima infanzia,MMETP,Comunale a gestione affidata a terzi,2023,1830782,,,FILTER_ATS,Filter,,,,,,,,,,,,,,
A,Annuale,ITD,Nord-est,EXPMUN,Spesa dei comuni (euro),ISERIDC,Servizi integrativi per la prima infanzia,PRPM,Privata con riserva di posti da parte del comune,2023,8612213,,,FILTER_ATS,Filter,,,,,,,,,,,,,,
A,Annuale,ITD,Nord-est,EXPMUN,Spesa dei comuni (euro),ISERIDC,Servizi integrativi per la prima infanzia,PCM,Privata senza riserva di posti da parte del comune,2023,355406,,,FILTER_ATS,Filter,,,,,,,,,,,,,,
A,Annuale,ITD,Nord-est,EXPMUN,Spesa dei comuni (euro),ISERIDC,Servizi integrativi per la prima infanzia,CFPPS,Contributi alle famiglie per servizi privati o pubblici,2023,3218060,,,FILTER_ATS,Filter,,,,,,,,,,,,,,
A,Annuale,ITD,Nord-est,EXPMUN,Spesa dei comuni (euro),ISERIDC,Servizi integrativi per la prima infanzia,ALL,Tutte le voci,2023,18160050,,,FILTER_ATS,Filter,,,,,,,,,,,,,,
A,Annuale,ITD,Nord-est,EXPMUN,Spesa dei comuni (euro),ALL,Tutte le voci,MDO,Comunale a gestione diretta,2023,217248396,,,FILTER_ATS,Filter,,,,,,,,,,,,,,
A,Annuale,ITD,Nord-est,EXPMUN,Spesa dei comuni (euro),ALL,Tutte le voci,MMETP,Comunale a gestione affidata a terzi,2023,143770143,,,FILTER_ATS,Filter,,,,,,,,,,,,,,
A,Annuale,ITD,Nord-est,EXPMUN,Spesa dei comuni (euro),ALL,Tutte le voci,PRPM,Privata con riserva di posti da parte del comune,2023,37856162,,,FILTER_ATS,Filter,,,,,,,,,,,,,,
A,Annuale,ITD,Nord-est,EXPMUN,Spesa dei comuni (euro),ALL,Tutte le voci,PCM,Privata senza riserva di posti da parte del comune,2023,9423697,,,FILTER_ATS,Filter,,,,,,,,,,,,,,
A,Annuale,ITD,Nord-est,EXPMUN,Spesa dei comuni (euro),ALL,Tutte le voci,CFPPS,Contributi alle famiglie per servizi privati o pubblici,2023,28536369,,,FILTER_ATS,Filter,,,,,,,,,,,,,,
A,Annuale,ITD,Nord-est,EXPMUN,Spesa dei comuni (euro),ALL,Tutte le voci,ALL,Tutte le voci,2023,436834767,,,FILTER_ATS,Filter,,,,,,,,,,,,,,
A,Annuale,ITD,Nord-est,EXPUSERS,Compartecipazione degli utenti alla spesa totale (euro),DNUR,Nidi e sezioni primavera,MDO,Comunale a gestione diretta,2023,50496320,,,FILTER_ATS,Filter,,,,,,,,,,,,,,
A,Annuale,ITD,Nord-est,EXPUSERS,Compartecipazione degli utenti alla spesa totale (euro),DNUR,Nidi e sezioni primavera,MMETP,Comunale a gestione affidata a terzi,2023,42953014,,,FILTER_ATS,Filter,,,,,,,,,,,,,,
A,Annuale,ITD,Nord-est,EXPUSERS,Compartecipazione degli utenti alla spesa totale (euro),DNUR,Nidi e sezioni primavera,PRPM,Privata con riserva di posti da parte del comune,2023,4227436,,,FILTER_ATS,Filter,,,,,,,,,,,,,,
A,Annuale,ITD,Nord-est,EXPUSERS,Compartecipazione degli utenti alla spesa totale (euro),DNUR,Nidi e sezioni primavera,ALL,Tutte le voci,2023,97676770,,,FILTER_ATS,Filter,,,,,,,,,,,,,,
A,Annuale,ITD,Nord-est,EXPUSERS,Compartecipazione degli utenti alla spesa totale (euro),CDNUR,Nidi,MDO,Comunale a gestione diretta,2023,50126674,,,FILTER_ATS,Filter,,,,,,,,,,,,,,
A,Annuale,ITD,Nord-est,EXPUSERS,Compartecipazione degli utenti alla spesa totale (euro),CDNUR,Nidi,MMETP,Comunale a gestione affidata a terzi,2023,42547192,,,FILTER_ATS,Filter,,,,,,,,,,,,,,
A,Annuale,ITD,Nord-est,EXPUSERS,Compartecipazione degli utenti alla spesa totale (euro),CDNUR,Nidi,PRPM,Privata con riserva di posti da parte del comune,2023,4104779,,,FILTER_ATS,Filter,,,,,,,,,,,,,,
A,Annuale,ITD,Nord-est,EXPUSERS,Compartecipazione degli utenti alla spesa totale (euro),CDNUR,Nidi,ALL,Tutte le voci,2023,96778645,,,FILTER_ATS,Filter,,,,,,,,,,,,,,
A,Annuale,ITD,Nord-est,EXPUSERS,Compartecipazione degli utenti alla spesa totale (euro),DNISC,Sezioni primavera,MDO,Comunale a gestione diretta,2023,369646,,,FILTER_ATS,Filter,,,,,,,,,,,,,,
A,Annuale,ITD,Nord-est,EXPUSERS,Compartecipazione degli utenti alla spesa totale (euro),DNISC,Sezioni primavera,MMETP,Comunale a gestione affidata a terzi,2023,405822,,,FILTER_ATS,Filter,,,,,,,,,,,,,,
A,Annuale,ITD,Nord-est,EXPUSERS,Compartecipazione degli utenti alla spesa totale (euro),DNISC,Sezioni primavera,PRPM,Privata con riserva di posti da parte del comune,2023,122657,,,FILTER_ATS,Filter,,,,,,,,,,,,,,
A,Annuale,ITD,Nord-est,EXPUSERS,Compartecipazione degli utenti alla spesa totale (euro),DNISC,Sezioni primavera,ALL,Tutte le voci,2023,898125,,,FILTER_ATS,Filter,,,,,,,,,,,,,,
A,Annuale,ITD,Nord-est,EXPUSERS,Compartecipazione degli utenti alla spesa totale (euro),ISERIDC,Servizi integrativi per la prima infanzia,MDO,Comunale a gestione diretta,2023,190259,,,FILTER_ATS,Filter,,,,,,,,,,,,,,
A,Annuale,ITD,Nord-est,EXPUSERS,Compartecipazione degli utenti alla spesa totale (euro),ISERIDC,Servizi integrativi per la prima infanzia,MMETP,Comunale a gestione affidata a terzi,2023,402830,,,FILTER_ATS,Filter,,,,,,,,,,,,,,
A,Annuale,ITD,Nord-est,EXPUSERS,Compartecipazione degli utenti alla spesa totale (euro),ISERIDC,Servizi integrativi per la prima infanzia,PRPM,Privata con riserva di posti da parte del comune,2023,104789,,,FILTER_ATS,Filter,,,,,,,,,,,,,,
A,Annuale,ITD,Nord-est,EXPUSERS,Compartecipazione degli utenti alla spesa totale (euro),ISERIDC,Servizi integrativi per la prima infanzia,ALL,Tutte le voci,2023,697878,,,FILTER_ATS,Filter,,,,,,,,,,,,,,
A,Annuale,ITD,Nord-est,EXPUSERS,Compartecipazione degli utenti alla spesa totale (euro),ALL,Tutte le voci,MDO,Comunale a gestione diretta,2023,50686579,,,FILTER_ATS,Filter,,,,,,,,,,,,,,
A,Annuale,ITD,Nord-est,EXPUSERS,Compartecipazione degli utenti alla spesa totale (euro),ALL,Tutte le voci,MMETP,Comunale a gestione affidata a terzi,2023,43355844,,,FILTER_ATS,Filter,,,,,,,,,,,,,,
A,Annuale,ITD,Nord-est,EXPUSERS,Compartecipazione degli utenti alla spesa totale (euro),ALL,Tutte le voci,PRPM,Privata con riserva di posti da parte del comune,2023,4332225,,,FILTER_ATS,Filter,,,,,,,,,,,,,,
A,Annuale,ITD,Nord-est,EXPUSERS,Compartecipazione degli utenti alla spesa totale (euro),ALL,Tutte le voci,ALL,Tutte le voci,2023,98374648,,,FILTER_ATS,Filter,,,,,,,,,,,,,,
A,Annuale,ITD,Nord-est,PEREXPPU,Spesa sostenuta dagli utenti sulla spesa totale (percentuale),DNUR,Nidi e sezioni primavera,MDO,Comunale a gestione diretta,2023,19.2,,,FILTER_ATS,Filter,,,,,,,,,,,,,,
A,Annuale,ITD,Nord-est,PEREXPPU,Spesa sostenuta dagli utenti sulla spesa totale (percentuale),DNUR,Nidi e sezioni primavera,MMETP,Comunale a gestione affidata a terzi,2023,23.2,,,FILTER_ATS,Filter,,,,,,,,,,,,,,
A,Annuale,ITD,Nord-est,PEREXPPU,Spesa sostenuta dagli utenti sulla spesa totale (percentuale),DNUR,Nidi e sezioni primavera,PRPM,Privata con riserva di posti da parte del comune,2023,12.6,,,FILTER_ATS,Filter,,,,,,,,,,,,,,
A,Annuale,ITD,Nord-est,PEREXPPU,Spesa sostenuta dagli utenti sulla spesa totale (percentuale),DNUR,Nidi e sezioni primavera,ALL,Tutte le voci,2023,18.9,,,FILTER_ATS,Filter,,,,,,,,,,,,,,
A,Annuale,ITD,Nord-est,PEREXPPU,Spesa sostenuta dagli utenti sulla spesa totale (percentuale),CDNUR,Nidi,MDO,Comunale a gestione diretta,2023,19.2,,,FILTER_ATS,Filter,,,,,,,,,,,,,,
A,Annuale,ITD,Nord-est,PEREXPPU,Spesa sostenuta dagli utenti sulla spesa totale (percentuale),CDNUR,Nidi,MMETP,Comunale a gestione affidata a terzi,2023,23.3,,,FILTER_ATS,Filter,,,,,,,,,,,,,,
A,Annuale,ITD,Nord-est,PEREXPPU,Spesa sostenuta dagli utenti sulla spesa totale (percentuale),CDNUR,Nidi,PRPM,Privata con riserva di posti da parte del comune,2023,12.9,,,FILTER_ATS,Filter,,,,,,,,,,,,,,
A,Annuale,ITD,Nord-est,PEREXPPU,Spesa sostenuta dagli utenti sulla spesa totale (percentuale),CDNUR,Nidi,ALL,Tutte le voci,2023,19.1,,,FILTER_ATS,Filter,,,,,,,,,,,,,,
A,Annuale,ITD,Nord-est,PEREXPPU,Spesa sostenuta dagli utenti sulla spesa totale (percentuale),DNISC,Sezioni primavera,MDO,Comunale a gestione diretta,2023,16.6,,,FILTER_ATS,Filter,,,,,,,,,,,,,,
A,Annuale,ITD,Nord-est,PEREXPPU,Spesa sostenuta dagli utenti sulla spesa totale (percentuale),DNISC,Sezioni primavera,MMETP,Comunale a gestione affidata a terzi,2023,18.3,,,FILTER_ATS,Filter,,,,,,,,,,,,,,
A,Annuale,ITD,Nord-est,PEREXPPU,Spesa sostenuta dagli utenti sulla spesa totale (percentuale),DNISC,Sezioni primavera,PRPM,Privata con riserva di posti da parte del comune,2023,7.3,,,FILTER_ATS,Filter,,,,,,,,,,,,,,
A,Annuale,ITD,Nord-est,PEREXPPU,Spesa sostenuta dagli utenti sulla spesa totale (percentuale),DNISC,Sezioni primavera,ALL,Tutte le voci,2023,9.1,,,FILTER_ATS,Filter,,,,,,,,,,,,,,
A,Annuale,ITD,Nord-est,PEREXPPU,Spesa sostenuta dagli utenti sulla spesa totale (percentuale),ISERIDC,Servizi integrativi per la prima infanzia,MDO,Comunale a gestione diretta,2023,4.4,,,FILTER_ATS,Filter,,,,,,,,,,,,,,
A,Annuale,ITD,Nord-est,PEREXPPU,Spesa sostenuta dagli utenti sulla spesa totale (percentuale),ISERIDC,Servizi integrativi per la prima infanzia,MMETP,Comunale a gestione affidata a terzi,2023,18,,,FILTER_ATS,Filter,,,,,,,,,,,,,,
A,Annuale,ITD,Nord-est,PEREXPPU,Spesa sostenuta dagli utenti sulla spesa totale (percentuale),ISERIDC,Servizi integrativi per la prima infanzia,PRPM,Privata con riserva di posti da parte del comune,2023,1.2,,,FILTER_ATS,Filter,,,,,,,,,,,,,,
A,Annuale,ITD,Nord-est,PEREXPPU,Spesa sostenuta dagli utenti sulla spesa totale (percentuale),ISERIDC,Servizi integrativi per la prima infanzia,ALL,Tutte le voci,2023,3.7,,,FILTER_ATS,Filter,,,,,,,,,,,,,,
A,Annuale,ITD,Nord-est,PEREXPPU,Spesa sostenuta dagli utenti sulla spesa totale (percentuale),ALL,Tutte le voci,MDO,Comunale a gestione diretta,2023,18.9,,,FILTER_ATS,Filter,,,,,,,,,,,,,,
A,Annuale,ITD,Nord-est,PEREXPPU,Spesa sostenuta dagli utenti sulla spesa totale (percentuale),ALL,Tutte le voci,MMETP,Comunale a gestione affidata a terzi,2023,23.2,,,FILTER_ATS,Filter,,,,,,,,,,,,,,
A,Annuale,ITD,Nord-est,PEREXPPU,Spesa sostenuta dagli utenti sulla spesa totale (percentuale),ALL,Tutte le voci,PRPM,Privata con riserva di posti da parte del comune,2023,10.3,,,FILTER_ATS,Filter,,,,,,,,,,,,,,
A,Annuale,ITD,Nord-est,PEREXPPU,Spesa sostenuta dagli utenti sulla spesa totale (percentuale),ALL,Tutte le voci,ALL,Tutte le voci,2023,18.4,,,FILTER_ATS,Filter,,,,,,,,,,,,,,
A,Annuale,ITDA,Trentino Alto Adige / Südtirol,USSSPM,Utenti,DNUR,Nidi e sezioni primavera,MDO,Comunale a gestione diretta,2023,1839,,,FILTER_ATS,Filter,,,,,,,,,,,,,,
A,Annuale,ITDA,Trentino Alto Adige / Südtirol,USSSPM,Utenti,DNUR,Nidi e sezioni primavera,MMETP,Comunale a gestione affidata a terzi,2023,4354,,,FILTER_ATS,Filter,,,,,,,,,,,,,,
A,Annuale,ITDA,Trentino Alto Adige / Südtirol,USSSPM,Utenti,DNUR,Nidi e sezioni primavera,PRPM,Privata con riserva di posti da parte del comune,2023,402,,,FILTER_ATS,Filter,,,,,,,,,,,,,,
A,Annuale,ITDA,Trentino Alto Adige / Südtirol,USSSPM,Utenti,DNUR,Nidi e sezioni primavera,CFPPS,Contributi alle famiglie per servizi privati o pubblici,2023,15,,,FILTER_ATS,Filter,,,,,,,,,,,,,,
A,Annuale,ITDA,Trentino Alto Adige / Südtirol,USSSPM,Utenti,DNUR,Nidi e sezioni primavera,ALL,Tutte le voci,2023,6610,,,FILTER_ATS,Filter,,,,,,,,,,,,,,
A,Annuale,ITDA,Trentino Alto Adige / Südtirol,USSSPM,Utenti,CDNUR,Nidi,MDO,Comunale a gestione diretta,2023,1839,,,FILTER_ATS,Filter,,,,,,,,,,,,,,
A,Annuale,ITDA,Trentino Alto Adige / Südtirol,USSSPM,Utenti,CDNUR,Nidi,MMETP,Comunale a gestione affidata a terzi,2023,4354,,,FILTER_ATS,Filter,,,,,,,,,,,,,,
A,Annuale,ITDA,Trentino Alto Adige / Südtirol,USSSPM,Utenti,CDNUR,Nidi,PRPM,Privata con riserva di posti da parte del comune,2023,402,,,FILTER_ATS,Filter,,,,,,,,,,,,,,
A,Annuale,ITDA,Trentino Alto Adige / Südtirol,USSSPM,Utenti,CDNUR,Nidi,CFPPS,Contributi alle famiglie per servizi privati o pubblici,2023,15,,,FILTER_ATS,Filter,,,,,,,,,,,,,,
A,Annuale,ITDA,Trentino Alto Adige / Südtirol,USSSPM,Utenti,CDNUR,Nidi,ALL,Tutte le voci,2023,6610,,,FILTER_ATS,Filter,,,,,,,,,,,,,,
A,Annuale,ITDA,Trentino Alto Adige / Südtirol,USSSPM,Utenti,DNISC,Sezioni primavera,MDO,Comunale a gestione diretta,2023,0,,,FILTER_ATS,Filter,,,,,,,,,,,,,,
A,Annuale,ITDA,Trentino Alto Adige / Südtirol,USSSPM,Utenti,DNISC,Sezioni primavera,MMETP,Comunale a gestione affidata a terzi,2023,0,,,FILTER_ATS,Filter,,,,,,,,,,,,,,
A,Annuale,ITDA,Trentino Alto Adige / Südtirol,USSSPM,Utenti,DNISC,Sezioni primavera,PRPM,Privata con riserva di posti da parte del comune,2023,0,,,FILTER_ATS,Filter,,,,,,,,,,,,,,
A,Annuale,ITDA,Trentino Alto Adige / Südtirol,USSSPM,Utenti,DNISC,Sezioni primavera,CFPPS,Contributi alle famiglie per servizi privati o pubblici,2023,0,,,FILTER_ATS,Filter,,,,,,,,,,,,,,
A,Annuale,ITDA,Trentino Alto Adige / Südtirol,USSSPM,Utenti,DNISC,Sezioni primavera,ALL,Tutte le voci,2023,0,,,FILTER_ATS,Filter,,,,,,,,,,,,,,
A,Annuale,ITDA,Trentino Alto Adige / Südtirol,USSSPM,Utenti,ISERIDC,Servizi integrativi per la prima infanzia,MDO,Comunale a gestione diretta,2023,0,,,FILTER_ATS,Filter,,,,,,,,,,,,,,
A,Annuale,ITDA,Trentino Alto Adige / Südtirol,USSSPM,Utenti,ISERIDC,Servizi integrativi per la prima infanzia,MMETP,Comunale a gestione affidata a terzi,2023,0,,,FILTER_ATS,Filter,,,,,,,,,,,,,,
A,Annuale,ITDA,Trentino Alto Adige / Südtirol,USSSPM,Utenti,ISERIDC,Servizi integrativi per la prima infanzia,PRPM,Privata con riserva di posti da parte del comune,2023,1091,,,FILTER_ATS,Filter,,,,,,,,,,,,,,
A,Annuale,ITDA,Trentino Alto Adige / Südtirol,USSSPM,Utenti,ISERIDC,Servizi integrativi per la prima infanzia,CFPPS,Contributi alle famiglie per servizi privati o pubblici,2023,411,,,FILTER_ATS,Filter,,,,,,,,,,,,,,
A,Annuale,ITDA,Trentino Alto Adige / Südtirol,USSSPM,Utenti,ISERIDC,Servizi integrativi per la prima infanzia,ALL,Tutte le voci,2023,1502,,,FILTER_ATS,Filter,,,,,,,,,,,,,,
A,Annuale,ITDA,Trentino Alto Adige / Südtirol,USSSPM,Utenti,ALL,Tutte le voci,MDO,Comunale a gestione diretta,2023,1839,,,FILTER_ATS,Filter,,,,,,,,,,,,,,
A,Annuale,ITDA,Trentino Alto Adige / Südtirol,USSSPM,Utenti,ALL,Tutte le voci,MMETP,Comunale a gestione affidata a terzi,2023,4354,,,FILTER_ATS,Filter,,,,,,,,,,,,,,
A,Annuale,ITDA,Trentino Alto Adige / Südtirol,USSSPM,Utenti,ALL,Tutte le voci,PRPM,Privata con riserva di posti da parte del comune,2023,1493,,,FILTER_ATS,Filter,,,,,,,,,,,,,,
A,Annuale,ITDA,Trentino Alto Adige / Südtirol,USSSPM,Utenti,ALL,Tutte le voci,CFPPS,Contributi alle famiglie per servizi privati o pubblici,2023,426,,,FILTER_ATS,Filter,,,,,,,,,,,,,,
A,Annuale,ITDA,Trentino Alto Adige / Südtirol,USSSPM,Utenti,ALL,Tutte le voci,ALL,Tutte le voci,2023,8112,,,FILTER_ATS,Filter,,,,,,,,,,,,,,
A,Annuale,ITDA,Trentino Alto Adige / Südtirol,TOTEXP,Totale spesa (euro),DNUR,Nidi e sezioni primavera,MDO,Comunale a gestione diretta,2023,29879719,,,FILTER_ATS,Filter,,,,,,,,,,,,,,
A,Annuale,ITDA,Trentino Alto Adige / Südtirol,TOTEXP,Totale spesa (euro),DNUR,Nidi e sezioni primavera,MMETP,Comunale a gestione affidata a terzi,2023,49971638,,,FILTER_ATS,Filter,,,,,,,,,,,,,,
A,Annuale,ITDA,Trentino Alto Adige / Südtirol,TOTEXP,Totale spesa (euro),DNUR,Nidi e sezioni primavera,PRPM,Privata con riserva di posti da parte del comune,2023,3306905,,,FILTER_ATS,Filter,,,,,,,,,,,,,,
A,Annuale,ITDA,Trentino Alto Adige / Südtirol,TOTEXP,Totale spesa (euro),DNUR,Nidi e sezioni primavera,PCM,Privata senza riserva di posti da parte del comune,2023,21866,,,FILTER_ATS,Filter,,,,,,,,,,,,,,
A,Annuale,ITDA,Trentino Alto Adige / Südtirol,TOTEXP,Totale spesa (euro),DNUR,Nidi e sezioni primavera,CFPPS,Contributi alle famiglie per servizi privati o pubblici,2023,28573,,,FILTER_ATS,Filter,,,,,,,,,,,,,,
A,Annuale,ITDA,Trentino Alto Adige / Südtirol,TOTEXP,Totale spesa (euro),DNUR,Nidi e sezioni primavera,ALL,Tutte le voci,2023,83208701,,,FILTER_ATS,Filter,,,,,,,,,,,,,,
A,Annuale,ITDA,Trentino Alto Adige / Südtirol,TOTEXP,Totale spesa (euro),CDNUR,Nidi,MDO,Comunale a gestione diretta,2023,29879719,,,FILTER_ATS,Filter,,,,,,,,,,,,,,
A,Annuale,ITDA,Trentino Alto Adige / Südtirol,TOTEXP,Totale spesa (euro),CDNUR,Nidi,MMETP,Comunale a gestione affidata a terzi,2023,49971638,,,FILTER_ATS,Filter,,,,,,,,,,,,,,
A,Annuale,ITDA,Trentino Alto Adige / Südtirol,TOTEXP,Totale spesa (euro),CDNUR,Nidi,PRPM,Privata con riserva di posti da parte del comune,2023,3306905,,,FILTER_ATS,Filter,,,,,,,,,,,,,,
A,Annuale,ITDA,Trentino Alto Adige / Südtirol,TOTEXP,Totale spesa (euro),CDNUR,Nidi,PCM,Privata senza riserva di posti da parte del comune,2023,21866,,,FILTER_ATS,Filter,,,,,,,,,,,,,,
A,Annuale,ITDA,Trentino Alto Adige / Südtirol,TOTEXP,Totale spesa (euro),CDNUR,Nidi,CFPPS,Contributi alle famiglie per servizi privati o pubblici,2023,28573,,,FILTER_ATS,Filter,,,,,,,,,,,,,,
A,Annuale,ITDA,Trentino Alto Adige / Südtirol,TOTEXP,Totale spesa (euro),CDNUR,Nidi,ALL,Tutte le voci,2023,83208701,,,FILTER_ATS,Filter,,,,,,,,,,,,,,
A,Annuale,ITDA,Trentino Alto Adige / Südtirol,TOTEXP,Totale spesa (euro),DNISC,Sezioni primavera,MDO,Comunale a gestione diretta,2023,0,,,FILTER_ATS,Filter,,,,,,,,,,,,,,
A,Annuale,ITDA,Trentino Alto Adige / Südtirol,TOTEXP,Totale spesa (euro),DNISC,Sezioni primavera,MMETP,Comunale a gestione affidata a terzi,2023,0,,,FILTER_ATS,Filter,,,,,,,,,,,,,,
A,Annuale,ITDA,Trentino Alto Adige / Südtirol,TOTEXP,Totale spesa (euro),DNISC,Sezioni primavera,PRPM,Privata con riserva di posti da parte del comune,2023,0,,,FILTER_ATS,Filter,,,,,,,,,,,,,,
A,Annuale,ITDA,Trentino Alto Adige / Südtirol,TOTEXP,Totale spesa (euro),DNISC,Sezioni primavera,PCM,Privata senza riserva di posti da parte del comune,2023,0,,,FILTER_ATS,Filter,,,,,,,,,,,,,,
A,Annuale,ITDA,Trentino Alto Adige / Südtirol,TOTEXP,Totale spesa (euro),DNISC,Sezioni primavera,CFPPS,Contributi alle famiglie per servizi privati o pubblici,2023,0,,,FILTER_ATS,Filter,,,,,,,,,,,,,,
A,Annuale,ITDA,Trentino Alto Adige / Südtirol,TOTEXP,Totale spesa (euro),DNISC,Sezioni primavera,ALL,Tutte le voci,2023,0,,,FILTER_ATS,Filter,,,,,,,,,,,,,,
A,Annuale,ITDA,Trentino Alto Adige / Südtirol,TOTEXP,Totale spesa (euro),ISERIDC,Servizi integrativi per la prima infanzia,MDO,Comunale a gestione diretta,2023,89703,,,FILTER_ATS,Filter,,,,,,,,,,,,,,
A,Annuale,ITDA,Trentino Alto Adige / Südtirol,TOTEXP,Totale spesa (euro),ISERIDC,Servizi integrativi per la prima infanzia,MMETP,Comunale a gestione affidata a terzi,2023,0,,,FILTER_ATS,Filter,,,,,,,,,,,,,,
A,Annuale,ITDA,Trentino Alto Adige / Südtirol,TOTEXP,Totale spesa (euro),ISERIDC,Servizi integrativi per la prima infanzia,PRPM,Privata con riserva di posti da parte del comune,2023,8173396,,,FILTER_ATS,Filter,,,,,,,,,,,,,,
A,Annuale,ITDA,Trentino Alto Adige / Südtirol,TOTEXP,Totale spesa (euro),ISERIDC,Servizi integrativi per la prima infanzia,PCM,Privata senza riserva di posti da parte del comune,2023,0,,,FILTER_ATS,Filter,,,,,,,,,,,,,,
A,Annuale,ITDA,Trentino Alto Adige / Südtirol,TOTEXP,Totale spesa (euro),ISERIDC,Servizi integrativi per la prima infanzia,CFPPS,Contributi alle famiglie per servizi privati o pubblici,2023,2077857,,,FILTER_ATS,Filter,,,,,,,,,,,,,,
A,Annuale,ITDA,Trentino Alto Adige / Südtirol,TOTEXP,Totale spesa (euro),ISERIDC,Servizi integrativi per la prima infanzia,ALL,Tutte le voci,2023,10340956,,,FILTER_ATS,Filter,,,,,,,,,,,,,,
A,Annuale,ITDA,Trentino Alto Adige / Südtirol,TOTEXP,Totale spesa (euro),ALL,Tutte le voci,MDO,Comunale a gestione diretta,2023,29969422,,,FILTER_ATS,Filter,,,,,,,,,,,,,,
A,Annuale,ITDA,Trentino Alto Adige / Südtirol,TOTEXP,Totale spesa (euro),ALL,Tutte le voci,MMETP,Comunale a gestione affidata a terzi,2023,49971638,,,FILTER_ATS,Filter,,,,,,,,,,,,,,
A,Annuale,ITDA,Trentino Alto Adige / Südtirol,TOTEXP,Totale spesa (euro),ALL,Tutte le voci,PRPM,Privata con riserva di posti da parte del comune,2023,11480301,,,FILTER_ATS,Filter,,,,,,,,,,,,,,
A,Annuale,ITDA,Trentino Alto Adige / Südtirol,TOTEXP,Totale spesa (euro),ALL,Tutte le voci,PCM,Privata senza riserva di posti da parte del comune,2023,21866,,,FILTER_ATS,Filter,,,,,,,,,,,,,,
A,Annuale,ITDA,Trentino Alto Adige / Südtirol,TOTEXP,Totale spesa (euro),ALL,Tutte le voci,CFPPS,Contributi alle famiglie per servizi privati o pubblici,2023,2106430,,,FILTER_ATS,Filter,,,,,,,,,,,,,,
A,Annuale,ITDA,Trentino Alto Adige / Südtirol,TOTEXP,Totale spesa (euro),ALL,Tutte le voci,ALL,Tutte le voci,2023,93549657,,,FILTER_ATS,Filter,,,,,,,,,,,,,,
A,Annuale,ITDA,Trentino Alto Adige / Südtirol,EXPMUN,Spesa dei comuni (euro),DNUR,Nidi e sezioni primavera,MDO,Comunale a gestione diretta,2023,24674165,,,FILTER_ATS,Filter,,,,,,,,,,,,,,
A,Annuale,ITDA,Trentino Alto Adige / Südtirol,EXPMUN,Spesa dei comuni (euro),DNUR,Nidi e sezioni primavera,MMETP,Comunale a gestione affidata a terzi,2023,36779573,,,FILTER_ATS,Filter,,,,,,,,,,,,,,
A,Annuale,ITDA,Trentino Alto Adige / Südtirol,EXPMUN,Spesa dei comuni (euro),DNUR,Nidi e sezioni primavera,PRPM,Privata con riserva di posti da parte del comune,2023,2216333,,,FILTER_ATS,Filter,,,,,,,,,,,,,,
A,Annuale,ITDA,Trentino Alto Adige / Südtirol,EXPMUN,Spesa dei comuni (euro),DNUR,Nidi e sezioni primavera,PCM,Privata senza riserva di posti da parte del comune,2023,21866,,,FILTER_ATS,Filter,,,,,,,,,,,,,,
A,Annuale,ITDA,Trentino Alto Adige / Südtirol,EXPMUN,Spesa dei comuni (euro),DNUR,Nidi e sezioni primavera,CFPPS,Contributi alle famiglie per servizi privati o pubblici,2023,28573,,,FILTER_ATS,Filter,,,,,,,,,,,,,,
A,Annuale,ITDA,Trentino Alto Adige / Südtirol,EXPMUN,Spesa dei comuni (euro),DNUR,Nidi e sezioni primavera,ALL,Tutte le voci,2023,63720510,,,FILTER_ATS,Filter,,,,,,,,,,,,,,
A,Annuale,ITDA,Trentino Alto Adige / Südtirol,EXPMUN,Spesa dei comuni (euro),CDNUR,Nidi,MDO,Comunale a gestione diretta,2023,24674165,,,FILTER_ATS,Filter,,,,,,,,,,,,,,
A,Annuale,ITDA,Trentino Alto Adige / Südtirol,EXPMUN,Spesa dei comuni (euro),CDNUR,Nidi,MMETP,Comunale a gestione affidata a terzi,2023,36779573,,,FILTER_ATS,Filter,,,,,,,,,,,,,,
A,Annuale,ITDA,Trentino Alto Adige / Südtirol,EXPMUN,Spesa dei comuni (euro),CDNUR,Nidi,PRPM,Privata con riserva di posti da parte del comune,2023,2216333,,,FILTER_ATS,Filter,,,,,,,,,,,,,,
A,Annuale,ITDA,Trentino Alto Adige / Südtirol,EXPMUN,Spesa dei comuni (euro),CDNUR,Nidi,PCM,Privata senza riserva di posti da parte del comune,2023,21866,,,FILTER_ATS,Filter,,,,,,,,,,,,,,
A,Annuale,ITDA,Trentino Alto Adige / Südtirol,EXPMUN,Spesa dei comuni (euro),CDNUR,Nidi,CFPPS,Contributi alle famiglie per servizi privati o pubblici,2023,28573,,,FILTER_ATS,Filter,,,,,,,,,,,,,,
A,Annuale,ITDA,Trentino Alto Adige / Südtirol,EXPMUN,Spesa dei comuni (euro),CDNUR,Nidi,ALL,Tutte le voci,2023,63720510,,,FILTER_ATS,Filter,,,,,,,,,,,,,,
A,Annuale,ITDA,Trentino Alto Adige / Südtirol,EXPMUN,Spesa dei comuni (euro),DNISC,Sezioni primavera,MDO,Comunale a gestione diretta,2023,0,,,FILTER_ATS,Filter,,,,,,,,,,,,,,
A,Annuale,ITDA,Trentino Alto Adige / Südtirol,EXPMUN,Spesa dei comuni (euro),DNISC,Sezioni primavera,MMETP,Comunale a gestione affidata a terzi,2023,0,,,FILTER_ATS,Filter,,,,,,,,,,,,,,
A,Annuale,ITDA,Trentino Alto Adige / Südtirol,EXPMUN,Spesa dei comuni (euro),DNISC,Sezioni primavera,PRPM,Privata con riserva di posti da parte del comune,2023,0,,,FILTER_ATS,Filter,,,,,,,,,,,,,,
A,Annuale,ITDA,Trentino Alto Adige / Südtirol,EXPMUN,Spesa dei comuni (euro),DNISC,Sezioni primavera,PCM,Privata senza riserva di posti da parte del comune,2023,0,,,FILTER_ATS,Filter,,,,,,,,,,,,,,
A,Annuale,ITDA,Trentino Alto Adige / Südtirol,EXPMUN,Spesa dei comuni (euro),DNISC,Sezioni primavera,CFPPS,Contributi alle famiglie per servizi privati o pubblici,2023,0,,,FILTER_ATS,Filter,,,,,,,,,,,,,,
A,Annuale,ITDA,Trentino Alto Adige / Südtirol,EXPMUN,Spesa dei comuni (euro),DNISC,Sezioni primavera,ALL,Tutte le voci,2023,0,,,FILTER_ATS,Filter,,,,,,,,,,,,,,
A,Annuale,ITDA,Trentino Alto Adige / Südtirol,EXPMUN,Spesa dei comuni (euro),ISERIDC,Servizi integrativi per la prima infanzia,MDO,Comunale a gestione diretta,2023,82221,,,FILTER_ATS,Filter,,,,,,,,,,,,,,
A,Annuale,ITDA,Trentino Alto Adige / Südtirol,EXPMUN,Spesa dei comuni (euro),ISERIDC,Servizi integrativi per la prima infanzia,MMETP,Comunale a gestione affidata a terzi,2023,0,,,FILTER_ATS,Filter,,,,,,,,,,,,,,
A,Annuale,ITDA,Trentino Alto Adige / Südtirol,EXPMUN,Spesa dei comuni (euro),ISERIDC,Servizi integrativi per la prima infanzia,PRPM,Privata con riserva di posti da parte del comune,2023,8173396,,,FILTER_ATS,Filter,,,,,,,,,,,,,,
A,Annuale,ITDA,Trentino Alto Adige / Südtirol,EXPMUN,Spesa dei comuni (euro),ISERIDC,Servizi integrativi per la prima infanzia,PCM,Privata senza riserva di posti da parte del comune,2023,0,,,FILTER_ATS,Filter,,,,,,,,,,,,,,
A,Annuale,ITDA,Trentino Alto Adige / Südtirol,EXPMUN,Spesa dei comuni (euro),ISERIDC,Servizi integrativi per la prima infanzia,CFPPS,Contributi alle famiglie per servizi privati o pubblici,2023,2077857,,,FILTER_ATS,Filter,,,,,,,,,,,,,,
A,Annuale,ITDA,Trentino Alto Adige / Südtirol,EXPMUN,Spesa dei comuni (euro),ISERIDC,Servizi integrativi per la prima infanzia,ALL,Tutte le voci,2023,10333474,,,FILTER_ATS,Filter,,,,,,,,,,,,,,
A,Annuale,ITDA,Trentino Alto Adige / Südtirol,EXPMUN,Spesa dei comuni (euro),ALL,Tutte le voci,MDO,Comunale a gestione diretta,2023,24756386,,,FILTER_ATS,Filter,,,,,,,,,,,,,,
A,Annuale,ITDA,Trentino Alto Adige / Südtirol,EXPMUN,Spesa dei comuni (euro),ALL,Tutte le voci,MMETP,Comunale a gestione affidata a terzi,2023,36779573,,,FILTER_ATS,Filter,,,,,,,,,,,,,,
A,Annuale,ITDA,Trentino Alto Adige / Südtirol,EXPMUN,Spesa dei comuni (euro),ALL,Tutte le voci,PRPM,Privata con riserva di posti da parte del comune,2023,10389729,,,FILTER_ATS,Filter,,,,,,,,,,,,,,
A,Annuale,ITDA,Trentino Alto Adige / Südtirol,EXPMUN,Spesa dei comuni (euro),ALL,Tutte le voci,PCM,Privata senza riserva di posti da parte del comune,2023,21866,,,FILTER_ATS,Filter,,,,,,,,,,,,,,
A,Annuale,ITDA,Trentino Alto Adige / Südtirol,EXPMUN,Spesa dei comuni (euro),ALL,Tutte le voci,CFPPS,Contributi alle famiglie per servizi privati o pubblici,2023,2106430,,,FILTER_ATS,Filter,,,,,,,,,,,,,,
A,Annuale,ITDA,Trentino Alto Adige / Südtirol,EXPMUN,Spesa dei comuni (euro),ALL,Tutte le voci,ALL,Tutte le voci,2023,74053984,,,FILTER_ATS,Filter,,,,,,,,,,,,,,
A,Annuale,ITDA,Trentino Alto Adige / Südtirol,EXPUSERS,Compartecipazione degli utenti alla spesa totale (euro),DNUR,Nidi e sezioni primavera,MDO,Comunale a gestione diretta,2023,5205554,,,FILTER_ATS,Filter,,,,,,,,,,,,,,
A,Annuale,ITDA,Trentino Alto Adige / Südtirol,EXPUSERS,Compartecipazione degli utenti alla spesa totale (euro),DNUR,Nidi e sezioni primavera,MMETP,Comunale a gestione affidata a terzi,2023,13192065,,,FILTER_ATS,Filter,,,,,,,,,,,,,,
A,Annuale,ITDA,Trentino Alto Adige / Südtirol,EXPUSERS,Compartecipazione degli utenti alla spesa totale (euro),DNUR,Nidi e sezioni primavera,PRPM,Privata con riserva di posti da parte del comune,2023,1090572,,,FILTER_ATS,Filter,,,,,,,,,,,,,,
A,Annuale,ITDA,Trentino Alto Adige / Südtirol,EXPUSERS,Compartecipazione degli utenti alla spesa totale (euro),DNUR,Nidi e sezioni primavera,ALL,Tutte le voci,2023,19488191,,,FILTER_ATS,Filter,,,,,,,,,,,,,,
A,Annuale,ITDA,Trentino Alto Adige / Südtirol,EXPUSERS,Compartecipazione degli utenti alla spesa totale (euro),CDNUR,Nidi,MDO,Comunale a gestione diretta,2023,5205554,,,FILTER_ATS,Filter,,,,,,,,,,,,,,
A,Annuale,ITDA,Trentino Alto Adige / Südtirol,EXPUSERS,Compartecipazione degli utenti alla spesa totale (euro),CDNUR,Nidi,MMETP,Comunale a gestione affidata a terzi,2023,13192065,,,FILTER_ATS,Filter,,,,,,,,,,,,,,
A,Annuale,ITDA,Trentino Alto Adige / Südtirol,EXPUSERS,Compartecipazione degli utenti alla spesa totale (euro),CDNUR,Nidi,PRPM,Privata con riserva di posti da parte del comune,2023,1090572,,,FILTER_ATS,Filter,,,,,,,,,,,,,,
A,Annuale,ITDA,Trentino Alto Adige / Südtirol,EXPUSERS,Compartecipazione degli utenti alla spesa totale (euro),CDNUR,Nidi,ALL,Tutte le voci,2023,19488191,,,FILTER_ATS,Filter,,,,,,,,,,,,,,
A,Annuale,ITDA,Trentino Alto Adige / Südtirol,EXPUSERS,Compartecipazione degli utenti alla spesa totale (euro),DNISC,Sezioni primavera,MDO,Comunale a gestione diretta,2023,0,,,FILTER_ATS,Filter,,,,,,,,,,,,,,
A,Annuale,ITDA,Trentino Alto Adige / Südtirol,EXPUSERS,Compartecipazione degli utenti alla spesa totale (euro),DNISC,Sezioni primavera,MMETP,Comunale a gestione affidata a terzi,2023,0,,,FILTER_ATS,Filter,,,,,,,,,,,,,,
A,Annuale,ITDA,Trentino Alto Adige / Südtirol,EXPUSERS,Compartecipazione degli utenti alla spesa totale (euro),DNISC,Sezioni primavera,PRPM,Privata con riserva di posti da parte del comune,2023,0,,,FILTER_ATS,Filter,,,,,,,,,,,,,,
A,Annuale,ITDA,Trentino Alto Adige / Südtirol,EXPUSERS,Compartecipazione degli utenti alla spesa totale (euro),DNISC,Sezioni primavera,ALL,Tutte le voci,2023,0,,,FILTER_ATS,Filter,,,,,,,,,,,,,,
A,Annuale,ITDA,Trentino Alto Adige / Südtirol,EXPUSERS,Compartecipazione degli utenti alla spesa totale (euro),ISERIDC,Servizi integrativi per la prima infanzia,MDO,Comunale a gestione diretta,2023,7482,,,FILTER_ATS,Filter,,,,,,,,,,,,,,
A,Annuale,ITDA,Trentino Alto Adige / Südtirol,EXPUSERS,Compartecipazione degli utenti alla spesa totale (euro),ISERIDC,Servizi integrativi per la prima infanzia,MMETP,Comunale a gestione affidata a terzi,2023,0,,,FILTER_ATS,Filter,,,,,,,,,,,,,,
A,Annuale,ITDA,Trentino Alto Adige / Südtirol,EXPUSERS,Compartecipazione degli utenti alla spesa totale (euro),ISERIDC,Servizi integrativi per la prima infanzia,PRPM,Privata con riserva di posti da parte del comune,2023,0,,,FILTER_ATS,Filter,,,,,,,,,,,,,,
A,Annuale,ITDA,Trentino Alto Adige / Südtirol,EXPUSERS,Compartecipazione degli utenti alla spesa totale (euro),ISERIDC,Servizi integrativi per la prima infanzia,ALL,Tutte le voci,2023,7482,,,FILTER_ATS,Filter,,,,,,,,,,,,,,
A,Annuale,ITDA,Trentino Alto Adige / Südtirol,EXPUSERS,Compartecipazione degli utenti alla spesa totale (euro),ALL,Tutte le voci,MDO,Comunale a gestione diretta,2023,5213036,,,FILTER_ATS,Filter,,,,,,,,,,,,,,
A,Annuale,ITDA,Trentino Alto Adige / Südtirol,EXPUSERS,Compartecipazione degli utenti alla spesa totale (euro),ALL,Tutte le voci,MMETP,Comunale a gestione affidata a terzi,2023,13192065,,,FILTER_ATS,Filter,,,,,,,,,,,,,,
A,Annuale,ITDA,Trentino Alto Adige / Südtirol,EXPUSERS,Compartecipazione degli utenti alla spesa totale (euro),ALL,Tutte le voci,PRPM,Privata con riserva di posti da parte del comune,2023,1090572,,,FILTER_ATS,Filter,,,,,,,,,,,,,,
A,Annuale,ITDA,Trentino Alto Adige / Südtirol,EXPUSERS,Compartecipazione degli utenti alla spesa totale (euro),ALL,Tutte le voci,ALL,Tutte le voci,2023,19495673,,,FILTER_ATS,Filter,,,,,,,,,,,,,,
A,Annuale,ITDA,Trentino Alto Adige / Südtirol,PEREXPPU,Spesa sostenuta dagli utenti sulla spesa totale (percentuale),DNUR,Nidi e sezioni primavera,MDO,Comunale a gestione diretta,2023,17.4,,,FILTER_ATS,Filter,,,,,,,,,,,,,,
A,Annuale,ITDA,Trentino Alto Adige / Südtirol,PEREXPPU,Spesa sostenuta dagli utenti sulla spesa totale (percentuale),DNUR,Nidi e sezioni primavera,MMETP,Comunale a gestione affidata a terzi,2023,26.4,,,FILTER_ATS,Filter,,,,,,,,,,,,,,
A,Annuale,ITDA,Trentino Alto Adige / Südtirol,PEREXPPU,Spesa sostenuta dagli utenti sulla spesa totale (percentuale),DNUR,Nidi e sezioni primavera,PRPM,Privata con riserva di posti da parte del comune,2023,33,,,FILTER_ATS,Filter,,,,,,,,,,,,,,
A,Annuale,ITDA,Trentino Alto Adige / Südtirol,PEREXPPU,Spesa sostenuta dagli utenti sulla spesa totale (percentuale),DNUR,Nidi e sezioni primavera,ALL,Tutte le voci,2023,23.4,,,FILTER_ATS,Filter,,,,,,,,,,,,,,
A,Annuale,ITDA,Trentino Alto Adige / Südtirol,PEREXPPU,Spesa sostenuta dagli utenti sulla spesa totale (percentuale),CDNUR,Nidi,MDO,Comunale a gestione diretta,2023,17.4,,,FILTER_ATS,Filter,,,,,,,,,,,,,,
A,Annuale,ITDA,Trentino Alto Adige / Südtirol,PEREXPPU,Spesa sostenuta dagli utenti sulla spesa totale (percentuale),CDNUR,Nidi,MMETP,Comunale a gestione affidata a terzi,2023,26.4,,,FILTER_ATS,Filter,,,,,,,,,,,,,,
A,Annuale,ITDA,Trentino Alto Adige / Südtirol,PEREXPPU,Spesa sostenuta dagli utenti sulla spesa totale (percentuale),CDNUR,Nidi,PRPM,Privata con riserva di posti da parte del comune,2023,33,,,FILTER_ATS,Filter,,,,,,,,,,,,,,
A,Annuale,ITDA,Trentino Alto Adige / Südtirol,PEREXPPU,Spesa sostenuta dagli utenti sulla spesa totale (percentuale),CDNUR,Nidi,ALL,Tutte le voci,2023,23.4,,,FILTER_ATS,Filter,,,,,,,,,,,,,,
A,Annuale,ITDA,Trentino Alto Adige / Südtirol,PEREXPPU,Spesa sostenuta dagli utenti sulla spesa totale (percentuale),DNISC,Sezioni primavera,MDO,Comunale a gestione diretta,2023,0,,,FILTER_ATS,Filter,,,,,,,,,,,,,,
A,Annuale,ITDA,Trentino Alto Adige / Südtirol,PEREXPPU,Spesa sostenuta dagli utenti sulla spesa totale (percentuale),DNISC,Sezioni primavera,MMETP,Comunale a gestione affidata a terzi,2023,0,,,FILTER_ATS,Filter,,,,,,,,,,,,,,
A,Annuale,ITDA,Trentino Alto Adige / Südtirol,PEREXPPU,Spesa sostenuta dagli utenti sulla spesa totale (percentuale),DNISC,Sezioni primavera,PRPM,Privata con riserva di posti da parte del comune,2023,0,,,FILTER_ATS,Filter,,,,,,,,,,,,,,
A,Annuale,ITDA,Trentino Alto Adige / Südtirol,PEREXPPU,Spesa sostenuta dagli utenti sulla spesa totale (percentuale),DNISC,Sezioni primavera,ALL,Tutte le voci,2023,0,,,FILTER_ATS,Filter,,,,,,,,,,,,,,
A,Annuale,ITDA,Trentino Alto Adige / Südtirol,PEREXPPU,Spesa sostenuta dagli utenti sulla spesa totale (percentuale),ISERIDC,Servizi integrativi per la prima infanzia,MDO,Comunale a gestione diretta,2023,8.3,,,FILTER_ATS,Filter,,,,,,,,,,,,,,
A,Annuale,ITDA,Trentino Alto Adige / Südtirol,PEREXPPU,Spesa sostenuta dagli utenti sulla spesa totale (percentuale),ISERIDC,Servizi integrativi per la prima infanzia,MMETP,Comunale a gestione affidata a terzi,2023,0,,,FILTER_ATS,Filter,,,,,,,,,,,,,,
A,Annuale,ITDA,Trentino Alto Adige / Südtirol,PEREXPPU,Spesa sostenuta dagli utenti sulla spesa totale (percentuale),ISERIDC,Servizi integrativi per la prima infanzia,PRPM,Privata con riserva di posti da parte del comune,2023,0,,,FILTER_ATS,Filter,,,,,,,,,,,,,,
A,Annuale,ITDA,Trentino Alto Adige / Südtirol,PEREXPPU,Spesa sostenuta dagli utenti sulla spesa totale (percentuale),ISERIDC,Servizi integrativi per la prima infanzia,ALL,Tutte le voci,2023,0.1,,,FILTER_ATS,Filter,,,,,,,,,,,,,,
A,Annuale,ITDA,Trentino Alto Adige / Südtirol,PEREXPPU,Spesa sostenuta dagli utenti sulla spesa totale (percentuale),ALL,Tutte le voci,MDO,Comunale a gestione diretta,2023,17.4,,,FILTER_ATS,Filter,,,,,,,,,,,,,,
A,Annuale,ITDA,Trentino Alto Adige / Südtirol,PEREXPPU,Spesa sostenuta dagli utenti sulla spesa totale (percentuale),ALL,Tutte le voci,MMETP,Comunale a gestione affidata a terzi,2023,26.4,,,FILTER_ATS,Filter,,,,,,,,,,,,,,
A,Annuale,ITDA,Trentino Alto Adige / Südtirol,PEREXPPU,Spesa sostenuta dagli utenti sulla spesa totale (percentuale),ALL,Tutte le voci,PRPM,Privata con riserva di posti da parte del comune,2023,9.5,,,FILTER_ATS,Filter,,,,,,,,,,,,,,
A,Annuale,ITDA,Trentino Alto Adige / Südtirol,PEREXPPU,Spesa sostenuta dagli utenti sulla spesa totale (percentuale),ALL,Tutte le voci,ALL,Tutte le voci,2023,20.8,,,FILTER_ATS,Filter,,,,,,,,,,,,,,
A,Annuale,ITD1,Provincia Autonoma Bolzano / Bozen,USSSPM,Utenti,DNUR,Nidi e sezioni primavera,MDO,Comunale a gestione diretta,2023,610,,,FILTER_ATS,Filter,,,,,,,,,,,,,,
A,Annuale,ITD1,Provincia Autonoma Bolzano / Bozen,USSSPM,Utenti,DNUR,Nidi e sezioni primavera,MMETP,Comunale a gestione affidata a terzi,2023,1795,,,FILTER_ATS,Filter,,,,,,,,,,,,,,
A,Annuale,ITD1,Provincia Autonoma Bolzano / Bozen,USSSPM,Utenti,DNUR,Nidi e sezioni primavera,PRPM,Privata con riserva di posti da parte del comune,2023,378,,,FILTER_ATS,Filter,,,,,,,,,,,,,,
A,Annuale,ITD1,Provincia Autonoma Bolzano / Bozen,USSSPM,Utenti,DNUR,Nidi e sezioni primavera,CFPPS,Contributi alle famiglie per servizi privati o pubblici,2023,0,,,FILTER_ATS,Filter,,,,,,,,,,,,,,
A,Annuale,ITD1,Provincia Autonoma Bolzano / Bozen,USSSPM,Utenti,DNUR,Nidi e sezioni primavera,ALL,Tutte le voci,2023,2783,,,FILTER_ATS,Filter,,,,,,,,,,,,,,
A,Annuale,ITD1,Provincia Autonoma Bolzano / Bozen,USSSPM,Utenti,CDNUR,Nidi,MDO,Comunale a gestione diretta,2023,610,,,FILTER_ATS,Filter,,,,,,,,,,,,,,
A,Annuale,ITD1,Provincia Autonoma Bolzano / Bozen,USSSPM,Utenti,CDNUR,Nidi,MMETP,Comunale a gestione affidata a terzi,2023,1795,,,FILTER_ATS,Filter,,,,,,,,,,,,,,
A,Annuale,ITD1,Provincia Autonoma Bolzano / Bozen,USSSPM,Utenti,CDNUR,Nidi,PRPM,Privata con riserva di posti da parte del comune,2023,378,,,FILTER_ATS,Filter,,,,,,,,,,,,,,
A,Annuale,ITD1,Provincia Autonoma Bolzano / Bozen,USSSPM,Utenti,CDNUR,Nidi,CFPPS,Contributi alle famiglie per servizi privati o pubblici,2023,0,,,FILTER_ATS,Filter,,,,,,,,,,,,,,
A,Annuale,ITD1,Provincia Autonoma Bolzano / Bozen,USSSPM,Utenti,CDNUR,Nidi,ALL,Tutte le voci,2023,2783,,,FILTER_ATS,Filter,,,,,,,,,,,,,,
A,Annuale,ITD1,Provincia Autonoma Bolzano / Bozen,USSSPM,Utenti,DNISC,Sezioni primavera,MDO,Comunale a gestione diretta,2023,0,,,FILTER_ATS,Filter,,,,,,,,,,,,,,
A,Annuale,ITD1,Provincia Autonoma Bolzano / Bozen,USSSPM,Utenti,DNISC,Sezioni primavera,MMETP,Comunale a gestione affidata a terzi,2023,0,,,FILTER_ATS,Filter,,,,,,,,,,,,,,
A,Annuale,ITD1,Provincia Autonoma Bolzano / Bozen,USSSPM,Utenti,DNISC,Sezioni primavera,PRPM,Privata con riserva di posti da parte del comune,2023,0,,,FILTER_ATS,Filter,,,,,,,,,,,,,,
A,Annuale,ITD1,Provincia Autonoma Bolzano / Bozen,USSSPM,Utenti,DNISC,Sezioni primavera,CFPPS,Contributi alle famiglie per servizi privati o pubblici,2023,0,,,FILTER_ATS,Filter,,,,,,,,,,,,,,
A,Annuale,ITD1,Provincia Autonoma Bolzano / Bozen,USSSPM,Utenti,DNISC,Sezioni primavera,ALL,Tutte le voci,2023,0,,,FILTER_ATS,Filter,,,,,,,,,,,,,,
A,Annuale,ITD1,Provincia Autonoma Bolzano / Bozen,USSSPM,Utenti,ISERIDC,Servizi integrativi per la prima infanzia,MDO,Comunale a gestione diretta,2023,0,,,FILTER_ATS,Filter,,,,,,,,,,,,,,
A,Annuale,ITD1,Provincia Autonoma Bolzano / Bozen,USSSPM,Utenti,ISERIDC,Servizi integrativi per la prima infanzia,MMETP,Comunale a gestione affidata a terzi,2023,0,,,FILTER_ATS,Filter,,,,,,,,,,,,,,
A,Annuale,ITD1,Provincia Autonoma Bolzano / Bozen,USSSPM,Utenti,ISERIDC,Servizi integrativi per la prima infanzia,PRPM,Privata con riserva di posti da parte del comune,2023,1091,,,FILTER_ATS,Filter,,,,,,,,,,,,,,
A,Annuale,ITD1,Provincia Autonoma Bolzano / Bozen,USSSPM,Utenti,ISERIDC,Servizi integrativi per la prima infanzia,CFPPS,Contributi alle famiglie per servizi privati o pubblici,2023,0,,,FILTER_ATS,Filter,,,,,,,,,,,,,,
A,Annuale,ITD1,Provincia Autonoma Bolzano / Bozen,USSSPM,Utenti,ISERIDC,Servizi integrativi per la prima infanzia,ALL,Tutte le voci,2023,1091,,,FILTER_ATS,Filter,,,,,,,,,,,,,,
A,Annuale,ITD1,Provincia Autonoma Bolzano / Bozen,USSSPM,Utenti,ALL,Tutte le voci,MDO,Comunale a gestione diretta,2023,610,,,FILTER_ATS,Filter,,,,,,,,,,,,,,
A,Annuale,ITD1,Provincia Autonoma Bolzano / Bozen,USSSPM,Utenti,ALL,Tutte le voci,MMETP,Comunale a gestione affidata a terzi,2023,1795,,,FILTER_ATS,Filter,,,,,,,,,,,,,,
A,Annuale,ITD1,Provincia Autonoma Bolzano / Bozen,USSSPM,Utenti,ALL,Tutte le voci,PRPM,Privata con riserva di posti da parte del comune,2023,1469,,,FILTER_ATS,Filter,,,,,,,,,,,,,,
A,Annuale,ITD1,Provincia Autonoma Bolzano / Bozen,USSSPM,Utenti,ALL,Tutte le voci,CFPPS,Contributi alle famiglie per servizi privati o pubblici,2023,0,,,FILTER_ATS,Filter,,,,,,,,,,,,,,
A,Annuale,ITD1,Provincia Autonoma Bolzano / Bozen,USSSPM,Utenti,ALL,Tutte le voci,ALL,Tutte le voci,2023,3874,,,FILTER_ATS,Filter,,,,,,,,,,,,,,
A,Annuale,ITD1,Provincia Autonoma Bolzano / Bozen,TOTEXP,Totale spesa (euro),DNUR,Nidi e sezioni primavera,MDO,Comunale a gestione diretta,2023,10852470,,,FILTER_ATS,Filter,,,,,,,,,,,,,,
A,Annuale,ITD1,Provincia Autonoma Bolzano / Bozen,TOTEXP,Totale spesa (euro),DNUR,Nidi e sezioni primavera,MMETP,Comunale a gestione affidata a terzi,2023,19785995,,,FILTER_ATS,Filter,,,,,,,,,,,,,,
A,Annuale,ITD1,Provincia Autonoma Bolzano / Bozen,TOTEXP,Totale spesa (euro),DNUR,Nidi e sezioni primavera,PRPM,Privata con riserva di posti da parte del comune,2023,3006575,,,FILTER_ATS,Filter,,,,,,,,,,,,,,
A,Annuale,ITD1,Provincia Autonoma Bolzano / Bozen,TOTEXP,Totale spesa (euro),DNUR,Nidi e sezioni primavera,PCM,Privata senza riserva di posti da parte del comune,2023,0,,,FILTER_ATS,Filter,,,,,,,,,,,,,,
A,Annuale,ITD1,Provincia Autonoma Bolzano / Bozen,TOTEXP,Totale spesa (euro),DNUR,Nidi e sezioni primavera,CFPPS,Contributi alle famiglie per servizi privati o pubblici,2023,0,,,FILTER_ATS,Filter,,,,,,,,,,,,,,
A,Annuale,ITD1,Provincia Autonoma Bolzano / Bozen,TOTEXP,Totale spesa (euro),DNUR,Nidi e sezioni primavera,ALL,Tutte le voci,2023,33645040,,,FILTER_ATS,Filter,,,,,,,,,,,,,,
A,Annuale,ITD1,Provincia Autonoma Bolzano / Bozen,TOTEXP,Totale spesa (euro),CDNUR,Nidi,MDO,Comunale a gestione diretta,2023,10852470,,,FILTER_ATS,Filter,,,,,,,,,,,,,,
A,Annuale,ITD1,Provincia Autonoma Bolzano / Bozen,TOTEXP,Totale spesa (euro),CDNUR,Nidi,MMETP,Comunale a gestione affidata a terzi,2023,19785995,,,FILTER_ATS,Filter,,,,,,,,,,,,,,
A,Annuale,ITD1,Provincia Autonoma Bolzano / Bozen,TOTEXP,Totale spesa (euro),CDNUR,Nidi,PRPM,Privata con riserva di posti da parte del comune,2023,3006575,,,FILTER_ATS,Filter,,,,,,,,,,,,,,
A,Annuale,ITD1,Provincia Autonoma Bolzano / Bozen,TOTEXP,Totale spesa (euro),CDNUR,Nidi,PCM,Privata senza riserva di posti da parte del comune,2023,0,,,FILTER_ATS,Filter,,,,,,,,,,,,,,
A,Annuale,ITD1,Provincia Autonoma Bolzano / Bozen,TOTEXP,Totale spesa (euro),CDNUR,Nidi,CFPPS,Contributi alle famiglie per servizi privati o pubblici,2023,0,,,FILTER_ATS,Filter,,,,,,,,,,,,,,
A,Annuale,ITD1,Provincia Autonoma Bolzano / Bozen,TOTEXP,Totale spesa (euro),CDNUR,Nidi,ALL,Tutte le voci,2023,33645040,,,FILTER_ATS,Filter,,,,,,,,,,,,,,
A,Annuale,ITD1,Provincia Autonoma Bolzano / Bozen,TOTEXP,Totale spesa (euro),DNISC,Sezioni primavera,MDO,Comunale a gestione diretta,2023,0,,,FILTER_ATS,Filter,,,,,,,,,,,,,,
A,Annuale,ITD1,Provincia Autonoma Bolzano / Bozen,TOTEXP,Totale spesa (euro),DNISC,Sezioni primavera,MMETP,Comunale a gestione affidata a terzi,2023,0,,,FILTER_ATS,Filter,,,,,,,,,,,,,,
A,Annuale,ITD1,Provincia Autonoma Bolzano / Bozen,TOTEXP,Totale spesa (euro),DNISC,Sezioni primavera,PRPM,Privata con riserva di posti da parte del comune,2023,0,,,FILTER_ATS,Filter,,,,,,,,,,,,,,
A,Annuale,ITD1,Provincia Autonoma Bolzano / Bozen,TOTEXP,Totale spesa (euro),DNISC,Sezioni primavera,PCM,Privata senza riserva di posti da parte del comune,2023,0,,,FILTER_ATS,Filter,,,,,,,,,,,,,,
A,Annuale,ITD1,Provincia Autonoma Bolzano / Bozen,TOTEXP,Totale spesa (euro),DNISC,Sezioni primavera,CFPPS,Contributi alle famiglie per servizi privati o pubblici,2023,0,,,FILTER_ATS,Filter,,,,,,,,,,,,,,
A,Annuale,ITD1,Provincia Autonoma Bolzano / Bozen,TOTEXP,Totale spesa (euro),DNISC,Sezioni primavera,ALL,Tutte le voci,2023,0,,,FILTER_ATS,Filter,,,,,,,,,,,,,,
A,Annuale,ITD1,Provincia Autonoma Bolzano / Bozen,TOTEXP,Totale spesa (euro),ISERIDC,Servizi integrativi per la prima infanzia,MDO,Comunale a gestione diretta,2023,0,,,FILTER_ATS,Filter,,,,,,,,,,,,,,
A,Annuale,ITD1,Provincia Autonoma Bolzano / Bozen,TOTEXP,Totale spesa (euro),ISERIDC,Servizi integrativi per la prima infanzia,MMETP,Comunale a gestione affidata a terzi,2023,0,,,FILTER_ATS,Filter,,,,,,,,,,,,,,
A,Annuale,ITD1,Provincia Autonoma Bolzano / Bozen,TOTEXP,Totale spesa (euro),ISERIDC,Servizi integrativi per la prima infanzia,PRPM,Privata con riserva di posti da parte del comune,2023,8173396,,,FILTER_ATS,Filter,,,,,,,,,,,,,,
A,Annuale,ITD1,Provincia Autonoma Bolzano / Bozen,TOTEXP,Totale spesa (euro),ISERIDC,Servizi integrativi per la prima infanzia,PCM,Privata senza riserva di posti da parte del comune,2023,0,,,FILTER_ATS,Filter,,,,,,,,,,,,,,
A,Annuale,ITD1,Provincia Autonoma Bolzano / Bozen,TOTEXP,Totale spesa (euro),ISERIDC,Servizi integrativi per la prima infanzia,CFPPS,Contributi alle famiglie per servizi privati o pubblici,2023,0,,,FILTER_ATS,Filter,,,,,,,,,,,,,,
A,Annuale,ITD1,Provincia Autonoma Bolzano / Bozen,TOTEXP,Totale spesa (euro),ISERIDC,Servizi integrativi per la prima infanzia,ALL,Tutte le voci,2023,8173396,,,FILTER_ATS,Filter,,,,,,,,,,,,,,
A,Annuale,ITD1,Provincia Autonoma Bolzano / Bozen,TOTEXP,Totale spesa (euro),ALL,Tutte le voci,MDO,Comunale a gestione diretta,2023,10852470,,,FILTER_ATS,Filter,,,,,,,,,,,,,,
A,Annuale,ITD1,Provincia Autonoma Bolzano / Bozen,TOTEXP,Totale spesa (euro),ALL,Tutte le voci,MMETP,Comunale a gestione affidata a terzi,2023,19785995,,,FILTER_ATS,Filter,,,,,,,,,,,,,,
A,Annuale,ITD1,Provincia Autonoma Bolzano / Bozen,TOTEXP,Totale spesa (euro),ALL,Tutte le voci,PRPM,Privata con riserva di posti da parte del comune,2023,11179971,,,FILTER_ATS,Filter,,,,,,,,,,,,,,
A,Annuale,ITD1,Provincia Autonoma Bolzano / Bozen,TOTEXP,Totale spesa (euro),ALL,Tutte le voci,PCM,Privata senza riserva di posti da parte del comune,2023,0,,,FILTER_ATS,Filter,,,,,,,,,,,,,,
A,Annuale,ITD1,Provincia Autonoma Bolzano / Bozen,TOTEXP,Totale spesa (euro),ALL,Tutte le voci,CFPPS,Contributi alle famiglie per servizi privati o pubblici,2023,0,,,FILTER_ATS,Filter,,,,,,,,,,,,,,
A,Annuale,ITD1,Provincia Autonoma Bolzano / Bozen,TOTEXP,Totale spesa (euro),ALL,Tutte le voci,ALL,Tutte le voci,2023,41818436,,,FILTER_ATS,Filter,,,,,,,,,,,,,,
A,Annuale,ITD1,Provincia Autonoma Bolzano / Bozen,EXPMUN,Spesa dei comuni (euro),DNUR,Nidi e sezioni primavera,MDO,Comunale a gestione diretta,2023,9141419,,,FILTER_ATS,Filter,,,,,,,,,,,,,,
A,Annuale,ITD1,Provincia Autonoma Bolzano / Bozen,EXPMUN,Spesa dei comuni (euro),DNUR,Nidi e sezioni primavera,MMETP,Comunale a gestione affidata a terzi,2023,14227950,,,FILTER_ATS,Filter,,,,,,,,,,,,,,
A,Annuale,ITD1,Provincia Autonoma Bolzano / Bozen,EXPMUN,Spesa dei comuni (euro),DNUR,Nidi e sezioni primavera,PRPM,Privata con riserva di posti da parte del comune,2023,2004384,,,FILTER_ATS,Filter,,,,,,,,,,,,,,
A,Annuale,ITD1,Provincia Autonoma Bolzano / Bozen,EXPMUN,Spesa dei comuni (euro),DNUR,Nidi e sezioni primavera,PCM,Privata senza riserva di posti da parte del comune,2023,0,,,FILTER_ATS,Filter,,,,,,,,,,,,,,
A,Annuale,ITD1,Provincia Autonoma Bolzano / Bozen,EXPMUN,Spesa dei comuni (euro),DNUR,Nidi e sezioni primavera,CFPPS,Contributi alle famiglie per servizi privati o pubblici,2023,0,,,FILTER_ATS,Filter,,,,,,,,,,,,,,
A,Annuale,ITD1,Provincia Autonoma Bolzano / Bozen,EXPMUN,Spesa dei comuni (euro),DNUR,Nidi e sezioni primavera,ALL,Tutte le voci,2023,25373753,,,FILTER_ATS,Filter,,,,,,,,,,,,,,
A,Annuale,ITD1,Provincia Autonoma Bolzano / Bozen,EXPMUN,Spesa dei comuni (euro),CDNUR,Nidi,MDO,Comunale a gestione diretta,2023,9141419,,,FILTER_ATS,Filter,,,,,,,,,,,,,,
A,Annuale,ITD1,Provincia Autonoma Bolzano / Bozen,EXPMUN,Spesa dei comuni (euro),CDNUR,Nidi,MMETP,Comunale a gestione affidata a terzi,2023,14227950,,,FILTER_ATS,Filter,,,,,,,,,,,,,,
A,Annuale,ITD1,Provincia Autonoma Bolzano / Bozen,EXPMUN,Spesa dei comuni (euro),CDNUR,Nidi,PRPM,Privata con riserva di posti da parte del comune,2023,2004384,,,FILTER_ATS,Filter,,,,,,,,,,,,,,
A,Annuale,ITD1,Provincia Autonoma Bolzano / Bozen,EXPMUN,Spesa dei comuni (euro),CDNUR,Nidi,PCM,Privata senza riserva di posti da parte del comune,2023,0,,,FILTER_ATS,Filter,,,,,,,,,,,,,,
A,Annuale,ITD1,Provincia Autonoma Bolzano / Bozen,EXPMUN,Spesa dei comuni (euro),CDNUR,Nidi,CFPPS,Contributi alle famiglie per servizi privati o pubblici,2023,0,,,FILTER_ATS,Filter,,,,,,,,,,,,,,
A,Annuale,ITD1,Provincia Autonoma Bolzano / Bozen,EXPMUN,Spesa dei comuni (euro),CDNUR,Nidi,ALL,Tutte le voci,2023,25373753,,,FILTER_ATS,Filter,,,,,,,,,,,,,,
A,Annuale,ITD1,Provincia Autonoma Bolzano / Bozen,EXPMUN,Spesa dei comuni (euro),DNISC,Sezioni primavera,MDO,Comunale a gestione diretta,2023,0,,,FILTER_ATS,Filter,,,,,,,,,,,,,,
A,Annuale,ITD1,Provincia Autonoma Bolzano / Bozen,EXPMUN,Spesa dei comuni (euro),DNISC,Sezioni primavera,MMETP,Comunale a gestione affidata a terzi,2023,0,,,FILTER_ATS,Filter,,,,,,,,,,,,,,
A,Annuale,ITD1,Provincia Autonoma Bolzano / Bozen,EXPMUN,Spesa dei comuni (euro),DNISC,Sezioni primavera,PRPM,Privata con riserva di posti da parte del comune,2023,0,,,FILTER_ATS,Filter,,,,,,,,,,,,,,
A,Annuale,ITD1,Provincia Autonoma Bolzano / Bozen,EXPMUN,Spesa dei comuni (euro),DNISC,Sezioni primavera,PCM,Privata senza riserva di posti da parte del comune,2023,0,,,FILTER_ATS,Filter,,,,,,,,,,,,,,
A,Annuale,ITD1,Provincia Autonoma Bolzano / Bozen,EXPMUN,Spesa dei comuni (euro),DNISC,Sezioni primavera,CFPPS,Contributi alle famiglie per servizi privati o pubblici,2023,0,,,FILTER_ATS,Filter,,,,,,,,,,,,,,
A,Annuale,ITD1,Provincia Autonoma Bolzano / Bozen,EXPMUN,Spesa dei comuni (euro),DNISC,Sezioni primavera,ALL,Tutte le voci,2023,0,,,FILTER_ATS,Filter,,,,,,,,,,,,,,
A,Annuale,ITD1,Provincia Autonoma Bolzano / Bozen,EXPMUN,Spesa dei comuni (euro),ISERIDC,Servizi integrativi per la prima infanzia,MDO,Comunale a gestione diretta,2023,0,,,FILTER_ATS,Filter,,,,,,,,,,,,,,
A,Annuale,ITD1,Provincia Autonoma Bolzano / Bozen,EXPMUN,Spesa dei comuni (euro),ISERIDC,Servizi integrativi per la prima infanzia,MMETP,Comunale a gestione affidata a terzi,2023,0,,,FILTER_ATS,Filter,,,,,,,,,,,,,,
A,Annuale,ITD1,Provincia Autonoma Bolzano / Bozen,EXPMUN,Spesa dei comuni (euro),ISERIDC,Servizi integrativi per la prima infanzia,PRPM,Privata con riserva di posti da parte del comune,2023,8173396,,,FILTER_ATS,Filter,,,,,,,,,,,,,,
A,Annuale,ITD1,Provincia Autonoma Bolzano / Bozen,EXPMUN,Spesa dei comuni (euro),ISERIDC,Servizi integrativi per la prima infanzia,PCM,Privata senza riserva di posti da parte del comune,2023,0,,,FILTER_ATS,Filter,,,,,,,,,,,,,,
A,Annuale,ITD1,Provincia Autonoma Bolzano / Bozen,EXPMUN,Spesa dei comuni (euro),ISERIDC,Servizi integrativi per la prima infanzia,CFPPS,Contributi alle famiglie per servizi privati o pubblici,2023,0,,,FILTER_ATS,Filter,,,,,,,,,,,,,,
A,Annuale,ITD1,Provincia Autonoma Bolzano / Bozen,EXPMUN,Spesa dei comuni (euro),ISERIDC,Servizi integrativi per la prima infanzia,ALL,Tutte le voci,2023,8173396,,,FILTER_ATS,Filter,,,,,,,,,,,,,,
A,Annuale,ITD1,Provincia Autonoma Bolzano / Bozen,EXPMUN,Spesa dei comuni (euro),ALL,Tutte le voci,MDO,Comunale a gestione diretta,2023,9141419,,,FILTER_ATS,Filter,,,,,,,,,,,,,,
A,Annuale,ITD1,Provincia Autonoma Bolzano / Bozen,EXPMUN,Spesa dei comuni (euro),ALL,Tutte le voci,MMETP,Comunale a gestione affidata a terzi,2023,14227950,,,FILTER_ATS,Filter,,,,,,,,,,,,,,
A,Annuale,ITD1,Provincia Autonoma Bolzano / Bozen,EXPMUN,Spesa dei comuni (euro),ALL,Tutte le voci,PRPM,Privata con riserva di posti da parte del comune,2023,10177780,,,FILTER_ATS,Filter,,,,,,,,,,,,,,
A,Annuale,ITD1,Provincia Autonoma Bolzano / Bozen,EXPMUN,Spesa dei comuni (euro),ALL,Tutte le voci,PCM,Privata senza riserva di posti da parte del comune,2023,0,,,FILTER_ATS,Filter,,,,,,,,,,,,,,
A,Annuale,ITD1,Provincia Autonoma Bolzano / Bozen,EXPMUN,Spesa dei comuni (euro),ALL,Tutte le voci,CFPPS,Contributi alle famiglie per servizi privati o pubblici,2023,0,,,FILTER_ATS,Filter,,,,,,,,,,,,,,
A,Annuale,ITD1,Provincia Autonoma Bolzano / Bozen,EXPMUN,Spesa dei comuni (euro),ALL,Tutte le voci,ALL,Tutte le voci,2023,33547149,,,FILTER_ATS,Filter,,,,,,,,,,,,,,
A,Annuale,ITD1,Provincia Autonoma Bolzano / Bozen,EXPUSERS,Compartecipazione degli utenti alla spesa totale (euro),DNUR,Nidi e sezioni primavera,MDO,Comunale a gestione diretta,2023,1711051,,,FILTER_ATS,Filter,,,,,,,,,,,,,,
A,Annuale,ITD1,Provincia Autonoma Bolzano / Bozen,EXPUSERS,Compartecipazione degli utenti alla spesa totale (euro),DNUR,Nidi e sezioni primavera,MMETP,Comunale a gestione affidata a terzi,2023,5558045,,,FILTER_ATS,Filter,,,,,,,,,,,,,,
A,Annuale,ITD1,Provincia Autonoma Bolzano / Bozen,EXPUSERS,Compartecipazione degli utenti alla spesa totale (euro),DNUR,Nidi e sezioni primavera,PRPM,Privata con riserva di posti da parte del comune,2023,1002191,,,FILTER_ATS,Filter,,,,,,,,,,,,,,
A,Annuale,ITD1,Provincia Autonoma Bolzano / Bozen,EXPUSERS,Compartecipazione degli utenti alla spesa totale (euro),DNUR,Nidi e sezioni primavera,ALL,Tutte le voci,2023,8271287,,,FILTER_ATS,Filter,,,,,,,,,,,,,,
A,Annuale,ITD1,Provincia Autonoma Bolzano / Bozen,EXPUSERS,Compartecipazione degli utenti alla spesa totale (euro),CDNUR,Nidi,MDO,Comunale a gestione diretta,2023,1711051,,,FILTER_ATS,Filter,,,,,,,,,,,,,,
A,Annuale,ITD1,Provincia Autonoma Bolzano / Bozen,EXPUSERS,Compartecipazione degli utenti alla spesa totale (euro),CDNUR,Nidi,MMETP,Comunale a gestione affidata a terzi,2023,5558045,,,FILTER_ATS,Filter,,,,,,,,,,,,,,
A,Annuale,ITD1,Provincia Autonoma Bolzano / Bozen,EXPUSERS,Compartecipazione degli utenti alla spesa totale (euro),CDNUR,Nidi,PRPM,Privata con riserva di posti da parte del comune,2023,1002191,,,FILTER_ATS,Filter,,,,,,,,,,,,,,
A,Annuale,ITD1,Provincia Autonoma Bolzano / Bozen,EXPUSERS,Compartecipazione degli utenti alla spesa totale (euro),CDNUR,Nidi,ALL,Tutte le voci,2023,8271287,,,FILTER_ATS,Filter,,,,,,,,,,,,,,
A,Annuale,ITD1,Provincia Autonoma Bolzano / Bozen,EXPUSERS,Compartecipazione degli utenti alla spesa totale (euro),DNISC,Sezioni primavera,MDO,Comunale a gestione diretta,2023,0,,,FILTER_ATS,Filter,,,,,,,,,,,,,,
A,Annuale,ITD1,Provincia Autonoma Bolzano / Bozen,EXPUSERS,Compartecipazione degli utenti alla spesa totale (euro),DNISC,Sezioni primavera,MMETP,Comunale a gestione affidata a terzi,2023,0,,,FILTER_ATS,Filter,,,,,,,,,,,,,,
A,Annuale,ITD1,Provincia Autonoma Bolzano / Bozen,EXPUSERS,Compartecipazione degli utenti alla spesa totale (euro),DNISC,Sezioni primavera,PRPM,Privata con riserva di posti da parte del comune,2023,0,,,FILTER_ATS,Filter,,,,,,,,,,,,,,
A,Annuale,ITD1,Provincia Autonoma Bolzano / Bozen,EXPUSERS,Compartecipazione degli utenti alla spesa totale (euro),DNISC,Sezioni primavera,ALL,Tutte le voci,2023,0,,,FILTER_ATS,Filter,,,,,,,,,,,,,,
A,Annuale,ITD1,Provincia Autonoma Bolzano / Bozen,EXPUSERS,Compartecipazione degli utenti alla spesa totale (euro),ISERIDC,Servizi integrativi per la prima infanzia,MDO,Comunale a gestione diretta,2023,0,,,FILTER_ATS,Filter,,,,,,,,,,,,,,
A,Annuale,ITD1,Provincia Autonoma Bolzano / Bozen,EXPUSERS,Compartecipazione degli utenti alla spesa totale (euro),ISERIDC,Servizi integrativi per la prima infanzia,MMETP,Comunale a gestione affidata a terzi,2023,0,,,FILTER_ATS,Filter,,,,,,,,,,,,,,
A,Annuale,ITD1,Provincia Autonoma Bolzano / Bozen,EXPUSERS,Compartecipazione degli utenti alla spesa totale (euro),ISERIDC,Servizi integrativi per la prima infanzia,PRPM,Privata con riserva di posti da parte del comune,2023,0,,,FILTER_ATS,Filter,,,,,,,,,,,,,,
A,Annuale,ITD1,Provincia Autonoma Bolzano / Bozen,EXPUSERS,Compartecipazione degli utenti alla spesa totale (euro),ISERIDC,Servizi integrativi per la prima infanzia,ALL,Tutte le voci,2023,0,,,FILTER_ATS,Filter,,,,,,,,,,,,,,
A,Annuale,ITD1,Provincia Autonoma Bolzano / Bozen,EXPUSERS,Compartecipazione degli utenti alla spesa totale (euro),ALL,Tutte le voci,MDO,Comunale a gestione diretta,2023,1711051,,,FILTER_ATS,Filter,,,,,,,,,,,,,,
A,Annuale,ITD1,Provincia Autonoma Bolzano / Bozen,EXPUSERS,Compartecipazione degli utenti alla spesa totale (euro),ALL,Tutte le voci,MMETP,Comunale a gestione affidata a terzi,2023,5558045,,,FILTER_ATS,Filter,,,,,,,,,,,,,,
A,Annuale,ITD1,Provincia Autonoma Bolzano / Bozen,EXPUSERS,Compartecipazione degli utenti alla spesa totale (euro),ALL,Tutte le voci,PRPM,Privata con riserva di posti da parte del comune,2023,1002191,,,FILTER_ATS,Filter,,,,,,,,,,,,,,
A,Annuale,ITD1,Provincia Autonoma Bolzano / Bozen,EXPUSERS,Compartecipazione degli utenti alla spesa totale (euro),ALL,Tutte le voci,ALL,Tutte le voci,2023,8271287,,,FILTER_ATS,Filter,,,,,,,,,,,,,,
A,Annuale,ITD1,Provincia Autonoma Bolzano / Bozen,PEREXPPU,Spesa sostenuta dagli utenti sulla spesa totale (percentuale),DNUR,Nidi e sezioni primavera,MDO,Comunale a gestione diretta,2023,15.8,,,FILTER_ATS,Filter,,,,,,,,,,,,,,
A,Annuale,ITD1,Provincia Autonoma Bolzano / Bozen,PEREXPPU,Spesa sostenuta dagli utenti sulla spesa totale (percentuale),DNUR,Nidi e sezioni primavera,MMETP,Comunale a gestione affidata a terzi,2023,28.1,,,FILTER_ATS,Filter,,,,,,,,,,,,,,
A,Annuale,ITD1,Provincia Autonoma Bolzano / Bozen,PEREXPPU,Spesa sostenuta dagli utenti sulla spesa totale (percentuale),DNUR,Nidi e sezioni primavera,PRPM,Privata con riserva di posti da parte del comune,2023,33.3,,,FILTER_ATS,Filter,,,,,,,,,,,,,,
A,Annuale,ITD1,Provincia Autonoma Bolzano / Bozen,PEREXPPU,Spesa sostenuta dagli utenti sulla spesa totale (percentuale),DNUR,Nidi e sezioni primavera,ALL,Tutte le voci,2023,24.6,,,FILTER_ATS,Filter,,,,,,,,,,,,,,
A,Annuale,ITD1,Provincia Autonoma Bolzano / Bozen,PEREXPPU,Spesa sostenuta dagli utenti sulla spesa totale (percentuale),CDNUR,Nidi,MDO,Comunale a gestione diretta,2023,15.8,,,FILTER_ATS,Filter,,,,,,,,,,,,,,
A,Annuale,ITD1,Provincia Autonoma Bolzano / Bozen,PEREXPPU,Spesa sostenuta dagli utenti sulla spesa totale (percentuale),CDNUR,Nidi,MMETP,Comunale a gestione affidata a terzi,2023,28.1,,,FILTER_ATS,Filter,,,,,,,,,,,,,,
A,Annuale,ITD1,Provincia Autonoma Bolzano / Bozen,PEREXPPU,Spesa sostenuta dagli utenti sulla spesa totale (percentuale),CDNUR,Nidi,PRPM,Privata con riserva di posti da parte del comune,2023,33.3,,,FILTER_ATS,Filter,,,,,,,,,,,,,,
A,Annuale,ITD1,Provincia Autonoma Bolzano / Bozen,PEREXPPU,Spesa sostenuta dagli utenti sulla spesa totale (percentuale),CDNUR,Nidi,ALL,Tutte le voci,2023,24.6,,,FILTER_ATS,Filter,,,,,,,,,,,,,,
A,Annuale,ITD1,Provincia Autonoma Bolzano / Bozen,PEREXPPU,Spesa sostenuta dagli utenti sulla spesa totale (percentuale),DNISC,Sezioni primavera,MDO,Comunale a gestione diretta,2023,0,,,FILTER_ATS,Filter,,,,,,,,,,,,,,
A,Annuale,ITD1,Provincia Autonoma Bolzano / Bozen,PEREXPPU,Spesa sostenuta dagli utenti sulla spesa totale (percentuale),DNISC,Sezioni primavera,MMETP,Comunale a gestione affidata a terzi,2023,0,,,FILTER_ATS,Filter,,,,,,,,,,,,,,
A,Annuale,ITD1,Provincia Autonoma Bolzano / Bozen,PEREXPPU,Spesa sostenuta dagli utenti sulla spesa totale (percentuale),DNISC,Sezioni primavera,PRPM,Privata con riserva di posti da parte del comune,2023,0,,,FILTER_ATS,Filter,,,,,,,,,,,,,,
A,Annuale,ITD1,Provincia Autonoma Bolzano / Bozen,PEREXPPU,Spesa sostenuta dagli utenti sulla spesa totale (percentuale),DNISC,Sezioni primavera,ALL,Tutte le voci,2023,0,,,FILTER_ATS,Filter,,,,,,,,,,,,,,
A,Annuale,ITD1,Provincia Autonoma Bolzano / Bozen,PEREXPPU,Spesa sostenuta dagli utenti sulla spesa totale (percentuale),ISERIDC,Servizi integrativi per la prima infanzia,MDO,Comunale a gestione diretta,2023,0,,,FILTER_ATS,Filter,,,,,,,,,,,,,,
A,Annuale,ITD1,Provincia Autonoma Bolzano / Bozen,PEREXPPU,Spesa sostenuta dagli utenti sulla spesa totale (percentuale),ISERIDC,Servizi integrativi per la prima infanzia,MMETP,Comunale a gestione affidata a terzi,2023,0,,,FILTER_ATS,Filter,,,,,,,,,,,,,,
A,Annuale,ITD1,Provincia Autonoma Bolzano / Bozen,PEREXPPU,Spesa sostenuta dagli utenti sulla spesa totale (percentuale),ISERIDC,Servizi integrativi per la prima infanzia,PRPM,Privata con riserva di posti da parte del comune,2023,0,,,FILTER_ATS,Filter,,,,,,,,,,,,,,
A,Annuale,ITD1,Provincia Autonoma Bolzano / Bozen,PEREXPPU,Spesa sostenuta dagli utenti sulla spesa totale (percentuale),ISERIDC,Servizi integrativi per la prima infanzia,ALL,Tutte le voci,2023,0,,,FILTER_ATS,Filter,,,,,,,,,,,,,,
A,Annuale,ITD1,Provincia Autonoma Bolzano / Bozen,PEREXPPU,Spesa sostenuta dagli utenti sulla spesa totale (percentuale),ALL,Tutte le voci,MDO,Comunale a gestione diretta,2023,15.8,,,FILTER_ATS,Filter,,,,,,,,,,,,,,
A,Annuale,ITD1,Provincia Autonoma Bolzano / Bozen,PEREXPPU,Spesa sostenuta dagli utenti sulla spesa totale (percentuale),ALL,Tutte le voci,MMETP,Comunale a gestione affidata a terzi,2023,28.1,,,FILTER_ATS,Filter,,,,,,,,,,,,,,
A,Annuale,ITD1,Provincia Autonoma Bolzano / Bozen,PEREXPPU,Spesa sostenuta dagli utenti sulla spesa totale (percentuale),ALL,Tutte le voci,PRPM,Privata con riserva di posti da parte del comune,2023,9,,,FILTER_ATS,Filter,,,,,,,,,,,,,,
A,Annuale,ITD1,Provincia Autonoma Bolzano / Bozen,PEREXPPU,Spesa sostenuta dagli utenti sulla spesa totale (percentuale),ALL,Tutte le voci,ALL,Tutte le voci,2023,19.8,,,FILTER_ATS,Filter,,,,,,,,,,,,,,
A,Annuale,ITD2,Provincia Autonoma Trento,USSSPM,Utenti,DNUR,Nidi e sezioni primavera,MDO,Comunale a gestione diretta,2023,1229,,,FILTER_ATS,Filter,,,,,,,,,,,,,,
A,Annuale,ITD2,Provincia Autonoma Trento,USSSPM,Utenti,DNUR,Nidi e sezioni primavera,MMETP,Comunale a gestione affidata a terzi,2023,2559,,,FILTER_ATS,Filter,,,,,,,,,,,,,,
A,Annuale,ITD2,Provincia Autonoma Trento,USSSPM,Utenti,DNUR,Nidi e sezioni primavera,PRPM,Privata con riserva di posti da parte del comune,2023,24,,,FILTER_ATS,Filter,,,,,,,,,,,,,,
A,Annuale,ITD2,Provincia Autonoma Trento,USSSPM,Utenti,DNUR,Nidi e sezioni primavera,CFPPS,Contributi alle famiglie per servizi privati o pubblici,2023,15,,,FILTER_ATS,Filter,,,,,,,,,,,,,,
A,Annuale,ITD2,Provincia Autonoma Trento,USSSPM,Utenti,DNUR,Nidi e sezioni primavera,ALL,Tutte le voci,2023,3827,,,FILTER_ATS,Filter,,,,,,,,,,,,,,
A,Annuale,ITD2,Provincia Autonoma Trento,USSSPM,Utenti,CDNUR,Nidi,MDO,Comunale a gestione diretta,2023,1229,,,FILTER_ATS,Filter,,,,,,,,,,,,,,
A,Annuale,ITD2,Provincia Autonoma Trento,USSSPM,Utenti,CDNUR,Nidi,MMETP,Comunale a gestione affidata a terzi,2023,2559,,,FILTER_ATS,Filter,,,,,,,,,,,,,,
A,Annuale,ITD2,Provincia Autonoma Trento,USSSPM,Utenti,CDNUR,Nidi,PRPM,Privata con riserva di posti da parte del comune,2023,24,,,FILTER_ATS,Filter,,,,,,,,,,,,,,
A,Annuale,ITD2,Provincia Autonoma Trento,USSSPM,Utenti,CDNUR,Nidi,CFPPS,Contributi alle famiglie per servizi privati o pubblici,2023,15,,,FILTER_ATS,Filter,,,,,,,,,,,,,,
A,Annuale,ITD2,Provincia Autonoma Trento,USSSPM,Utenti,CDNUR,Nidi,ALL,Tutte le voci,2023,3827,,,FILTER_ATS,Filter,,,,,,,,,,,,,,
A,Annuale,ITD2,Provincia Autonoma Trento,USSSPM,Utenti,DNISC,Sezioni primavera,MDO,Comunale a gestione diretta,2023,0,,,FILTER_ATS,Filter,,,,,,,,,,,,,,
A,Annuale,ITD2,Provincia Autonoma Trento,USSSPM,Utenti,DNISC,Sezioni primavera,MMETP,Comunale a gestione affidata a terzi,2023,0,,,FILTER_ATS,Filter,,,,,,,,,,,,,,
A,Annuale,ITD2,Provincia Autonoma Trento,USSSPM,Utenti,DNISC,Sezioni primavera,PRPM,Privata con riserva di posti da parte del comune,2023,0,,,FILTER_ATS,Filter,,,,,,,,,,,,,,
A,Annuale,ITD2,Provincia Autonoma Trento,USSSPM,Utenti,DNISC,Sezioni primavera,CFPPS,Contributi alle famiglie per servizi privati o pubblici,2023,0,,,FILTER_ATS,Filter,,,,,,,,,,,,,,
A,Annuale,ITD2,Provincia Autonoma Trento,USSSPM,Utenti,DNISC,Sezioni primavera,ALL,Tutte le voci,2023,0,,,FILTER_ATS,Filter,,,,,,,,,,,,,,
A,Annuale,ITD2,Provincia Autonoma Trento,USSSPM,Utenti,ISERIDC,Servizi integrativi per la prima infanzia,MDO,Comunale a gestione diretta,2023,0,,,FILTER_ATS,Filter,,,,,,,,,,,,,,
A,Annuale,ITD2,Provincia Autonoma Trento,USSSPM,Utenti,ISERIDC,Servizi integrativi per la prima infanzia,MMETP,Comunale a gestione affidata a terzi,2023,0,,,FILTER_ATS,Filter,,,,,,,,,,,,,,
A,Annuale,ITD2,Provincia Autonoma Trento,USSSPM,Utenti,ISERIDC,Servizi integrativi per la prima infanzia,PRPM,Privata con riserva di posti da parte del comune,2023,0,,,FILTER_ATS,Filter,,,,,,,,,,,,,,
A,Annuale,ITD2,Provincia Autonoma Trento,USSSPM,Utenti,ISERIDC,Servizi integrativi per la prima infanzia,CFPPS,Contributi alle famiglie per servizi privati o pubblici,2023,411,,,FILTER_ATS,Filter,,,,,,,,,,,,,,
A,Annuale,ITD2,Provincia Autonoma Trento,USSSPM,Utenti,ISERIDC,Servizi integrativi per la prima infanzia,ALL,Tutte le voci,2023,411,,,FILTER_ATS,Filter,,,,,,,,,,,,,,
A,Annuale,ITD2,Provincia Autonoma Trento,USSSPM,Utenti,ALL,Tutte le voci,MDO,Comunale a gestione diretta,2023,1229,,,FILTER_ATS,Filter,,,,,,,,,,,,,,
A,Annuale,ITD2,Provincia Autonoma Trento,USSSPM,Utenti,ALL,Tutte le voci,MMETP,Comunale a gestione affidata a terzi,2023,2559,,,FILTER_ATS,Filter,,,,,,,,,,,,,,
A,Annuale,ITD2,Provincia Autonoma Trento,USSSPM,Utenti,ALL,Tutte le voci,PRPM,Privata con riserva di posti da parte del comune,2023,24,,,FILTER_ATS,Filter,,,,,,,,,,,,,,
A,Annuale,ITD2,Provincia Autonoma Trento,USSSPM,Utenti,ALL,Tutte le voci,CFPPS,Contributi alle famiglie per servizi privati o pubblici,2023,426,,,FILTER_ATS,Filter,,,,,,,,,,,,,,
A,Annuale,ITD2,Provincia Autonoma Trento,USSSPM,Utenti,ALL,Tutte le voci,ALL,Tutte le voci,2023,4238,,,FILTER_ATS,Filter,,,,,,,,,,,,,,
A,Annuale,ITD2,Provincia Autonoma Trento,TOTEXP,Totale spesa (euro),DNUR,Nidi e sezioni primavera,MDO,Comunale a gestione diretta,2023,19027249,,,FILTER_ATS,Filter,,,,,,,,,,,,,,
A,Annuale,ITD2,Provincia Autonoma Trento,TOTEXP,Totale spesa (euro),DNUR,Nidi e sezioni primavera,MMETP,Comunale a gestione affidata a terzi,2023,30185643,,,FILTER_ATS,Filter,,,,,,,,,,,,,,
A,Annuale,ITD2,Provincia Autonoma Trento,TOTEXP,Totale spesa (euro),DNUR,Nidi e sezioni primavera,PRPM,Privata con riserva di posti da parte del comune,2023,300330,,,FILTER_ATS,Filter,,,,,,,,,,,,,,
A,Annuale,ITD2,Provincia Autonoma Trento,TOTEXP,Totale spesa (euro),DNUR,Nidi e sezioni primavera,PCM,Privata senza riserva di posti da parte del comune,2023,21866,,,FILTER_ATS,Filter,,,,,,,,,,,,,,
A,Annuale,ITD2,Provincia Autonoma Trento,TOTEXP,Totale spesa (euro),DNUR,Nidi e sezioni primavera,CFPPS,Contributi alle famiglie per servizi privati o pubblici,2023,28573,,,FILTER_ATS,Filter,,,,,,,,,,,,,,
A,Annuale,ITD2,Provincia Autonoma Trento,TOTEXP,Totale spesa (euro),DNUR,Nidi e sezioni primavera,ALL,Tutte le voci,2023,49563661,,,FILTER_ATS,Filter,,,,,,,,,,,,,,
A,Annuale,ITD2,Provincia Autonoma Trento,TOTEXP,Totale spesa (euro),CDNUR,Nidi,MDO,Comunale a gestione diretta,2023,19027249,,,FILTER_ATS,Filter,,,,,,,,,,,,,,
A,Annuale,ITD2,Provincia Autonoma Trento,TOTEXP,Totale spesa (euro),CDNUR,Nidi,MMETP,Comunale a gestione affidata a terzi,2023,30185643,,,FILTER_ATS,Filter,,,,,,,,,,,,,,
A,Annuale,ITD2,Provincia Autonoma Trento,TOTEXP,Totale spesa (euro),CDNUR,Nidi,PRPM,Privata con riserva di posti da parte del comune,2023,300330,,,FILTER_ATS,Filter,,,,,,,,,,,,,,
A,Annuale,ITD2,Provincia Autonoma Trento,TOTEXP,Totale spesa (euro),CDNUR,Nidi,PCM,Privata senza riserva di posti da parte del comune,2023,21866,,,FILTER_ATS,Filter,,,,,,,,,,,,,,
A,Annuale,ITD2,Provincia Autonoma Trento,TOTEXP,Totale spesa (euro),CDNUR,Nidi,CFPPS,Contributi alle famiglie per servizi privati o pubblici,2023,28573,,,FILTER_ATS,Filter,,,,,,,,,,,,,,
A,Annuale,ITD2,Provincia Autonoma Trento,TOTEXP,Totale spesa (euro),CDNUR,Nidi,ALL,Tutte le voci,2023,49563661,,,FILTER_ATS,Filter,,,,,,,,,,,,,,
A,Annuale,ITD2,Provincia Autonoma Trento,TOTEXP,Totale spesa (euro),DNISC,Sezioni primavera,MDO,Comunale a gestione diretta,2023,0,,,FILTER_ATS,Filter,,,,,,,,,,,,,,
A,Annuale,ITD2,Provincia Autonoma Trento,TOTEXP,Totale spesa (euro),DNISC,Sezioni primavera,MMETP,Comunale a gestione affidata a terzi,2023,0,,,FILTER_ATS,Filter,,,,,,,,,,,,,,
A,Annuale,ITD2,Provincia Autonoma Trento,TOTEXP,Totale spesa (euro),DNISC,Sezioni primavera,PRPM,Privata con riserva di posti da parte del comune,2023,0,,,FILTER_ATS,Filter,,,,,,,,,,,,,,
A,Annuale,ITD2,Provincia Autonoma Trento,TOTEXP,Totale spesa (euro),DNISC,Sezioni primavera,PCM,Privata senza riserva di posti da parte del comune,2023,0,,,FILTER_ATS,Filter,,,,,,,,,,,,,,
A,Annuale,ITD2,Provincia Autonoma Trento,TOTEXP,Totale spesa (euro),DNISC,Sezioni primavera,CFPPS,Contributi alle famiglie per servizi privati o pubblici,2023,0,,,FILTER_ATS,Filter,,,,,,,,,,,,,,
A,Annuale,ITD2,Provincia Autonoma Trento,TOTEXP,Totale spesa (euro),DNISC,Sezioni primavera,ALL,Tutte le voci,2023,0,,,FILTER_ATS,Filter,,,,,,,,,,,,,,
A,Annuale,ITD2,Provincia Autonoma Trento,TOTEXP,Totale spesa (euro),ISERIDC,Servizi integrativi per la prima infanzia,MDO,Comunale a gestione diretta,2023,89703,,,FILTER_ATS,Filter,,,,,,,,,,,,,,
A,Annuale,ITD2,Provincia Autonoma Trento,TOTEXP,Totale spesa (euro),ISERIDC,Servizi integrativi per la prima infanzia,MMETP,Comunale a gestione affidata a terzi,2023,0,,,FILTER_ATS,Filter,,,,,,,,,,,,,,
A,Annuale,ITD2,Provincia Autonoma Trento,TOTEXP,Totale spesa (euro),ISERIDC,Servizi integrativi per la prima infanzia,PRPM,Privata con riserva di posti da parte del comune,2023,0,,,FILTER_ATS,Filter,,,,,,,,,,,,,,
A,Annuale,ITD2,Provincia Autonoma Trento,TOTEXP,Totale spesa (euro),ISERIDC,Servizi integrativi per la prima infanzia,PCM,Privata senza riserva di posti da parte del comune,2023,0,,,FILTER_ATS,Filter,,,,,,,,,,,,,,
A,Annuale,ITD2,Provincia Autonoma Trento,TOTEXP,Totale spesa (euro),ISERIDC,Servizi integrativi per la prima infanzia,CFPPS,Contributi alle famiglie per servizi privati o pubblici,2023,2077857,,,FILTER_ATS,Filter,,,,,,,,,,,,,,
A,Annuale,ITD2,Provincia Autonoma Trento,TOTEXP,Totale spesa (euro),ISERIDC,Servizi integrativi per la prima infanzia,ALL,Tutte le voci,2023,2167560,,,FILTER_ATS,Filter,,,,,,,,,,,,,,
A,Annuale,ITD2,Provincia Autonoma Trento,TOTEXP,Totale spesa (euro),ALL,Tutte le voci,MDO,Comunale a gestione diretta,2023,19116952,,,FILTER_ATS,Filter,,,,,,,,,,,,,,
A,Annuale,ITD2,Provincia Autonoma Trento,TOTEXP,Totale spesa (euro),ALL,Tutte le voci,MMETP,Comunale a gestione affidata a terzi,2023,30185643,,,FILTER_ATS,Filter,,,,,,,,,,,,,,
A,Annuale,ITD2,Provincia Autonoma Trento,TOTEXP,Totale spesa (euro),ALL,Tutte le voci,PRPM,Privata con riserva di posti da parte del comune,2023,300330,,,FILTER_ATS,Filter,,,,,,,,,,,,,,
A,Annuale,ITD2,Provincia Autonoma Trento,TOTEXP,Totale spesa (euro),ALL,Tutte le voci,PCM,Privata senza riserva di posti da parte del comune,2023,21866,,,FILTER_ATS,Filter,,,,,,,,,,,,,,
A,Annuale,ITD2,Provincia Autonoma Trento,TOTEXP,Totale spesa (euro),ALL,Tutte le voci,CFPPS,Contributi alle famiglie per servizi privati o pubblici,2023,2106430,,,FILTER_ATS,Filter,,,,,,,,,,,,,,
A,Annuale,ITD2,Provincia Autonoma Trento,TOTEXP,Totale spesa (euro),ALL,Tutte le voci,ALL,Tutte le voci,2023,51731221,,,FILTER_ATS,Filter,,,,,,,,,,,,,,
A,Annuale,ITD2,Provincia Autonoma Trento,EXPMUN,Spesa dei comuni (euro),DNUR,Nidi e sezioni primavera,MDO,Comunale a gestione diretta,2023,15532746,,,FILTER_ATS,Filter,,,,,,,,,,,,,,
A,Annuale,ITD2,Provincia Autonoma Trento,EXPMUN,Spesa dei comuni (euro),DNUR,Nidi e sezioni primavera,MMETP,Comunale a gestione affidata a terzi,2023,22551623,,,FILTER_ATS,Filter,,,,,,,,,,,,,,
A,Annuale,ITD2,Provincia Autonoma Trento,EXPMUN,Spesa dei comuni (euro),DNUR,Nidi e sezioni primavera,PRPM,Privata con riserva di posti da parte del comune,2023,211949,,,FILTER_ATS,Filter,,,,,,,,,,,,,,
A,Annuale,ITD2,Provincia Autonoma Trento,EXPMUN,Spesa dei comuni (euro),DNUR,Nidi e sezioni primavera,PCM,Privata senza riserva di posti da parte del comune,2023,21866,,,FILTER_ATS,Filter,,,,,,,,,,,,,,
A,Annuale,ITD2,Provincia Autonoma Trento,EXPMUN,Spesa dei comuni (euro),DNUR,Nidi e sezioni primavera,CFPPS,Contributi alle famiglie per servizi privati o pubblici,2023,28573,,,FILTER_ATS,Filter,,,,,,,,,,,,,,
A,Annuale,ITD2,Provincia Autonoma Trento,EXPMUN,Spesa dei comuni (euro),DNUR,Nidi e sezioni primavera,ALL,Tutte le voci,2023,38346757,,,FILTER_ATS,Filter,,,,,,,,,,,,,,
A,Annuale,ITD2,Provincia Autonoma Trento,EXPMUN,Spesa dei comuni (euro),CDNUR,Nidi,MDO,Comunale a gestione diretta,2023,15532746,,,FILTER_ATS,Filter,,,,,,,,,,,,,,
A,Annuale,ITD2,Provincia Autonoma Trento,EXPMUN,Spesa dei comuni (euro),CDNUR,Nidi,MMETP,Comunale a gestione affidata a terzi,2023,22551623,,,FILTER_ATS,Filter,,,,,,,,,,,,,,
A,Annuale,ITD2,Provincia Autonoma Trento,EXPMUN,Spesa dei comuni (euro),CDNUR,Nidi,PRPM,Privata con riserva di posti da parte del comune,2023,211949,,,FILTER_ATS,Filter,,,,,,,,,,,,,,
A,Annuale,ITD2,Provincia Autonoma Trento,EXPMUN,Spesa dei comuni (euro),CDNUR,Nidi,PCM,Privata senza riserva di posti da parte del comune,2023,21866,,,FILTER_ATS,Filter,,,,,,,,,,,,,,
A,Annuale,ITD2,Provincia Autonoma Trento,EXPMUN,Spesa dei comuni (euro),CDNUR,Nidi,CFPPS,Contributi alle famiglie per servizi privati o pubblici,2023,28573,,,FILTER_ATS,Filter,,,,,,,,,,,,,,
A,Annuale,ITD2,Provincia Autonoma Trento,EXPMUN,Spesa dei comuni (euro),CDNUR,Nidi,ALL,Tutte le voci,2023,38346757,,,FILTER_ATS,Filter,,,,,,,,,,,,,,
A,Annuale,ITD2,Provincia Autonoma Trento,EXPMUN,Spesa dei comuni (euro),DNISC,Sezioni primavera,MDO,Comunale a gestione diretta,2023,0,,,FILTER_ATS,Filter,,,,,,,,,,,,,,
A,Annuale,ITD2,Provincia Autonoma Trento,EXPMUN,Spesa dei comuni (euro),DNISC,Sezioni primavera,MMETP,Comunale a gestione affidata a terzi,2023,0,,,FILTER_ATS,Filter,,,,,,,,,,,,,,
A,Annuale,ITD2,Provincia Autonoma Trento,EXPMUN,Spesa dei comuni (euro),DNISC,Sezioni primavera,PRPM,Privata con riserva di posti da parte del comune,2023,0,,,FILTER_ATS,Filter,,,,,,,,,,,,,,
A,Annuale,ITD2,Provincia Autonoma Trento,EXPMUN,Spesa dei comuni (euro),DNISC,Sezioni primavera,PCM,Privata senza riserva di posti da parte del comune,2023,0,,,FILTER_ATS,Filter,,,,,,,,,,,,,,
A,Annuale,ITD2,Provincia Autonoma Trento,EXPMUN,Spesa dei comuni (euro),DNISC,Sezioni primavera,CFPPS,Contributi alle famiglie per servizi privati o pubblici,2023,0,,,FILTER_ATS,Filter,,,,,,,,,,,,,,
A,Annuale,ITD2,Provincia Autonoma Trento,EXPMUN,Spesa dei comuni (euro),DNISC,Sezioni primavera,ALL,Tutte le voci,2023,0,,,FILTER_ATS,Filter,,,,,,,,,,,,,,
A,Annuale,ITD2,Provincia Autonoma Trento,EXPMUN,Spesa dei comuni (euro),ISERIDC,Servizi integrativi per la prima infanzia,MDO,Comunale a gestione diretta,2023,82221,,,FILTER_ATS,Filter,,,,,,,,,,,,,,
A,Annuale,ITD2,Provincia Autonoma Trento,EXPMUN,Spesa dei comuni (euro),ISERIDC,Servizi integrativi per la prima infanzia,MMETP,Comunale a gestione affidata a terzi,2023,0,,,FILTER_ATS,Filter,,,,,,,,,,,,,,
A,Annuale,ITD2,Provincia Autonoma Trento,EXPMUN,Spesa dei comuni (euro),ISERIDC,Servizi integrativi per la prima infanzia,PRPM,Privata con riserva di posti da parte del comune,2023,0,,,FILTER_ATS,Filter,,,,,,,,,,,,,,
A,Annuale,ITD2,Provincia Autonoma Trento,EXPMUN,Spesa dei comuni (euro),ISERIDC,Servizi integrativi per la prima infanzia,PCM,Privata senza riserva di posti da parte del comune,2023,0,,,FILTER_ATS,Filter,,,,,,,,,,,,,,
A,Annuale,ITD2,Provincia Autonoma Trento,EXPMUN,Spesa dei comuni (euro),ISERIDC,Servizi integrativi per la prima infanzia,CFPPS,Contributi alle famiglie per servizi privati o pubblici,2023,2077857,,,FILTER_ATS,Filter,,,,,,,,,,,,,,
A,Annuale,ITD2,Provincia Autonoma Trento,EXPMUN,Spesa dei comuni (euro),ISERIDC,Servizi integrativi per la prima infanzia,ALL,Tutte le voci,2023,2160078,,,FILTER_ATS,Filter,,,,,,,,,,,,,,
A,Annuale,ITD2,Provincia Autonoma Trento,EXPMUN,Spesa dei comuni (euro),ALL,Tutte le voci,MDO,Comunale a gestione diretta,2023,15614967,,,FILTER_ATS,Filter,,,,,,,,,,,,,,
A,Annuale,ITD2,Provincia Autonoma Trento,EXPMUN,Spesa dei comuni (euro),ALL,Tutte le voci,MMETP,Comunale a gestione affidata a terzi,2023,22551623,,,FILTER_ATS,Filter,,,,,,,,,,,,,,
A,Annuale,ITD2,Provincia Autonoma Trento,EXPMUN,Spesa dei comuni (euro),ALL,Tutte le voci,PRPM,Privata con riserva di posti da parte del comune,2023,211949,,,FILTER_ATS,Filter,,,,,,,,,,,,,,
A,Annuale,ITD2,Provincia Autonoma Trento,EXPMUN,Spesa dei comuni (euro),ALL,Tutte le voci,PCM,Privata senza riserva di posti da parte del comune,2023,21866,,,FILTER_ATS,Filter,,,,,,,,,,,,,,
A,Annuale,ITD2,Provincia Autonoma Trento,EXPMUN,Spesa dei comuni (euro),ALL,Tutte le voci,CFPPS,Contributi alle famiglie per servizi privati o pubblici,2023,2106430,,,FILTER_ATS,Filter,,,,,,,,,,,,,,
A,Annuale,ITD2,Provincia Autonoma Trento,EXPMUN,Spesa dei comuni (euro),ALL,Tutte le voci,ALL,Tutte le voci,2023,40506835,,,FILTER_ATS,Filter,,,,,,,,,,,,,,
A,Annuale,ITD2,Provincia Autonoma Trento,EXPUSERS,Compartecipazione degli utenti alla spesa totale (euro),DNUR,Nidi e sezioni primavera,MDO,Comunale a gestione diretta,2023,3494503,,,FILTER_ATS,Filter,,,,,,,,,,,,,,
A,Annuale,ITD2,Provincia Autonoma Trento,EXPUSERS,Compartecipazione degli utenti alla spesa totale (euro),DNUR,Nidi e sezioni primavera,MMETP,Comunale a gestione affidata a terzi,2023,7634020,,,FILTER_ATS,Filter,,,,,,,,,,,,,,
A,Annuale,ITD2,Provincia Autonoma Trento,EXPUSERS,Compartecipazione degli utenti alla spesa totale (euro),DNUR,Nidi e sezioni primavera,PRPM,Privata con riserva di posti da parte del comune,2023,88381,,,FILTER_ATS,Filter,,,,,,,,,,,,,,
A,Annuale,ITD2,Provincia Autonoma Trento,EXPUSERS,Compartecipazione degli utenti alla spesa totale (euro),DNUR,Nidi e sezioni primavera,ALL,Tutte le voci,2023,11216904,,,FILTER_ATS,Filter,,,,,,,,,,,,,,
A,Annuale,ITD2,Provincia Autonoma Trento,EXPUSERS,Compartecipazione degli utenti alla spesa totale (euro),CDNUR,Nidi,MDO,Comunale a gestione diretta,2023,3494503,,,FILTER_ATS,Filter,,,,,,,,,,,,,,
A,Annuale,ITD2,Provincia Autonoma Trento,EXPUSERS,Compartecipazione degli utenti alla spesa totale (euro),CDNUR,Nidi,MMETP,Comunale a gestione affidata a terzi,2023,7634020,,,FILTER_ATS,Filter,,,,,,,,,,,,,,
A,Annuale,ITD2,Provincia Autonoma Trento,EXPUSERS,Compartecipazione degli utenti alla spesa totale (euro),CDNUR,Nidi,PRPM,Privata con riserva di posti da parte del comune,2023,88381,,,FILTER_ATS,Filter,,,,,,,,,,,,,,
A,Annuale,ITD2,Provincia Autonoma Trento,EXPUSERS,Compartecipazione degli utenti alla spesa totale (euro),CDNUR,Nidi,ALL,Tutte le voci,2023,11216904,,,FILTER_ATS,Filter,,,,,,,,,,,,,,
A,Annuale,ITD2,Provincia Autonoma Trento,EXPUSERS,Compartecipazione degli utenti alla spesa totale (euro),DNISC,Sezioni primavera,MDO,Comunale a gestione diretta,2023,0,,,FILTER_ATS,Filter,,,,,,,,,,,,,,
A,Annuale,ITD2,Provincia Autonoma Trento,EXPUSERS,Compartecipazione degli utenti alla spesa totale (euro),DNISC,Sezioni primavera,MMETP,Comunale a gestione affidata a terzi,2023,0,,,FILTER_ATS,Filter,,,,,,,,,,,,,,
A,Annuale,ITD2,Provincia Autonoma Trento,EXPUSERS,Compartecipazione degli utenti alla spesa totale (euro),DNISC,Sezioni primavera,PRPM,Privata con riserva di posti da parte del comune,2023,0,,,FILTER_ATS,Filter,,,,,,,,,,,,,,
A,Annuale,ITD2,Provincia Autonoma Trento,EXPUSERS,Compartecipazione degli utenti alla spesa totale (euro),DNISC,Sezioni primavera,ALL,Tutte le voci,2023,0,,,FILTER_ATS,Filter,,,,,,,,,,,,,,
A,Annuale,ITD2,Provincia Autonoma Trento,EXPUSERS,Compartecipazione degli utenti alla spesa totale (euro),ISERIDC,Servizi integrativi per la prima infanzia,MDO,Comunale a gestione diretta,2023,7482,,,FILTER_ATS,Filter,,,,,,,,,,,,,,
A,Annuale,ITD2,Provincia Autonoma Trento,EXPUSERS,Compartecipazione degli utenti alla spesa totale (euro),ISERIDC,Servizi integrativi per la prima infanzia,MMETP,Comunale a gestione affidata a terzi,2023,0,,,FILTER_ATS,Filter,,,,,,,,,,,,,,
A,Annuale,ITD2,Provincia Autonoma Trento,EXPUSERS,Compartecipazione degli utenti alla spesa totale (euro),ISERIDC,Servizi integrativi per la prima infanzia,PRPM,Privata con riserva di posti da parte del comune,2023,0,,,FILTER_ATS,Filter,,,,,,,,,,,,,,
A,Annuale,ITD2,Provincia Autonoma Trento,EXPUSERS,Compartecipazione degli utenti alla spesa totale (euro),ISERIDC,Servizi integrativi per la prima infanzia,ALL,Tutte le voci,2023,7482,,,FILTER_ATS,Filter,,,,,,,,,,,,,,
A,Annuale,ITD2,Provincia Autonoma Trento,EXPUSERS,Compartecipazione degli utenti alla spesa totale (euro),ALL,Tutte le voci,MDO,Comunale a gestione diretta,2023,3501985,,,FILTER_ATS,Filter,,,,,,,,,,,,,,
A,Annuale,ITD2,Provincia Autonoma Trento,EXPUSERS,Compartecipazione degli utenti alla spesa totale (euro),ALL,Tutte le voci,MMETP,Comunale a gestione affidata a terzi,2023,7634020,,,FILTER_ATS,Filter,,,,,,,,,,,,,,
A,Annuale,ITD2,Provincia Autonoma Trento,EXPUSERS,Compartecipazione degli utenti alla spesa totale (euro),ALL,Tutte le voci,PRPM,Privata con riserva di posti da parte del comune,2023,88381,,,FILTER_ATS,Filter,,,,,,,,,,,,,,
A,Annuale,ITD2,Provincia Autonoma Trento,EXPUSERS,Compartecipazione degli utenti alla spesa totale (euro),ALL,Tutte le voci,ALL,Tutte le voci,2023,11224386,,,FILTER_ATS,Filter,,,,,,,,,,,,,,
A,Annuale,ITD2,Provincia Autonoma Trento,PEREXPPU,Spesa sostenuta dagli utenti sulla spesa totale (percentuale),DNUR,Nidi e sezioni primavera,MDO,Comunale a gestione diretta,2023,18.4,,,FILTER_ATS,Filter,,,,,,,,,,,,,,
A,Annuale,ITD2,Provincia Autonoma Trento,PEREXPPU,Spesa sostenuta dagli utenti sulla spesa totale (percentuale),DNUR,Nidi e sezioni primavera,MMETP,Comunale a gestione affidata a terzi,2023,25.3,,,FILTER_ATS,Filter,,,,,,,,,,,,,,
A,Annuale,ITD2,Provincia Autonoma Trento,PEREXPPU,Spesa sostenuta dagli utenti sulla spesa totale (percentuale),DNUR,Nidi e sezioni primavera,PRPM,Privata con riserva di posti da parte del comune,2023,29.4,,,FILTER_ATS,Filter,,,,,,,,,,,,,,
A,Annuale,ITD2,Provincia Autonoma Trento,PEREXPPU,Spesa sostenuta dagli utenti sulla spesa totale (percentuale),DNUR,Nidi e sezioni primavera,ALL,Tutte le voci,2023,22.6,,,FILTER_ATS,Filter,,,,,,,,,,,,,,
A,Annuale,ITD2,Provincia Autonoma Trento,PEREXPPU,Spesa sostenuta dagli utenti sulla spesa totale (percentuale),CDNUR,Nidi,MDO,Comunale a gestione diretta,2023,18.4,,,FILTER_ATS,Filter,,,,,,,,,,,,,,
A,Annuale,ITD2,Provincia Autonoma Trento,PEREXPPU,Spesa sostenuta dagli utenti sulla spesa totale (percentuale),CDNUR,Nidi,MMETP,Comunale a gestione affidata a terzi,2023,25.3,,,FILTER_ATS,Filter,,,,,,,,,,,,,,
A,Annuale,ITD2,Provincia Autonoma Trento,PEREXPPU,Spesa sostenuta dagli utenti sulla spesa totale (percentuale),CDNUR,Nidi,PRPM,Privata con riserva di posti da parte del comune,2023,29.4,,,FILTER_ATS,Filter,,,,,,,,,,,,,,
A,Annuale,ITD2,Provincia Autonoma Trento,PEREXPPU,Spesa sostenuta dagli utenti sulla spesa totale (percentuale),CDNUR,Nidi,ALL,Tutte le voci,2023,22.6,,,FILTER_ATS,Filter,,,,,,,,,,,,,,
A,Annuale,ITD2,Provincia Autonoma Trento,PEREXPPU,Spesa sostenuta dagli utenti sulla spesa totale (percentuale),DNISC,Sezioni primavera,MDO,Comunale a gestione diretta,2023,0,,,FILTER_ATS,Filter,,,,,,,,,,,,,,
A,Annuale,ITD2,Provincia Autonoma Trento,PEREXPPU,Spesa sostenuta dagli utenti sulla spesa totale (percentuale),DNISC,Sezioni primavera,MMETP,Comunale a gestione affidata a terzi,2023,0,,,FILTER_ATS,Filter,,,,,,,,,,,,,,
A,Annuale,ITD2,Provincia Autonoma Trento,PEREXPPU,Spesa sostenuta dagli utenti sulla spesa totale (percentuale),DNISC,Sezioni primavera,PRPM,Privata con riserva di posti da parte del comune,2023,0,,,FILTER_ATS,Filter,,,,,,,,,,,,,,
A,Annuale,ITD2,Provincia Autonoma Trento,PEREXPPU,Spesa sostenuta dagli utenti sulla spesa totale (percentuale),DNISC,Sezioni primavera,ALL,Tutte le voci,2023,0,,,FILTER_ATS,Filter,,,,,,,,,,,,,,
A,Annuale,ITD2,Provincia Autonoma Trento,PEREXPPU,Spesa sostenuta dagli utenti sulla spesa totale (percentuale),ISERIDC,Servizi integrativi per la prima infanzia,MDO,Comunale a gestione diretta,2023,8.3,,,FILTER_ATS,Filter,,,,,,,,,,,,,,
A,Annuale,ITD2,Provincia Autonoma Trento,PEREXPPU,Spesa sostenuta dagli utenti sulla spesa totale (percentuale),ISERIDC,Servizi integrativi per la prima infanzia,MMETP,Comunale a gestione affidata a terzi,2023,0,,,FILTER_ATS,Filter,,,,,,,,,,,,,,
A,Annuale,ITD2,Provincia Autonoma Trento,PEREXPPU,Spesa sostenuta dagli utenti sulla spesa totale (percentuale),ISERIDC,Servizi integrativi per la prima infanzia,PRPM,Privata con riserva di posti da parte del comune,2023,0,,,FILTER_ATS,Filter,,,,,,,,,,,,,,
A,Annuale,ITD2,Provincia Autonoma Trento,PEREXPPU,Spesa sostenuta dagli utenti sulla spesa totale (percentuale),ISERIDC,Servizi integrativi per la prima infanzia,ALL,Tutte le voci,2023,0.3,,,FILTER_ATS,Filter,,,,,,,,,,,,,,
A,Annuale,ITD2,Provincia Autonoma Trento,PEREXPPU,Spesa sostenuta dagli utenti sulla spesa totale (percentuale),ALL,Tutte le voci,MDO,Comunale a gestione diretta,2023,18.3,,,FILTER_ATS,Filter,,,,,,,,,,,,,,
A,Annuale,ITD2,Provincia Autonoma Trento,PEREXPPU,Spesa sostenuta dagli utenti sulla spesa totale (percentuale),ALL,Tutte le voci,MMETP,Comunale a gestione affidata a terzi,2023,25.3,,,FILTER_ATS,Filter,,,,,,,,,,,,,,
A,Annuale,ITD2,Provincia Autonoma Trento,PEREXPPU,Spesa sostenuta dagli utenti sulla spesa totale (percentuale),ALL,Tutte le voci,PRPM,Privata con riserva di posti da parte del comune,2023,29.4,,,FILTER_ATS,Filter,,,,,,,,,,,,,,
A,Annuale,ITD2,Provincia Autonoma Trento,PEREXPPU,Spesa sostenuta dagli utenti sulla spesa totale (percentuale),ALL,Tutte le voci,ALL,Tutte le voci,2023,21.7,,,FILTER_ATS,Filter,,,,,,,,,,,,,,
A,Annuale,ITD3,Veneto,USSSPM,Utenti,DNUR,Nidi e sezioni primavera,MDO,Comunale a gestione diretta,2023,5610,,,FILTER_ATS,Filter,,,,,,,,,,,,,,
A,Annuale,ITD3,Veneto,USSSPM,Utenti,DNUR,Nidi e sezioni primavera,MMETP,Comunale a gestione affidata a terzi,2023,5308,,,FILTER_ATS,Filter,,,,,,,,,,,,,,
A,Annuale,ITD3,Veneto,USSSPM,Utenti,DNUR,Nidi e sezioni primavera,PRPM,Privata con riserva di posti da parte del comune,2023,2467,,,FILTER_ATS,Filter,,,,,,,,,,,,,,
A,Annuale,ITD3,Veneto,USSSPM,Utenti,DNUR,Nidi e sezioni primavera,CFPPS,Contributi alle famiglie per servizi privati o pubblici,2023,1685,,,FILTER_ATS,Filter,,,,,,,,,,,,,,
A,Annuale,ITD3,Veneto,USSSPM,Utenti,DNUR,Nidi e sezioni primavera,ALL,Tutte le voci,2023,15070,,,FILTER_ATS,Filter,,,,,,,,,,,,,,
A,Annuale,ITD3,Veneto,USSSPM,Utenti,CDNUR,Nidi,MDO,Comunale a gestione diretta,2023,5538,,,FILTER_ATS,Filter,,,,,,,,,,,,,,
A,Annuale,ITD3,Veneto,USSSPM,Utenti,CDNUR,Nidi,MMETP,Comunale a gestione affidata a terzi,2023,5261,,,FILTER_ATS,Filter,,,,,,,,,,,,,,
A,Annuale,ITD3,Veneto,USSSPM,Utenti,CDNUR,Nidi,PRPM,Privata con riserva di posti da parte del comune,2023,1625,,,FILTER_ATS,Filter,,,,,,,,,,,,,,
A,Annuale,ITD3,Veneto,USSSPM,Utenti,CDNUR,Nidi,CFPPS,Contributi alle famiglie per servizi privati o pubblici,2023,1402,,,FILTER_ATS,Filter,,,,,,,,,,,,,,
A,Annuale,ITD3,Veneto,USSSPM,Utenti,CDNUR,Nidi,ALL,Tutte le voci,2023,13826,,,FILTER_ATS,Filter,,,,,,,,,,,,,,
A,Annuale,ITD3,Veneto,USSSPM,Utenti,DNISC,Sezioni primavera,MDO,Comunale a gestione diretta,2023,72,,,FILTER_ATS,Filter,,,,,,,,,,,,,,
A,Annuale,ITD3,Veneto,USSSPM,Utenti,DNISC,Sezioni primavera,MMETP,Comunale a gestione affidata a terzi,2023,47,,,FILTER_ATS,Filter,,,,,,,,,,,,,,
A,Annuale,ITD3,Veneto,USSSPM,Utenti,DNISC,Sezioni primavera,PRPM,Privata con riserva di posti da parte del comune,2023,842,,,FILTER_ATS,Filter,,,,,,,,,,,,,,
A,Annuale,ITD3,Veneto,USSSPM,Utenti,DNISC,Sezioni primavera,CFPPS,Contributi alle famiglie per servizi privati o pubblici,2023,283,,,FILTER_ATS,Filter,,,,,,,,,,,,,,
A,Annuale,ITD3,Veneto,USSSPM,Utenti,DNISC,Sezioni primavera,ALL,Tutte le voci,2023,1244,,,FILTER_ATS,Filter,,,,,,,,,,,,,,
A,Annuale,ITD3,Veneto,USSSPM,Utenti,ISERIDC,Servizi integrativi per la prima infanzia,MDO,Comunale a gestione diretta,2023,70,,,FILTER_ATS,Filter,,,,,,,,,,,,,,
A,Annuale,ITD3,Veneto,USSSPM,Utenti,ISERIDC,Servizi integrativi per la prima infanzia,MMETP,Comunale a gestione affidata a terzi,2023,145,,,FILTER_ATS,Filter,,,,,,,,,,,,,,
A,Annuale,ITD3,Veneto,USSSPM,Utenti,ISERIDC,Servizi integrativi per la prima infanzia,PRPM,Privata con riserva di posti da parte del comune,2023,33,,,FILTER_ATS,Filter,,,,,,,,,,,,,,
A,Annuale,ITD3,Veneto,USSSPM,Utenti,ISERIDC,Servizi integrativi per la prima infanzia,CFPPS,Contributi alle famiglie per servizi privati o pubblici,2023,175,,,FILTER_ATS,Filter,,,,,,,,,,,,,,
A,Annuale,ITD3,Veneto,USSSPM,Utenti,ISERIDC,Servizi integrativi per la prima infanzia,ALL,Tutte le voci,2023,423,,,FILTER_ATS,Filter,,,,,,,,,,,,,,
A,Annuale,ITD3,Veneto,USSSPM,Utenti,ALL,Tutte le voci,MDO,Comunale a gestione diretta,2023,5680,,,FILTER_ATS,Filter,,,,,,,,,,,,,,
A,Annuale,ITD3,Veneto,USSSPM,Utenti,ALL,Tutte le voci,MMETP,Comunale a gestione affidata a terzi,2023,5453,,,FILTER_ATS,Filter,,,,,,,,,,,,,,
A,Annuale,ITD3,Veneto,USSSPM,Utenti,ALL,Tutte le voci,PRPM,Privata con riserva di posti da parte del comune,2023,2500,,,FILTER_ATS,Filter,,,,,,,,,,,,,,
A,Annuale,ITD3,Veneto,USSSPM,Utenti,ALL,Tutte le voci,CFPPS,Contributi alle famiglie per servizi privati o pubblici,2023,1860,,,FILTER_ATS,Filter,,,,,,,,,,,,,,
A,Annuale,ITD3,Veneto,USSSPM,Utenti,ALL,Tutte le voci,ALL,Tutte le voci,2023,15493,,,FILTER_ATS,Filter,,,,,,,,,,,,,,
A,Annuale,ITD3,Veneto,TOTEXP,Totale spesa (euro),DNUR,Nidi e sezioni primavera,MDO,Comunale a gestione diretta,2023,62579043,,,FILTER_ATS,Filter,,,,,,,,,,,,,,
A,Annuale,ITD3,Veneto,TOTEXP,Totale spesa (euro),DNUR,Nidi e sezioni primavera,MMETP,Comunale a gestione affidata a terzi,2023,28297542,,,FILTER_ATS,Filter,,,,,,,,,,,,,,
A,Annuale,ITD3,Veneto,TOTEXP,Totale spesa (euro),DNUR,Nidi e sezioni primavera,PRPM,Privata con riserva di posti da parte del comune,2023,3573556,,,FILTER_ATS,Filter,,,,,,,,,,,,,,
A,Annuale,ITD3,Veneto,TOTEXP,Totale spesa (euro),DNUR,Nidi e sezioni primavera,PCM,Privata senza riserva di posti da parte del comune,2023,4581482,,,FILTER_ATS,Filter,,,,,,,,,,,,,,
A,Annuale,ITD3,Veneto,TOTEXP,Totale spesa (euro),DNUR,Nidi e sezioni primavera,CFPPS,Contributi alle famiglie per servizi privati o pubblici,2023,1415904,,,FILTER_ATS,Filter,,,,,,,,,,,,,,
A,Annuale,ITD3,Veneto,TOTEXP,Totale spesa (euro),DNUR,Nidi e sezioni primavera,ALL,Tutte le voci,2023,100447527,,,FILTER_ATS,Filter,,,,,,,,,,,,,,
A,Annuale,ITD3,Veneto,TOTEXP,Totale spesa (euro),CDNUR,Nidi,MDO,Comunale a gestione diretta,2023,61781669,,,FILTER_ATS,Filter,,,,,,,,,,,,,,
A,Annuale,ITD3,Veneto,TOTEXP,Totale spesa (euro),CDNUR,Nidi,MMETP,Comunale a gestione affidata a terzi,2023,27991611,,,FILTER_ATS,Filter,,,,,,,,,,,,,,
A,Annuale,ITD3,Veneto,TOTEXP,Totale spesa (euro),CDNUR,Nidi,PRPM,Privata con riserva di posti da parte del comune,2023,2684868,,,FILTER_ATS,Filter,,,,,,,,,,,,,,
A,Annuale,ITD3,Veneto,TOTEXP,Totale spesa (euro),CDNUR,Nidi,PCM,Privata senza riserva di posti da parte del comune,2023,3004820,,,FILTER_ATS,Filter,,,,,,,,,,,,,,
A,Annuale,ITD3,Veneto,TOTEXP,Totale spesa (euro),CDNUR,Nidi,CFPPS,Contributi alle famiglie per servizi privati o pubblici,2023,1206121,,,FILTER_ATS,Filter,,,,,,,,,,,,,,
A,Annuale,ITD3,Veneto,TOTEXP,Totale spesa (euro),CDNUR,Nidi,ALL,Tutte le voci,2023,96669089,,,FILTER_ATS,Filter,,,,,,,,,,,,,,
A,Annuale,ITD3,Veneto,TOTEXP,Totale spesa (euro),DNISC,Sezioni primavera,MDO,Comunale a gestione diretta,2023,797374,,,FILTER_ATS,Filter,,,,,,,,,,,,,,
A,Annuale,ITD3,Veneto,TOTEXP,Totale spesa (euro),DNISC,Sezioni primavera,MMETP,Comunale a gestione affidata a terzi,2023,305931,,,FILTER_ATS,Filter,,,,,,,,,,,,,,
A,Annuale,ITD3,Veneto,TOTEXP,Totale spesa (euro),DNISC,Sezioni primavera,PRPM,Privata con riserva di posti da parte del comune,2023,888688,,,FILTER_ATS,Filter,,,,,,,,,,,,,,
A,Annuale,ITD3,Veneto,TOTEXP,Totale spesa (euro),DNISC,Sezioni primavera,PCM,Privata senza riserva di posti da parte del comune,2023,1576662,,,FILTER_ATS,Filter,,,,,,,,,,,,,,
A,Annuale,ITD3,Veneto,TOTEXP,Totale spesa (euro),DNISC,Sezioni primavera,CFPPS,Contributi alle famiglie per servizi privati o pubblici,2023,209783,,,FILTER_ATS,Filter,,,,,,,,,,,,,,
A,Annuale,ITD3,Veneto,TOTEXP,Totale spesa (euro),DNISC,Sezioni primavera,ALL,Tutte le voci,2023,3778438,,,FILTER_ATS,Filter,,,,,,,,,,,,,,
A,Annuale,ITD3,Veneto,TOTEXP,Totale spesa (euro),ISERIDC,Servizi integrativi per la prima infanzia,MDO,Comunale a gestione diretta,2023,82554,,,FILTER_ATS,Filter,,,,,,,,,,,,,,
A,Annuale,ITD3,Veneto,TOTEXP,Totale spesa (euro),ISERIDC,Servizi integrativi per la prima infanzia,MMETP,Comunale a gestione affidata a terzi,2023,335053,,,FILTER_ATS,Filter,,,,,,,,,,,,,,
A,Annuale,ITD3,Veneto,TOTEXP,Totale spesa (euro),ISERIDC,Servizi integrativi per la prima infanzia,PRPM,Privata con riserva di posti da parte del comune,2023,71049,,,FILTER_ATS,Filter,,,,,,,,,,,,,,
A,Annuale,ITD3,Veneto,TOTEXP,Totale spesa (euro),ISERIDC,Servizi integrativi per la prima infanzia,PCM,Privata senza riserva di posti da parte del comune,2023,324401,,,FILTER_ATS,Filter,,,,,,,,,,,,,,
A,Annuale,ITD3,Veneto,TOTEXP,Totale spesa (euro),ISERIDC,Servizi integrativi per la prima infanzia,CFPPS,Contributi alle famiglie per servizi privati o pubblici,2023,148496,,,FILTER_ATS,Filter,,,,,,,,,,,,,,
A,Annuale,ITD3,Veneto,TOTEXP,Totale spesa (euro),ISERIDC,Servizi integrativi per la prima infanzia,ALL,Tutte le voci,2023,961553,,,FILTER_ATS,Filter,,,,,,,,,,,,,,
A,Annuale,ITD3,Veneto,TOTEXP,Totale spesa (euro),ALL,Tutte le voci,MDO,Comunale a gestione diretta,2023,62661597,,,FILTER_ATS,Filter,,,,,,,,,,,,,,
A,Annuale,ITD3,Veneto,TOTEXP,Totale spesa (euro),ALL,Tutte le voci,MMETP,Comunale a gestione affidata a terzi,2023,28632595,,,FILTER_ATS,Filter,,,,,,,,,,,,,,
A,Annuale,ITD3,Veneto,TOTEXP,Totale spesa (euro),ALL,Tutte le voci,PRPM,Privata con riserva di posti da parte del comune,2023,3644605,,,FILTER_ATS,Filter,,,,,,,,,,,,,,
A,Annuale,ITD3,Veneto,TOTEXP,Totale spesa (euro),ALL,Tutte le voci,PCM,Privata senza riserva di posti da parte del comune,2023,4905883,,,FILTER_ATS,Filter,,,,,,,,,,,,,,
A,Annuale,ITD3,Veneto,TOTEXP,Totale spesa (euro),ALL,Tutte le voci,CFPPS,Contributi alle famiglie per servizi privati o pubblici,2023,1564400,,,FILTER_ATS,Filter,,,,,,,,,,,,,,
A,Annuale,ITD3,Veneto,TOTEXP,Totale spesa (euro),ALL,Tutte le voci,ALL,Tutte le voci,2023,101409080,,,FILTER_ATS,Filter,,,,,,,,,,,,,,
A,Annuale,ITD3,Veneto,EXPMUN,Spesa dei comuni (euro),DNUR,Nidi e sezioni primavera,MDO,Comunale a gestione diretta,2023,47018119,,,FILTER_ATS,Filter,,,,,,,,,,,,,,
A,Annuale,ITD3,Veneto,EXPMUN,Spesa dei comuni (euro),DNUR,Nidi e sezioni primavera,MMETP,Comunale a gestione affidata a terzi,2023,18757877,,,FILTER_ATS,Filter,,,,,,,,,,,,,,
A,Annuale,ITD3,Veneto,EXPMUN,Spesa dei comuni (euro),DNUR,Nidi e sezioni primavera,PRPM,Privata con riserva di posti da parte del comune,2023,3511903,,,FILTER_ATS,Filter,,,,,,,,,,,,,,
A,Annuale,ITD3,Veneto,EXPMUN,Spesa dei comuni (euro),DNUR,Nidi e sezioni primavera,PCM,Privata senza riserva di posti da parte del comune,2023,4581482,,,FILTER_ATS,Filter,,,,,,,,,,,,,,
A,Annuale,ITD3,Veneto,EXPMUN,Spesa dei comuni (euro),DNUR,Nidi e sezioni primavera,CFPPS,Contributi alle famiglie per servizi privati o pubblici,2023,1415904,,,FILTER_ATS,Filter,,,,,,,,,,,,,,
A,Annuale,ITD3,Veneto,EXPMUN,Spesa dei comuni (euro),DNUR,Nidi e sezioni primavera,ALL,Tutte le voci,2023,75285285,,,FILTER_ATS,Filter,,,,,,,,,,,,,,
A,Annuale,ITD3,Veneto,EXPMUN,Spesa dei comuni (euro),CDNUR,Nidi,MDO,Comunale a gestione diretta,2023,46362341,,,FILTER_ATS,Filter,,,,,,,,,,,,,,
A,Annuale,ITD3,Veneto,EXPMUN,Spesa dei comuni (euro),CDNUR,Nidi,MMETP,Comunale a gestione affidata a terzi,2023,18558607,,,FILTER_ATS,Filter,,,,,,,,,,,,,,
A,Annuale,ITD3,Veneto,EXPMUN,Spesa dei comuni (euro),CDNUR,Nidi,PRPM,Privata con riserva di posti da parte del comune,2023,2664752,,,FILTER_ATS,Filter,,,,,,,,,,,,,,
A,Annuale,ITD3,Veneto,EXPMUN,Spesa dei comuni (euro),CDNUR,Nidi,PCM,Privata senza riserva di posti da parte del comune,2023,3004820,,,FILTER_ATS,Filter,,,,,,,,,,,,,,
A,Annuale,ITD3,Veneto,EXPMUN,Spesa dei comuni (euro),CDNUR,Nidi,CFPPS,Contributi alle famiglie per servizi privati o pubblici,2023,1206121,,,FILTER_ATS,Filter,,,,,,,,,,,,,,
A,Annuale,ITD3,Veneto,EXPMUN,Spesa dei comuni (euro),CDNUR,Nidi,ALL,Tutte le voci,2023,71796641,,,FILTER_ATS,Filter,,,,,,,,,,,,,,
A,Annuale,ITD3,Veneto,EXPMUN,Spesa dei comuni (euro),DNISC,Sezioni primavera,MDO,Comunale a gestione diretta,2023,655778,,,FILTER_ATS,Filter,,,,,,,,,,,,,,
A,Annuale,ITD3,Veneto,EXPMUN,Spesa dei comuni (euro),DNISC,Sezioni primavera,MMETP,Comunale a gestione affidata a terzi,2023,199270,,,FILTER_ATS,Filter,,,,,,,,,,,,,,
A,Annuale,ITD3,Veneto,EXPMUN,Spesa dei comuni (euro),DNISC,Sezioni primavera,PRPM,Privata con riserva di posti da parte del comune,2023,847151,,,FILTER_ATS,Filter,,,,,,,,,,,,,,
A,Annuale,ITD3,Veneto,EXPMUN,Spesa dei comuni (euro),DNISC,Sezioni primavera,PCM,Privata senza riserva di posti da parte del comune,2023,1576662,,,FILTER_ATS,Filter,,,,,,,,,,,,,,
A,Annuale,ITD3,Veneto,EXPMUN,Spesa dei comuni (euro),DNISC,Sezioni primavera,CFPPS,Contributi alle famiglie per servizi privati o pubblici,2023,209783,,,FILTER_ATS,Filter,,,,,,,,,,,,,,
A,Annuale,ITD3,Veneto,EXPMUN,Spesa dei comuni (euro),DNISC,Sezioni primavera,ALL,Tutte le voci,2023,3488644,,,FILTER_ATS,Filter,,,,,,,,,,,,,,
A,Annuale,ITD3,Veneto,EXPMUN,Spesa dei comuni (euro),ISERIDC,Servizi integrativi per la prima infanzia,MDO,Comunale a gestione diretta,2023,68323,,,FILTER_ATS,Filter,,,,,,,,,,,,,,
A,Annuale,ITD3,Veneto,EXPMUN,Spesa dei comuni (euro),ISERIDC,Servizi integrativi per la prima infanzia,MMETP,Comunale a gestione affidata a terzi,2023,283130,,,FILTER_ATS,Filter,,,,,,,,,,,,,,
A,Annuale,ITD3,Veneto,EXPMUN,Spesa dei comuni (euro),ISERIDC,Servizi integrativi per la prima infanzia,PRPM,Privata con riserva di posti da parte del comune,2023,71049,,,FILTER_ATS,Filter,,,,,,,,,,,,,,
A,Annuale,ITD3,Veneto,EXPMUN,Spesa dei comuni (euro),ISERIDC,Servizi integrativi per la prima infanzia,PCM,Privata senza riserva di posti da parte del comune,2023,324401,,,FILTER_ATS,Filter,,,,,,,,,,,,,,
A,Annuale,ITD3,Veneto,EXPMUN,Spesa dei comuni (euro),ISERIDC,Servizi integrativi per la prima infanzia,CFPPS,Contributi alle famiglie per servizi privati o pubblici,2023,148496,,,FILTER_ATS,Filter,,,,,,,,,,,,,,
A,Annuale,ITD3,Veneto,EXPMUN,Spesa dei comuni (euro),ISERIDC,Servizi integrativi per la prima infanzia,ALL,Tutte le voci,2023,895399,,,FILTER_ATS,Filter,,,,,,,,,,,,,,
A,Annuale,ITD3,Veneto,EXPMUN,Spesa dei comuni (euro),ALL,Tutte le voci,MDO,Comunale a gestione diretta,2023,47086442,,,FILTER_ATS,Filter,,,,,,,,,,,,,,
A,Annuale,ITD3,Veneto,EXPMUN,Spesa dei comuni (euro),ALL,Tutte le voci,MMETP,Comunale a gestione affidata a terzi,2023,19041007,,,FILTER_ATS,Filter,,,,,,,,,,,,,,
A,Annuale,ITD3,Veneto,EXPMUN,Spesa dei comuni (euro),ALL,Tutte le voci,PRPM,Privata con riserva di posti da parte del comune,2023,3582952,,,FILTER_ATS,Filter,,,,,,,,,,,,,,
A,Annuale,ITD3,Veneto,EXPMUN,Spesa dei comuni (euro),ALL,Tutte le voci,PCM,Privata senza riserva di posti da parte del comune,2023,4905883,,,FILTER_ATS,Filter,,,,,,,,,,,,,,
A,Annuale,ITD3,Veneto,EXPMUN,Spesa dei comuni (euro),ALL,Tutte le voci,CFPPS,Contributi alle famiglie per servizi privati o pubblici,2023,1564400,,,FILTER_ATS,Filter,,,,,,,,,,,,,,
A,Annuale,ITD3,Veneto,EXPMUN,Spesa dei comuni (euro),ALL,Tutte le voci,ALL,Tutte le voci,2023,76180684,,,FILTER_ATS,Filter,,,,,,,,,,,,,,
A,Annuale,ITD3,Veneto,EXPUSERS,Compartecipazione degli utenti alla spesa totale (euro),DNUR,Nidi e sezioni primavera,MDO,Comunale a gestione diretta,2023,15560924,,,FILTER_ATS,Filter,,,,,,,,,,,,,,
A,Annuale,ITD3,Veneto,EXPUSERS,Compartecipazione degli utenti alla spesa totale (euro),DNUR,Nidi e sezioni primavera,MMETP,Comunale a gestione affidata a terzi,2023,9539665,,,FILTER_ATS,Filter,,,,,,,,,,,,,,
A,Annuale,ITD3,Veneto,EXPUSERS,Compartecipazione degli utenti alla spesa totale (euro),DNUR,Nidi e sezioni primavera,PRPM,Privata con riserva di posti da parte del comune,2023,61653,,,FILTER_ATS,Filter,,,,,,,,,,,,,,
A,Annuale,ITD3,Veneto,EXPUSERS,Compartecipazione degli utenti alla spesa totale (euro),DNUR,Nidi e sezioni primavera,ALL,Tutte le voci,2023,25162242,,,FILTER_ATS,Filter,,,,,,,,,,,,,,
A,Annuale,ITD3,Veneto,EXPUSERS,Compartecipazione degli utenti alla spesa totale (euro),CDNUR,Nidi,MDO,Comunale a gestione diretta,2023,15419328,,,FILTER_ATS,Filter,,,,,,,,,,,,,,
A,Annuale,ITD3,Veneto,EXPUSERS,Compartecipazione degli utenti alla spesa totale (euro),CDNUR,Nidi,MMETP,Comunale a gestione affidata a terzi,2023,9433004,,,FILTER_ATS,Filter,,,,,,,,,,,,,,
A,Annuale,ITD3,Veneto,EXPUSERS,Compartecipazione degli utenti alla spesa totale (euro),CDNUR,Nidi,PRPM,Privata con riserva di posti da parte del comune,2023,20116,,,FILTER_ATS,Filter,,,,,,,,,,,,,,
A,Annuale,ITD3,Veneto,EXPUSERS,Compartecipazione degli utenti alla spesa totale (euro),CDNUR,Nidi,ALL,Tutte le voci,2023,24872448,,,FILTER_ATS,Filter,,,,,,,,,,,,,,
A,Annuale,ITD3,Veneto,EXPUSERS,Compartecipazione degli utenti alla spesa totale (euro),DNISC,Sezioni primavera,MDO,Comunale a gestione diretta,2023,141596,,,FILTER_ATS,Filter,,,,,,,,,,,,,,
A,Annuale,ITD3,Veneto,EXPUSERS,Compartecipazione degli utenti alla spesa totale (euro),DNISC,Sezioni primavera,MMETP,Comunale a gestione affidata a terzi,2023,106661,,,FILTER_ATS,Filter,,,,,,,,,,,,,,
A,Annuale,ITD3,Veneto,EXPUSERS,Compartecipazione degli utenti alla spesa totale (euro),DNISC,Sezioni primavera,PRPM,Privata con riserva di posti da parte del comune,2023,41537,,,FILTER_ATS,Filter,,,,,,,,,,,,,,
A,Annuale,ITD3,Veneto,EXPUSERS,Compartecipazione degli utenti alla spesa totale (euro),DNISC,Sezioni primavera,ALL,Tutte le voci,2023,289794,,,FILTER_ATS,Filter,,,,,,,,,,,,,,
A,Annuale,ITD3,Veneto,EXPUSERS,Compartecipazione degli utenti alla spesa totale (euro),ISERIDC,Servizi integrativi per la prima infanzia,MDO,Comunale a gestione diretta,2023,14231,,,FILTER_ATS,Filter,,,,,,,,,,,,,,
A,Annuale,ITD3,Veneto,EXPUSERS,Compartecipazione degli utenti alla spesa totale (euro),ISERIDC,Servizi integrativi per la prima infanzia,MMETP,Comunale a gestione affidata a terzi,2023,51923,,,FILTER_ATS,Filter,,,,,,,,,,,,,,
A,Annuale,ITD3,Veneto,EXPUSERS,Compartecipazione degli utenti alla spesa totale (euro),ISERIDC,Servizi integrativi per la prima infanzia,PRPM,Privata con riserva di posti da parte del comune,2023,0,,,FILTER_ATS,Filter,,,,,,,,,,,,,,
A,Annuale,ITD3,Veneto,EXPUSERS,Compartecipazione degli utenti alla spesa totale (euro),ISERIDC,Servizi integrativi per la prima infanzia,ALL,Tutte le voci,2023,66154,,,FILTER_ATS,Filter,,,,,,,,,,,,,,
A,Annuale,ITD3,Veneto,EXPUSERS,Compartecipazione degli utenti alla spesa totale (euro),ALL,Tutte le voci,MDO,Comunale a gestione diretta,2023,15575155,,,FILTER_ATS,Filter,,,,,,,,,,,,,,
A,Annuale,ITD3,Veneto,EXPUSERS,Compartecipazione degli utenti alla spesa totale (euro),ALL,Tutte le voci,MMETP,Comunale a gestione affidata a terzi,2023,9591588,,,FILTER_ATS,Filter,,,,,,,,,,,,,,
A,Annuale,ITD3,Veneto,EXPUSERS,Compartecipazione degli utenti alla spesa totale (euro),ALL,Tutte le voci,PRPM,Privata con riserva di posti da parte del comune,2023,61653,,,FILTER_ATS,Filter,,,,,,,,,,,,,,
A,Annuale,ITD3,Veneto,EXPUSERS,Compartecipazione degli utenti alla spesa totale (euro),ALL,Tutte le voci,ALL,Tutte le voci,2023,25228396,,,FILTER_ATS,Filter,,,,,,,,,,,,,,
A,Annuale,ITD3,Veneto,PEREXPPU,Spesa sostenuta dagli utenti sulla spesa totale (percentuale),DNUR,Nidi e sezioni primavera,MDO,Comunale a gestione diretta,2023,24.9,,,FILTER_ATS,Filter,,,,,,,,,,,,,,
A,Annuale,ITD3,Veneto,PEREXPPU,Spesa sostenuta dagli utenti sulla spesa totale (percentuale),DNUR,Nidi e sezioni primavera,MMETP,Comunale a gestione affidata a terzi,2023,33.7,,,FILTER_ATS,Filter,,,,,,,,,,,,,,
A,Annuale,ITD3,Veneto,PEREXPPU,Spesa sostenuta dagli utenti sulla spesa totale (percentuale),DNUR,Nidi e sezioni primavera,PRPM,Privata con riserva di posti da parte del comune,2023,1.7,,,FILTER_ATS,Filter,,,,,,,,,,,,,,
A,Annuale,ITD3,Veneto,PEREXPPU,Spesa sostenuta dagli utenti sulla spesa totale (percentuale),DNUR,Nidi e sezioni primavera,ALL,Tutte le voci,2023,25.1,,,FILTER_ATS,Filter,,,,,,,,,,,,,,
A,Annuale,ITD3,Veneto,PEREXPPU,Spesa sostenuta dagli utenti sulla spesa totale (percentuale),CDNUR,Nidi,MDO,Comunale a gestione diretta,2023,25,,,FILTER_ATS,Filter,,,,,,,,,,,,,,
A,Annuale,ITD3,Veneto,PEREXPPU,Spesa sostenuta dagli utenti sulla spesa totale (percentuale),CDNUR,Nidi,MMETP,Comunale a gestione affidata a terzi,2023,33.7,,,FILTER_ATS,Filter,,,,,,,,,,,,,,
A,Annuale,ITD3,Veneto,PEREXPPU,Spesa sostenuta dagli utenti sulla spesa totale (percentuale),CDNUR,Nidi,PRPM,Privata con riserva di posti da parte del comune,2023,0.7,,,FILTER_ATS,Filter,,,,,,,,,,,,,,
A,Annuale,ITD3,Veneto,PEREXPPU,Spesa sostenuta dagli utenti sulla spesa totale (percentuale),CDNUR,Nidi,ALL,Tutte le voci,2023,25.7,,,FILTER_ATS,Filter,,,,,,,,,,,,,,
A,Annuale,ITD3,Veneto,PEREXPPU,Spesa sostenuta dagli utenti sulla spesa totale (percentuale),DNISC,Sezioni primavera,MDO,Comunale a gestione diretta,2023,17.8,,,FILTER_ATS,Filter,,,,,,,,,,,,,,
A,Annuale,ITD3,Veneto,PEREXPPU,Spesa sostenuta dagli utenti sulla spesa totale (percentuale),DNISC,Sezioni primavera,MMETP,Comunale a gestione affidata a terzi,2023,34.9,,,FILTER_ATS,Filter,,,,,,,,,,,,,,
A,Annuale,ITD3,Veneto,PEREXPPU,Spesa sostenuta dagli utenti sulla spesa totale (percentuale),DNISC,Sezioni primavera,PRPM,Privata con riserva di posti da parte del comune,2023,4.7,,,FILTER_ATS,Filter,,,,,,,,,,,,,,
A,Annuale,ITD3,Veneto,PEREXPPU,Spesa sostenuta dagli utenti sulla spesa totale (percentuale),DNISC,Sezioni primavera,ALL,Tutte le voci,2023,7.7,,,FILTER_ATS,Filter,,,,,,,,,,,,,,
A,Annuale,ITD3,Veneto,PEREXPPU,Spesa sostenuta dagli utenti sulla spesa totale (percentuale),ISERIDC,Servizi integrativi per la prima infanzia,MDO,Comunale a gestione diretta,2023,17.2,,,FILTER_ATS,Filter,,,,,,,,,,,,,,
A,Annuale,ITD3,Veneto,PEREXPPU,Spesa sostenuta dagli utenti sulla spesa totale (percentuale),ISERIDC,Servizi integrativi per la prima infanzia,MMETP,Comunale a gestione affidata a terzi,2023,15.5,,,FILTER_ATS,Filter,,,,,,,,,,,,,,
A,Annuale,ITD3,Veneto,PEREXPPU,Spesa sostenuta dagli utenti sulla spesa totale (percentuale),ISERIDC,Servizi integrativi per la prima infanzia,PRPM,Privata con riserva di posti da parte del comune,2023,0,,,FILTER_ATS,Filter,,,,,,,,,,,,,,
A,Annuale,ITD3,Veneto,PEREXPPU,Spesa sostenuta dagli utenti sulla spesa totale (percentuale),ISERIDC,Servizi integrativi per la prima infanzia,ALL,Tutte le voci,2023,6.9,,,FILTER_ATS,Filter,,,,,,,,,,,,,,
A,Annuale,ITD3,Veneto,PEREXPPU,Spesa sostenuta dagli utenti sulla spesa totale (percentuale),ALL,Tutte le voci,MDO,Comunale a gestione diretta,2023,24.9,,,FILTER_ATS,Filter,,,,,,,,,,,,,,
A,Annuale,ITD3,Veneto,PEREXPPU,Spesa sostenuta dagli utenti sulla spesa totale (percentuale),ALL,Tutte le voci,MMETP,Comunale a gestione affidata a terzi,2023,33.5,,,FILTER_ATS,Filter,,,,,,,,,,,,,,
A,Annuale,ITD3,Veneto,PEREXPPU,Spesa sostenuta dagli utenti sulla spesa totale (percentuale),ALL,Tutte le voci,PRPM,Privata con riserva di posti da parte del comune,2023,1.7,,,FILTER_ATS,Filter,,,,,,,,,,,,,,
A,Annuale,ITD3,Veneto,PEREXPPU,Spesa sostenuta dagli utenti sulla spesa totale (percentuale),ALL,Tutte le voci,ALL,Tutte le voci,2023,24.9,,,FILTER_ATS,Filter,,,,,,,,,,,,,,
A,Annuale,ITD4,Friuli-Venezia Giulia,USSSPM,Utenti,DNUR,Nidi e sezioni primavera,MDO,Comunale a gestione diretta,2023,1935,,,FILTER_ATS,Filter,,,,,,,,,,,,,,
A,Annuale,ITD4,Friuli-Venezia Giulia,USSSPM,Utenti,DNUR,Nidi e sezioni primavera,MMETP,Comunale a gestione affidata a terzi,2023,716,,,FILTER_ATS,Filter,,,,,,,,,,,,,,
A,Annuale,ITD4,Friuli-Venezia Giulia,USSSPM,Utenti,DNUR,Nidi e sezioni primavera,PRPM,Privata con riserva di posti da parte del comune,2023,1085,,,FILTER_ATS,Filter,,,,,,,,,,,,,,
A,Annuale,ITD4,Friuli-Venezia Giulia,USSSPM,Utenti,DNUR,Nidi e sezioni primavera,CFPPS,Contributi alle famiglie per servizi privati o pubblici,2023,4684,,,FILTER_ATS,Filter,,,,,,,,,,,,,,
A,Annuale,ITD4,Friuli-Venezia Giulia,USSSPM,Utenti,DNUR,Nidi e sezioni primavera,ALL,Tutte le voci,2023,8420,,,FILTER_ATS,Filter,,,,,,,,,,,,,,
A,Annuale,ITD4,Friuli-Venezia Giulia,USSSPM,Utenti,CDNUR,Nidi,MDO,Comunale a gestione diretta,2023,1891,,,FILTER_ATS,Filter,,,,,,,,,,,,,,
A,Annuale,ITD4,Friuli-Venezia Giulia,USSSPM,Utenti,CDNUR,Nidi,MMETP,Comunale a gestione affidata a terzi,2023,716,,,FILTER_ATS,Filter,,,,,,,,,,,,,,
A,Annuale,ITD4,Friuli-Venezia Giulia,USSSPM,Utenti,CDNUR,Nidi,PRPM,Privata con riserva di posti da parte del comune,2023,1085,,,FILTER_ATS,Filter,,,,,,,,,,,,,,
A,Annuale,ITD4,Friuli-Venezia Giulia,USSSPM,Utenti,CDNUR,Nidi,CFPPS,Contributi alle famiglie per servizi privati o pubblici,2023,4673,,,FILTER_ATS,Filter,,,,,,,,,,,,,,
A,Annuale,ITD4,Friuli-Venezia Giulia,USSSPM,Utenti,CDNUR,Nidi,ALL,Tutte le voci,2023,8365,,,FILTER_ATS,Filter,,,,,,,,,,,,,,
A,Annuale,ITD4,Friuli-Venezia Giulia,USSSPM,Utenti,DNISC,Sezioni primavera,MDO,Comunale a gestione diretta,2023,44,,,FILTER_ATS,Filter,,,,,,,,,,,,,,
A,Annuale,ITD4,Friuli-Venezia Giulia,USSSPM,Utenti,DNISC,Sezioni primavera,MMETP,Comunale a gestione affidata a terzi,2023,0,,,FILTER_ATS,Filter,,,,,,,,,,,,,,
A,Annuale,ITD4,Friuli-Venezia Giulia,USSSPM,Utenti,DNISC,Sezioni primavera,PRPM,Privata con riserva di posti da parte del comune,2023,0,,,FILTER_ATS,Filter,,,,,,,,,,,,,,
A,Annuale,ITD4,Friuli-Venezia Giulia,USSSPM,Utenti,DNISC,Sezioni primavera,CFPPS,Contributi alle famiglie per servizi privati o pubblici,2023,11,,,FILTER_ATS,Filter,,,,,,,,,,,,,,
A,Annuale,ITD4,Friuli-Venezia Giulia,USSSPM,Utenti,DNISC,Sezioni primavera,ALL,Tutte le voci,2023,55,,,FILTER_ATS,Filter,,,,,,,,,,,,,,
A,Annuale,ITD4,Friuli-Venezia Giulia,USSSPM,Utenti,ISERIDC,Servizi integrativi per la prima infanzia,MDO,Comunale a gestione diretta,2023,66,,,FILTER_ATS,Filter,,,,,,,,,,,,,,
A,Annuale,ITD4,Friuli-Venezia Giulia,USSSPM,Utenti,ISERIDC,Servizi integrativi per la prima infanzia,MMETP,Comunale a gestione affidata a terzi,2023,50,,,FILTER_ATS,Filter,,,,,,,,,,,,,,
A,Annuale,ITD4,Friuli-Venezia Giulia,USSSPM,Utenti,ISERIDC,Servizi integrativi per la prima infanzia,PRPM,Privata con riserva di posti da parte del comune,2023,61,,,FILTER_ATS,Filter,,,,,,,,,,,,,,
A,Annuale,ITD4,Friuli-Venezia Giulia,USSSPM,Utenti,ISERIDC,Servizi integrativi per la prima infanzia,CFPPS,Contributi alle famiglie per servizi privati o pubblici,2023,325,,,FILTER_ATS,Filter,,,,,,,,,,,,,,
A,Annuale,ITD4,Friuli-Venezia Giulia,USSSPM,Utenti,ISERIDC,Servizi integrativi per la prima infanzia,ALL,Tutte le voci,2023,502,,,FILTER_ATS,Filter,,,,,,,,,,,,,,
A,Annuale,ITD4,Friuli-Venezia Giulia,USSSPM,Utenti,ALL,Tutte le voci,MDO,Comunale a gestione diretta,2023,2001,,,FILTER_ATS,Filter,,,,,,,,,,,,,,
A,Annuale,ITD4,Friuli-Venezia Giulia,USSSPM,Utenti,ALL,Tutte le voci,MMETP,Comunale a gestione affidata a terzi,2023,766,,,FILTER_ATS,Filter,,,,,,,,,,,,,,
A,Annuale,ITD4,Friuli-Venezia Giulia,USSSPM,Utenti,ALL,Tutte le voci,PRPM,Privata con riserva di posti da parte del comune,2023,1146,,,FILTER_ATS,Filter,,,,,,,,,,,,,,
A,Annuale,ITD4,Friuli-Venezia Giulia,USSSPM,Utenti,ALL,Tutte le voci,CFPPS,Contributi alle famiglie per servizi privati o pubblici,2023,5009,,,FILTER_ATS,Filter,,,,,,,,,,,,,,
A,Annuale,ITD4,Friuli-Venezia Giulia,USSSPM,Utenti,ALL,Tutte le voci,ALL,Tutte le voci,2023,8922,,,FILTER_ATS,Filter,,,,,,,,,,,,,,
A,Annuale,ITD4,Friuli-Venezia Giulia,TOTEXP,Totale spesa (euro),DNUR,Nidi e sezioni primavera,MDO,Comunale a gestione diretta,2023,30313742,,,FILTER_ATS,Filter,,,,,,,,,,,,,,
A,Annuale,ITD4,Friuli-Venezia Giulia,TOTEXP,Totale spesa (euro),DNUR,Nidi e sezioni primavera,MMETP,Comunale a gestione affidata a terzi,2023,4875641,,,FILTER_ATS,Filter,,,,,,,,,,,,,,
A,Annuale,ITD4,Friuli-Venezia Giulia,TOTEXP,Totale spesa (euro),DNUR,Nidi e sezioni primavera,PRPM,Privata con riserva di posti da parte del comune,2023,4391756,,,FILTER_ATS,Filter,,,,,,,,,,,,,,
A,Annuale,ITD4,Friuli-Venezia Giulia,TOTEXP,Totale spesa (euro),DNUR,Nidi e sezioni primavera,PCM,Privata senza riserva di posti da parte del comune,2023,412533,,,FILTER_ATS,Filter,,,,,,,,,,,,,,
A,Annuale,ITD4,Friuli-Venezia Giulia,TOTEXP,Totale spesa (euro),DNUR,Nidi e sezioni primavera,CFPPS,Contributi alle famiglie per servizi privati o pubblici,2023,16368358,,,FILTER_ATS,Filter,,,,,,,,,,,,,,
A,Annuale,ITD4,Friuli-Venezia Giulia,TOTEXP,Totale spesa (euro),DNUR,Nidi e sezioni primavera,ALL,Tutte le voci,2023,56362030,,,FILTER_ATS,Filter,,,,,,,,,,,,,,
A,Annuale,ITD4,Friuli-Venezia Giulia,TOTEXP,Totale spesa (euro),CDNUR,Nidi,MDO,Comunale a gestione diretta,2023,29511789,,,FILTER_ATS,Filter,,,,,,,,,,,,,,
A,Annuale,ITD4,Friuli-Venezia Giulia,TOTEXP,Totale spesa (euro),CDNUR,Nidi,MMETP,Comunale a gestione affidata a terzi,2023,4875641,,,FILTER_ATS,Filter,,,,,,,,,,,,,,
A,Annuale,ITD4,Friuli-Venezia Giulia,TOTEXP,Totale spesa (euro),CDNUR,Nidi,PRPM,Privata con riserva di posti da parte del comune,2023,4391756,,,FILTER_ATS,Filter,,,,,,,,,,,,,,
A,Annuale,ITD4,Friuli-Venezia Giulia,TOTEXP,Totale spesa (euro),CDNUR,Nidi,PCM,Privata senza riserva di posti da parte del comune,2023,330933,,,FILTER_ATS,Filter,,,,,,,,,,,,,,
A,Annuale,ITD4,Friuli-Venezia Giulia,TOTEXP,Totale spesa (euro),CDNUR,Nidi,CFPPS,Contributi alle famiglie per servizi privati o pubblici,2023,16363067,,,FILTER_ATS,Filter,,,,,,,,,,,,,,
A,Annuale,ITD4,Friuli-Venezia Giulia,TOTEXP,Totale spesa (euro),CDNUR,Nidi,ALL,Tutte le voci,2023,55473186,,,FILTER_ATS,Filter,,,,,,,,,,,,,,
A,Annuale,ITD4,Friuli-Venezia Giulia,TOTEXP,Totale spesa (euro),DNISC,Sezioni primavera,MDO,Comunale a gestione diretta,2023,801953,,,FILTER_ATS,Filter,,,,,,,,,,,,,,
A,Annuale,ITD4,Friuli-Venezia Giulia,TOTEXP,Totale spesa (euro),DNISC,Sezioni primavera,MMETP,Comunale a gestione affidata a terzi,2023,0,,,FILTER_ATS,Filter,,,,,,,,,,,,,,
A,Annuale,ITD4,Friuli-Venezia Giulia,TOTEXP,Totale spesa (euro),DNISC,Sezioni primavera,PRPM,Privata con riserva di posti da parte del comune,2023,0,,,FILTER_ATS,Filter,,,,,,,,,,,,,,
A,Annuale,ITD4,Friuli-Venezia Giulia,TOTEXP,Totale spesa (euro),DNISC,Sezioni primavera,PCM,Privata senza riserva di posti da parte del comune,2023,81600,,,FILTER_ATS,Filter,,,,,,,,,,,,,,
A,Annuale,ITD4,Friuli-Venezia Giulia,TOTEXP,Totale spesa (euro),DNISC,Sezioni primavera,CFPPS,Contributi alle famiglie per servizi privati o pubblici,2023,5291,,,FILTER_ATS,Filter,,,,,,,,,,,,,,
A,Annuale,ITD4,Friuli-Venezia Giulia,TOTEXP,Totale spesa (euro),DNISC,Sezioni primavera,ALL,Tutte le voci,2023,888844,,,FILTER_ATS,Filter,,,,,,,,,,,,,,
A,Annuale,ITD4,Friuli-Venezia Giulia,TOTEXP,Totale spesa (euro),ISERIDC,Servizi integrativi per la prima infanzia,MDO,Comunale a gestione diretta,2023,667615,,,FILTER_ATS,Filter,,,,,,,,,,,,,,
A,Annuale,ITD4,Friuli-Venezia Giulia,TOTEXP,Totale spesa (euro),ISERIDC,Servizi integrativi per la prima infanzia,MMETP,Comunale a gestione affidata a terzi,2023,110141,,,FILTER_ATS,Filter,,,,,,,,,,,,,,
A,Annuale,ITD4,Friuli-Venezia Giulia,TOTEXP,Totale spesa (euro),ISERIDC,Servizi integrativi per la prima infanzia,PRPM,Privata con riserva di posti da parte del comune,2023,121716,,,FILTER_ATS,Filter,,,,,,,,,,,,,,
A,Annuale,ITD4,Friuli-Venezia Giulia,TOTEXP,Totale spesa (euro),ISERIDC,Servizi integrativi per la prima infanzia,PCM,Privata senza riserva di posti da parte del comune,2023,0,,,FILTER_ATS,Filter,,,,,,,,,,,,,,
A,Annuale,ITD4,Friuli-Venezia Giulia,TOTEXP,Totale spesa (euro),ISERIDC,Servizi integrativi per la prima infanzia,CFPPS,Contributi alle famiglie per servizi privati o pubblici,2023,728264,,,FILTER_ATS,Filter,,,,,,,,,,,,,,
A,Annuale,ITD4,Friuli-Venezia Giulia,TOTEXP,Totale spesa (euro),ISERIDC,Servizi integrativi per la prima infanzia,ALL,Tutte le voci,2023,1627736,,,FILTER_ATS,Filter,,,,,,,,,,,,,,
A,Annuale,ITD4,Friuli-Venezia Giulia,TOTEXP,Totale spesa (euro),ALL,Tutte le voci,MDO,Comunale a gestione diretta,2023,30981357,,,FILTER_ATS,Filter,,,,,,,,,,,,,,
A,Annuale,ITD4,Friuli-Venezia Giulia,TOTEXP,Totale spesa (euro),ALL,Tutte le voci,MMETP,Comunale a gestione affidata a terzi,2023,4985782,,,FILTER_ATS,Filter,,,,,,,,,,,,,,
A,Annuale,ITD4,Friuli-Venezia Giulia,TOTEXP,Totale spesa (euro),ALL,Tutte le voci,PRPM,Privata con riserva di posti da parte del comune,2023,4513472,,,FILTER_ATS,Filter,,,,,,,,,,,,,,
A,Annuale,ITD4,Friuli-Venezia Giulia,TOTEXP,Totale spesa (euro),ALL,Tutte le voci,PCM,Privata senza riserva di posti da parte del comune,2023,412533,,,FILTER_ATS,Filter,,,,,,,,,,,,,,
A,Annuale,ITD4,Friuli-Venezia Giulia,TOTEXP,Totale spesa (euro),ALL,Tutte le voci,CFPPS,Contributi alle famiglie per servizi privati o pubblici,2023,17096622,,,FILTER_ATS,Filter,,,,,,,,,,,,,,
A,Annuale,ITD4,Friuli-Venezia Giulia,TOTEXP,Totale spesa (euro),ALL,Tutte le voci,ALL,Tutte le voci,2023,57989766,,,FILTER_ATS,Filter,,,,,,,,,,,,,,
A,Annuale,ITD4,Friuli-Venezia Giulia,EXPMUN,Spesa dei comuni (euro),DNUR,Nidi e sezioni primavera,MDO,Comunale a gestione diretta,2023,25735636,,,FILTER_ATS,Filter,,,,,,,,,,,,,,
A,Annuale,ITD4,Friuli-Venezia Giulia,EXPMUN,Spesa dei comuni (euro),DNUR,Nidi e sezioni primavera,MMETP,Comunale a gestione affidata a terzi,2023,3959693,,,FILTER_ATS,Filter,,,,,,,,,,,,,,
A,Annuale,ITD4,Friuli-Venezia Giulia,EXPMUN,Spesa dei comuni (euro),DNUR,Nidi e sezioni primavera,PRPM,Privata con riserva di posti da parte del comune,2023,3591243,,,FILTER_ATS,Filter,,,,,,,,,,,,,,
A,Annuale,ITD4,Friuli-Venezia Giulia,EXPMUN,Spesa dei comuni (euro),DNUR,Nidi e sezioni primavera,PCM,Privata senza riserva di posti da parte del comune,2023,412533,,,FILTER_ATS,Filter,,,,,,,,,,,,,,
A,Annuale,ITD4,Friuli-Venezia Giulia,EXPMUN,Spesa dei comuni (euro),DNUR,Nidi e sezioni primavera,CFPPS,Contributi alle famiglie per servizi privati o pubblici,2023,16368358,,,FILTER_ATS,Filter,,,,,,,,,,,,,,
A,Annuale,ITD4,Friuli-Venezia Giulia,EXPMUN,Spesa dei comuni (euro),DNUR,Nidi e sezioni primavera,ALL,Tutte le voci,2023,50067463,,,FILTER_ATS,Filter,,,,,,,,,,,,,,
A,Annuale,ITD4,Friuli-Venezia Giulia,EXPMUN,Spesa dei comuni (euro),CDNUR,Nidi,MDO,Comunale a gestione diretta,2023,25021472,,,FILTER_ATS,Filter,,,,,,,,,,,,,,
A,Annuale,ITD4,Friuli-Venezia Giulia,EXPMUN,Spesa dei comuni (euro),CDNUR,Nidi,MMETP,Comunale a gestione affidata a terzi,2023,3959693,,,FILTER_ATS,Filter,,,,,,,,,,,,,,
A,Annuale,ITD4,Friuli-Venezia Giulia,EXPMUN,Spesa dei comuni (euro),CDNUR,Nidi,PRPM,Privata con riserva di posti da parte del comune,2023,3591243,,,FILTER_ATS,Filter,,,,,,,,,,,,,,
A,Annuale,ITD4,Friuli-Venezia Giulia,EXPMUN,Spesa dei comuni (euro),CDNUR,Nidi,PCM,Privata senza riserva di posti da parte del comune,2023,330933,,,FILTER_ATS,Filter,,,,,,,,,,,,,,
A,Annuale,ITD4,Friuli-Venezia Giulia,EXPMUN,Spesa dei comuni (euro),CDNUR,Nidi,CFPPS,Contributi alle famiglie per servizi privati o pubblici,2023,16363067,,,FILTER_ATS,Filter,,,,,,,,,,,,,,
A,Annuale,ITD4,Friuli-Venezia Giulia,EXPMUN,Spesa dei comuni (euro),CDNUR,Nidi,ALL,Tutte le voci,2023,49266408,,,FILTER_ATS,Filter,,,,,,,,,,,,,,
A,Annuale,ITD4,Friuli-Venezia Giulia,EXPMUN,Spesa dei comuni (euro),DNISC,Sezioni primavera,MDO,Comunale a gestione diretta,2023,714164,,,FILTER_ATS,Filter,,,,,,,,,,,,,,
A,Annuale,ITD4,Friuli-Venezia Giulia,EXPMUN,Spesa dei comuni (euro),DNISC,Sezioni primavera,MMETP,Comunale a gestione affidata a terzi,2023,0,,,FILTER_ATS,Filter,,,,,,,,,,,,,,
A,Annuale,ITD4,Friuli-Venezia Giulia,EXPMUN,Spesa dei comuni (euro),DNISC,Sezioni primavera,PRPM,Privata con riserva di posti da parte del comune,2023,0,,,FILTER_ATS,Filter,,,,,,,,,,,,,,
A,Annuale,ITD4,Friuli-Venezia Giulia,EXPMUN,Spesa dei comuni (euro),DNISC,Sezioni primavera,PCM,Privata senza riserva di posti da parte del comune,2023,81600,,,FILTER_ATS,Filter,,,,,,,,,,,,,,
A,Annuale,ITD4,Friuli-Venezia Giulia,EXPMUN,Spesa dei comuni (euro),DNISC,Sezioni primavera,CFPPS,Contributi alle famiglie per servizi privati o pubblici,2023,5291,,,FILTER_ATS,Filter,,,,,,,,,,,,,,
A,Annuale,ITD4,Friuli-Venezia Giulia,EXPMUN,Spesa dei comuni (euro),DNISC,Sezioni primavera,ALL,Tutte le voci,2023,801055,,,FILTER_ATS,Filter,,,,,,,,,,,,,,
A,Annuale,ITD4,Friuli-Venezia Giulia,EXPMUN,Spesa dei comuni (euro),ISERIDC,Servizi integrativi per la prima infanzia,MDO,Comunale a gestione diretta,2023,611541,,,FILTER_ATS,Filter,,,,,,,,,,,,,,
A,Annuale,ITD4,Friuli-Venezia Giulia,EXPMUN,Spesa dei comuni (euro),ISERIDC,Servizi integrativi per la prima infanzia,MMETP,Comunale a gestione affidata a terzi,2023,100590,,,FILTER_ATS,Filter,,,,,,,,,,,,,,
A,Annuale,ITD4,Friuli-Venezia Giulia,EXPMUN,Spesa dei comuni (euro),ISERIDC,Servizi integrativi per la prima infanzia,PRPM,Privata con riserva di posti da parte del comune,2023,121716,,,FILTER_ATS,Filter,,,,,,,,,,,,,,
A,Annuale,ITD4,Friuli-Venezia Giulia,EXPMUN,Spesa dei comuni (euro),ISERIDC,Servizi integrativi per la prima infanzia,PCM,Privata senza riserva di posti da parte del comune,2023,0,,,FILTER_ATS,Filter,,,,,,,,,,,,,,
A,Annuale,ITD4,Friuli-Venezia Giulia,EXPMUN,Spesa dei comuni (euro),ISERIDC,Servizi integrativi per la prima infanzia,CFPPS,Contributi alle famiglie per servizi privati o pubblici,2023,728264,,,FILTER_ATS,Filter,,,,,,,,,,,,,,
A,Annuale,ITD4,Friuli-Venezia Giulia,EXPMUN,Spesa dei comuni (euro),ISERIDC,Servizi integrativi per la prima infanzia,ALL,Tutte le voci,2023,1562111,,,FILTER_ATS,Filter,,,,,,,,,,,,,,
A,Annuale,ITD4,Friuli-Venezia Giulia,EXPMUN,Spesa dei comuni (euro),ALL,Tutte le voci,MDO,Comunale a gestione diretta,2023,26347177,,,FILTER_ATS,Filter,,,,,,,,,,,,,,
A,Annuale,ITD4,Friuli-Venezia Giulia,EXPMUN,Spesa dei comuni (euro),ALL,Tutte le voci,MMETP,Comunale a gestione affidata a terzi,2023,4060283,,,FILTER_ATS,Filter,,,,,,,,,,,,,,
A,Annuale,ITD4,Friuli-Venezia Giulia,EXPMUN,Spesa dei comuni (euro),ALL,Tutte le voci,PRPM,Privata con riserva di posti da parte del comune,2023,3712959,,,FILTER_ATS,Filter,,,,,,,,,,,,,,
A,Annuale,ITD4,Friuli-Venezia Giulia,EXPMUN,Spesa dei comuni (euro),ALL,Tutte le voci,PCM,Privata senza riserva di posti da parte del comune,2023,412533,,,FILTER_ATS,Filter,,,,,,,,,,,,,,
A,Annuale,ITD4,Friuli-Venezia Giulia,EXPMUN,Spesa dei comuni (euro),ALL,Tutte le voci,CFPPS,Contributi alle famiglie per servizi privati o pubblici,2023,17096622,,,FILTER_ATS,Filter,,,,,,,,,,,,,,
A,Annuale,ITD4,Friuli-Venezia Giulia,EXPMUN,Spesa dei comuni (euro),ALL,Tutte le voci,ALL,Tutte le voci,2023,51629574,,,FILTER_ATS,Filter,,,,,,,,,,,,,,
A,Annuale,ITD4,Friuli-Venezia Giulia,EXPUSERS,Compartecipazione degli utenti alla spesa totale (euro),DNUR,Nidi e sezioni primavera,MDO,Comunale a gestione diretta,2023,4578106,,,FILTER_ATS,Filter,,,,,,,,,,,,,,
A,Annuale,ITD4,Friuli-Venezia Giulia,EXPUSERS,Compartecipazione degli utenti alla spesa totale (euro),DNUR,Nidi e sezioni primavera,MMETP,Comunale a gestione affidata a terzi,2023,915948,,,FILTER_ATS,Filter,,,,,,,,,,,,,,
A,Annuale,ITD4,Friuli-Venezia Giulia,EXPUSERS,Compartecipazione degli utenti alla spesa totale (euro),DNUR,Nidi e sezioni primavera,PRPM,Privata con riserva di posti da parte del comune,2023,800513,,,FILTER_ATS,Filter,,,,,,,,,,,,,,
A,Annuale,ITD4,Friuli-Venezia Giulia,EXPUSERS,Compartecipazione degli utenti alla spesa totale (euro),DNUR,Nidi e sezioni primavera,ALL,Tutte le voci,2023,6294567,,,FILTER_ATS,Filter,,,,,,,,,,,,,,
A,Annuale,ITD4,Friuli-Venezia Giulia,EXPUSERS,Compartecipazione degli utenti alla spesa totale (euro),CDNUR,Nidi,MDO,Comunale a gestione diretta,2023,4490317,,,FILTER_ATS,Filter,,,,,,,,,,,,,,
A,Annuale,ITD4,Friuli-Venezia Giulia,EXPUSERS,Compartecipazione degli utenti alla spesa totale (euro),CDNUR,Nidi,MMETP,Comunale a gestione affidata a terzi,2023,915948,,,FILTER_ATS,Filter,,,,,,,,,,,,,,
A,Annuale,ITD4,Friuli-Venezia Giulia,EXPUSERS,Compartecipazione degli utenti alla spesa totale (euro),CDNUR,Nidi,PRPM,Privata con riserva di posti da parte del comune,2023,800513,,,FILTER_ATS,Filter,,,,,,,,,,,,,,
A,Annuale,ITD4,Friuli-Venezia Giulia,EXPUSERS,Compartecipazione degli utenti alla spesa totale (euro),CDNUR,Nidi,ALL,Tutte le voci,2023,6206778,,,FILTER_ATS,Filter,,,,,,,,,,,,,,
A,Annuale,ITD4,Friuli-Venezia Giulia,EXPUSERS,Compartecipazione degli utenti alla spesa totale (euro),DNISC,Sezioni primavera,MDO,Comunale a gestione diretta,2023,87789,,,FILTER_ATS,Filter,,,,,,,,,,,,,,
A,Annuale,ITD4,Friuli-Venezia Giulia,EXPUSERS,Compartecipazione degli utenti alla spesa totale (euro),DNISC,Sezioni primavera,MMETP,Comunale a gestione affidata a terzi,2023,0,,,FILTER_ATS,Filter,,,,,,,,,,,,,,
A,Annuale,ITD4,Friuli-Venezia Giulia,EXPUSERS,Compartecipazione degli utenti alla spesa totale (euro),DNISC,Sezioni primavera,PRPM,Privata con riserva di posti da parte del comune,2023,0,,,FILTER_ATS,Filter,,,,,,,,,,,,,,
A,Annuale,ITD4,Friuli-Venezia Giulia,EXPUSERS,Compartecipazione degli utenti alla spesa totale (euro),DNISC,Sezioni primavera,ALL,Tutte le voci,2023,87789,,,FILTER_ATS,Filter,,,,,,,,,,,,,,
A,Annuale,ITD4,Friuli-Venezia Giulia,EXPUSERS,Compartecipazione degli utenti alla spesa totale (euro),ISERIDC,Servizi integrativi per la prima infanzia,MDO,Comunale a gestione diretta,2023,56074,,,FILTER_ATS,Filter,,,,,,,,,,,,,,
A,Annuale,ITD4,Friuli-Venezia Giulia,EXPUSERS,Compartecipazione degli utenti alla spesa totale (euro),ISERIDC,Servizi integrativi per la prima infanzia,MMETP,Comunale a gestione affidata a terzi,2023,9551,,,FILTER_ATS,Filter,,,,,,,,,,,,,,
A,Annuale,ITD4,Friuli-Venezia Giulia,EXPUSERS,Compartecipazione degli utenti alla spesa totale (euro),ISERIDC,Servizi integrativi per la prima infanzia,PRPM,Privata con riserva di posti da parte del comune,2023,0,,,FILTER_ATS,Filter,,,,,,,,,,,,,,
A,Annuale,ITD4,Friuli-Venezia Giulia,EXPUSERS,Compartecipazione degli utenti alla spesa totale (euro),ISERIDC,Servizi integrativi per la prima infanzia,ALL,Tutte le voci,2023,65625,,,FILTER_ATS,Filter,,,,,,,,,,,,,,
A,Annuale,ITD4,Friuli-Venezia Giulia,EXPUSERS,Compartecipazione degli utenti alla spesa totale (euro),ALL,Tutte le voci,MDO,Comunale a gestione diretta,2023,4634180,,,FILTER_ATS,Filter,,,,,,,,,,,,,,
A,Annuale,ITD4,Friuli-Venezia Giulia,EXPUSERS,Compartecipazione degli utenti alla spesa totale (euro),ALL,Tutte le voci,MMETP,Comunale a gestione affidata a terzi,2023,925499,,,FILTER_ATS,Filter,,,,,,,,,,,,,,
A,Annuale,ITD4,Friuli-Venezia Giulia,EXPUSERS,Compartecipazione degli utenti alla spesa totale (euro),ALL,Tutte le voci,PRPM,Privata con riserva di posti da parte del comune,2023,800513,,,FILTER_ATS,Filter,,,,,,,,,,,,,,
A,Annuale,ITD4,Friuli-Venezia Giulia,EXPUSERS,Compartecipazione degli utenti alla spesa totale (euro),ALL,Tutte le voci,ALL,Tutte le voci,2023,6360192,,,FILTER_ATS,Filter,,,,,,,,,,,,,,
A,Annuale,ITD4,Friuli-Venezia Giulia,PEREXPPU,Spesa sostenuta dagli utenti sulla spesa totale (percentuale),DNUR,Nidi e sezioni primavera,MDO,Comunale a gestione diretta,2023,15.1,,,FILTER_ATS,Filter,,,,,,,,,,,,,,
A,Annuale,ITD4,Friuli-Venezia Giulia,PEREXPPU,Spesa sostenuta dagli utenti sulla spesa totale (percentuale),DNUR,Nidi e sezioni primavera,MMETP,Comunale a gestione affidata a terzi,2023,18.8,,,FILTER_ATS,Filter,,,,,,,,,,,,,,
A,Annuale,ITD4,Friuli-Venezia Giulia,PEREXPPU,Spesa sostenuta dagli utenti sulla spesa totale (percentuale),DNUR,Nidi e sezioni primavera,PRPM,Privata con riserva di posti da parte del comune,2023,18.2,,,FILTER_ATS,Filter,,,,,,,,,,,,,,
A,Annuale,ITD4,Friuli-Venezia Giulia,PEREXPPU,Spesa sostenuta dagli utenti sulla spesa totale (percentuale),DNUR,Nidi e sezioni primavera,ALL,Tutte le voci,2023,11.2,,,FILTER_ATS,Filter,,,,,,,,,,,,,,
A,Annuale,ITD4,Friuli-Venezia Giulia,PEREXPPU,Spesa sostenuta dagli utenti sulla spesa totale (percentuale),CDNUR,Nidi,MDO,Comunale a gestione diretta,2023,15.2,,,FILTER_ATS,Filter,,,,,,,,,,,,,,
A,Annuale,ITD4,Friuli-Venezia Giulia,PEREXPPU,Spesa sostenuta dagli utenti sulla spesa totale (percentuale),CDNUR,Nidi,MMETP,Comunale a gestione affidata a terzi,2023,18.8,,,FILTER_ATS,Filter,,,,,,,,,,,,,,
A,Annuale,ITD4,Friuli-Venezia Giulia,PEREXPPU,Spesa sostenuta dagli utenti sulla spesa totale (percentuale),CDNUR,Nidi,PRPM,Privata con riserva di posti da parte del comune,2023,18.2,,,FILTER_ATS,Filter,,,,,,,,,,,,,,
A,Annuale,ITD4,Friuli-Venezia Giulia,PEREXPPU,Spesa sostenuta dagli utenti sulla spesa totale (percentuale),CDNUR,Nidi,ALL,Tutte le voci,2023,11.2,,,FILTER_ATS,Filter,,,,,,,,,,,,,,
A,Annuale,ITD4,Friuli-Venezia Giulia,PEREXPPU,Spesa sostenuta dagli utenti sulla spesa totale (percentuale),DNISC,Sezioni primavera,MDO,Comunale a gestione diretta,2023,10.9,,,FILTER_ATS,Filter,,,,,,,,,,,,,,
A,Annuale,ITD4,Friuli-Venezia Giulia,PEREXPPU,Spesa sostenuta dagli utenti sulla spesa totale (percentuale),DNISC,Sezioni primavera,MMETP,Comunale a gestione affidata a terzi,2023,0,,,FILTER_ATS,Filter,,,,,,,,,,,,,,
A,Annuale,ITD4,Friuli-Venezia Giulia,PEREXPPU,Spesa sostenuta dagli utenti sulla spesa totale (percentuale),DNISC,Sezioni primavera,PRPM,Privata con riserva di posti da parte del comune,2023,0,,,FILTER_ATS,Filter,,,,,,,,,,,,,,
A,Annuale,ITD4,Friuli-Venezia Giulia,PEREXPPU,Spesa sostenuta dagli utenti sulla spesa totale (percentuale),DNISC,Sezioni primavera,ALL,Tutte le voci,2023,9.9,,,FILTER_ATS,Filter,,,,,,,,,,,,,,
A,Annuale,ITD4,Friuli-Venezia Giulia,PEREXPPU,Spesa sostenuta dagli utenti sulla spesa totale (percentuale),ISERIDC,Servizi integrativi per la prima infanzia,MDO,Comunale a gestione diretta,2023,8.4,,,FILTER_ATS,Filter,,,,,,,,,,,,,,
A,Annuale,ITD4,Friuli-Venezia Giulia,PEREXPPU,Spesa sostenuta dagli utenti sulla spesa totale (percentuale),ISERIDC,Servizi integrativi per la prima infanzia,MMETP,Comunale a gestione affidata a terzi,2023,8.7,,,FILTER_ATS,Filter,,,,,,,,,,,,,,
A,Annuale,ITD4,Friuli-Venezia Giulia,PEREXPPU,Spesa sostenuta dagli utenti sulla spesa totale (percentuale),ISERIDC,Servizi integrativi per la prima infanzia,PRPM,Privata con riserva di posti da parte del comune,2023,0,,,FILTER_ATS,Filter,,,,,,,,,,,,,,
A,Annuale,ITD4,Friuli-Venezia Giulia,PEREXPPU,Spesa sostenuta dagli utenti sulla spesa totale (percentuale),ISERIDC,Servizi integrativi per la prima infanzia,ALL,Tutte le voci,2023,4,,,FILTER_ATS,Filter,,,,,,,,,,,,,,
A,Annuale,ITD4,Friuli-Venezia Giulia,PEREXPPU,Spesa sostenuta dagli utenti sulla spesa totale (percentuale),ALL,Tutte le voci,MDO,Comunale a gestione diretta,2023,15,,,FILTER_ATS,Filter,,,,,,,,,,,,,,
A,Annuale,ITD4,Friuli-Venezia Giulia,PEREXPPU,Spesa sostenuta dagli utenti sulla spesa totale (percentuale),ALL,Tutte le voci,MMETP,Comunale a gestione affidata a terzi,2023,18.6,,,FILTER_ATS,Filter,,,,,,,,,,,,,,
A,Annuale,ITD4,Friuli-Venezia Giulia,PEREXPPU,Spesa sostenuta dagli utenti sulla spesa totale (percentuale),ALL,Tutte le voci,PRPM,Privata con riserva di posti da parte del comune,2023,17.7,,,FILTER_ATS,Filter,,,,,,,,,,,,,,
A,Annuale,ITD4,Friuli-Venezia Giulia,PEREXPPU,Spesa sostenuta dagli utenti sulla spesa totale (percentuale),ALL,Tutte le voci,ALL,Tutte le voci,2023,11,,,FILTER_ATS,Filter,,,,,,,,,,,,,,
A,Annuale,ITD5,Emilia-Romagna,USSSPM,Utenti,DNUR,Nidi e sezioni primavera,MDO,Comunale a gestione diretta,2023,12313,,,FILTER_ATS,Filter,,,,,,,,,,,,,,
A,Annuale,ITD5,Emilia-Romagna,USSSPM,Utenti,DNUR,Nidi e sezioni primavera,MMETP,Comunale a gestione affidata a terzi,2023,10841,,,FILTER_ATS,Filter,,,,,,,,,,,,,,
A,Annuale,ITD5,Emilia-Romagna,USSSPM,Utenti,DNUR,Nidi e sezioni primavera,PRPM,Privata con riserva di posti da parte del comune,2023,4188,,,FILTER_ATS,Filter,,,,,,,,,,,,,,
A,Annuale,ITD5,Emilia-Romagna,USSSPM,Utenti,DNUR,Nidi e sezioni primavera,CFPPS,Contributi alle famiglie per servizi privati o pubblici,2023,1986,,,FILTER_ATS,Filter,,,,,,,,,,,,,,
A,Annuale,ITD5,Emilia-Romagna,USSSPM,Utenti,DNUR,Nidi e sezioni primavera,ALL,Tutte le voci,2023,29328,,,FILTER_ATS,Filter,,,,,,,,,,,,,,
A,Annuale,ITD5,Emilia-Romagna,USSSPM,Utenti,CDNUR,Nidi,MDO,Comunale a gestione diretta,2023,12239,,,FILTER_ATS,Filter,,,,,,,,,,,,,,
A,Annuale,ITD5,Emilia-Romagna,USSSPM,Utenti,CDNUR,Nidi,MMETP,Comunale a gestione affidata a terzi,2023,10613,,,FILTER_ATS,Filter,,,,,,,,,,,,,,
A,Annuale,ITD5,Emilia-Romagna,USSSPM,Utenti,CDNUR,Nidi,PRPM,Privata con riserva di posti da parte del comune,2023,3696,,,FILTER_ATS,Filter,,,,,,,,,,,,,,
A,Annuale,ITD5,Emilia-Romagna,USSSPM,Utenti,CDNUR,Nidi,CFPPS,Contributi alle famiglie per servizi privati o pubblici,2023,1837,,,FILTER_ATS,Filter,,,,,,,,,,,,,,
A,Annuale,ITD5,Emilia-Romagna,USSSPM,Utenti,CDNUR,Nidi,ALL,Tutte le voci,2023,28385,,,FILTER_ATS,Filter,,,,,,,,,,,,,,
A,Annuale,ITD5,Emilia-Romagna,USSSPM,Utenti,DNISC,Sezioni primavera,MDO,Comunale a gestione diretta,2023,74,,,FILTER_ATS,Filter,,,,,,,,,,,,,,
A,Annuale,ITD5,Emilia-Romagna,USSSPM,Utenti,DNISC,Sezioni primavera,MMETP,Comunale a gestione affidata a terzi,2023,228,,,FILTER_ATS,Filter,,,,,,,,,,,,,,
A,Annuale,ITD5,Emilia-Romagna,USSSPM,Utenti,DNISC,Sezioni primavera,PRPM,Privata con riserva di posti da parte del comune,2023,492,,,FILTER_ATS,Filter,,,,,,,,,,,,,,
A,Annuale,ITD5,Emilia-Romagna,USSSPM,Utenti,DNISC,Sezioni primavera,CFPPS,Contributi alle famiglie per servizi privati o pubblici,2023,149,,,FILTER_ATS,Filter,,,,,,,,,,,,,,
A,Annuale,ITD5,Emilia-Romagna,USSSPM,Utenti,DNISC,Sezioni primavera,ALL,Tutte le voci,2023,943,,,FILTER_ATS,Filter,,,,,,,,,,,,,,
A,Annuale,ITD5,Emilia-Romagna,USSSPM,Utenti,ISERIDC,Servizi integrativi per la prima infanzia,MDO,Comunale a gestione diretta,2023,643,,,FILTER_ATS,Filter,,,,,,,,,,,,,,
A,Annuale,ITD5,Emilia-Romagna,USSSPM,Utenti,ISERIDC,Servizi integrativi per la prima infanzia,MMETP,Comunale a gestione affidata a terzi,2023,562,,,FILTER_ATS,Filter,,,,,,,,,,,,,,
A,Annuale,ITD5,Emilia-Romagna,USSSPM,Utenti,ISERIDC,Servizi integrativi per la prima infanzia,PRPM,Privata con riserva di posti da parte del comune,2023,68,,,FILTER_ATS,Filter,,,,,,,,,,,,,,
A,Annuale,ITD5,Emilia-Romagna,USSSPM,Utenti,ISERIDC,Servizi integrativi per la prima infanzia,CFPPS,Contributi alle famiglie per servizi privati o pubblici,2023,324,,,FILTER_ATS,Filter,,,,,,,,,,,,,,
A,Annuale,ITD5,Emilia-Romagna,USSSPM,Utenti,ISERIDC,Servizi integrativi per la prima infanzia,ALL,Tutte le voci,2023,1597,,,FILTER_ATS,Filter,,,,,,,,,,,,,,
A,Annuale,ITD5,Emilia-Romagna,USSSPM,Utenti,ALL,Tutte le voci,MDO,Comunale a gestione diretta,2023,12956,,,FILTER_ATS,Filter,,,,,,,,,,,,,,
A,Annuale,ITD5,Emilia-Romagna,USSSPM,Utenti,ALL,Tutte le voci,MMETP,Comunale a gestione affidata a terzi,2023,11403,,,FILTER_ATS,Filter,,,,,,,,,,,,,,
A,Annuale,ITD5,Emilia-Romagna,USSSPM,Utenti,ALL,Tutte le voci,PRPM,Privata con riserva di posti da parte del comune,2023,4256,,,FILTER_ATS,Filter,,,,,,,,,,,,,,
A,Annuale,ITD5,Emilia-Romagna,USSSPM,Utenti,ALL,Tutte le voci,CFPPS,Contributi alle famiglie per servizi privati o pubblici,2023,2310,,,FILTER_ATS,Filter,,,,,,,,,,,,,,
A,Annuale,ITD5,Emilia-Romagna,USSSPM,Utenti,ALL,Tutte le voci,ALL,Tutte le voci,2023,30925,,,FILTER_ATS,Filter,,,,,,,,,,,,,,
A,Annuale,ITD5,Emilia-Romagna,TOTEXP,Totale spesa (euro),DNUR,Nidi e sezioni primavera,MDO,Comunale a gestione diretta,2023,140828623,,,FILTER_ATS,Filter,,,,,,,,,,,,,,
A,Annuale,ITD5,Emilia-Romagna,TOTEXP,Totale spesa (euro),DNUR,Nidi e sezioni primavera,MMETP,Comunale a gestione affidata a terzi,2023,101747554,,,FILTER_ATS,Filter,,,,,,,,,,,,,,
A,Annuale,ITD5,Emilia-Romagna,TOTEXP,Totale spesa (euro),DNUR,Nidi e sezioni primavera,PRPM,Privata con riserva di posti da parte del comune,2023,22199168,,,FILTER_ATS,Filter,,,,,,,,,,,,,,
A,Annuale,ITD5,Emilia-Romagna,TOTEXP,Totale spesa (euro),DNUR,Nidi e sezioni primavera,PCM,Privata senza riserva di posti da parte del comune,2023,4052410,,,FILTER_ATS,Filter,,,,,,,,,,,,,,
A,Annuale,ITD5,Emilia-Romagna,TOTEXP,Totale spesa (euro),DNUR,Nidi e sezioni primavera,CFPPS,Contributi alle famiglie per servizi privati o pubblici,2023,7505474,,,FILTER_ATS,Filter,,,,,,,,,,,,,,
A,Annuale,ITD5,Emilia-Romagna,TOTEXP,Totale spesa (euro),DNUR,Nidi e sezioni primavera,ALL,Tutte le voci,2023,276333229,,,FILTER_ATS,Filter,,,,,,,,,,,,,,
A,Annuale,ITD5,Emilia-Romagna,TOTEXP,Totale spesa (euro),CDNUR,Nidi,MDO,Comunale a gestione diretta,2023,140199525,,,FILTER_ATS,Filter,,,,,,,,,,,,,,
A,Annuale,ITD5,Emilia-Romagna,TOTEXP,Totale spesa (euro),CDNUR,Nidi,MMETP,Comunale a gestione affidata a terzi,2023,99838369,,,FILTER_ATS,Filter,,,,,,,,,,,,,,
A,Annuale,ITD5,Emilia-Romagna,TOTEXP,Totale spesa (euro),CDNUR,Nidi,PRPM,Privata con riserva di posti da parte del comune,2023,21408722,,,FILTER_ATS,Filter,,,,,,,,,,,,,,
A,Annuale,ITD5,Emilia-Romagna,TOTEXP,Totale spesa (euro),CDNUR,Nidi,PCM,Privata senza riserva di posti da parte del comune,2023,2365721,,,FILTER_ATS,Filter,,,,,,,,,,,,,,
A,Annuale,ITD5,Emilia-Romagna,TOTEXP,Totale spesa (euro),CDNUR,Nidi,CFPPS,Contributi alle famiglie per servizi privati o pubblici,2023,7343170,,,FILTER_ATS,Filter,,,,,,,,,,,,,,
A,Annuale,ITD5,Emilia-Romagna,TOTEXP,Totale spesa (euro),CDNUR,Nidi,ALL,Tutte le voci,2023,271155507,,,FILTER_ATS,Filter,,,,,,,,,,,,,,
A,Annuale,ITD5,Emilia-Romagna,TOTEXP,Totale spesa (euro),DNISC,Sezioni primavera,MDO,Comunale a gestione diretta,2023,629098,,,FILTER_ATS,Filter,,,,,,,,,,,,,,
A,Annuale,ITD5,Emilia-Romagna,TOTEXP,Totale spesa (euro),DNISC,Sezioni primavera,MMETP,Comunale a gestione affidata a terzi,2023,1909185,,,FILTER_ATS,Filter,,,,,,,,,,,,,,
A,Annuale,ITD5,Emilia-Romagna,TOTEXP,Totale spesa (euro),DNISC,Sezioni primavera,PRPM,Privata con riserva di posti da parte del comune,2023,790446,,,FILTER_ATS,Filter,,,,,,,,,,,,,,
A,Annuale,ITD5,Emilia-Romagna,TOTEXP,Totale spesa (euro),DNISC,Sezioni primavera,PCM,Privata senza riserva di posti da parte del comune,2023,1686689,,,FILTER_ATS,Filter,,,,,,,,,,,,,,
A,Annuale,ITD5,Emilia-Romagna,TOTEXP,Totale spesa (euro),DNISC,Sezioni primavera,CFPPS,Contributi alle famiglie per servizi privati o pubblici,2023,162304,,,FILTER_ATS,Filter,,,,,,,,,,,,,,
A,Annuale,ITD5,Emilia-Romagna,TOTEXP,Totale spesa (euro),DNISC,Sezioni primavera,ALL,Tutte le voci,2023,5177722,,,FILTER_ATS,Filter,,,,,,,,,,,,,,
A,Annuale,ITD5,Emilia-Romagna,TOTEXP,Totale spesa (euro),ISERIDC,Servizi integrativi per la prima infanzia,MDO,Comunale a gestione diretta,2023,3493976,,,FILTER_ATS,Filter,,,,,,,,,,,,,,
A,Annuale,ITD5,Emilia-Romagna,TOTEXP,Totale spesa (euro),ISERIDC,Servizi integrativi per la prima infanzia,MMETP,Comunale a gestione affidata a terzi,2023,1788418,,,FILTER_ATS,Filter,,,,,,,,,,,,,,
A,Annuale,ITD5,Emilia-Romagna,TOTEXP,Totale spesa (euro),ISERIDC,Servizi integrativi per la prima infanzia,PRPM,Privata con riserva di posti da parte del comune,2023,350841,,,FILTER_ATS,Filter,,,,,,,,,,,,,,
A,Annuale,ITD5,Emilia-Romagna,TOTEXP,Totale spesa (euro),ISERIDC,Servizi integrativi per la prima infanzia,PCM,Privata senza riserva di posti da parte del comune,2023,31005,,,FILTER_ATS,Filter,,,,,,,,,,,,,,
A,Annuale,ITD5,Emilia-Romagna,TOTEXP,Totale spesa (euro),ISERIDC,Servizi integrativi per la prima infanzia,CFPPS,Contributi alle famiglie per servizi privati o pubblici,2023,263443,,,FILTER_ATS,Filter,,,,,,,,,,,,,,
A,Annuale,ITD5,Emilia-Romagna,TOTEXP,Totale spesa (euro),ISERIDC,Servizi integrativi per la prima infanzia,ALL,Tutte le voci,2023,5927683,,,FILTER_ATS,Filter,,,,,,,,,,,,,,
A,Annuale,ITD5,Emilia-Romagna,TOTEXP,Totale spesa (euro),ALL,Tutte le voci,MDO,Comunale a gestione diretta,2023,144322599,,,FILTER_ATS,Filter,,,,,,,,,,,,,,
A,Annuale,ITD5,Emilia-Romagna,TOTEXP,Totale spesa (euro),ALL,Tutte le voci,MMETP,Comunale a gestione affidata a terzi,2023,103535972,,,FILTER_ATS,Filter,,,,,,,,,,,,,,
A,Annuale,ITD5,Emilia-Romagna,TOTEXP,Totale spesa (euro),ALL,Tutte le voci,PRPM,Privata con riserva di posti da parte del comune,2023,22550009,,,FILTER_ATS,Filter,,,,,,,,,,,,,,
A,Annuale,ITD5,Emilia-Romagna,TOTEXP,Totale spesa (euro),ALL,Tutte le voci,PCM,Privata senza riserva di posti da parte del comune,2023,4083415,,,FILTER_ATS,Filter,,,,,,,,,,,,,,
A,Annuale,ITD5,Emilia-Romagna,TOTEXP,Totale spesa (euro),ALL,Tutte le voci,CFPPS,Contributi alle famiglie per servizi privati o pubblici,2023,7768917,,,FILTER_ATS,Filter,,,,,,,,,,,,,,
A,Annuale,ITD5,Emilia-Romagna,TOTEXP,Totale spesa (euro),ALL,Tutte le voci,ALL,Tutte le voci,2023,282260912,,,FILTER_ATS,Filter,,,,,,,,,,,,,,
A,Annuale,ITD5,Emilia-Romagna,EXPMUN,Spesa dei comuni (euro),DNUR,Nidi e sezioni primavera,MDO,Comunale a gestione diretta,2023,115676887,,,FILTER_ATS,Filter,,,,,,,,,,,,,,
A,Annuale,ITD5,Emilia-Romagna,EXPMUN,Spesa dei comuni (euro),DNUR,Nidi e sezioni primavera,MMETP,Comunale a gestione affidata a terzi,2023,82442218,,,FILTER_ATS,Filter,,,,,,,,,,,,,,
A,Annuale,ITD5,Emilia-Romagna,EXPMUN,Spesa dei comuni (euro),DNUR,Nidi e sezioni primavera,PRPM,Privata con riserva di posti da parte del comune,2023,19924470,,,FILTER_ATS,Filter,,,,,,,,,,,,,,
A,Annuale,ITD5,Emilia-Romagna,EXPMUN,Spesa dei comuni (euro),DNUR,Nidi e sezioni primavera,PCM,Privata senza riserva di posti da parte del comune,2023,4052410,,,FILTER_ATS,Filter,,,,,,,,,,,,,,
A,Annuale,ITD5,Emilia-Romagna,EXPMUN,Spesa dei comuni (euro),DNUR,Nidi e sezioni primavera,CFPPS,Contributi alle famiglie per servizi privati o pubblici,2023,7505474,,,FILTER_ATS,Filter,,,,,,,,,,,,,,
A,Annuale,ITD5,Emilia-Romagna,EXPMUN,Spesa dei comuni (euro),DNUR,Nidi e sezioni primavera,ALL,Tutte le voci,2023,229601459,,,FILTER_ATS,Filter,,,,,,,,,,,,,,
A,Annuale,ITD5,Emilia-Romagna,EXPMUN,Spesa dei comuni (euro),CDNUR,Nidi,MDO,Comunale a gestione diretta,2023,115188050,,,FILTER_ATS,Filter,,,,,,,,,,,,,,
A,Annuale,ITD5,Emilia-Romagna,EXPMUN,Spesa dei comuni (euro),CDNUR,Nidi,MMETP,Comunale a gestione affidata a terzi,2023,80832194,,,FILTER_ATS,Filter,,,,,,,,,,,,,,
A,Annuale,ITD5,Emilia-Romagna,EXPMUN,Spesa dei comuni (euro),CDNUR,Nidi,PRPM,Privata con riserva di posti da parte del comune,2023,19215144,,,FILTER_ATS,Filter,,,,,,,,,,,,,,
A,Annuale,ITD5,Emilia-Romagna,EXPMUN,Spesa dei comuni (euro),CDNUR,Nidi,PCM,Privata senza riserva di posti da parte del comune,2023,2365721,,,FILTER_ATS,Filter,,,,,,,,,,,,,,
A,Annuale,ITD5,Emilia-Romagna,EXPMUN,Spesa dei comuni (euro),CDNUR,Nidi,CFPPS,Contributi alle famiglie per servizi privati o pubblici,2023,7343170,,,FILTER_ATS,Filter,,,,,,,,,,,,,,
A,Annuale,ITD5,Emilia-Romagna,EXPMUN,Spesa dei comuni (euro),CDNUR,Nidi,ALL,Tutte le voci,2023,224944279,,,FILTER_ATS,Filter,,,,,,,,,,,,,,
A,Annuale,ITD5,Emilia-Romagna,EXPMUN,Spesa dei comuni (euro),DNISC,Sezioni primavera,MDO,Comunale a gestione diretta,2023,488837,,,FILTER_ATS,Filter,,,,,,,,,,,,,,
A,Annuale,ITD5,Emilia-Romagna,EXPMUN,Spesa dei comuni (euro),DNISC,Sezioni primavera,MMETP,Comunale a gestione affidata a terzi,2023,1610024,,,FILTER_ATS,Filter,,,,,,,,,,,,,,
A,Annuale,ITD5,Emilia-Romagna,EXPMUN,Spesa dei comuni (euro),DNISC,Sezioni primavera,PRPM,Privata con riserva di posti da parte del comune,2023,709326,,,FILTER_ATS,Filter,,,,,,,,,,,,,,
A,Annuale,ITD5,Emilia-Romagna,EXPMUN,Spesa dei comuni (euro),DNISC,Sezioni primavera,PCM,Privata senza riserva di posti da parte del comune,2023,1686689,,,FILTER_ATS,Filter,,,,,,,,,,,,,,
A,Annuale,ITD5,Emilia-Romagna,EXPMUN,Spesa dei comuni (euro),DNISC,Sezioni primavera,CFPPS,Contributi alle famiglie per servizi privati o pubblici,2023,162304,,,FILTER_ATS,Filter,,,,,,,,,,,,,,
A,Annuale,ITD5,Emilia-Romagna,EXPMUN,Spesa dei comuni (euro),DNISC,Sezioni primavera,ALL,Tutte le voci,2023,4657180,,,FILTER_ATS,Filter,,,,,,,,,,,,,,
A,Annuale,ITD5,Emilia-Romagna,EXPMUN,Spesa dei comuni (euro),ISERIDC,Servizi integrativi per la prima infanzia,MDO,Comunale a gestione diretta,2023,3381504,,,FILTER_ATS,Filter,,,,,,,,,,,,,,
A,Annuale,ITD5,Emilia-Romagna,EXPMUN,Spesa dei comuni (euro),ISERIDC,Servizi integrativi per la prima infanzia,MMETP,Comunale a gestione affidata a terzi,2023,1447062,,,FILTER_ATS,Filter,,,,,,,,,,,,,,
A,Annuale,ITD5,Emilia-Romagna,EXPMUN,Spesa dei comuni (euro),ISERIDC,Servizi integrativi per la prima infanzia,PRPM,Privata con riserva di posti da parte del comune,2023,246052,,,FILTER_ATS,Filter,,,,,,,,,,,,,,
A,Annuale,ITD5,Emilia-Romagna,EXPMUN,Spesa dei comuni (euro),ISERIDC,Servizi integrativi per la prima infanzia,PCM,Privata senza riserva di posti da parte del comune,2023,31005,,,FILTER_ATS,Filter,,,,,,,,,,,,,,
A,Annuale,ITD5,Emilia-Romagna,EXPMUN,Spesa dei comuni (euro),ISERIDC,Servizi integrativi per la prima infanzia,CFPPS,Contributi alle famiglie per servizi privati o pubblici,2023,263443,,,FILTER_ATS,Filter,,,,,,,,,,,,,,
A,Annuale,ITD5,Emilia-Romagna,EXPMUN,Spesa dei comuni (euro),ISERIDC,Servizi integrativi per la prima infanzia,ALL,Tutte le voci,2023,5369066,,,FILTER_ATS,Filter,,,,,,,,,,,,,,
A,Annuale,ITD5,Emilia-Romagna,EXPMUN,Spesa dei comuni (euro),ALL,Tutte le voci,MDO,Comunale a gestione diretta,2023,119058391,,,FILTER_ATS,Filter,,,,,,,,,,,,,,
A,Annuale,ITD5,Emilia-Romagna,EXPMUN,Spesa dei comuni (euro),ALL,Tutte le voci,MMETP,Comunale a gestione affidata a terzi,2023,83889280,,,FILTER_ATS,Filter,,,,,,,,,,,,,,
A,Annuale,ITD5,Emilia-Romagna,EXPMUN,Spesa dei comuni (euro),ALL,Tutte le voci,PRPM,Privata con riserva di posti da parte del comune,2023,20170522,,,FILTER_ATS,Filter,,,,,,,,,,,,,,
A,Annuale,ITD5,Emilia-Romagna,EXPMUN,Spesa dei comuni (euro),ALL,Tutte le voci,PCM,Privata senza riserva di posti da parte del comune,2023,4083415,,,FILTER_ATS,Filter,,,,,,,,,,,,,,
A,Annuale,ITD5,Emilia-Romagna,EXPMUN,Spesa dei comuni (euro),ALL,Tutte le voci,CFPPS,Contributi alle famiglie per servizi privati o pubblici,2023,7768917,,,FILTER_ATS,Filter,,,,,,,,,,,,,,
A,Annuale,ITD5,Emilia-Romagna,EXPMUN,Spesa dei comuni (euro),ALL,Tutte le voci,ALL,Tutte le voci,2023,234970525,,,FILTER_ATS,Filter,,,,,,,,,,,,,,
A,Annuale,ITD5,Emilia-Romagna,EXPUSERS,Compartecipazione degli utenti alla spesa totale (euro),DNUR,Nidi e sezioni primavera,MDO,Comunale a gestione diretta,2023,25151736,,,FILTER_ATS,Filter,,,,,,,,,,,,,,
A,Annuale,ITD5,Emilia-Romagna,EXPUSERS,Compartecipazione degli utenti alla spesa totale (euro),DNUR,Nidi e sezioni primavera,MMETP,Comunale a gestione affidata a terzi,2023,19305336,,,FILTER_ATS,Filter,,,,,,,,,,,,,,
A,Annuale,ITD5,Emilia-Romagna,EXPUSERS,Compartecipazione degli utenti alla spesa totale (euro),DNUR,Nidi e sezioni primavera,PRPM,Privata con riserva di posti da parte del comune,2023,2274698,,,FILTER_ATS,Filter,,,,,,,,,,,,,,
A,Annuale,ITD5,Emilia-Romagna,EXPUSERS,Compartecipazione degli utenti alla spesa totale (euro),DNUR,Nidi e sezioni primavera,ALL,Tutte le voci,2023,46731770,,,FILTER_ATS,Filter,,,,,,,,,,,,,,
A,Annuale,ITD5,Emilia-Romagna,EXPUSERS,Compartecipazione degli utenti alla spesa totale (euro),CDNUR,Nidi,MDO,Comunale a gestione diretta,2023,25011475,,,FILTER_ATS,Filter,,,,,,,,,,,,,,
A,Annuale,ITD5,Emilia-Romagna,EXPUSERS,Compartecipazione degli utenti alla spesa totale (euro),CDNUR,Nidi,MMETP,Comunale a gestione affidata a terzi,2023,19006175,,,FILTER_ATS,Filter,,,,,,,,,,,,,,
A,Annuale,ITD5,Emilia-Romagna,EXPUSERS,Compartecipazione degli utenti alla spesa totale (euro),CDNUR,Nidi,PRPM,Privata con riserva di posti da parte del comune,2023,2193578,,,FILTER_ATS,Filter,,,,,,,,,,,,,,
A,Annuale,ITD5,Emilia-Romagna,EXPUSERS,Compartecipazione degli utenti alla spesa totale (euro),CDNUR,Nidi,ALL,Tutte le voci,2023,46211228,,,FILTER_ATS,Filter,,,,,,,,,,,,,,
A,Annuale,ITD5,Emilia-Romagna,EXPUSERS,Compartecipazione degli utenti alla spesa totale (euro),DNISC,Sezioni primavera,MDO,Comunale a gestione diretta,2023,140261,,,FILTER_ATS,Filter,,,,,,,,,,,,,,
A,Annuale,ITD5,Emilia-Romagna,EXPUSERS,Compartecipazione degli utenti alla spesa totale (euro),DNISC,Sezioni primavera,MMETP,Comunale a gestione affidata a terzi,2023,299161,,,FILTER_ATS,Filter,,,,,,,,,,,,,,
A,Annuale,ITD5,Emilia-Romagna,EXPUSERS,Compartecipazione degli utenti alla spesa totale (euro),DNISC,Sezioni primavera,PRPM,Privata con riserva di posti da parte del comune,2023,81120,,,FILTER_ATS,Filter,,,,,,,,,,,,,,
A,Annuale,ITD5,Emilia-Romagna,EXPUSERS,Compartecipazione degli utenti alla spesa totale (euro),DNISC,Sezioni primavera,ALL,Tutte le voci,2023,520542,,,FILTER_ATS,Filter,,,,,,,,,,,,,,
A,Annuale,ITD5,Emilia-Romagna,EXPUSERS,Compartecipazione degli utenti alla spesa totale (euro),ISERIDC,Servizi integrativi per la prima infanzia,MDO,Comunale a gestione diretta,2023,112472,,,FILTER_ATS,Filter,,,,,,,,,,,,,,
A,Annuale,ITD5,Emilia-Romagna,EXPUSERS,Compartecipazione degli utenti alla spesa totale (euro),ISERIDC,Servizi integrativi per la prima infanzia,MMETP,Comunale a gestione affidata a terzi,2023,341356,,,FILTER_ATS,Filter,,,,,,,,,,,,,,
A,Annuale,ITD5,Emilia-Romagna,EXPUSERS,Compartecipazione degli utenti alla spesa totale (euro),ISERIDC,Servizi integrativi per la prima infanzia,PRPM,Privata con riserva di posti da parte del comune,2023,104789,,,FILTER_ATS,Filter,,,,,,,,,,,,,,
A,Annuale,ITD5,Emilia-Romagna,EXPUSERS,Compartecipazione degli utenti alla spesa totale (euro),ISERIDC,Servizi integrativi per la prima infanzia,ALL,Tutte le voci,2023,558617,,,FILTER_ATS,Filter,,,,,,,,,,,,,,
A,Annuale,ITD5,Emilia-Romagna,EXPUSERS,Compartecipazione degli utenti alla spesa totale (euro),ALL,Tutte le voci,MDO,Comunale a gestione diretta,2023,25264208,,,FILTER_ATS,Filter,,,,,,,,,,,,,,
A,Annuale,ITD5,Emilia-Romagna,EXPUSERS,Compartecipazione degli utenti alla spesa totale (euro),ALL,Tutte le voci,MMETP,Comunale a gestione affidata a terzi,2023,19646692,,,FILTER_ATS,Filter,,,,,,,,,,,,,,
A,Annuale,ITD5,Emilia-Romagna,EXPUSERS,Compartecipazione degli utenti alla spesa totale (euro),ALL,Tutte le voci,PRPM,Privata con riserva di posti da parte del comune,2023,2379487,,,FILTER_ATS,Filter,,,,,,,,,,,,,,
A,Annuale,ITD5,Emilia-Romagna,EXPUSERS,Compartecipazione degli utenti alla spesa totale (euro),ALL,Tutte le voci,ALL,Tutte le voci,2023,47290387,,,FILTER_ATS,Filter,,,,,,,,,,,,,,
A,Annuale,ITD5,Emilia-Romagna,PEREXPPU,Spesa sostenuta dagli utenti sulla spesa totale (percentuale),DNUR,Nidi e sezioni primavera,MDO,Comunale a gestione diretta,2023,17.9,,,FILTER_ATS,Filter,,,,,,,,,,,,,,
A,Annuale,ITD5,Emilia-Romagna,PEREXPPU,Spesa sostenuta dagli utenti sulla spesa totale (percentuale),DNUR,Nidi e sezioni primavera,MMETP,Comunale a gestione affidata a terzi,2023,19,,,FILTER_ATS,Filter,,,,,,,,,,,,,,
A,Annuale,ITD5,Emilia-Romagna,PEREXPPU,Spesa sostenuta dagli utenti sulla spesa totale (percentuale),DNUR,Nidi e sezioni primavera,PRPM,Privata con riserva di posti da parte del comune,2023,10.2,,,FILTER_ATS,Filter,,,,,,,,,,,,,,
A,Annuale,ITD5,Emilia-Romagna,PEREXPPU,Spesa sostenuta dagli utenti sulla spesa totale (percentuale),DNUR,Nidi e sezioni primavera,ALL,Tutte le voci,2023,16.9,,,FILTER_ATS,Filter,,,,,,,,,,,,,,
A,Annuale,ITD5,Emilia-Romagna,PEREXPPU,Spesa sostenuta dagli utenti sulla spesa totale (percentuale),CDNUR,Nidi,MDO,Comunale a gestione diretta,2023,17.8,,,FILTER_ATS,Filter,,,,,,,,,,,,,,
A,Annuale,ITD5,Emilia-Romagna,PEREXPPU,Spesa sostenuta dagli utenti sulla spesa totale (percentuale),CDNUR,Nidi,MMETP,Comunale a gestione affidata a terzi,2023,19,,,FILTER_ATS,Filter,,,,,,,,,,,,,,
A,Annuale,ITD5,Emilia-Romagna,PEREXPPU,Spesa sostenuta dagli utenti sulla spesa totale (percentuale),CDNUR,Nidi,PRPM,Privata con riserva di posti da parte del comune,2023,10.2,,,FILTER_ATS,Filter,,,,,,,,,,,,,,
A,Annuale,ITD5,Emilia-Romagna,PEREXPPU,Spesa sostenuta dagli utenti sulla spesa totale (percentuale),CDNUR,Nidi,ALL,Tutte le voci,2023,17,,,FILTER_ATS,Filter,,,,,,,,,,,,,,
A,Annuale,ITD5,Emilia-Romagna,PEREXPPU,Spesa sostenuta dagli utenti sulla spesa totale (percentuale),DNISC,Sezioni primavera,MDO,Comunale a gestione diretta,2023,22.3,,,FILTER_ATS,Filter,,,,,,,,,,,,,,
A,Annuale,ITD5,Emilia-Romagna,PEREXPPU,Spesa sostenuta dagli utenti sulla spesa totale (percentuale),DNISC,Sezioni primavera,MMETP,Comunale a gestione affidata a terzi,2023,15.7,,,FILTER_ATS,Filter,,,,,,,,,,,,,,
A,Annuale,ITD5,Emilia-Romagna,PEREXPPU,Spesa sostenuta dagli utenti sulla spesa totale (percentuale),DNISC,Sezioni primavera,PRPM,Privata con riserva di posti da parte del comune,2023,10.3,,,FILTER_ATS,Filter,,,,,,,,,,,,,,
A,Annuale,ITD5,Emilia-Romagna,PEREXPPU,Spesa sostenuta dagli utenti sulla spesa totale (percentuale),DNISC,Sezioni primavera,ALL,Tutte le voci,2023,10.1,,,FILTER_ATS,Filter,,,,,,,,,,,,,,
A,Annuale,ITD5,Emilia-Romagna,PEREXPPU,Spesa sostenuta dagli utenti sulla spesa totale (percentuale),ISERIDC,Servizi integrativi per la prima infanzia,MDO,Comunale a gestione diretta,2023,3.2,,,FILTER_ATS,Filter,,,,,,,,,,,,,,
A,Annuale,ITD5,Emilia-Romagna,PEREXPPU,Spesa sostenuta dagli utenti sulla spesa totale (percentuale),ISERIDC,Servizi integrativi per la prima infanzia,MMETP,Comunale a gestione affidata a terzi,2023,19.1,,,FILTER_ATS,Filter,,,,,,,,,,,,,,
A,Annuale,ITD5,Emilia-Romagna,PEREXPPU,Spesa sostenuta dagli utenti sulla spesa totale (percentuale),ISERIDC,Servizi integrativi per la prima infanzia,PRPM,Privata con riserva di posti da parte del comune,2023,29.9,,,FILTER_ATS,Filter,,,,,,,,,,,,,,
A,Annuale,ITD5,Emilia-Romagna,PEREXPPU,Spesa sostenuta dagli utenti sulla spesa totale (percentuale),ISERIDC,Servizi integrativi per la prima infanzia,ALL,Tutte le voci,2023,9.4,,,FILTER_ATS,Filter,,,,,,,,,,,,,,
A,Annuale,ITD5,Emilia-Romagna,PEREXPPU,Spesa sostenuta dagli utenti sulla spesa totale (percentuale),ALL,Tutte le voci,MDO,Comunale a gestione diretta,2023,17.5,,,FILTER_ATS,Filter,,,,,,,,,,,,,,
A,Annuale,ITD5,Emilia-Romagna,PEREXPPU,Spesa sostenuta dagli utenti sulla spesa totale (percentuale),ALL,Tutte le voci,MMETP,Comunale a gestione affidata a terzi,2023,19,,,FILTER_ATS,Filter,,,,,,,,,,,,,,
A,Annuale,ITD5,Emilia-Romagna,PEREXPPU,Spesa sostenuta dagli utenti sulla spesa totale (percentuale),ALL,Tutte le voci,PRPM,Privata con riserva di posti da parte del comune,2023,10.6,,,FILTER_ATS,Filter,,,,,,,,,,,,,,
A,Annuale,ITD5,Emilia-Romagna,PEREXPPU,Spesa sostenuta dagli utenti sulla spesa totale (percentuale),ALL,Tutte le voci,ALL,Tutte le voci,2023,16.8,,,FILTER_ATS,Filter,,,,,,,,,,,,,,
A,Annuale,ITE,Centro,USSSPM,Utenti,DNUR,Nidi e sezioni primavera,MDO,Comunale a gestione diretta,2023,25636,,,FILTER_ATS,Filter,,,,,,,,,,,,,,
A,Annuale,ITE,Centro,USSSPM,Utenti,DNUR,Nidi e sezioni primavera,MMETP,Comunale a gestione affidata a terzi,2023,15149,,,FILTER_ATS,Filter,,,,,,,,,,,,,,
A,Annuale,ITE,Centro,USSSPM,Utenti,DNUR,Nidi e sezioni primavera,PRPM,Privata con riserva di posti da parte del comune,2023,8589,,,FILTER_ATS,Filter,,,,,,,,,,,,,,
A,Annuale,ITE,Centro,USSSPM,Utenti,DNUR,Nidi e sezioni primavera,CFPPS,Contributi alle famiglie per servizi privati o pubblici,2023,4638,,,FILTER_ATS,Filter,,,,,,,,,,,,,,
A,Annuale,ITE,Centro,USSSPM,Utenti,DNUR,Nidi e sezioni primavera,ALL,Tutte le voci,2023,54012,,,FILTER_ATS,Filter,,,,,,,,,,,,,,
A,Annuale,ITE,Centro,USSSPM,Utenti,CDNUR,Nidi,MDO,Comunale a gestione diretta,2023,24990,,,FILTER_ATS,Filter,,,,,,,,,,,,,,
A,Annuale,ITE,Centro,USSSPM,Utenti,CDNUR,Nidi,MMETP,Comunale a gestione affidata a terzi,2023,14811,,,FILTER_ATS,Filter,,,,,,,,,,,,,,
A,Annuale,ITE,Centro,USSSPM,Utenti,CDNUR,Nidi,PRPM,Privata con riserva di posti da parte del comune,2023,8569,,,FILTER_ATS,Filter,,,,,,,,,,,,,,
A,Annuale,ITE,Centro,USSSPM,Utenti,CDNUR,Nidi,CFPPS,Contributi alle famiglie per servizi privati o pubblici,2023,4625,,,FILTER_ATS,Filter,,,,,,,,,,,,,,
A,Annuale,ITE,Centro,USSSPM,Utenti,CDNUR,Nidi,ALL,Tutte le voci,2023,52995,,,FILTER_ATS,Filter,,,,,,,,,,,,,,
A,Annuale,ITE,Centro,USSSPM,Utenti,DNISC,Sezioni primavera,MDO,Comunale a gestione diretta,2023,646,,,FILTER_ATS,Filter,,,,,,,,,,,,,,
A,Annuale,ITE,Centro,USSSPM,Utenti,DNISC,Sezioni primavera,MMETP,Comunale a gestione affidata a terzi,2023,338,,,FILTER_ATS,Filter,,,,,,,,,,,,,,
A,Annuale,ITE,Centro,USSSPM,Utenti,DNISC,Sezioni primavera,PRPM,Privata con riserva di posti da parte del comune,2023,20,,,FILTER_ATS,Filter,,,,,,,,,,,,,,
A,Annuale,ITE,Centro,USSSPM,Utenti,DNISC,Sezioni primavera,CFPPS,Contributi alle famiglie per servizi privati o pubblici,2023,13,,,FILTER_ATS,Filter,,,,,,,,,,,,,,
A,Annuale,ITE,Centro,USSSPM,Utenti,DNISC,Sezioni primavera,ALL,Tutte le voci,2023,1017,,,FILTER_ATS,Filter,,,,,,,,,,,,,,
A,Annuale,ITE,Centro,USSSPM,Utenti,ISERIDC,Servizi integrativi per la prima infanzia,MDO,Comunale a gestione diretta,2023,435,,,FILTER_ATS,Filter,,,,,,,,,,,,,,
A,Annuale,ITE,Centro,USSSPM,Utenti,ISERIDC,Servizi integrativi per la prima infanzia,MMETP,Comunale a gestione affidata a terzi,2023,532,,,FILTER_ATS,Filter,,,,,,,,,,,,,,
A,Annuale,ITE,Centro,USSSPM,Utenti,ISERIDC,Servizi integrativi per la prima infanzia,PRPM,Privata con riserva di posti da parte del comune,2023,35,,,FILTER_ATS,Filter,,,,,,,,,,,,,,
A,Annuale,ITE,Centro,USSSPM,Utenti,ISERIDC,Servizi integrativi per la prima infanzia,CFPPS,Contributi alle famiglie per servizi privati o pubblici,2023,104,,,FILTER_ATS,Filter,,,,,,,,,,,,,,
A,Annuale,ITE,Centro,USSSPM,Utenti,ISERIDC,Servizi integrativi per la prima infanzia,ALL,Tutte le voci,2023,1106,,,FILTER_ATS,Filter,,,,,,,,,,,,,,
A,Annuale,ITE,Centro,USSSPM,Utenti,ALL,Tutte le voci,MDO,Comunale a gestione diretta,2023,26071,,,FILTER_ATS,Filter,,,,,,,,,,,,,,
A,Annuale,ITE,Centro,USSSPM,Utenti,ALL,Tutte le voci,MMETP,Comunale a gestione affidata a terzi,2023,15681,,,FILTER_ATS,Filter,,,,,,,,,,,,,,
A,Annuale,ITE,Centro,USSSPM,Utenti,ALL,Tutte le voci,PRPM,Privata con riserva di posti da parte del comune,2023,8624,,,FILTER_ATS,Filter,,,,,,,,,,,,,,
A,Annuale,ITE,Centro,USSSPM,Utenti,ALL,Tutte le voci,CFPPS,Contributi alle famiglie per servizi privati o pubblici,2023,4742,,,FILTER_ATS,Filter,,,,,,,,,,,,,,
A,Annuale,ITE,Centro,USSSPM,Utenti,ALL,Tutte le voci,ALL,Tutte le voci,2023,55118,,,FILTER_ATS,Filter,,,,,,,,,,,,,,
A,Annuale,ITE,Centro,TOTEXP,Totale spesa (euro),DNUR,Nidi e sezioni primavera,MDO,Comunale a gestione diretta,2023,307266611,,,FILTER_ATS,Filter,,,,,,,,,,,,,,
A,Annuale,ITE,Centro,TOTEXP,Totale spesa (euro),DNUR,Nidi e sezioni primavera,MMETP,Comunale a gestione affidata a terzi,2023,112190653,,,FILTER_ATS,Filter,,,,,,,,,,,,,,
A,Annuale,ITE,Centro,TOTEXP,Totale spesa (euro),DNUR,Nidi e sezioni primavera,PRPM,Privata con riserva di posti da parte del comune,2023,61895782,,,FILTER_ATS,Filter,,,,,,,,,,,,,,
A,Annuale,ITE,Centro,TOTEXP,Totale spesa (euro),DNUR,Nidi e sezioni primavera,PCM,Privata senza riserva di posti da parte del comune,2023,2576836,,,FILTER_ATS,Filter,,,,,,,,,,,,,,
A,Annuale,ITE,Centro,TOTEXP,Totale spesa (euro),DNUR,Nidi e sezioni primavera,CFPPS,Contributi alle famiglie per servizi privati o pubblici,2023,8784092,,,FILTER_ATS,Filter,,,,,,,,,,,,,,
A,Annuale,ITE,Centro,TOTEXP,Totale spesa (euro),DNUR,Nidi e sezioni primavera,ALL,Tutte le voci,2023,492713974,,,FILTER_ATS,Filter,,,,,,,,,,,,,,
A,Annuale,ITE,Centro,TOTEXP,Totale spesa (euro),CDNUR,Nidi,MDO,Comunale a gestione diretta,2023,300076020,,,FILTER_ATS,Filter,,,,,,,,,,,,,,
A,Annuale,ITE,Centro,TOTEXP,Totale spesa (euro),CDNUR,Nidi,MMETP,Comunale a gestione affidata a terzi,2023,110741974,,,FILTER_ATS,Filter,,,,,,,,,,,,,,
A,Annuale,ITE,Centro,TOTEXP,Totale spesa (euro),CDNUR,Nidi,PRPM,Privata con riserva di posti da parte del comune,2023,61890059,,,FILTER_ATS,Filter,,,,,,,,,,,,,,
A,Annuale,ITE,Centro,TOTEXP,Totale spesa (euro),CDNUR,Nidi,PCM,Privata senza riserva di posti da parte del comune,2023,2504071,,,FILTER_ATS,Filter,,,,,,,,,,,,,,
A,Annuale,ITE,Centro,TOTEXP,Totale spesa (euro),CDNUR,Nidi,CFPPS,Contributi alle famiglie per servizi privati o pubblici,2023,8761311,,,FILTER_ATS,Filter,,,,,,,,,,,,,,
A,Annuale,ITE,Centro,TOTEXP,Totale spesa (euro),CDNUR,Nidi,ALL,Tutte le voci,2023,483973435,,,FILTER_ATS,Filter,,,,,,,,,,,,,,
A,Annuale,ITE,Centro,TOTEXP,Totale spesa (euro),DNISC,Sezioni primavera,MDO,Comunale a gestione diretta,2023,7190591,,,FILTER_ATS,Filter,,,,,,,,,,,,,,
A,Annuale,ITE,Centro,TOTEXP,Totale spesa (euro),DNISC,Sezioni primavera,MMETP,Comunale a gestione affidata a terzi,2023,1448679,,,FILTER_ATS,Filter,,,,,,,,,,,,,,
A,Annuale,ITE,Centro,TOTEXP,Totale spesa (euro),DNISC,Sezioni primavera,PRPM,Privata con riserva di posti da parte del comune,2023,5723,,,FILTER_ATS,Filter,,,,,,,,,,,,,,
A,Annuale,ITE,Centro,TOTEXP,Totale spesa (euro),DNISC,Sezioni primavera,PCM,Privata senza riserva di posti da parte del comune,2023,72765,,,FILTER_ATS,Filter,,,,,,,,,,,,,,
A,Annuale,ITE,Centro,TOTEXP,Totale spesa (euro),DNISC,Sezioni primavera,CFPPS,Contributi alle famiglie per servizi privati o pubblici,2023,22781,,,FILTER_ATS,Filter,,,,,,,,,,,,,,
A,Annuale,ITE,Centro,TOTEXP,Totale spesa (euro),DNISC,Sezioni primavera,ALL,Tutte le voci,2023,8740539,,,FILTER_ATS,Filter,,,,,,,,,,,,,,
A,Annuale,ITE,Centro,TOTEXP,Totale spesa (euro),ISERIDC,Servizi integrativi per la prima infanzia,MDO,Comunale a gestione diretta,2023,2474623,,,FILTER_ATS,Filter,,,,,,,,,,,,,,
A,Annuale,ITE,Centro,TOTEXP,Totale spesa (euro),ISERIDC,Servizi integrativi per la prima infanzia,MMETP,Comunale a gestione affidata a terzi,2023,1887746,,,FILTER_ATS,Filter,,,,,,,,,,,,,,
A,Annuale,ITE,Centro,TOTEXP,Totale spesa (euro),ISERIDC,Servizi integrativi per la prima infanzia,PRPM,Privata con riserva di posti da parte del comune,2023,58666,,,FILTER_ATS,Filter,,,,,,,,,,,,,,
A,Annuale,ITE,Centro,TOTEXP,Totale spesa (euro),ISERIDC,Servizi integrativi per la prima infanzia,PCM,Privata senza riserva di posti da parte del comune,2023,56475,,,FILTER_ATS,Filter,,,,,,,,,,,,,,
A,Annuale,ITE,Centro,TOTEXP,Totale spesa (euro),ISERIDC,Servizi integrativi per la prima infanzia,CFPPS,Contributi alle famiglie per servizi privati o pubblici,2023,170939,,,FILTER_ATS,Filter,,,,,,,,,,,,,,
A,Annuale,ITE,Centro,TOTEXP,Totale spesa (euro),ISERIDC,Servizi integrativi per la prima infanzia,ALL,Tutte le voci,2023,4648449,,,FILTER_ATS,Filter,,,,,,,,,,,,,,
A,Annuale,ITE,Centro,TOTEXP,Totale spesa (euro),ALL,Tutte le voci,MDO,Comunale a gestione diretta,2023,309741234,,,FILTER_ATS,Filter,,,,,,,,,,,,,,
A,Annuale,ITE,Centro,TOTEXP,Totale spesa (euro),ALL,Tutte le voci,MMETP,Comunale a gestione affidata a terzi,2023,114078399,,,FILTER_ATS,Filter,,,,,,,,,,,,,,
A,Annuale,ITE,Centro,TOTEXP,Totale spesa (euro),ALL,Tutte le voci,PRPM,Privata con riserva di posti da parte del comune,2023,61954448,,,FILTER_ATS,Filter,,,,,,,,,,,,,,
A,Annuale,ITE,Centro,TOTEXP,Totale spesa (euro),ALL,Tutte le voci,PCM,Privata senza riserva di posti da parte del comune,2023,2633311,,,FILTER_ATS,Filter,,,,,,,,,,,,,,
A,Annuale,ITE,Centro,TOTEXP,Totale spesa (euro),ALL,Tutte le voci,CFPPS,Contributi alle famiglie per servizi privati o pubblici,2023,8955031,,,FILTER_ATS,Filter,,,,,,,,,,,,,,
A,Annuale,ITE,Centro,TOTEXP,Totale spesa (euro),ALL,Tutte le voci,ALL,Tutte le voci,2023,497362423,,,FILTER_ATS,Filter,,,,,,,,,,,,,,
A,Annuale,ITE,Centro,EXPMUN,Spesa dei comuni (euro),DNUR,Nidi e sezioni primavera,MDO,Comunale a gestione diretta,2023,255779004,,,FILTER_ATS,Filter,,,,,,,,,,,,,,
A,Annuale,ITE,Centro,EXPMUN,Spesa dei comuni (euro),DNUR,Nidi e sezioni primavera,MMETP,Comunale a gestione affidata a terzi,2023,83602312,,,FILTER_ATS,Filter,,,,,,,,,,,,,,
A,Annuale,ITE,Centro,EXPMUN,Spesa dei comuni (euro),DNUR,Nidi e sezioni primavera,PRPM,Privata con riserva di posti da parte del comune,2023,50540386,,,FILTER_ATS,Filter,,,,,,,,,,,,,,
A,Annuale,ITE,Centro,EXPMUN,Spesa dei comuni (euro),DNUR,Nidi e sezioni primavera,PCM,Privata senza riserva di posti da parte del comune,2023,2576836,,,FILTER_ATS,Filter,,,,,,,,,,,,,,
A,Annuale,ITE,Centro,EXPMUN,Spesa dei comuni (euro),DNUR,Nidi e sezioni primavera,CFPPS,Contributi alle famiglie per servizi privati o pubblici,2023,8784092,,,FILTER_ATS,Filter,,,,,,,,,,,,,,
A,Annuale,ITE,Centro,EXPMUN,Spesa dei comuni (euro),DNUR,Nidi e sezioni primavera,ALL,Tutte le voci,2023,401282630,,,FILTER_ATS,Filter,,,,,,,,,,,,,,
A,Annuale,ITE,Centro,EXPMUN,Spesa dei comuni (euro),CDNUR,Nidi,MDO,Comunale a gestione diretta,2023,249513461,,,FILTER_ATS,Filter,,,,,,,,,,,,,,
A,Annuale,ITE,Centro,EXPMUN,Spesa dei comuni (euro),CDNUR,Nidi,MMETP,Comunale a gestione affidata a terzi,2023,82524234,,,FILTER_ATS,Filter,,,,,,,,,,,,,,
A,Annuale,ITE,Centro,EXPMUN,Spesa dei comuni (euro),CDNUR,Nidi,PRPM,Privata con riserva di posti da parte del comune,2023,50534663,,,FILTER_ATS,Filter,,,,,,,,,,,,,,
A,Annuale,ITE,Centro,EXPMUN,Spesa dei comuni (euro),CDNUR,Nidi,PCM,Privata senza riserva di posti da parte del comune,2023,2504071,,,FILTER_ATS,Filter,,,,,,,,,,,,,,
A,Annuale,ITE,Centro,EXPMUN,Spesa dei comuni (euro),CDNUR,Nidi,CFPPS,Contributi alle famiglie per servizi privati o pubblici,2023,8761311,,,FILTER_ATS,Filter,,,,,,,,,,,,,,
A,Annuale,ITE,Centro,EXPMUN,Spesa dei comuni (euro),CDNUR,Nidi,ALL,Tutte le voci,2023,393837740,,,FILTER_ATS,Filter,,,,,,,,,,,,,,
A,Annuale,ITE,Centro,EXPMUN,Spesa dei comuni (euro),DNISC,Sezioni primavera,MDO,Comunale a gestione diretta,2023,6265543,,,FILTER_ATS,Filter,,,,,,,,,,,,,,
A,Annuale,ITE,Centro,EXPMUN,Spesa dei comuni (euro),DNISC,Sezioni primavera,MMETP,Comunale a gestione affidata a terzi,2023,1078078,,,FILTER_ATS,Filter,,,,,,,,,,,,,,
A,Annuale,ITE,Centro,EXPMUN,Spesa dei comuni (euro),DNISC,Sezioni primavera,PRPM,Privata con riserva di posti da parte del comune,2023,5723,,,FILTER_ATS,Filter,,,,,,,,,,,,,,
A,Annuale,ITE,Centro,EXPMUN,Spesa dei comuni (euro),DNISC,Sezioni primavera,PCM,Privata senza riserva di posti da parte del comune,2023,72765,,,FILTER_ATS,Filter,,,,,,,,,,,,,,
A,Annuale,ITE,Centro,EXPMUN,Spesa dei comuni (euro),DNISC,Sezioni primavera,CFPPS,Contributi alle famiglie per servizi privati o pubblici,2023,22781,,,FILTER_ATS,Filter,,,,,,,,,,,,,,
A,Annuale,ITE,Centro,EXPMUN,Spesa dei comuni (euro),DNISC,Sezioni primavera,ALL,Tutte le voci,2023,7444890,,,FILTER_ATS,Filter,,,,,,,,,,,,,,
A,Annuale,ITE,Centro,EXPMUN,Spesa dei comuni (euro),ISERIDC,Servizi integrativi per la prima infanzia,MDO,Comunale a gestione diretta,2023,2123878,,,FILTER_ATS,Filter,,,,,,,,,,,,,,
A,Annuale,ITE,Centro,EXPMUN,Spesa dei comuni (euro),ISERIDC,Servizi integrativi per la prima infanzia,MMETP,Comunale a gestione affidata a terzi,2023,1493475,,,FILTER_ATS,Filter,,,,,,,,,,,,,,
A,Annuale,ITE,Centro,EXPMUN,Spesa dei comuni (euro),ISERIDC,Servizi integrativi per la prima infanzia,PRPM,Privata con riserva di posti da parte del comune,2023,58666,,,FILTER_ATS,Filter,,,,,,,,,,,,,,
A,Annuale,ITE,Centro,EXPMUN,Spesa dei comuni (euro),ISERIDC,Servizi integrativi per la prima infanzia,PCM,Privata senza riserva di posti da parte del comune,2023,56475,,,FILTER_ATS,Filter,,,,,,,,,,,,,,
A,Annuale,ITE,Centro,EXPMUN,Spesa dei comuni (euro),ISERIDC,Servizi integrativi per la prima infanzia,CFPPS,Contributi alle famiglie per servizi privati o pubblici,2023,170939,,,FILTER_ATS,Filter,,,,,,,,,,,,,,
A,Annuale,ITE,Centro,EXPMUN,Spesa dei comuni (euro),ISERIDC,Servizi integrativi per la prima infanzia,ALL,Tutte le voci,2023,3903433,,,FILTER_ATS,Filter,,,,,,,,,,,,,,
A,Annuale,ITE,Centro,EXPMUN,Spesa dei comuni (euro),ALL,Tutte le voci,MDO,Comunale a gestione diretta,2023,257902882,,,FILTER_ATS,Filter,,,,,,,,,,,,,,
A,Annuale,ITE,Centro,EXPMUN,Spesa dei comuni (euro),ALL,Tutte le voci,MMETP,Comunale a gestione affidata a terzi,2023,85095787,,,FILTER_ATS,Filter,,,,,,,,,,,,,,
A,Annuale,ITE,Centro,EXPMUN,Spesa dei comuni (euro),ALL,Tutte le voci,PRPM,Privata con riserva di posti da parte del comune,2023,50599052,,,FILTER_ATS,Filter,,,,,,,,,,,,,,
A,Annuale,ITE,Centro,EXPMUN,Spesa dei comuni (euro),ALL,Tutte le voci,PCM,Privata senza riserva di posti da parte del comune,2023,2633311,,,FILTER_ATS,Filter,,,,,,,,,,,,,,
A,Annuale,ITE,Centro,EXPMUN,Spesa dei comuni (euro),ALL,Tutte le voci,CFPPS,Contributi alle famiglie per servizi privati o pubblici,2023,8955031,,,FILTER_ATS,Filter,,,,,,,,,,,,,,
A,Annuale,ITE,Centro,EXPMUN,Spesa dei comuni (euro),ALL,Tutte le voci,ALL,Tutte le voci,2023,405186063,,,FILTER_ATS,Filter,,,,,,,,,,,,,,
A,Annuale,ITE,Centro,EXPUSERS,Compartecipazione degli utenti alla spesa totale (euro),DNUR,Nidi e sezioni primavera,MDO,Comunale a gestione diretta,2023,51487607,,,FILTER_ATS,Filter,,,,,,,,,,,,,,
A,Annuale,ITE,Centro,EXPUSERS,Compartecipazione degli utenti alla spesa totale (euro),DNUR,Nidi e sezioni primavera,MMETP,Comunale a gestione affidata a terzi,2023,28588341,,,FILTER_ATS,Filter,,,,,,,,,,,,,,
A,Annuale,ITE,Centro,EXPUSERS,Compartecipazione degli utenti alla spesa totale (euro),DNUR,Nidi e sezioni primavera,PRPM,Privata con riserva di posti da parte del comune,2023,11355396,,,FILTER_ATS,Filter,,,,,,,,,,,,,,
A,Annuale,ITE,Centro,EXPUSERS,Compartecipazione degli utenti alla spesa totale (euro),DNUR,Nidi e sezioni primavera,ALL,Tutte le voci,2023,91431344,,,FILTER_ATS,Filter,,,,,,,,,,,,,,
A,Annuale,ITE,Centro,EXPUSERS,Compartecipazione degli utenti alla spesa totale (euro),CDNUR,Nidi,MDO,Comunale a gestione diretta,2023,50562559,,,FILTER_ATS,Filter,,,,,,,,,,,,,,
A,Annuale,ITE,Centro,EXPUSERS,Compartecipazione degli utenti alla spesa totale (euro),CDNUR,Nidi,MMETP,Comunale a gestione affidata a terzi,2023,28217740,,,FILTER_ATS,Filter,,,,,,,,,,,,,,
A,Annuale,ITE,Centro,EXPUSERS,Compartecipazione degli utenti alla spesa totale (euro),CDNUR,Nidi,PRPM,Privata con riserva di posti da parte del comune,2023,11355396,,,FILTER_ATS,Filter,,,,,,,,,,,,,,
A,Annuale,ITE,Centro,EXPUSERS,Compartecipazione degli utenti alla spesa totale (euro),CDNUR,Nidi,ALL,Tutte le voci,2023,90135695,,,FILTER_ATS,Filter,,,,,,,,,,,,,,
A,Annuale,ITE,Centro,EXPUSERS,Compartecipazione degli utenti alla spesa totale (euro),DNISC,Sezioni primavera,MDO,Comunale a gestione diretta,2023,925048,,,FILTER_ATS,Filter,,,,,,,,,,,,,,
A,Annuale,ITE,Centro,EXPUSERS,Compartecipazione degli utenti alla spesa totale (euro),DNISC,Sezioni primavera,MMETP,Comunale a gestione affidata a terzi,2023,370601,,,FILTER_ATS,Filter,,,,,,,,,,,,,,
A,Annuale,ITE,Centro,EXPUSERS,Compartecipazione degli utenti alla spesa totale (euro),DNISC,Sezioni primavera,PRPM,Privata con riserva di posti da parte del comune,2023,0,,,FILTER_ATS,Filter,,,,,,,,,,,,,,
A,Annuale,ITE,Centro,EXPUSERS,Compartecipazione degli utenti alla spesa totale (euro),DNISC,Sezioni primavera,ALL,Tutte le voci,2023,1295649,,,FILTER_ATS,Filter,,,,,,,,,,,,,,
A,Annuale,ITE,Centro,EXPUSERS,Compartecipazione degli utenti alla spesa totale (euro),ISERIDC,Servizi integrativi per la prima infanzia,MDO,Comunale a gestione diretta,2023,350745,,,FILTER_ATS,Filter,,,,,,,,,,,,,,
A,Annuale,ITE,Centro,EXPUSERS,Compartecipazione degli utenti alla spesa totale (euro),ISERIDC,Servizi integrativi per la prima infanzia,MMETP,Comunale a gestione affidata a terzi,2023,394271,,,FILTER_ATS,Filter,,,,,,,,,,,,,,
A,Annuale,ITE,Centro,EXPUSERS,Compartecipazione degli utenti alla spesa totale (euro),ISERIDC,Servizi integrativi per la prima infanzia,PRPM,Privata con riserva di posti da parte del comune,2023,0,,,FILTER_ATS,Filter,,,,,,,,,,,,,,
A,Annuale,ITE,Centro,EXPUSERS,Compartecipazione degli utenti alla spesa totale (euro),ISERIDC,Servizi integrativi per la prima infanzia,ALL,Tutte le voci,2023,745016,,,FILTER_ATS,Filter,,,,,,,,,,,,,,
A,Annuale,ITE,Centro,EXPUSERS,Compartecipazione degli utenti alla spesa totale (euro),ALL,Tutte le voci,MDO,Comunale a gestione diretta,2023,51838352,,,FILTER_ATS,Filter,,,,,,,,,,,,,,
A,Annuale,ITE,Centro,EXPUSERS,Compartecipazione degli utenti alla spesa totale (euro),ALL,Tutte le voci,MMETP,Comunale a gestione affidata a terzi,2023,28982612,,,FILTER_ATS,Filter,,,,,,,,,,,,,,
A,Annuale,ITE,Centro,EXPUSERS,Compartecipazione degli utenti alla spesa totale (euro),ALL,Tutte le voci,PRPM,Privata con riserva di posti da parte del comune,2023,11355396,,,FILTER_ATS,Filter,,,,,,,,,,,,,,
A,Annuale,ITE,Centro,EXPUSERS,Compartecipazione degli utenti alla spesa totale (euro),ALL,Tutte le voci,ALL,Tutte le voci,2023,92176360,,,FILTER_ATS,Filter,,,,,,,,,,,,,,
A,Annuale,ITE,Centro,PEREXPPU,Spesa sostenuta dagli utenti sulla spesa totale (percentuale),DNUR,Nidi e sezioni primavera,MDO,Comunale a gestione diretta,2023,16.8,,,FILTER_ATS,Filter,,,,,,,,,,,,,,
A,Annuale,ITE,Centro,PEREXPPU,Spesa sostenuta dagli utenti sulla spesa totale (percentuale),DNUR,Nidi e sezioni primavera,MMETP,Comunale a gestione affidata a terzi,2023,25.5,,,FILTER_ATS,Filter,,,,,,,,,,,,,,
A,Annuale,ITE,Centro,PEREXPPU,Spesa sostenuta dagli utenti sulla spesa totale (percentuale),DNUR,Nidi e sezioni primavera,PRPM,Privata con riserva di posti da parte del comune,2023,18.3,,,FILTER_ATS,Filter,,,,,,,,,,,,,,
A,Annuale,ITE,Centro,PEREXPPU,Spesa sostenuta dagli utenti sulla spesa totale (percentuale),DNUR,Nidi e sezioni primavera,ALL,Tutte le voci,2023,18.6,,,FILTER_ATS,Filter,,,,,,,,,,,,,,
A,Annuale,ITE,Centro,PEREXPPU,Spesa sostenuta dagli utenti sulla spesa totale (percentuale),CDNUR,Nidi,MDO,Comunale a gestione diretta,2023,16.8,,,FILTER_ATS,Filter,,,,,,,,,,,,,,
A,Annuale,ITE,Centro,PEREXPPU,Spesa sostenuta dagli utenti sulla spesa totale (percentuale),CDNUR,Nidi,MMETP,Comunale a gestione affidata a terzi,2023,25.5,,,FILTER_ATS,Filter,,,,,,,,,,,,,,
A,Annuale,ITE,Centro,PEREXPPU,Spesa sostenuta dagli utenti sulla spesa totale (percentuale),CDNUR,Nidi,PRPM,Privata con riserva di posti da parte del comune,2023,18.3,,,FILTER_ATS,Filter,,,,,,,,,,,,,,
A,Annuale,ITE,Centro,PEREXPPU,Spesa sostenuta dagli utenti sulla spesa totale (percentuale),CDNUR,Nidi,ALL,Tutte le voci,2023,18.6,,,FILTER_ATS,Filter,,,,,,,,,,,,,,
A,Annuale,ITE,Centro,PEREXPPU,Spesa sostenuta dagli utenti sulla spesa totale (percentuale),DNISC,Sezioni primavera,MDO,Comunale a gestione diretta,2023,12.9,,,FILTER_ATS,Filter,,,,,,,,,,,,,,
A,Annuale,ITE,Centro,PEREXPPU,Spesa sostenuta dagli utenti sulla spesa totale (percentuale),DNISC,Sezioni primavera,MMETP,Comunale a gestione affidata a terzi,2023,25.6,,,FILTER_ATS,Filter,,,,,,,,,,,,,,
A,Annuale,ITE,Centro,PEREXPPU,Spesa sostenuta dagli utenti sulla spesa totale (percentuale),DNISC,Sezioni primavera,PRPM,Privata con riserva di posti da parte del comune,2023,0,,,FILTER_ATS,Filter,,,,,,,,,,,,,,
A,Annuale,ITE,Centro,PEREXPPU,Spesa sostenuta dagli utenti sulla spesa totale (percentuale),DNISC,Sezioni primavera,ALL,Tutte le voci,2023,14.8,,,FILTER_ATS,Filter,,,,,,,,,,,,,,
A,Annuale,ITE,Centro,PEREXPPU,Spesa sostenuta dagli utenti sulla spesa totale (percentuale),ISERIDC,Servizi integrativi per la prima infanzia,MDO,Comunale a gestione diretta,2023,14.2,,,FILTER_ATS,Filter,,,,,,,,,,,,,,
A,Annuale,ITE,Centro,PEREXPPU,Spesa sostenuta dagli utenti sulla spesa totale (percentuale),ISERIDC,Servizi integrativi per la prima infanzia,MMETP,Comunale a gestione affidata a terzi,2023,20.9,,,FILTER_ATS,Filter,,,,,,,,,,,,,,
A,Annuale,ITE,Centro,PEREXPPU,Spesa sostenuta dagli utenti sulla spesa totale (percentuale),ISERIDC,Servizi integrativi per la prima infanzia,PRPM,Privata con riserva di posti da parte del comune,2023,0,,,FILTER_ATS,Filter,,,,,,,,,,,,,,
A,Annuale,ITE,Centro,PEREXPPU,Spesa sostenuta dagli utenti sulla spesa totale (percentuale),ISERIDC,Servizi integrativi per la prima infanzia,ALL,Tutte le voci,2023,16,,,FILTER_ATS,Filter,,,,,,,,,,,,,,
A,Annuale,ITE,Centro,PEREXPPU,Spesa sostenuta dagli utenti sulla spesa totale (percentuale),ALL,Tutte le voci,MDO,Comunale a gestione diretta,2023,16.7,,,FILTER_ATS,Filter,,,,,,,,,,,,,,
A,Annuale,ITE,Centro,PEREXPPU,Spesa sostenuta dagli utenti sulla spesa totale (percentuale),ALL,Tutte le voci,MMETP,Comunale a gestione affidata a terzi,2023,25.4,,,FILTER_ATS,Filter,,,,,,,,,,,,,,
A,Annuale,ITE,Centro,PEREXPPU,Spesa sostenuta dagli utenti sulla spesa totale (percentuale),ALL,Tutte le voci,PRPM,Privata con riserva di posti da parte del comune,2023,18.3,,,FILTER_ATS,Filter,,,,,,,,,,,,,,
A,Annuale,ITE,Centro,PEREXPPU,Spesa sostenuta dagli utenti sulla spesa totale (percentuale),ALL,Tutte le voci,ALL,Tutte le voci,2023,18.5,,,FILTER_ATS,Filter,,,,,,,,,,,,,,
A,Annuale,ITE1,Toscana,USSSPM,Utenti,DNUR,Nidi e sezioni primavera,MDO,Comunale a gestione diretta,2023,6503,,,FILTER_ATS,Filter,,,,,,,,,,,,,,
A,Annuale,ITE1,Toscana,USSSPM,Utenti,DNUR,Nidi e sezioni primavera,MMETP,Comunale a gestione affidata a terzi,2023,7501,,,FILTER_ATS,Filter,,,,,,,,,,,,,,
A,Annuale,ITE1,Toscana,USSSPM,Utenti,DNUR,Nidi e sezioni primavera,PRPM,Privata con riserva di posti da parte del comune,2023,1747,,,FILTER_ATS,Filter,,,,,,,,,,,,,,
A,Annuale,ITE1,Toscana,USSSPM,Utenti,DNUR,Nidi e sezioni primavera,CFPPS,Contributi alle famiglie per servizi privati o pubblici,2023,3713,,,FILTER_ATS,Filter,,,,,,,,,,,,,,
A,Annuale,ITE1,Toscana,USSSPM,Utenti,DNUR,Nidi e sezioni primavera,ALL,Tutte le voci,2023,19464,,,FILTER_ATS,Filter,,,,,,,,,,,,,,
A,Annuale,ITE1,Toscana,USSSPM,Utenti,CDNUR,Nidi,MDO,Comunale a gestione diretta,2023,6404,,,FILTER_ATS,Filter,,,,,,,,,,,,,,
A,Annuale,ITE1,Toscana,USSSPM,Utenti,CDNUR,Nidi,MMETP,Comunale a gestione affidata a terzi,2023,7411,,,FILTER_ATS,Filter,,,,,,,,,,,,,,
A,Annuale,ITE1,Toscana,USSSPM,Utenti,CDNUR,Nidi,PRPM,Privata con riserva di posti da parte del comune,2023,1747,,,FILTER_ATS,Filter,,,,,,,,,,,,,,
A,Annuale,ITE1,Toscana,USSSPM,Utenti,CDNUR,Nidi,CFPPS,Contributi alle famiglie per servizi privati o pubblici,2023,3702,,,FILTER_ATS,Filter,,,,,,,,,,,,,,
A,Annuale,ITE1,Toscana,USSSPM,Utenti,CDNUR,Nidi,ALL,Tutte le voci,2023,19264,,,FILTER_ATS,Filter,,,,,,,,,,,,,,
A,Annuale,ITE1,Toscana,USSSPM,Utenti,DNISC,Sezioni primavera,MDO,Comunale a gestione diretta,2023,99,,,FILTER_ATS,Filter,,,,,,,,,,,,,,
A,Annuale,ITE1,Toscana,USSSPM,Utenti,DNISC,Sezioni primavera,MMETP,Comunale a gestione affidata a terzi,2023,90,,,FILTER_ATS,Filter,,,,,,,,,,,,,,
A,Annuale,ITE1,Toscana,USSSPM,Utenti,DNISC,Sezioni primavera,PRPM,Privata con riserva di posti da parte del comune,2023,0,,,FILTER_ATS,Filter,,,,,,,,,,,,,,
A,Annuale,ITE1,Toscana,USSSPM,Utenti,DNISC,Sezioni primavera,CFPPS,Contributi alle famiglie per servizi privati o pubblici,2023,11,,,FILTER_ATS,Filter,,,,,,,,,,,,,,
A,Annuale,ITE1,Toscana,USSSPM,Utenti,DNISC,Sezioni primavera,ALL,Tutte le voci,2023,200,,,FILTER_ATS,Filter,,,,,,,,,,,,,,
A,Annuale,ITE1,Toscana,USSSPM,Utenti,ISERIDC,Servizi integrativi per la prima infanzia,MDO,Comunale a gestione diretta,2023,246,,,FILTER_ATS,Filter,,,,,,,,,,,,,,
A,Annuale,ITE1,Toscana,USSSPM,Utenti,ISERIDC,Servizi integrativi per la prima infanzia,MMETP,Comunale a gestione affidata a terzi,2023,382,,,FILTER_ATS,Filter,,,,,,,,,,,,,,
A,Annuale,ITE1,Toscana,USSSPM,Utenti,ISERIDC,Servizi integrativi per la prima infanzia,PRPM,Privata con riserva di posti da parte del comune,2023,13,,,FILTER_ATS,Filter,,,,,,,,,,,,,,
A,Annuale,ITE1,Toscana,USSSPM,Utenti,ISERIDC,Servizi integrativi per la prima infanzia,CFPPS,Contributi alle famiglie per servizi privati o pubblici,2023,37,,,FILTER_ATS,Filter,,,,,,,,,,,,,,
A,Annuale,ITE1,Toscana,USSSPM,Utenti,ISERIDC,Servizi integrativi per la prima infanzia,ALL,Tutte le voci,2023,678,,,FILTER_ATS,Filter,,,,,,,,,,,,,,
A,Annuale,ITE1,Toscana,USSSPM,Utenti,ALL,Tutte le voci,MDO,Comunale a gestione diretta,2023,6749,,,FILTER_ATS,Filter,,,,,,,,,,,,,,
A,Annuale,ITE1,Toscana,USSSPM,Utenti,ALL,Tutte le voci,MMETP,Comunale a gestione affidata a terzi,2023,7883,,,FILTER_ATS,Filter,,,,,,,,,,,,,,
A,Annuale,ITE1,Toscana,USSSPM,Utenti,ALL,Tutte le voci,PRPM,Privata con riserva di posti da parte del comune,2023,1760,,,FILTER_ATS,Filter,,,,,,,,,,,,,,
A,Annuale,ITE1,Toscana,USSSPM,Utenti,ALL,Tutte le voci,CFPPS,Contributi alle famiglie per servizi privati o pubblici,2023,3750,,,FILTER_ATS,Filter,,,,,,,,,,,,,,
A,Annuale,ITE1,Toscana,USSSPM,Utenti,ALL,Tutte le voci,ALL,Tutte le voci,2023,20142,,,FILTER_ATS,Filter,,,,,,,,,,,,,,
A,Annuale,ITE1,Toscana,TOTEXP,Totale spesa (euro),DNUR,Nidi e sezioni primavera,MDO,Comunale a gestione diretta,2023,76558095,,,FILTER_ATS,Filter,,,,,,,,,,,,,,
A,Annuale,ITE1,Toscana,TOTEXP,Totale spesa (euro),DNUR,Nidi e sezioni primavera,MMETP,Comunale a gestione affidata a terzi,2023,60987652,,,FILTER_ATS,Filter,,,,,,,,,,,,,,
A,Annuale,ITE1,Toscana,TOTEXP,Totale spesa (euro),DNUR,Nidi e sezioni primavera,PRPM,Privata con riserva di posti da parte del comune,2023,7682109,,,FILTER_ATS,Filter,,,,,,,,,,,,,,
A,Annuale,ITE1,Toscana,TOTEXP,Totale spesa (euro),DNUR,Nidi e sezioni primavera,PCM,Privata senza riserva di posti da parte del comune,2023,1946056,,,FILTER_ATS,Filter,,,,,,,,,,,,,,
A,Annuale,ITE1,Toscana,TOTEXP,Totale spesa (euro),DNUR,Nidi e sezioni primavera,CFPPS,Contributi alle famiglie per servizi privati o pubblici,2023,7092412,,,FILTER_ATS,Filter,,,,,,,,,,,,,,
A,Annuale,ITE1,Toscana,TOTEXP,Totale spesa (euro),DNUR,Nidi e sezioni primavera,ALL,Tutte le voci,2023,154266324,,,FILTER_ATS,Filter,,,,,,,,,,,,,,
A,Annuale,ITE1,Toscana,TOTEXP,Totale spesa (euro),CDNUR,Nidi,MDO,Comunale a gestione diretta,2023,75266248,,,FILTER_ATS,Filter,,,,,,,,,,,,,,
A,Annuale,ITE1,Toscana,TOTEXP,Totale spesa (euro),CDNUR,Nidi,MMETP,Comunale a gestione affidata a terzi,2023,60445287,,,FILTER_ATS,Filter,,,,,,,,,,,,,,
A,Annuale,ITE1,Toscana,TOTEXP,Totale spesa (euro),CDNUR,Nidi,PRPM,Privata con riserva di posti da parte del comune,2023,7682109,,,FILTER_ATS,Filter,,,,,,,,,,,,,,
A,Annuale,ITE1,Toscana,TOTEXP,Totale spesa (euro),CDNUR,Nidi,PCM,Privata senza riserva di posti da parte del comune,2023,1918256,,,FILTER_ATS,Filter,,,,,,,,,,,,,,
A,Annuale,ITE1,Toscana,TOTEXP,Totale spesa (euro),CDNUR,Nidi,CFPPS,Contributi alle famiglie per servizi privati o pubblici,2023,7070414,,,FILTER_ATS,Filter,,,,,,,,,,,,,,
A,Annuale,ITE1,Toscana,TOTEXP,Totale spesa (euro),CDNUR,Nidi,ALL,Tutte le voci,2023,152382314,,,FILTER_ATS,Filter,,,,,,,,,,,,,,
A,Annuale,ITE1,Toscana,TOTEXP,Totale spesa (euro),DNISC,Sezioni primavera,MDO,Comunale a gestione diretta,2023,1291847,,,FILTER_ATS,Filter,,,,,,,,,,,,,,
A,Annuale,ITE1,Toscana,TOTEXP,Totale spesa (euro),DNISC,Sezioni primavera,MMETP,Comunale a gestione affidata a terzi,2023,542365,,,FILTER_ATS,Filter,,,,,,,,,,,,,,
A,Annuale,ITE1,Toscana,TOTEXP,Totale spesa (euro),DNISC,Sezioni primavera,PRPM,Privata con riserva di posti da parte del comune,2023,0,,,FILTER_ATS,Filter,,,,,,,,,,,,,,
A,Annuale,ITE1,Toscana,TOTEXP,Totale spesa (euro),DNISC,Sezioni primavera,PCM,Privata senza riserva di posti da parte del comune,2023,27800,,,FILTER_ATS,Filter,,,,,,,,,,,,,,
A,Annuale,ITE1,Toscana,TOTEXP,Totale spesa (euro),DNISC,Sezioni primavera,CFPPS,Contributi alle famiglie per servizi privati o pubblici,2023,21998,,,FILTER_ATS,Filter,,,,,,,,,,,,,,
A,Annuale,ITE1,Toscana,TOTEXP,Totale spesa (euro),DNISC,Sezioni primavera,ALL,Tutte le voci,2023,1884010,,,FILTER_ATS,Filter,,,,,,,,,,,,,,
A,Annuale,ITE1,Toscana,TOTEXP,Totale spesa (euro),ISERIDC,Servizi integrativi per la prima infanzia,MDO,Comunale a gestione diretta,2023,1260134,,,FILTER_ATS,Filter,,,,,,,,,,,,,,
A,Annuale,ITE1,Toscana,TOTEXP,Totale spesa (euro),ISERIDC,Servizi integrativi per la prima infanzia,MMETP,Comunale a gestione affidata a terzi,2023,1572512,,,FILTER_ATS,Filter,,,,,,,,,,,,,,
A,Annuale,ITE1,Toscana,TOTEXP,Totale spesa (euro),ISERIDC,Servizi integrativi per la prima infanzia,PRPM,Privata con riserva di posti da parte del comune,2023,45315,,,FILTER_ATS,Filter,,,,,,,,,,,,,,
A,Annuale,ITE1,Toscana,TOTEXP,Totale spesa (euro),ISERIDC,Servizi integrativi per la prima infanzia,PCM,Privata senza riserva di posti da parte del comune,2023,11080,,,FILTER_ATS,Filter,,,,,,,,,,,,,,
A,Annuale,ITE1,Toscana,TOTEXP,Totale spesa (euro),ISERIDC,Servizi integrativi per la prima infanzia,CFPPS,Contributi alle famiglie per servizi privati o pubblici,2023,46898,,,FILTER_ATS,Filter,,,,,,,,,,,,,,
A,Annuale,ITE1,Toscana,TOTEXP,Totale spesa (euro),ISERIDC,Servizi integrativi per la prima infanzia,ALL,Tutte le voci,2023,2935939,,,FILTER_ATS,Filter,,,,,,,,,,,,,,
A,Annuale,ITE1,Toscana,TOTEXP,Totale spesa (euro),ALL,Tutte le voci,MDO,Comunale a gestione diretta,2023,77818229,,,FILTER_ATS,Filter,,,,,,,,,,,,,,
A,Annuale,ITE1,Toscana,TOTEXP,Totale spesa (euro),ALL,Tutte le voci,MMETP,Comunale a gestione affidata a terzi,2023,62560164,,,FILTER_ATS,Filter,,,,,,,,,,,,,,
A,Annuale,ITE1,Toscana,TOTEXP,Totale spesa (euro),ALL,Tutte le voci,PRPM,Privata con riserva di posti da parte del comune,2023,7727424,,,FILTER_ATS,Filter,,,,,,,,,,,,,,
A,Annuale,ITE1,Toscana,TOTEXP,Totale spesa (euro),ALL,Tutte le voci,PCM,Privata senza riserva di posti da parte del comune,2023,1957136,,,FILTER_ATS,Filter,,,,,,,,,,,,,,
A,Annuale,ITE1,Toscana,TOTEXP,Totale spesa (euro),ALL,Tutte le voci,CFPPS,Contributi alle famiglie per servizi privati o pubblici,2023,7139310,,,FILTER_ATS,Filter,,,,,,,,,,,,,,
A,Annuale,ITE1,Toscana,TOTEXP,Totale spesa (euro),ALL,Tutte le voci,ALL,Tutte le voci,2023,157202263,,,FILTER_ATS,Filter,,,,,,,,,,,,,,
A,Annuale,ITE1,Toscana,EXPMUN,Spesa dei comuni (euro),DNUR,Nidi e sezioni primavera,MDO,Comunale a gestione diretta,2023,58579157,,,FILTER_ATS,Filter,,,,,,,,,,,,,,
A,Annuale,ITE1,Toscana,EXPMUN,Spesa dei comuni (euro),DNUR,Nidi e sezioni primavera,MMETP,Comunale a gestione affidata a terzi,2023,43952125,,,FILTER_ATS,Filter,,,,,,,,,,,,,,
A,Annuale,ITE1,Toscana,EXPMUN,Spesa dei comuni (euro),DNUR,Nidi e sezioni primavera,PRPM,Privata con riserva di posti da parte del comune,2023,5977749,,,FILTER_ATS,Filter,,,,,,,,,,,,,,
A,Annuale,ITE1,Toscana,EXPMUN,Spesa dei comuni (euro),DNUR,Nidi e sezioni primavera,PCM,Privata senza riserva di posti da parte del comune,2023,1946056,,,FILTER_ATS,Filter,,,,,,,,,,,,,,
A,Annuale,ITE1,Toscana,EXPMUN,Spesa dei comuni (euro),DNUR,Nidi e sezioni primavera,CFPPS,Contributi alle famiglie per servizi privati o pubblici,2023,7092412,,,FILTER_ATS,Filter,,,,,,,,,,,,,,
A,Annuale,ITE1,Toscana,EXPMUN,Spesa dei comuni (euro),DNUR,Nidi e sezioni primavera,ALL,Tutte le voci,2023,117547499,,,FILTER_ATS,Filter,,,,,,,,,,,,,,
A,Annuale,ITE1,Toscana,EXPMUN,Spesa dei comuni (euro),CDNUR,Nidi,MDO,Comunale a gestione diretta,2023,57545339,,,FILTER_ATS,Filter,,,,,,,,,,,,,,
A,Annuale,ITE1,Toscana,EXPMUN,Spesa dei comuni (euro),CDNUR,Nidi,MMETP,Comunale a gestione affidata a terzi,2023,43595007,,,FILTER_ATS,Filter,,,,,,,,,,,,,,
A,Annuale,ITE1,Toscana,EXPMUN,Spesa dei comuni (euro),CDNUR,Nidi,PRPM,Privata con riserva di posti da parte del comune,2023,5977749,,,FILTER_ATS,Filter,,,,,,,,,,,,,,
A,Annuale,ITE1,Toscana,EXPMUN,Spesa dei comuni (euro),CDNUR,Nidi,PCM,Privata senza riserva di posti da parte del comune,2023,1918256,,,FILTER_ATS,Filter,,,,,,,,,,,,,,
A,Annuale,ITE1,Toscana,EXPMUN,Spesa dei comuni (euro),CDNUR,Nidi,CFPPS,Contributi alle famiglie per servizi privati o pubblici,2023,7070414,,,FILTER_ATS,Filter,,,,,,,,,,,,,,
A,Annuale,ITE1,Toscana,EXPMUN,Spesa dei comuni (euro),CDNUR,Nidi,ALL,Tutte le voci,2023,116106765,,,FILTER_ATS,Filter,,,,,,,,,,,,,,
A,Annuale,ITE1,Toscana,EXPMUN,Spesa dei comuni (euro),DNISC,Sezioni primavera,MDO,Comunale a gestione diretta,2023,1033818,,,FILTER_ATS,Filter,,,,,,,,,,,,,,
A,Annuale,ITE1,Toscana,EXPMUN,Spesa dei comuni (euro),DNISC,Sezioni primavera,MMETP,Comunale a gestione affidata a terzi,2023,357118,,,FILTER_ATS,Filter,,,,,,,,,,,,,,
A,Annuale,ITE1,Toscana,EXPMUN,Spesa dei comuni (euro),DNISC,Sezioni primavera,PRPM,Privata con riserva di posti da parte del comune,2023,0,,,FILTER_ATS,Filter,,,,,,,,,,,,,,
A,Annuale,ITE1,Toscana,EXPMUN,Spesa dei comuni (euro),DNISC,Sezioni primavera,PCM,Privata senza riserva di posti da parte del comune,2023,27800,,,FILTER_ATS,Filter,,,,,,,,,,,,,,
A,Annuale,ITE1,Toscana,EXPMUN,Spesa dei comuni (euro),DNISC,Sezioni primavera,CFPPS,Contributi alle famiglie per servizi privati o pubblici,2023,21998,,,FILTER_ATS,Filter,,,,,,,,,,,,,,
A,Annuale,ITE1,Toscana,EXPMUN,Spesa dei comuni (euro),DNISC,Sezioni primavera,ALL,Tutte le voci,2023,1440734,,,FILTER_ATS,Filter,,,,,,,,,,,,,,
A,Annuale,ITE1,Toscana,EXPMUN,Spesa dei comuni (euro),ISERIDC,Servizi integrativi per la prima infanzia,MDO,Comunale a gestione diretta,2023,1027026,,,FILTER_ATS,Filter,,,,,,,,,,,,,,
A,Annuale,ITE1,Toscana,EXPMUN,Spesa dei comuni (euro),ISERIDC,Servizi integrativi per la prima infanzia,MMETP,Comunale a gestione affidata a terzi,2023,1290548,,,FILTER_ATS,Filter,,,,,,,,,,,,,,
A,Annuale,ITE1,Toscana,EXPMUN,Spesa dei comuni (euro),ISERIDC,Servizi integrativi per la prima infanzia,PRPM,Privata con riserva di posti da parte del comune,2023,45315,,,FILTER_ATS,Filter,,,,,,,,,,,,,,
A,Annuale,ITE1,Toscana,EXPMUN,Spesa dei comuni (euro),ISERIDC,Servizi integrativi per la prima infanzia,PCM,Privata senza riserva di posti da parte del comune,2023,11080,,,FILTER_ATS,Filter,,,,,,,,,,,,,,
A,Annuale,ITE1,Toscana,EXPMUN,Spesa dei comuni (euro),ISERIDC,Servizi integrativi per la prima infanzia,CFPPS,Contributi alle famiglie per servizi privati o pubblici,2023,46898,,,FILTER_ATS,Filter,,,,,,,,,,,,,,
A,Annuale,ITE1,Toscana,EXPMUN,Spesa dei comuni (euro),ISERIDC,Servizi integrativi per la prima infanzia,ALL,Tutte le voci,2023,2420867,,,FILTER_ATS,Filter,,,,,,,,,,,,,,
A,Annuale,ITE1,Toscana,EXPMUN,Spesa dei comuni (euro),ALL,Tutte le voci,MDO,Comunale a gestione diretta,2023,59606183,,,FILTER_ATS,Filter,,,,,,,,,,,,,,
A,Annuale,ITE1,Toscana,EXPMUN,Spesa dei comuni (euro),ALL,Tutte le voci,MMETP,Comunale a gestione affidata a terzi,2023,45242673,,,FILTER_ATS,Filter,,,,,,,,,,,,,,
A,Annuale,ITE1,Toscana,EXPMUN,Spesa dei comuni (euro),ALL,Tutte le voci,PRPM,Privata con riserva di posti da parte del comune,2023,6023064,,,FILTER_ATS,Filter,,,,,,,,,,,,,,
A,Annuale,ITE1,Toscana,EXPMUN,Spesa dei comuni (euro),ALL,Tutte le voci,PCM,Privata senza riserva di posti da parte del comune,2023,1957136,,,FILTER_ATS,Filter,,,,,,,,,,,,,,
A,Annuale,ITE1,Toscana,EXPMUN,Spesa dei comuni (euro),ALL,Tutte le voci,CFPPS,Contributi alle famiglie per servizi privati o pubblici,2023,7139310,,,FILTER_ATS,Filter,,,,,,,,,,,,,,
A,Annuale,ITE1,Toscana,EXPMUN,Spesa dei comuni (euro),ALL,Tutte le voci,ALL,Tutte le voci,2023,119968366,,,FILTER_ATS,Filter,,,,,,,,,,,,,,
A,Annuale,ITE1,Toscana,EXPUSERS,Compartecipazione degli utenti alla spesa totale (euro),DNUR,Nidi e sezioni primavera,MDO,Comunale a gestione diretta,2023,17978938,,,FILTER_ATS,Filter,,,,,,,,,,,,,,
A,Annuale,ITE1,Toscana,EXPUSERS,Compartecipazione degli utenti alla spesa totale (euro),DNUR,Nidi e sezioni primavera,MMETP,Comunale a gestione affidata a terzi,2023,17035527,,,FILTER_ATS,Filter,,,,,,,,,,,,,,
A,Annuale,ITE1,Toscana,EXPUSERS,Compartecipazione degli utenti alla spesa totale (euro),DNUR,Nidi e sezioni primavera,PRPM,Privata con riserva di posti da parte del comune,2023,1704360,,,FILTER_ATS,Filter,,,,,,,,,,,,,,
A,Annuale,ITE1,Toscana,EXPUSERS,Compartecipazione degli utenti alla spesa totale (euro),DNUR,Nidi e sezioni primavera,ALL,Tutte le voci,2023,36718825,,,FILTER_ATS,Filter,,,,,,,,,,,,,,
A,Annuale,ITE1,Toscana,EXPUSERS,Compartecipazione degli utenti alla spesa totale (euro),CDNUR,Nidi,MDO,Comunale a gestione diretta,2023,17720909,,,FILTER_ATS,Filter,,,,,,,,,,,,,,
A,Annuale,ITE1,Toscana,EXPUSERS,Compartecipazione degli utenti alla spesa totale (euro),CDNUR,Nidi,MMETP,Comunale a gestione affidata a terzi,2023,16850280,,,FILTER_ATS,Filter,,,,,,,,,,,,,,
A,Annuale,ITE1,Toscana,EXPUSERS,Compartecipazione degli utenti alla spesa totale (euro),CDNUR,Nidi,PRPM,Privata con riserva di posti da parte del comune,2023,1704360,,,FILTER_ATS,Filter,,,,,,,,,,,,,,
A,Annuale,ITE1,Toscana,EXPUSERS,Compartecipazione degli utenti alla spesa totale (euro),CDNUR,Nidi,ALL,Tutte le voci,2023,36275549,,,FILTER_ATS,Filter,,,,,,,,,,,,,,
A,Annuale,ITE1,Toscana,EXPUSERS,Compartecipazione degli utenti alla spesa totale (euro),DNISC,Sezioni primavera,MDO,Comunale a gestione diretta,2023,258029,,,FILTER_ATS,Filter,,,,,,,,,,,,,,
A,Annuale,ITE1,Toscana,EXPUSERS,Compartecipazione degli utenti alla spesa totale (euro),DNISC,Sezioni primavera,MMETP,Comunale a gestione affidata a terzi,2023,185247,,,FILTER_ATS,Filter,,,,,,,,,,,,,,
A,Annuale,ITE1,Toscana,EXPUSERS,Compartecipazione degli utenti alla spesa totale (euro),DNISC,Sezioni primavera,PRPM,Privata con riserva di posti da parte del comune,2023,0,,,FILTER_ATS,Filter,,,,,,,,,,,,,,
A,Annuale,ITE1,Toscana,EXPUSERS,Compartecipazione degli utenti alla spesa totale (euro),DNISC,Sezioni primavera,ALL,Tutte le voci,2023,443276,,,FILTER_ATS,Filter,,,,,,,,,,,,,,
A,Annuale,ITE1,Toscana,EXPUSERS,Compartecipazione degli utenti alla spesa totale (euro),ISERIDC,Servizi integrativi per la prima infanzia,MDO,Comunale a gestione diretta,2023,233108,,,FILTER_ATS,Filter,,,,,,,,,,,,,,
A,Annuale,ITE1,Toscana,EXPUSERS,Compartecipazione degli utenti alla spesa totale (euro),ISERIDC,Servizi integrativi per la prima infanzia,MMETP,Comunale a gestione affidata a terzi,2023,281964,,,FILTER_ATS,Filter,,,,,,,,,,,,,,
A,Annuale,ITE1,Toscana,EXPUSERS,Compartecipazione degli utenti alla spesa totale (euro),ISERIDC,Servizi integrativi per la prima infanzia,PRPM,Privata con riserva di posti da parte del comune,2023,0,,,FILTER_ATS,Filter,,,,,,,,,,,,,,
A,Annuale,ITE1,Toscana,EXPUSERS,Compartecipazione degli utenti alla spesa totale (euro),ISERIDC,Servizi integrativi per la prima infanzia,ALL,Tutte le voci,2023,515072,,,FILTER_ATS,Filter,,,,,,,,,,,,,,
A,Annuale,ITE1,Toscana,EXPUSERS,Compartecipazione degli utenti alla spesa totale (euro),ALL,Tutte le voci,MDO,Comunale a gestione diretta,2023,18212046,,,FILTER_ATS,Filter,,,,,,,,,,,,,,
A,Annuale,ITE1,Toscana,EXPUSERS,Compartecipazione degli utenti alla spesa totale (euro),ALL,Tutte le voci,MMETP,Comunale a gestione affidata a terzi,2023,17317491,,,FILTER_ATS,Filter,,,,,,,,,,,,,,
A,Annuale,ITE1,Toscana,EXPUSERS,Compartecipazione degli utenti alla spesa totale (euro),ALL,Tutte le voci,PRPM,Privata con riserva di posti da parte del comune,2023,1704360,,,FILTER_ATS,Filter,,,,,,,,,,,,,,
A,Annuale,ITE1,Toscana,EXPUSERS,Compartecipazione degli utenti alla spesa totale (euro),ALL,Tutte le voci,ALL,Tutte le voci,2023,37233897,,,FILTER_ATS,Filter,,,,,,,,,,,,,,
A,Annuale,ITE1,Toscana,PEREXPPU,Spesa sostenuta dagli utenti sulla spesa totale (percentuale),DNUR,Nidi e sezioni primavera,MDO,Comunale a gestione diretta,2023,23.5,,,FILTER_ATS,Filter,,,,,,,,,,,,,,
A,Annuale,ITE1,Toscana,PEREXPPU,Spesa sostenuta dagli utenti sulla spesa totale (percentuale),DNUR,Nidi e sezioni primavera,MMETP,Comunale a gestione affidata a terzi,2023,27.9,,,FILTER_ATS,Filter,,,,,,,,,,,,,,
A,Annuale,ITE1,Toscana,PEREXPPU,Spesa sostenuta dagli utenti sulla spesa totale (percentuale),DNUR,Nidi e sezioni primavera,PRPM,Privata con riserva di posti da parte del comune,2023,22.2,,,FILTER_ATS,Filter,,,,,,,,,,,,,,
A,Annuale,ITE1,Toscana,PEREXPPU,Spesa sostenuta dagli utenti sulla spesa totale (percentuale),DNUR,Nidi e sezioni primavera,ALL,Tutte le voci,2023,23.8,,,FILTER_ATS,Filter,,,,,,,,,,,,,,
A,Annuale,ITE1,Toscana,PEREXPPU,Spesa sostenuta dagli utenti sulla spesa totale (percentuale),CDNUR,Nidi,MDO,Comunale a gestione diretta,2023,23.5,,,FILTER_ATS,Filter,,,,,,,,,,,,,,
A,Annuale,ITE1,Toscana,PEREXPPU,Spesa sostenuta dagli utenti sulla spesa totale (percentuale),CDNUR,Nidi,MMETP,Comunale a gestione affidata a terzi,2023,27.9,,,FILTER_ATS,Filter,,,,,,,,,,,,,,
A,Annuale,ITE1,Toscana,PEREXPPU,Spesa sostenuta dagli utenti sulla spesa totale (percentuale),CDNUR,Nidi,PRPM,Privata con riserva di posti da parte del comune,2023,22.2,,,FILTER_ATS,Filter,,,,,,,,,,,,,,
A,Annuale,ITE1,Toscana,PEREXPPU,Spesa sostenuta dagli utenti sulla spesa totale (percentuale),CDNUR,Nidi,ALL,Tutte le voci,2023,23.8,,,FILTER_ATS,Filter,,,,,,,,,,,,,,
A,Annuale,ITE1,Toscana,PEREXPPU,Spesa sostenuta dagli utenti sulla spesa totale (percentuale),DNISC,Sezioni primavera,MDO,Comunale a gestione diretta,2023,20,,,FILTER_ATS,Filter,,,,,,,,,,,,,,
A,Annuale,ITE1,Toscana,PEREXPPU,Spesa sostenuta dagli utenti sulla spesa totale (percentuale),DNISC,Sezioni primavera,MMETP,Comunale a gestione affidata a terzi,2023,34.2,,,FILTER_ATS,Filter,,,,,,,,,,,,,,
A,Annuale,ITE1,Toscana,PEREXPPU,Spesa sostenuta dagli utenti sulla spesa totale (percentuale),DNISC,Sezioni primavera,PRPM,Privata con riserva di posti da parte del comune,2023,0,,,FILTER_ATS,Filter,,,,,,,,,,,,,,
A,Annuale,ITE1,Toscana,PEREXPPU,Spesa sostenuta dagli utenti sulla spesa totale (percentuale),DNISC,Sezioni primavera,ALL,Tutte le voci,2023,23.5,,,FILTER_ATS,Filter,,,,,,,,,,,,,,
A,Annuale,ITE1,Toscana,PEREXPPU,Spesa sostenuta dagli utenti sulla spesa totale (percentuale),ISERIDC,Servizi integrativi per la prima infanzia,MDO,Comunale a gestione diretta,2023,18.5,,,FILTER_ATS,Filter,,,,,,,,,,,,,,
A,Annuale,ITE1,Toscana,PEREXPPU,Spesa sostenuta dagli utenti sulla spesa totale (percentuale),ISERIDC,Servizi integrativi per la prima infanzia,MMETP,Comunale a gestione affidata a terzi,2023,17.9,,,FILTER_ATS,Filter,,,,,,,,,,,,,,
A,Annuale,ITE1,Toscana,PEREXPPU,Spesa sostenuta dagli utenti sulla spesa totale (percentuale),ISERIDC,Servizi integrativi per la prima infanzia,PRPM,Privata con riserva di posti da parte del comune,2023,0,,,FILTER_ATS,Filter,,,,,,,,,,,,,,
A,Annuale,ITE1,Toscana,PEREXPPU,Spesa sostenuta dagli utenti sulla spesa totale (percentuale),ISERIDC,Servizi integrativi per la prima infanzia,ALL,Tutte le voci,2023,17.5,,,FILTER_ATS,Filter,,,,,,,,,,,,,,
A,Annuale,ITE1,Toscana,PEREXPPU,Spesa sostenuta dagli utenti sulla spesa totale (percentuale),ALL,Tutte le voci,MDO,Comunale a gestione diretta,2023,23.4,,,FILTER_ATS,Filter,,,,,,,,,,,,,,
A,Annuale,ITE1,Toscana,PEREXPPU,Spesa sostenuta dagli utenti sulla spesa totale (percentuale),ALL,Tutte le voci,MMETP,Comunale a gestione affidata a terzi,2023,27.7,,,FILTER_ATS,Filter,,,,,,,,,,,,,,
A,Annuale,ITE1,Toscana,PEREXPPU,Spesa sostenuta dagli utenti sulla spesa totale (percentuale),ALL,Tutte le voci,PRPM,Privata con riserva di posti da parte del comune,2023,22.1,,,FILTER_ATS,Filter,,,,,,,,,,,,,,
A,Annuale,ITE1,Toscana,PEREXPPU,Spesa sostenuta dagli utenti sulla spesa totale (percentuale),ALL,Tutte le voci,ALL,Tutte le voci,2023,23.7,,,FILTER_ATS,Filter,,,,,,,,,,,,,,
A,Annuale,ITE2,Umbria,USSSPM,Utenti,DNUR,Nidi e sezioni primavera,MDO,Comunale a gestione diretta,2023,1507,,,FILTER_ATS,Filter,,,,,,,,,,,,,,
A,Annuale,ITE2,Umbria,USSSPM,Utenti,DNUR,Nidi e sezioni primavera,MMETP,Comunale a gestione affidata a terzi,2023,964,,,FILTER_ATS,Filter,,,,,,,,,,,,,,
A,Annuale,ITE2,Umbria,USSSPM,Utenti,DNUR,Nidi e sezioni primavera,PRPM,Privata con riserva di posti da parte del comune,2023,404,,,FILTER_ATS,Filter,,,,,,,,,,,,,,
A,Annuale,ITE2,Umbria,USSSPM,Utenti,DNUR,Nidi e sezioni primavera,CFPPS,Contributi alle famiglie per servizi privati o pubblici,2023,9,,,FILTER_ATS,Filter,,,,,,,,,,,,,,
A,Annuale,ITE2,Umbria,USSSPM,Utenti,DNUR,Nidi e sezioni primavera,ALL,Tutte le voci,2023,2884,,,FILTER_ATS,Filter,,,,,,,,,,,,,,
A,Annuale,ITE2,Umbria,USSSPM,Utenti,CDNUR,Nidi,MDO,Comunale a gestione diretta,2023,1507,,,FILTER_ATS,Filter,,,,,,,,,,,,,,
A,Annuale,ITE2,Umbria,USSSPM,Utenti,CDNUR,Nidi,MMETP,Comunale a gestione affidata a terzi,2023,922,,,FILTER_ATS,Filter,,,,,,,,,,,,,,
A,Annuale,ITE2,Umbria,USSSPM,Utenti,CDNUR,Nidi,PRPM,Privata con riserva di posti da parte del comune,2023,399,,,FILTER_ATS,Filter,,,,,,,,,,,,,,
A,Annuale,ITE2,Umbria,USSSPM,Utenti,CDNUR,Nidi,CFPPS,Contributi alle famiglie per servizi privati o pubblici,2023,9,,,FILTER_ATS,Filter,,,,,,,,,,,,,,
A,Annuale,ITE2,Umbria,USSSPM,Utenti,CDNUR,Nidi,ALL,Tutte le voci,2023,2837,,,FILTER_ATS,Filter,,,,,,,,,,,,,,
A,Annuale,ITE2,Umbria,USSSPM,Utenti,DNISC,Sezioni primavera,MDO,Comunale a gestione diretta,2023,0,,,FILTER_ATS,Filter,,,,,,,,,,,,,,
A,Annuale,ITE2,Umbria,USSSPM,Utenti,DNISC,Sezioni primavera,MMETP,Comunale a gestione affidata a terzi,2023,42,,,FILTER_ATS,Filter,,,,,,,,,,,,,,
A,Annuale,ITE2,Umbria,USSSPM,Utenti,DNISC,Sezioni primavera,PRPM,Privata con riserva di posti da parte del comune,2023,5,,,FILTER_ATS,Filter,,,,,,,,,,,,,,
A,Annuale,ITE2,Umbria,USSSPM,Utenti,DNISC,Sezioni primavera,CFPPS,Contributi alle famiglie per servizi privati o pubblici,2023,0,,,FILTER_ATS,Filter,,,,,,,,,,,,,,
A,Annuale,ITE2,Umbria,USSSPM,Utenti,DNISC,Sezioni primavera,ALL,Tutte le voci,2023,47,,,FILTER_ATS,Filter,,,,,,,,,,,,,,
A,Annuale,ITE2,Umbria,USSSPM,Utenti,ISERIDC,Servizi integrativi per la prima infanzia,MDO,Comunale a gestione diretta,2023,62,,,FILTER_ATS,Filter,,,,,,,,,,,,,,
A,Annuale,ITE2,Umbria,USSSPM,Utenti,ISERIDC,Servizi integrativi per la prima infanzia,MMETP,Comunale a gestione affidata a terzi,2023,69,,,FILTER_ATS,Filter,,,,,,,,,,,,,,
A,Annuale,ITE2,Umbria,USSSPM,Utenti,ISERIDC,Servizi integrativi per la prima infanzia,PRPM,Privata con riserva di posti da parte del comune,2023,10,,,FILTER_ATS,Filter,,,,,,,,,,,,,,
A,Annuale,ITE2,Umbria,USSSPM,Utenti,ISERIDC,Servizi integrativi per la prima infanzia,CFPPS,Contributi alle famiglie per servizi privati o pubblici,2023,0,,,FILTER_ATS,Filter,,,,,,,,,,,,,,
A,Annuale,ITE2,Umbria,USSSPM,Utenti,ISERIDC,Servizi integrativi per la prima infanzia,ALL,Tutte le voci,2023,141,,,FILTER_ATS,Filter,,,,,,,,,,,,,,
A,Annuale,ITE2,Umbria,USSSPM,Utenti,ALL,Tutte le voci,MDO,Comunale a gestione diretta,2023,1569,,,FILTER_ATS,Filter,,,,,,,,,,,,,,
A,Annuale,ITE2,Umbria,USSSPM,Utenti,ALL,Tutte le voci,MMETP,Comunale a gestione affidata a terzi,2023,1033,,,FILTER_ATS,Filter,,,,,,,,,,,,,,
A,Annuale,ITE2,Umbria,USSSPM,Utenti,ALL,Tutte le voci,PRPM,Privata con riserva di posti da parte del comune,2023,414,,,FILTER_ATS,Filter,,,,,,,,,,,,,,
A,Annuale,ITE2,Umbria,USSSPM,Utenti,ALL,Tutte le voci,CFPPS,Contributi alle famiglie per servizi privati o pubblici,2023,9,,,FILTER_ATS,Filter,,,,,,,,,,,,,,
A,Annuale,ITE2,Umbria,USSSPM,Utenti,ALL,Tutte le voci,ALL,Tutte le voci,2023,3025,,,FILTER_ATS,Filter,,,,,,,,,,,,,,
A,Annuale,ITE2,Umbria,TOTEXP,Totale spesa (euro),DNUR,Nidi e sezioni primavera,MDO,Comunale a gestione diretta,2023,17591895,,,FILTER_ATS,Filter,,,,,,,,,,,,,,
A,Annuale,ITE2,Umbria,TOTEXP,Totale spesa (euro),DNUR,Nidi e sezioni primavera,MMETP,Comunale a gestione affidata a terzi,2023,5005120,,,FILTER_ATS,Filter,,,,,,,,,,,,,,
A,Annuale,ITE2,Umbria,TOTEXP,Totale spesa (euro),DNUR,Nidi e sezioni primavera,PRPM,Privata con riserva di posti da parte del comune,2023,874588,,,FILTER_ATS,Filter,,,,,,,,,,,,,,
A,Annuale,ITE2,Umbria,TOTEXP,Totale spesa (euro),DNUR,Nidi e sezioni primavera,PCM,Privata senza riserva di posti da parte del comune,2023,446058,,,FILTER_ATS,Filter,,,,,,,,,,,,,,
A,Annuale,ITE2,Umbria,TOTEXP,Totale spesa (euro),DNUR,Nidi e sezioni primavera,CFPPS,Contributi alle famiglie per servizi privati o pubblici,2023,10419,,,FILTER_ATS,Filter,,,,,,,,,,,,,,
A,Annuale,ITE2,Umbria,TOTEXP,Totale spesa (euro),DNUR,Nidi e sezioni primavera,ALL,Tutte le voci,2023,23928080,,,FILTER_ATS,Filter,,,,,,,,,,,,,,
A,Annuale,ITE2,Umbria,TOTEXP,Totale spesa (euro),CDNUR,Nidi,MDO,Comunale a gestione diretta,2023,17591895,,,FILTER_ATS,Filter,,,,,,,,,,,,,,
A,Annuale,ITE2,Umbria,TOTEXP,Totale spesa (euro),CDNUR,Nidi,MMETP,Comunale a gestione affidata a terzi,2023,4881623,,,FILTER_ATS,Filter,,,,,,,,,,,,,,
A,Annuale,ITE2,Umbria,TOTEXP,Totale spesa (euro),CDNUR,Nidi,PRPM,Privata con riserva di posti da parte del comune,2023,873863,,,FILTER_ATS,Filter,,,,,,,,,,,,,,
A,Annuale,ITE2,Umbria,TOTEXP,Totale spesa (euro),CDNUR,Nidi,PCM,Privata senza riserva di posti da parte del comune,2023,401093,,,FILTER_ATS,Filter,,,,,,,,,,,,,,
A,Annuale,ITE2,Umbria,TOTEXP,Totale spesa (euro),CDNUR,Nidi,CFPPS,Contributi alle famiglie per servizi privati o pubblici,2023,10419,,,FILTER_ATS,Filter,,,,,,,,,,,,,,
A,Annuale,ITE2,Umbria,TOTEXP,Totale spesa (euro),CDNUR,Nidi,ALL,Tutte le voci,2023,23758893,,,FILTER_ATS,Filter,,,,,,,,,,,,,,
A,Annuale,ITE2,Umbria,TOTEXP,Totale spesa (euro),DNISC,Sezioni primavera,MDO,Comunale a gestione diretta,2023,0,,,FILTER_ATS,Filter,,,,,,,,,,,,,,
A,Annuale,ITE2,Umbria,TOTEXP,Totale spesa (euro),DNISC,Sezioni primavera,MMETP,Comunale a gestione affidata a terzi,2023,123497,,,FILTER_ATS,Filter,,,,,,,,,,,,,,
A,Annuale,ITE2,Umbria,TOTEXP,Totale spesa (euro),DNISC,Sezioni primavera,PRPM,Privata con riserva di posti da parte del comune,2023,725,,,FILTER_ATS,Filter,,,,,,,,,,,,,,
A,Annuale,ITE2,Umbria,TOTEXP,Totale spesa (euro),DNISC,Sezioni primavera,PCM,Privata senza riserva di posti da parte del comune,2023,44965,,,FILTER_ATS,Filter,,,,,,,,,,,,,,
A,Annuale,ITE2,Umbria,TOTEXP,Totale spesa (euro),DNISC,Sezioni primavera,CFPPS,Contributi alle famiglie per servizi privati o pubblici,2023,0,,,FILTER_ATS,Filter,,,,,,,,,,,,,,
A,Annuale,ITE2,Umbria,TOTEXP,Totale spesa (euro),DNISC,Sezioni primavera,ALL,Tutte le voci,2023,169187,,,FILTER_ATS,Filter,,,,,,,,,,,,,,
A,Annuale,ITE2,Umbria,TOTEXP,Totale spesa (euro),ISERIDC,Servizi integrativi per la prima infanzia,MDO,Comunale a gestione diretta,2023,395777,,,FILTER_ATS,Filter,,,,,,,,,,,,,,
A,Annuale,ITE2,Umbria,TOTEXP,Totale spesa (euro),ISERIDC,Servizi integrativi per la prima infanzia,MMETP,Comunale a gestione affidata a terzi,2023,120656,,,FILTER_ATS,Filter,,,,,,,,,,,,,,
A,Annuale,ITE2,Umbria,TOTEXP,Totale spesa (euro),ISERIDC,Servizi integrativi per la prima infanzia,PRPM,Privata con riserva di posti da parte del comune,2023,2231,,,FILTER_ATS,Filter,,,,,,,,,,,,,,
A,Annuale,ITE2,Umbria,TOTEXP,Totale spesa (euro),ISERIDC,Servizi integrativi per la prima infanzia,PCM,Privata senza riserva di posti da parte del comune,2023,21749,,,FILTER_ATS,Filter,,,,,,,,,,,,,,
A,Annuale,ITE2,Umbria,TOTEXP,Totale spesa (euro),ISERIDC,Servizi integrativi per la prima infanzia,CFPPS,Contributi alle famiglie per servizi privati o pubblici,2023,0,,,FILTER_ATS,Filter,,,,,,,,,,,,,,
A,Annuale,ITE2,Umbria,TOTEXP,Totale spesa (euro),ISERIDC,Servizi integrativi per la prima infanzia,ALL,Tutte le voci,2023,540413,,,FILTER_ATS,Filter,,,,,,,,,,,,,,
A,Annuale,ITE2,Umbria,TOTEXP,Totale spesa (euro),ALL,Tutte le voci,MDO,Comunale a gestione diretta,2023,17987672,,,FILTER_ATS,Filter,,,,,,,,,,,,,,
A,Annuale,ITE2,Umbria,TOTEXP,Totale spesa (euro),ALL,Tutte le voci,MMETP,Comunale a gestione affidata a terzi,2023,5125776,,,FILTER_ATS,Filter,,,,,,,,,,,,,,
A,Annuale,ITE2,Umbria,TOTEXP,Totale spesa (euro),ALL,Tutte le voci,PRPM,Privata con riserva di posti da parte del comune,2023,876819,,,FILTER_ATS,Filter,,,,,,,,,,,,,,
A,Annuale,ITE2,Umbria,TOTEXP,Totale spesa (euro),ALL,Tutte le voci,PCM,Privata senza riserva di posti da parte del comune,2023,467807,,,FILTER_ATS,Filter,,,,,,,,,,,,,,
A,Annuale,ITE2,Umbria,TOTEXP,Totale spesa (euro),ALL,Tutte le voci,CFPPS,Contributi alle famiglie per servizi privati o pubblici,2023,10419,,,FILTER_ATS,Filter,,,,,,,,,,,,,,
A,Annuale,ITE2,Umbria,TOTEXP,Totale spesa (euro),ALL,Tutte le voci,ALL,Tutte le voci,2023,24468493,,,FILTER_ATS,Filter,,,,,,,,,,,,,,
A,Annuale,ITE2,Umbria,EXPMUN,Spesa dei comuni (euro),DNUR,Nidi e sezioni primavera,MDO,Comunale a gestione diretta,2023,14366009,,,FILTER_ATS,Filter,,,,,,,,,,,,,,
A,Annuale,ITE2,Umbria,EXPMUN,Spesa dei comuni (euro),DNUR,Nidi e sezioni primavera,MMETP,Comunale a gestione affidata a terzi,2023,3388064,,,FILTER_ATS,Filter,,,,,,,,,,,,,,
A,Annuale,ITE2,Umbria,EXPMUN,Spesa dei comuni (euro),DNUR,Nidi e sezioni primavera,PRPM,Privata con riserva di posti da parte del comune,2023,488969,,,FILTER_ATS,Filter,,,,,,,,,,,,,,
A,Annuale,ITE2,Umbria,EXPMUN,Spesa dei comuni (euro),DNUR,Nidi e sezioni primavera,PCM,Privata senza riserva di posti da parte del comune,2023,446058,,,FILTER_ATS,Filter,,,,,,,,,,,,,,
A,Annuale,ITE2,Umbria,EXPMUN,Spesa dei comuni (euro),DNUR,Nidi e sezioni primavera,CFPPS,Contributi alle famiglie per servizi privati o pubblici,2023,10419,,,FILTER_ATS,Filter,,,,,,,,,,,,,,
A,Annuale,ITE2,Umbria,EXPMUN,Spesa dei comuni (euro),DNUR,Nidi e sezioni primavera,ALL,Tutte le voci,2023,18699519,,,FILTER_ATS,Filter,,,,,,,,,,,,,,
A,Annuale,ITE2,Umbria,EXPMUN,Spesa dei comuni (euro),CDNUR,Nidi,MDO,Comunale a gestione diretta,2023,14366009,,,FILTER_ATS,Filter,,,,,,,,,,,,,,
A,Annuale,ITE2,Umbria,EXPMUN,Spesa dei comuni (euro),CDNUR,Nidi,MMETP,Comunale a gestione affidata a terzi,2023,3306234,,,FILTER_ATS,Filter,,,,,,,,,,,,,,
A,Annuale,ITE2,Umbria,EXPMUN,Spesa dei comuni (euro),CDNUR,Nidi,PRPM,Privata con riserva di posti da parte del comune,2023,488244,,,FILTER_ATS,Filter,,,,,,,,,,,,,,
A,Annuale,ITE2,Umbria,EXPMUN,Spesa dei comuni (euro),CDNUR,Nidi,PCM,Privata senza riserva di posti da parte del comune,2023,401093,,,FILTER_ATS,Filter,,,,,,,,,,,,,,
A,Annuale,ITE2,Umbria,EXPMUN,Spesa dei comuni (euro),CDNUR,Nidi,CFPPS,Contributi alle famiglie per servizi privati o pubblici,2023,10419,,,FILTER_ATS,Filter,,,,,,,,,,,,,,
A,Annuale,ITE2,Umbria,EXPMUN,Spesa dei comuni (euro),CDNUR,Nidi,ALL,Tutte le voci,2023,18571999,,,FILTER_ATS,Filter,,,,,,,,,,,,,,
A,Annuale,ITE2,Umbria,EXPMUN,Spesa dei comuni (euro),DNISC,Sezioni primavera,MDO,Comunale a gestione diretta,2023,0,,,FILTER_ATS,Filter,,,,,,,,,,,,,,
A,Annuale,ITE2,Umbria,EXPMUN,Spesa dei comuni (euro),DNISC,Sezioni primavera,MMETP,Comunale a gestione affidata a terzi,2023,81830,,,FILTER_ATS,Filter,,,,,,,,,,,,,,
A,Annuale,ITE2,Umbria,EXPMUN,Spesa dei comuni (euro),DNISC,Sezioni primavera,PRPM,Privata con riserva di posti da parte del comune,2023,725,,,FILTER_ATS,Filter,,,,,,,,,,,,,,
A,Annuale,ITE2,Umbria,EXPMUN,Spesa dei comuni (euro),DNISC,Sezioni primavera,PCM,Privata senza riserva di posti da parte del comune,2023,44965,,,FILTER_ATS,Filter,,,,,,,,,,,,,,
A,Annuale,ITE2,Umbria,EXPMUN,Spesa dei comuni (euro),DNISC,Sezioni primavera,CFPPS,Contributi alle famiglie per servizi privati o pubblici,2023,0,,,FILTER_ATS,Filter,,,,,,,,,,,,,,
A,Annuale,ITE2,Umbria,EXPMUN,Spesa dei comuni (euro),DNISC,Sezioni primavera,ALL,Tutte le voci,2023,127520,,,FILTER_ATS,Filter,,,,,,,,,,,,,,
A,Annuale,ITE2,Umbria,EXPMUN,Spesa dei comuni (euro),ISERIDC,Servizi integrativi per la prima infanzia,MDO,Comunale a gestione diretta,2023,348332,,,FILTER_ATS,Filter,,,,,,,,,,,,,,
A,Annuale,ITE2,Umbria,EXPMUN,Spesa dei comuni (euro),ISERIDC,Servizi integrativi per la prima infanzia,MMETP,Comunale a gestione affidata a terzi,2023,76556,,,FILTER_ATS,Filter,,,,,,,,,,,,,,
A,Annuale,ITE2,Umbria,EXPMUN,Spesa dei comuni (euro),ISERIDC,Servizi integrativi per la prima infanzia,PRPM,Privata con riserva di posti da parte del comune,2023,2231,,,FILTER_ATS,Filter,,,,,,,,,,,,,,
A,Annuale,ITE2,Umbria,EXPMUN,Spesa dei comuni (euro),ISERIDC,Servizi integrativi per la prima infanzia,PCM,Privata senza riserva di posti da parte del comune,2023,21749,,,FILTER_ATS,Filter,,,,,,,,,,,,,,
A,Annuale,ITE2,Umbria,EXPMUN,Spesa dei comuni (euro),ISERIDC,Servizi integrativi per la prima infanzia,CFPPS,Contributi alle famiglie per servizi privati o pubblici,2023,0,,,FILTER_ATS,Filter,,,,,,,,,,,,,,
A,Annuale,ITE2,Umbria,EXPMUN,Spesa dei comuni (euro),ISERIDC,Servizi integrativi per la prima infanzia,ALL,Tutte le voci,2023,448868,,,FILTER_ATS,Filter,,,,,,,,,,,,,,
A,Annuale,ITE2,Umbria,EXPMUN,Spesa dei comuni (euro),ALL,Tutte le voci,MDO,Comunale a gestione diretta,2023,14714341,,,FILTER_ATS,Filter,,,,,,,,,,,,,,
A,Annuale,ITE2,Umbria,EXPMUN,Spesa dei comuni (euro),ALL,Tutte le voci,MMETP,Comunale a gestione affidata a terzi,2023,3464620,,,FILTER_ATS,Filter,,,,,,,,,,,,,,
A,Annuale,ITE2,Umbria,EXPMUN,Spesa dei comuni (euro),ALL,Tutte le voci,PRPM,Privata con riserva di posti da parte del comune,2023,491200,,,FILTER_ATS,Filter,,,,,,,,,,,,,,
A,Annuale,ITE2,Umbria,EXPMUN,Spesa dei comuni (euro),ALL,Tutte le voci,PCM,Privata senza riserva di posti da parte del comune,2023,467807,,,FILTER_ATS,Filter,,,,,,,,,,,,,,
A,Annuale,ITE2,Umbria,EXPMUN,Spesa dei comuni (euro),ALL,Tutte le voci,CFPPS,Contributi alle famiglie per servizi privati o pubblici,2023,10419,,,FILTER_ATS,Filter,,,,,,,,,,,,,,
A,Annuale,ITE2,Umbria,EXPMUN,Spesa dei comuni (euro),ALL,Tutte le voci,ALL,Tutte le voci,2023,19148387,,,FILTER_ATS,Filter,,,,,,,,,,,,,,
A,Annuale,ITE2,Umbria,EXPUSERS,Compartecipazione degli utenti alla spesa totale (euro),DNUR,Nidi e sezioni primavera,MDO,Comunale a gestione diretta,2023,3225886,,,FILTER_ATS,Filter,,,,,,,,,,,,,,
A,Annuale,ITE2,Umbria,EXPUSERS,Compartecipazione degli utenti alla spesa totale (euro),DNUR,Nidi e sezioni primavera,MMETP,Comunale a gestione affidata a terzi,2023,1617056,,,FILTER_ATS,Filter,,,,,,,,,,,,,,
A,Annuale,ITE2,Umbria,EXPUSERS,Compartecipazione degli utenti alla spesa totale (euro),DNUR,Nidi e sezioni primavera,PRPM,Privata con riserva di posti da parte del comune,2023,385619,,,FILTER_ATS,Filter,,,,,,,,,,,,,,
A,Annuale,ITE2,Umbria,EXPUSERS,Compartecipazione degli utenti alla spesa totale (euro),DNUR,Nidi e sezioni primavera,ALL,Tutte le voci,2023,5228561,,,FILTER_ATS,Filter,,,,,,,,,,,,,,
A,Annuale,ITE2,Umbria,EXPUSERS,Compartecipazione degli utenti alla spesa totale (euro),CDNUR,Nidi,MDO,Comunale a gestione diretta,2023,3225886,,,FILTER_ATS,Filter,,,,,,,,,,,,,,
A,Annuale,ITE2,Umbria,EXPUSERS,Compartecipazione degli utenti alla spesa totale (euro),CDNUR,Nidi,MMETP,Comunale a gestione affidata a terzi,2023,1575389,,,FILTER_ATS,Filter,,,,,,,,,,,,,,
A,Annuale,ITE2,Umbria,EXPUSERS,Compartecipazione degli utenti alla spesa totale (euro),CDNUR,Nidi,PRPM,Privata con riserva di posti da parte del comune,2023,385619,,,FILTER_ATS,Filter,,,,,,,,,,,,,,
A,Annuale,ITE2,Umbria,EXPUSERS,Compartecipazione degli utenti alla spesa totale (euro),CDNUR,Nidi,ALL,Tutte le voci,2023,5186894,,,FILTER_ATS,Filter,,,,,,,,,,,,,,
A,Annuale,ITE2,Umbria,EXPUSERS,Compartecipazione degli utenti alla spesa totale (euro),DNISC,Sezioni primavera,MDO,Comunale a gestione diretta,2023,0,,,FILTER_ATS,Filter,,,,,,,,,,,,,,
A,Annuale,ITE2,Umbria,EXPUSERS,Compartecipazione degli utenti alla spesa totale (euro),DNISC,Sezioni primavera,MMETP,Comunale a gestione affidata a terzi,2023,41667,,,FILTER_ATS,Filter,,,,,,,,,,,,,,
A,Annuale,ITE2,Umbria,EXPUSERS,Compartecipazione degli utenti alla spesa totale (euro),DNISC,Sezioni primavera,PRPM,Privata con riserva di posti da parte del comune,2023,0,,,FILTER_ATS,Filter,,,,,,,,,,,,,,
A,Annuale,ITE2,Umbria,EXPUSERS,Compartecipazione degli utenti alla spesa totale (euro),DNISC,Sezioni primavera,ALL,Tutte le voci,2023,41667,,,FILTER_ATS,Filter,,,,,,,,,,,,,,
A,Annuale,ITE2,Umbria,EXPUSERS,Compartecipazione degli utenti alla spesa totale (euro),ISERIDC,Servizi integrativi per la prima infanzia,MDO,Comunale a gestione diretta,2023,47445,,,FILTER_ATS,Filter,,,,,,,,,,,,,,
A,Annuale,ITE2,Umbria,EXPUSERS,Compartecipazione degli utenti alla spesa totale (euro),ISERIDC,Servizi integrativi per la prima infanzia,MMETP,Comunale a gestione affidata a terzi,2023,44100,,,FILTER_ATS,Filter,,,,,,,,,,,,,,
A,Annuale,ITE2,Umbria,EXPUSERS,Compartecipazione degli utenti alla spesa totale (euro),ISERIDC,Servizi integrativi per la prima infanzia,PRPM,Privata con riserva di posti da parte del comune,2023,0,,,FILTER_ATS,Filter,,,,,,,,,,,,,,
A,Annuale,ITE2,Umbria,EXPUSERS,Compartecipazione degli utenti alla spesa totale (euro),ISERIDC,Servizi integrativi per la prima infanzia,ALL,Tutte le voci,2023,91545,,,FILTER_ATS,Filter,,,,,,,,,,,,,,
A,Annuale,ITE2,Umbria,EXPUSERS,Compartecipazione degli utenti alla spesa totale (euro),ALL,Tutte le voci,MDO,Comunale a gestione diretta,2023,3273331,,,FILTER_ATS,Filter,,,,,,,,,,,,,,
A,Annuale,ITE2,Umbria,EXPUSERS,Compartecipazione degli utenti alla spesa totale (euro),ALL,Tutte le voci,MMETP,Comunale a gestione affidata a terzi,2023,1661156,,,FILTER_ATS,Filter,,,,,,,,,,,,,,
A,Annuale,ITE2,Umbria,EXPUSERS,Compartecipazione degli utenti alla spesa totale (euro),ALL,Tutte le voci,PRPM,Privata con riserva di posti da parte del comune,2023,385619,,,FILTER_ATS,Filter,,,,,,,,,,,,,,
A,Annuale,ITE2,Umbria,EXPUSERS,Compartecipazione degli utenti alla spesa totale (euro),ALL,Tutte le voci,ALL,Tutte le voci,2023,5320106,,,FILTER_ATS,Filter,,,,,,,,,,,,,,
A,Annuale,ITE2,Umbria,PEREXPPU,Spesa sostenuta dagli utenti sulla spesa totale (percentuale),DNUR,Nidi e sezioni primavera,MDO,Comunale a gestione diretta,2023,18.3,,,FILTER_ATS,Filter,,,,,,,,,,,,,,
A,Annuale,ITE2,Umbria,PEREXPPU,Spesa sostenuta dagli utenti sulla spesa totale (percentuale),DNUR,Nidi e sezioni primavera,MMETP,Comunale a gestione affidata a terzi,2023,32.3,,,FILTER_ATS,Filter,,,,,,,,,,,,,,
A,Annuale,ITE2,Umbria,PEREXPPU,Spesa sostenuta dagli utenti sulla spesa totale (percentuale),DNUR,Nidi e sezioni primavera,PRPM,Privata con riserva di posti da parte del comune,2023,44.1,,,FILTER_ATS,Filter,,,,,,,,,,,,,,
A,Annuale,ITE2,Umbria,PEREXPPU,Spesa sostenuta dagli utenti sulla spesa totale (percentuale),DNUR,Nidi e sezioni primavera,ALL,Tutte le voci,2023,21.9,,,FILTER_ATS,Filter,,,,,,,,,,,,,,
A,Annuale,ITE2,Umbria,PEREXPPU,Spesa sostenuta dagli utenti sulla spesa totale (percentuale),CDNUR,Nidi,MDO,Comunale a gestione diretta,2023,18.3,,,FILTER_ATS,Filter,,,,,,,,,,,,,,
A,Annuale,ITE2,Umbria,PEREXPPU,Spesa sostenuta dagli utenti sulla spesa totale (percentuale),CDNUR,Nidi,MMETP,Comunale a gestione affidata a terzi,2023,32.3,,,FILTER_ATS,Filter,,,,,,,,,,,,,,
A,Annuale,ITE2,Umbria,PEREXPPU,Spesa sostenuta dagli utenti sulla spesa totale (percentuale),CDNUR,Nidi,PRPM,Privata con riserva di posti da parte del comune,2023,44.1,,,FILTER_ATS,Filter,,,,,,,,,,,,,,
A,Annuale,ITE2,Umbria,PEREXPPU,Spesa sostenuta dagli utenti sulla spesa totale (percentuale),CDNUR,Nidi,ALL,Tutte le voci,2023,21.8,,,FILTER_ATS,Filter,,,,,,,,,,,,,,
A,Annuale,ITE2,Umbria,PEREXPPU,Spesa sostenuta dagli utenti sulla spesa totale (percentuale),DNISC,Sezioni primavera,MDO,Comunale a gestione diretta,2023,0,,,FILTER_ATS,Filter,,,,,,,,,,,,,,
A,Annuale,ITE2,Umbria,PEREXPPU,Spesa sostenuta dagli utenti sulla spesa totale (percentuale),DNISC,Sezioni primavera,MMETP,Comunale a gestione affidata a terzi,2023,33.7,,,FILTER_ATS,Filter,,,,,,,,,,,,,,
A,Annuale,ITE2,Umbria,PEREXPPU,Spesa sostenuta dagli utenti sulla spesa totale (percentuale),DNISC,Sezioni primavera,PRPM,Privata con riserva di posti da parte del comune,2023,0,,,FILTER_ATS,Filter,,,,,,,,,,,,,,
A,Annuale,ITE2,Umbria,PEREXPPU,Spesa sostenuta dagli utenti sulla spesa totale (percentuale),DNISC,Sezioni primavera,ALL,Tutte le voci,2023,24.6,,,FILTER_ATS,Filter,,,,,,,,,,,,,,
A,Annuale,ITE2,Umbria,PEREXPPU,Spesa sostenuta dagli utenti sulla spesa totale (percentuale),ISERIDC,Servizi integrativi per la prima infanzia,MDO,Comunale a gestione diretta,2023,12,,,FILTER_ATS,Filter,,,,,,,,,,,,,,
A,Annuale,ITE2,Umbria,PEREXPPU,Spesa sostenuta dagli utenti sulla spesa totale (percentuale),ISERIDC,Servizi integrativi per la prima infanzia,MMETP,Comunale a gestione affidata a terzi,2023,36.6,,,FILTER_ATS,Filter,,,,,,,,,,,,,,
A,Annuale,ITE2,Umbria,PEREXPPU,Spesa sostenuta dagli utenti sulla spesa totale (percentuale),ISERIDC,Servizi integrativi per la prima infanzia,PRPM,Privata con riserva di posti da parte del comune,2023,0,,,FILTER_ATS,Filter,,,,,,,,,,,,,,
A,Annuale,ITE2,Umbria,PEREXPPU,Spesa sostenuta dagli utenti sulla spesa totale (percentuale),ISERIDC,Servizi integrativi per la prima infanzia,ALL,Tutte le voci,2023,16.9,,,FILTER_ATS,Filter,,,,,,,,,,,,,,
A,Annuale,ITE2,Umbria,PEREXPPU,Spesa sostenuta dagli utenti sulla spesa totale (percentuale),ALL,Tutte le voci,MDO,Comunale a gestione diretta,2023,18.2,,,FILTER_ATS,Filter,,,,,,,,,,,,,,
A,Annuale,ITE2,Umbria,PEREXPPU,Spesa sostenuta dagli utenti sulla spesa totale (percentuale),ALL,Tutte le voci,MMETP,Comunale a gestione affidata a terzi,2023,32.4,,,FILTER_ATS,Filter,,,,,,,,,,,,,,
A,Annuale,ITE2,Umbria,PEREXPPU,Spesa sostenuta dagli utenti sulla spesa totale (percentuale),ALL,Tutte le voci,PRPM,Privata con riserva di posti da parte del comune,2023,44,,,FILTER_ATS,Filter,,,,,,,,,,,,,,
A,Annuale,ITE2,Umbria,PEREXPPU,Spesa sostenuta dagli utenti sulla spesa totale (percentuale),ALL,Tutte le voci,ALL,Tutte le voci,2023,21.7,,,FILTER_ATS,Filter,,,,,,,,,,,,,,
A,Annuale,ITE3,Marche,USSSPM,Utenti,DNUR,Nidi e sezioni primavera,MDO,Comunale a gestione diretta,2023,2379,,,FILTER_ATS,Filter,,,,,,,,,,,,,,
A,Annuale,ITE3,Marche,USSSPM,Utenti,DNUR,Nidi e sezioni primavera,MMETP,Comunale a gestione affidata a terzi,2023,2673,,,FILTER_ATS,Filter,,,,,,,,,,,,,,
A,Annuale,ITE3,Marche,USSSPM,Utenti,DNUR,Nidi e sezioni primavera,PRPM,Privata con riserva di posti da parte del comune,2023,686,,,FILTER_ATS,Filter,,,,,,,,,,,,,,
A,Annuale,ITE3,Marche,USSSPM,Utenti,DNUR,Nidi e sezioni primavera,CFPPS,Contributi alle famiglie per servizi privati o pubblici,2023,379,,,FILTER_ATS,Filter,,,,,,,,,,,,,,
A,Annuale,ITE3,Marche,USSSPM,Utenti,DNUR,Nidi e sezioni primavera,ALL,Tutte le voci,2023,6117,,,FILTER_ATS,Filter,,,,,,,,,,,,,,
A,Annuale,ITE3,Marche,USSSPM,Utenti,CDNUR,Nidi,MDO,Comunale a gestione diretta,2023,2270,,,FILTER_ATS,Filter,,,,,,,,,,,,,,
A,Annuale,ITE3,Marche,USSSPM,Utenti,CDNUR,Nidi,MMETP,Comunale a gestione affidata a terzi,2023,2588,,,FILTER_ATS,Filter,,,,,,,,,,,,,,
A,Annuale,ITE3,Marche,USSSPM,Utenti,CDNUR,Nidi,PRPM,Privata con riserva di posti da parte del comune,2023,671,,,FILTER_ATS,Filter,,,,,,,,,,,,,,
A,Annuale,ITE3,Marche,USSSPM,Utenti,CDNUR,Nidi,CFPPS,Contributi alle famiglie per servizi privati o pubblici,2023,379,,,FILTER_ATS,Filter,,,,,,,,,,,,,,
A,Annuale,ITE3,Marche,USSSPM,Utenti,CDNUR,Nidi,ALL,Tutte le voci,2023,5908,,,FILTER_ATS,Filter,,,,,,,,,,,,,,
A,Annuale,ITE3,Marche,USSSPM,Utenti,DNISC,Sezioni primavera,MDO,Comunale a gestione diretta,2023,109,,,FILTER_ATS,Filter,,,,,,,,,,,,,,
A,Annuale,ITE3,Marche,USSSPM,Utenti,DNISC,Sezioni primavera,MMETP,Comunale a gestione affidata a terzi,2023,85,,,FILTER_ATS,Filter,,,,,,,,,,,,,,
A,Annuale,ITE3,Marche,USSSPM,Utenti,DNISC,Sezioni primavera,PRPM,Privata con riserva di posti da parte del comune,2023,15,,,FILTER_ATS,Filter,,,,,,,,,,,,,,
A,Annuale,ITE3,Marche,USSSPM,Utenti,DNISC,Sezioni primavera,CFPPS,Contributi alle famiglie per servizi privati o pubblici,2023,0,,,FILTER_ATS,Filter,,,,,,,,,,,,,,
A,Annuale,ITE3,Marche,USSSPM,Utenti,DNISC,Sezioni primavera,ALL,Tutte le voci,2023,209,,,FILTER_ATS,Filter,,,,,,,,,,,,,,
A,Annuale,ITE3,Marche,USSSPM,Utenti,ISERIDC,Servizi integrativi per la prima infanzia,MDO,Comunale a gestione diretta,2023,127,,,FILTER_ATS,Filter,,,,,,,,,,,,,,
A,Annuale,ITE3,Marche,USSSPM,Utenti,ISERIDC,Servizi integrativi per la prima infanzia,MMETP,Comunale a gestione affidata a terzi,2023,73,,,FILTER_ATS,Filter,,,,,,,,,,,,,,
A,Annuale,ITE3,Marche,USSSPM,Utenti,ISERIDC,Servizi integrativi per la prima infanzia,PRPM,Privata con riserva di posti da parte del comune,2023,12,,,FILTER_ATS,Filter,,,,,,,,,,,,,,
A,Annuale,ITE3,Marche,USSSPM,Utenti,ISERIDC,Servizi integrativi per la prima infanzia,CFPPS,Contributi alle famiglie per servizi privati o pubblici,2023,60,,,FILTER_ATS,Filter,,,,,,,,,,,,,,
A,Annuale,ITE3,Marche,USSSPM,Utenti,ISERIDC,Servizi integrativi per la prima infanzia,ALL,Tutte le voci,2023,272,,,FILTER_ATS,Filter,,,,,,,,,,,,,,
A,Annuale,ITE3,Marche,USSSPM,Utenti,ALL,Tutte le voci,MDO,Comunale a gestione diretta,2023,2506,,,FILTER_ATS,Filter,,,,,,,,,,,,,,
A,Annuale,ITE3,Marche,USSSPM,Utenti,ALL,Tutte le voci,MMETP,Comunale a gestione affidata a terzi,2023,2746,,,FILTER_ATS,Filter,,,,,,,,,,,,,,
A,Annuale,ITE3,Marche,USSSPM,Utenti,ALL,Tutte le voci,PRPM,Privata con riserva di posti da parte del comune,2023,698,,,FILTER_ATS,Filter,,,,,,,,,,,,,,
A,Annuale,ITE3,Marche,USSSPM,Utenti,ALL,Tutte le voci,CFPPS,Contributi alle famiglie per servizi privati o pubblici,2023,439,,,FILTER_ATS,Filter,,,,,,,,,,,,,,
A,Annuale,ITE3,Marche,USSSPM,Utenti,ALL,Tutte le voci,ALL,Tutte le voci,2023,6389,,,FILTER_ATS,Filter,,,,,,,,,,,,,,
A,Annuale,ITE3,Marche,TOTEXP,Totale spesa (euro),DNUR,Nidi e sezioni primavera,MDO,Comunale a gestione diretta,2023,19180862,,,FILTER_ATS,Filter,,,,,,,,,,,,,,
A,Annuale,ITE3,Marche,TOTEXP,Totale spesa (euro),DNUR,Nidi e sezioni primavera,MMETP,Comunale a gestione affidata a terzi,2023,15438919,,,FILTER_ATS,Filter,,,,,,,,,,,,,,
A,Annuale,ITE3,Marche,TOTEXP,Totale spesa (euro),DNUR,Nidi e sezioni primavera,PRPM,Privata con riserva di posti da parte del comune,2023,1099861,,,FILTER_ATS,Filter,,,,,,,,,,,,,,
A,Annuale,ITE3,Marche,TOTEXP,Totale spesa (euro),DNUR,Nidi e sezioni primavera,PCM,Privata senza riserva di posti da parte del comune,2023,172242,,,FILTER_ATS,Filter,,,,,,,,,,,,,,
A,Annuale,ITE3,Marche,TOTEXP,Totale spesa (euro),DNUR,Nidi e sezioni primavera,CFPPS,Contributi alle famiglie per servizi privati o pubblici,2023,391447,,,FILTER_ATS,Filter,,,,,,,,,,,,,,
A,Annuale,ITE3,Marche,TOTEXP,Totale spesa (euro),DNUR,Nidi e sezioni primavera,ALL,Tutte le voci,2023,36283331,,,FILTER_ATS,Filter,,,,,,,,,,,,,,
A,Annuale,ITE3,Marche,TOTEXP,Totale spesa (euro),CDNUR,Nidi,MDO,Comunale a gestione diretta,2023,18720295,,,FILTER_ATS,Filter,,,,,,,,,,,,,,
A,Annuale,ITE3,Marche,TOTEXP,Totale spesa (euro),CDNUR,Nidi,MMETP,Comunale a gestione affidata a terzi,2023,15027556,,,FILTER_ATS,Filter,,,,,,,,,,,,,,
A,Annuale,ITE3,Marche,TOTEXP,Totale spesa (euro),CDNUR,Nidi,PRPM,Privata con riserva di posti da parte del comune,2023,1094863,,,FILTER_ATS,Filter,,,,,,,,,,,,,,
A,Annuale,ITE3,Marche,TOTEXP,Totale spesa (euro),CDNUR,Nidi,PCM,Privata senza riserva di posti da parte del comune,2023,172242,,,FILTER_ATS,Filter,,,,,,,,,,,,,,
A,Annuale,ITE3,Marche,TOTEXP,Totale spesa (euro),CDNUR,Nidi,CFPPS,Contributi alle famiglie per servizi privati o pubblici,2023,391447,,,FILTER_ATS,Filter,,,,,,,,,,,,,,
A,Annuale,ITE3,Marche,TOTEXP,Totale spesa (euro),CDNUR,Nidi,ALL,Tutte le voci,2023,35406403,,,FILTER_ATS,Filter,,,,,,,,,,,,,,
A,Annuale,ITE3,Marche,TOTEXP,Totale spesa (euro),DNISC,Sezioni primavera,MDO,Comunale a gestione diretta,2023,460567,,,FILTER_ATS,Filter,,,,,,,,,,,,,,
A,Annuale,ITE3,Marche,TOTEXP,Totale spesa (euro),DNISC,Sezioni primavera,MMETP,Comunale a gestione affidata a terzi,2023,411363,,,FILTER_ATS,Filter,,,,,,,,,,,,,,
A,Annuale,ITE3,Marche,TOTEXP,Totale spesa (euro),DNISC,Sezioni primavera,PRPM,Privata con riserva di posti da parte del comune,2023,4998,,,FILTER_ATS,Filter,,,,,,,,,,,,,,
A,Annuale,ITE3,Marche,TOTEXP,Totale spesa (euro),DNISC,Sezioni primavera,PCM,Privata senza riserva di posti da parte del comune,2023,0,,,FILTER_ATS,Filter,,,,,,,,,,,,,,
A,Annuale,ITE3,Marche,TOTEXP,Totale spesa (euro),DNISC,Sezioni primavera,CFPPS,Contributi alle famiglie per servizi privati o pubblici,2023,0,,,FILTER_ATS,Filter,,,,,,,,,,,,,,
A,Annuale,ITE3,Marche,TOTEXP,Totale spesa (euro),DNISC,Sezioni primavera,ALL,Tutte le voci,2023,876928,,,FILTER_ATS,Filter,,,,,,,,,,,,,,
A,Annuale,ITE3,Marche,TOTEXP,Totale spesa (euro),ISERIDC,Servizi integrativi per la prima infanzia,MDO,Comunale a gestione diretta,2023,818712,,,FILTER_ATS,Filter,,,,,,,,,,,,,,
A,Annuale,ITE3,Marche,TOTEXP,Totale spesa (euro),ISERIDC,Servizi integrativi per la prima infanzia,MMETP,Comunale a gestione affidata a terzi,2023,171578,,,FILTER_ATS,Filter,,,,,,,,,,,,,,
A,Annuale,ITE3,Marche,TOTEXP,Totale spesa (euro),ISERIDC,Servizi integrativi per la prima infanzia,PRPM,Privata con riserva di posti da parte del comune,2023,11120,,,FILTER_ATS,Filter,,,,,,,,,,,,,,
A,Annuale,ITE3,Marche,TOTEXP,Totale spesa (euro),ISERIDC,Servizi integrativi per la prima infanzia,PCM,Privata senza riserva di posti da parte del comune,2023,23646,,,FILTER_ATS,Filter,,,,,,,,,,,,,,
A,Annuale,ITE3,Marche,TOTEXP,Totale spesa (euro),ISERIDC,Servizi integrativi per la prima infanzia,CFPPS,Contributi alle famiglie per servizi privati o pubblici,2023,115302,,,FILTER_ATS,Filter,,,,,,,,,,,,,,
A,Annuale,ITE3,Marche,TOTEXP,Totale spesa (euro),ISERIDC,Servizi integrativi per la prima infanzia,ALL,Tutte le voci,2023,1140358,,,FILTER_ATS,Filter,,,,,,,,,,,,,,
A,Annuale,ITE3,Marche,TOTEXP,Totale spesa (euro),ALL,Tutte le voci,MDO,Comunale a gestione diretta,2023,19999574,,,FILTER_ATS,Filter,,,,,,,,,,,,,,
A,Annuale,ITE3,Marche,TOTEXP,Totale spesa (euro),ALL,Tutte le voci,MMETP,Comunale a gestione affidata a terzi,2023,15610497,,,FILTER_ATS,Filter,,,,,,,,,,,,,,
A,Annuale,ITE3,Marche,TOTEXP,Totale spesa (euro),ALL,Tutte le voci,PRPM,Privata con riserva di posti da parte del comune,2023,1110981,,,FILTER_ATS,Filter,,,,,,,,,,,,,,
A,Annuale,ITE3,Marche,TOTEXP,Totale spesa (euro),ALL,Tutte le voci,PCM,Privata senza riserva di posti da parte del comune,2023,195888,,,FILTER_ATS,Filter,,,,,,,,,,,,,,
A,Annuale,ITE3,Marche,TOTEXP,Totale spesa (euro),ALL,Tutte le voci,CFPPS,Contributi alle famiglie per servizi privati o pubblici,2023,506749,,,FILTER_ATS,Filter,,,,,,,,,,,,,,
A,Annuale,ITE3,Marche,TOTEXP,Totale spesa (euro),ALL,Tutte le voci,ALL,Tutte le voci,2023,37423689,,,FILTER_ATS,Filter,,,,,,,,,,,,,,
A,Annuale,ITE3,Marche,EXPMUN,Spesa dei comuni (euro),DNUR,Nidi e sezioni primavera,MDO,Comunale a gestione diretta,2023,13383837,,,FILTER_ATS,Filter,,,,,,,,,,,,,,
A,Annuale,ITE3,Marche,EXPMUN,Spesa dei comuni (euro),DNUR,Nidi e sezioni primavera,MMETP,Comunale a gestione affidata a terzi,2023,10229970,,,FILTER_ATS,Filter,,,,,,,,,,,,,,
A,Annuale,ITE3,Marche,EXPMUN,Spesa dei comuni (euro),DNUR,Nidi e sezioni primavera,PRPM,Privata con riserva di posti da parte del comune,2023,1099861,,,FILTER_ATS,Filter,,,,,,,,,,,,,,
A,Annuale,ITE3,Marche,EXPMUN,Spesa dei comuni (euro),DNUR,Nidi e sezioni primavera,PCM,Privata senza riserva di posti da parte del comune,2023,172242,,,FILTER_ATS,Filter,,,,,,,,,,,,,,
A,Annuale,ITE3,Marche,EXPMUN,Spesa dei comuni (euro),DNUR,Nidi e sezioni primavera,CFPPS,Contributi alle famiglie per servizi privati o pubblici,2023,391447,,,FILTER_ATS,Filter,,,,,,,,,,,,,,
A,Annuale,ITE3,Marche,EXPMUN,Spesa dei comuni (euro),DNUR,Nidi e sezioni primavera,ALL,Tutte le voci,2023,25277357,,,FILTER_ATS,Filter,,,,,,,,,,,,,,
A,Annuale,ITE3,Marche,EXPMUN,Spesa dei comuni (euro),CDNUR,Nidi,MDO,Comunale a gestione diretta,2023,13106348,,,FILTER_ATS,Filter,,,,,,,,,,,,,,
A,Annuale,ITE3,Marche,EXPMUN,Spesa dei comuni (euro),CDNUR,Nidi,MMETP,Comunale a gestione affidata a terzi,2023,9898129,,,FILTER_ATS,Filter,,,,,,,,,,,,,,
A,Annuale,ITE3,Marche,EXPMUN,Spesa dei comuni (euro),CDNUR,Nidi,PRPM,Privata con riserva di posti da parte del comune,2023,1094863,,,FILTER_ATS,Filter,,,,,,,,,,,,,,
A,Annuale,ITE3,Marche,EXPMUN,Spesa dei comuni (euro),CDNUR,Nidi,PCM,Privata senza riserva di posti da parte del comune,2023,172242,,,FILTER_ATS,Filter,,,,,,,,,,,,,,
A,Annuale,ITE3,Marche,EXPMUN,Spesa dei comuni (euro),CDNUR,Nidi,CFPPS,Contributi alle famiglie per servizi privati o pubblici,2023,391447,,,FILTER_ATS,Filter,,,,,,,,,,,,,,
A,Annuale,ITE3,Marche,EXPMUN,Spesa dei comuni (euro),CDNUR,Nidi,ALL,Tutte le voci,2023,24663029,,,FILTER_ATS,Filter,,,,,,,,,,,,,,
A,Annuale,ITE3,Marche,EXPMUN,Spesa dei comuni (euro),DNISC,Sezioni primavera,MDO,Comunale a gestione diretta,2023,277489,,,FILTER_ATS,Filter,,,,,,,,,,,,,,
A,Annuale,ITE3,Marche,EXPMUN,Spesa dei comuni (euro),DNISC,Sezioni primavera,MMETP,Comunale a gestione affidata a terzi,2023,331841,,,FILTER_ATS,Filter,,,,,,,,,,,,,,
A,Annuale,ITE3,Marche,EXPMUN,Spesa dei comuni (euro),DNISC,Sezioni primavera,PRPM,Privata con riserva di posti da parte del comune,2023,4998,,,FILTER_ATS,Filter,,,,,,,,,,,,,,
A,Annuale,ITE3,Marche,EXPMUN,Spesa dei comuni (euro),DNISC,Sezioni primavera,PCM,Privata senza riserva di posti da parte del comune,2023,0,,,FILTER_ATS,Filter,,,,,,,,,,,,,,
A,Annuale,ITE3,Marche,EXPMUN,Spesa dei comuni (euro),DNISC,Sezioni primavera,CFPPS,Contributi alle famiglie per servizi privati o pubblici,2023,0,,,FILTER_ATS,Filter,,,,,,,,,,,,,,
A,Annuale,ITE3,Marche,EXPMUN,Spesa dei comuni (euro),DNISC,Sezioni primavera,ALL,Tutte le voci,2023,614328,,,FILTER_ATS,Filter,,,,,,,,,,,,,,
A,Annuale,ITE3,Marche,EXPMUN,Spesa dei comuni (euro),ISERIDC,Servizi integrativi per la prima infanzia,MDO,Comunale a gestione diretta,2023,748520,,,FILTER_ATS,Filter,,,,,,,,,,,,,,
A,Annuale,ITE3,Marche,EXPMUN,Spesa dei comuni (euro),ISERIDC,Servizi integrativi per la prima infanzia,MMETP,Comunale a gestione affidata a terzi,2023,103371,,,FILTER_ATS,Filter,,,,,,,,,,,,,,
A,Annuale,ITE3,Marche,EXPMUN,Spesa dei comuni (euro),ISERIDC,Servizi integrativi per la prima infanzia,PRPM,Privata con riserva di posti da parte del comune,2023,11120,,,FILTER_ATS,Filter,,,,,,,,,,,,,,
A,Annuale,ITE3,Marche,EXPMUN,Spesa dei comuni (euro),ISERIDC,Servizi integrativi per la prima infanzia,PCM,Privata senza riserva di posti da parte del comune,2023,23646,,,FILTER_ATS,Filter,,,,,,,,,,,,,,
A,Annuale,ITE3,Marche,EXPMUN,Spesa dei comuni (euro),ISERIDC,Servizi integrativi per la prima infanzia,CFPPS,Contributi alle famiglie per servizi privati o pubblici,2023,115302,,,FILTER_ATS,Filter,,,,,,,,,,,,,,
A,Annuale,ITE3,Marche,EXPMUN,Spesa dei comuni (euro),ISERIDC,Servizi integrativi per la prima infanzia,ALL,Tutte le voci,2023,1001959,,,FILTER_ATS,Filter,,,,,,,,,,,,,,
A,Annuale,ITE3,Marche,EXPMUN,Spesa dei comuni (euro),ALL,Tutte le voci,MDO,Comunale a gestione diretta,2023,14132357,,,FILTER_ATS,Filter,,,,,,,,,,,,,,
A,Annuale,ITE3,Marche,EXPMUN,Spesa dei comuni (euro),ALL,Tutte le voci,MMETP,Comunale a gestione affidata a terzi,2023,10333341,,,FILTER_ATS,Filter,,,,,,,,,,,,,,
A,Annuale,ITE3,Marche,EXPMUN,Spesa dei comuni (euro),ALL,Tutte le voci,PRPM,Privata con riserva di posti da parte del comune,2023,1110981,,,FILTER_ATS,Filter,,,,,,,,,,,,,,
A,Annuale,ITE3,Marche,EXPMUN,Spesa dei comuni (euro),ALL,Tutte le voci,PCM,Privata senza riserva di posti da parte del comune,2023,195888,,,FILTER_ATS,Filter,,,,,,,,,,,,,,
A,Annuale,ITE3,Marche,EXPMUN,Spesa dei comuni (euro),ALL,Tutte le voci,CFPPS,Contributi alle famiglie per servizi privati o pubblici,2023,506749,,,FILTER_ATS,Filter,,,,,,,,,,,,,,
A,Annuale,ITE3,Marche,EXPMUN,Spesa dei comuni (euro),ALL,Tutte le voci,ALL,Tutte le voci,2023,26279316,,,FILTER_ATS,Filter,,,,,,,,,,,,,,
A,Annuale,ITE3,Marche,EXPUSERS,Compartecipazione degli utenti alla spesa totale (euro),DNUR,Nidi e sezioni primavera,MDO,Comunale a gestione diretta,2023,5797025,,,FILTER_ATS,Filter,,,,,,,,,,,,,,
A,Annuale,ITE3,Marche,EXPUSERS,Compartecipazione degli utenti alla spesa totale (euro),DNUR,Nidi e sezioni primavera,MMETP,Comunale a gestione affidata a terzi,2023,5208949,,,FILTER_ATS,Filter,,,,,,,,,,,,,,
A,Annuale,ITE3,Marche,EXPUSERS,Compartecipazione degli utenti alla spesa totale (euro),DNUR,Nidi e sezioni primavera,PRPM,Privata con riserva di posti da parte del comune,2023,0,,,FILTER_ATS,Filter,,,,,,,,,,,,,,
A,Annuale,ITE3,Marche,EXPUSERS,Compartecipazione degli utenti alla spesa totale (euro),DNUR,Nidi e sezioni primavera,ALL,Tutte le voci,2023,11005974,,,FILTER_ATS,Filter,,,,,,,,,,,,,,
A,Annuale,ITE3,Marche,EXPUSERS,Compartecipazione degli utenti alla spesa totale (euro),CDNUR,Nidi,MDO,Comunale a gestione diretta,2023,5613947,,,FILTER_ATS,Filter,,,,,,,,,,,,,,
A,Annuale,ITE3,Marche,EXPUSERS,Compartecipazione degli utenti alla spesa totale (euro),CDNUR,Nidi,MMETP,Comunale a gestione affidata a terzi,2023,5129427,,,FILTER_ATS,Filter,,,,,,,,,,,,,,
A,Annuale,ITE3,Marche,EXPUSERS,Compartecipazione degli utenti alla spesa totale (euro),CDNUR,Nidi,PRPM,Privata con riserva di posti da parte del comune,2023,0,,,FILTER_ATS,Filter,,,,,,,,,,,,,,
A,Annuale,ITE3,Marche,EXPUSERS,Compartecipazione degli utenti alla spesa totale (euro),CDNUR,Nidi,ALL,Tutte le voci,2023,10743374,,,FILTER_ATS,Filter,,,,,,,,,,,,,,
A,Annuale,ITE3,Marche,EXPUSERS,Compartecipazione degli utenti alla spesa totale (euro),DNISC,Sezioni primavera,MDO,Comunale a gestione diretta,2023,183078,,,FILTER_ATS,Filter,,,,,,,,,,,,,,
A,Annuale,ITE3,Marche,EXPUSERS,Compartecipazione degli utenti alla spesa totale (euro),DNISC,Sezioni primavera,MMETP,Comunale a gestione affidata a terzi,2023,79522,,,FILTER_ATS,Filter,,,,,,,,,,,,,,
A,Annuale,ITE3,Marche,EXPUSERS,Compartecipazione degli utenti alla spesa totale (euro),DNISC,Sezioni primavera,PRPM,Privata con riserva di posti da parte del comune,2023,0,,,FILTER_ATS,Filter,,,,,,,,,,,,,,
A,Annuale,ITE3,Marche,EXPUSERS,Compartecipazione degli utenti alla spesa totale (euro),DNISC,Sezioni primavera,ALL,Tutte le voci,2023,262600,,,FILTER_ATS,Filter,,,,,,,,,,,,,,
A,Annuale,ITE3,Marche,EXPUSERS,Compartecipazione degli utenti alla spesa totale (euro),ISERIDC,Servizi integrativi per la prima infanzia,MDO,Comunale a gestione diretta,2023,70192,,,FILTER_ATS,Filter,,,,,,,,,,,,,,
A,Annuale,ITE3,Marche,EXPUSERS,Compartecipazione degli utenti alla spesa totale (euro),ISERIDC,Servizi integrativi per la prima infanzia,MMETP,Comunale a gestione affidata a terzi,2023,68207,,,FILTER_ATS,Filter,,,,,,,,,,,,,,
A,Annuale,ITE3,Marche,EXPUSERS,Compartecipazione degli utenti alla spesa totale (euro),ISERIDC,Servizi integrativi per la prima infanzia,PRPM,Privata con riserva di posti da parte del comune,2023,0,,,FILTER_ATS,Filter,,,,,,,,,,,,,,
A,Annuale,ITE3,Marche,EXPUSERS,Compartecipazione degli utenti alla spesa totale (euro),ISERIDC,Servizi integrativi per la prima infanzia,ALL,Tutte le voci,2023,138399,,,FILTER_ATS,Filter,,,,,,,,,,,,,,
A,Annuale,ITE3,Marche,EXPUSERS,Compartecipazione degli utenti alla spesa totale (euro),ALL,Tutte le voci,MDO,Comunale a gestione diretta,2023,5867217,,,FILTER_ATS,Filter,,,,,,,,,,,,,,
A,Annuale,ITE3,Marche,EXPUSERS,Compartecipazione degli utenti alla spesa totale (euro),ALL,Tutte le voci,MMETP,Comunale a gestione affidata a terzi,2023,5277156,,,FILTER_ATS,Filter,,,,,,,,,,,,,,
A,Annuale,ITE3,Marche,EXPUSERS,Compartecipazione degli utenti alla spesa totale (euro),ALL,Tutte le voci,PRPM,Privata con riserva di posti da parte del comune,2023,0,,,FILTER_ATS,Filter,,,,,,,,,,,,,,
A,Annuale,ITE3,Marche,EXPUSERS,Compartecipazione degli utenti alla spesa totale (euro),ALL,Tutte le voci,ALL,Tutte le voci,2023,11144373,,,FILTER_ATS,Filter,,,,,,,,,,,,,,
A,Annuale,ITE3,Marche,PEREXPPU,Spesa sostenuta dagli utenti sulla spesa totale (percentuale),DNUR,Nidi e sezioni primavera,MDO,Comunale a gestione diretta,2023,30.2,,,FILTER_ATS,Filter,,,,,,,,,,,,,,
A,Annuale,ITE3,Marche,PEREXPPU,Spesa sostenuta dagli utenti sulla spesa totale (percentuale),DNUR,Nidi e sezioni primavera,MMETP,Comunale a gestione affidata a terzi,2023,33.7,,,FILTER_ATS,Filter,,,,,,,,,,,,,,
A,Annuale,ITE3,Marche,PEREXPPU,Spesa sostenuta dagli utenti sulla spesa totale (percentuale),DNUR,Nidi e sezioni primavera,PRPM,Privata con riserva di posti da parte del comune,2023,0,,,FILTER_ATS,Filter,,,,,,,,,,,,,,
A,Annuale,ITE3,Marche,PEREXPPU,Spesa sostenuta dagli utenti sulla spesa totale (percentuale),DNUR,Nidi e sezioni primavera,ALL,Tutte le voci,2023,30.3,,,FILTER_ATS,Filter,,,,,,,,,,,,,,
A,Annuale,ITE3,Marche,PEREXPPU,Spesa sostenuta dagli utenti sulla spesa totale (percentuale),CDNUR,Nidi,MDO,Comunale a gestione diretta,2023,30,,,FILTER_ATS,Filter,,,,,,,,,,,,,,
A,Annuale,ITE3,Marche,PEREXPPU,Spesa sostenuta dagli utenti sulla spesa totale (percentuale),CDNUR,Nidi,MMETP,Comunale a gestione affidata a terzi,2023,34.1,,,FILTER_ATS,Filter,,,,,,,,,,,,,,
A,Annuale,ITE3,Marche,PEREXPPU,Spesa sostenuta dagli utenti sulla spesa totale (percentuale),CDNUR,Nidi,PRPM,Privata con riserva di posti da parte del comune,2023,0,,,FILTER_ATS,Filter,,,,,,,,,,,,,,
A,Annuale,ITE3,Marche,PEREXPPU,Spesa sostenuta dagli utenti sulla spesa totale (percentuale),CDNUR,Nidi,ALL,Tutte le voci,2023,30.3,,,FILTER_ATS,Filter,,,,,,,,,,,,,,
A,Annuale,ITE3,Marche,PEREXPPU,Spesa sostenuta dagli utenti sulla spesa totale (percentuale),DNISC,Sezioni primavera,MDO,Comunale a gestione diretta,2023,39.8,,,FILTER_ATS,Filter,,,,,,,,,,,,,,
A,Annuale,ITE3,Marche,PEREXPPU,Spesa sostenuta dagli utenti sulla spesa totale (percentuale),DNISC,Sezioni primavera,MMETP,Comunale a gestione affidata a terzi,2023,19.3,,,FILTER_ATS,Filter,,,,,,,,,,,,,,
A,Annuale,ITE3,Marche,PEREXPPU,Spesa sostenuta dagli utenti sulla spesa totale (percentuale),DNISC,Sezioni primavera,PRPM,Privata con riserva di posti da parte del comune,2023,0,,,FILTER_ATS,Filter,,,,,,,,,,,,,,
A,Annuale,ITE3,Marche,PEREXPPU,Spesa sostenuta dagli utenti sulla spesa totale (percentuale),DNISC,Sezioni primavera,ALL,Tutte le voci,2023,29.9,,,FILTER_ATS,Filter,,,,,,,,,,,,,,
A,Annuale,ITE3,Marche,PEREXPPU,Spesa sostenuta dagli utenti sulla spesa totale (percentuale),ISERIDC,Servizi integrativi per la prima infanzia,MDO,Comunale a gestione diretta,2023,8.6,,,FILTER_ATS,Filter,,,,,,,,,,,,,,
A,Annuale,ITE3,Marche,PEREXPPU,Spesa sostenuta dagli utenti sulla spesa totale (percentuale),ISERIDC,Servizi integrativi per la prima infanzia,MMETP,Comunale a gestione affidata a terzi,2023,39.8,,,FILTER_ATS,Filter,,,,,,,,,,,,,,
A,Annuale,ITE3,Marche,PEREXPPU,Spesa sostenuta dagli utenti sulla spesa totale (percentuale),ISERIDC,Servizi integrativi per la prima infanzia,PRPM,Privata con riserva di posti da parte del comune,2023,0,,,FILTER_ATS,Filter,,,,,,,,,,,,,,
A,Annuale,ITE3,Marche,PEREXPPU,Spesa sostenuta dagli utenti sulla spesa totale (percentuale),ISERIDC,Servizi integrativi per la prima infanzia,ALL,Tutte le voci,2023,12.1,,,FILTER_ATS,Filter,,,,,,,,,,,,,,
A,Annuale,ITE3,Marche,PEREXPPU,Spesa sostenuta dagli utenti sulla spesa totale (percentuale),ALL,Tutte le voci,MDO,Comunale a gestione diretta,2023,29.3,,,FILTER_ATS,Filter,,,,,,,,,,,,,,
A,Annuale,ITE3,Marche,PEREXPPU,Spesa sostenuta dagli utenti sulla spesa totale (percentuale),ALL,Tutte le voci,MMETP,Comunale a gestione affidata a terzi,2023,33.8,,,FILTER_ATS,Filter,,,,,,,,,,,,,,
A,Annuale,ITE3,Marche,PEREXPPU,Spesa sostenuta dagli utenti sulla spesa totale (percentuale),ALL,Tutte le voci,PRPM,Privata con riserva di posti da parte del comune,2023,0,,,FILTER_ATS,Filter,,,,,,,,,,,,,,
A,Annuale,ITE3,Marche,PEREXPPU,Spesa sostenuta dagli utenti sulla spesa totale (percentuale),ALL,Tutte le voci,ALL,Tutte le voci,2023,29.8,,,FILTER_ATS,Filter,,,,,,,,,,,,,,
A,Annuale,ITE4,Lazio,USSSPM,Utenti,DNUR,Nidi e sezioni primavera,MDO,Comunale a gestione diretta,2023,15247,,,FILTER_ATS,Filter,,,,,,,,,,,,,,
A,Annuale,ITE4,Lazio,USSSPM,Utenti,DNUR,Nidi e sezioni primavera,MMETP,Comunale a gestione affidata a terzi,2023,4011,,,FILTER_ATS,Filter,,,,,,,,,,,,,,
A,Annuale,ITE4,Lazio,USSSPM,Utenti,DNUR,Nidi e sezioni primavera,PRPM,Privata con riserva di posti da parte del comune,2023,5752,,,FILTER_ATS,Filter,,,,,,,,,,,,,,
A,Annuale,ITE4,Lazio,USSSPM,Utenti,DNUR,Nidi e sezioni primavera,CFPPS,Contributi alle famiglie per servizi privati o pubblici,2023,537,,,FILTER_ATS,Filter,,,,,,,,,,,,,,
A,Annuale,ITE4,Lazio,USSSPM,Utenti,DNUR,Nidi e sezioni primavera,ALL,Tutte le voci,2023,25547,,,FILTER_ATS,Filter,,,,,,,,,,,,,,
A,Annuale,ITE4,Lazio,USSSPM,Utenti,CDNUR,Nidi,MDO,Comunale a gestione diretta,2023,14809,,,FILTER_ATS,Filter,,,,,,,,,,,,,,
A,Annuale,ITE4,Lazio,USSSPM,Utenti,CDNUR,Nidi,MMETP,Comunale a gestione affidata a terzi,2023,3890,,,FILTER_ATS,Filter,,,,,,,,,,,,,,
A,Annuale,ITE4,Lazio,USSSPM,Utenti,CDNUR,Nidi,PRPM,Privata con riserva di posti da parte del comune,2023,5752,,,FILTER_ATS,Filter,,,,,,,,,,,,,,
A,Annuale,ITE4,Lazio,USSSPM,Utenti,CDNUR,Nidi,CFPPS,Contributi alle famiglie per servizi privati o pubblici,2023,535,,,FILTER_ATS,Filter,,,,,,,,,,,,,,
A,Annuale,ITE4,Lazio,USSSPM,Utenti,CDNUR,Nidi,ALL,Tutte le voci,2023,24986,,,FILTER_ATS,Filter,,,,,,,,,,,,,,
A,Annuale,ITE4,Lazio,USSSPM,Utenti,DNISC,Sezioni primavera,MDO,Comunale a gestione diretta,2023,438,,,FILTER_ATS,Filter,,,,,,,,,,,,,,
A,Annuale,ITE4,Lazio,USSSPM,Utenti,DNISC,Sezioni primavera,MMETP,Comunale a gestione affidata a terzi,2023,121,,,FILTER_ATS,Filter,,,,,,,,,,,,,,
A,Annuale,ITE4,Lazio,USSSPM,Utenti,DNISC,Sezioni primavera,PRPM,Privata con riserva di posti da parte del comune,2023,0,,,FILTER_ATS,Filter,,,,,,,,,,,,,,
A,Annuale,ITE4,Lazio,USSSPM,Utenti,DNISC,Sezioni primavera,CFPPS,Contributi alle famiglie per servizi privati o pubblici,2023,2,,,FILTER_ATS,Filter,,,,,,,,,,,,,,
A,Annuale,ITE4,Lazio,USSSPM,Utenti,DNISC,Sezioni primavera,ALL,Tutte le voci,2023,561,,,FILTER_ATS,Filter,,,,,,,,,,,,,,
A,Annuale,ITE4,Lazio,USSSPM,Utenti,ISERIDC,Servizi integrativi per la prima infanzia,MDO,Comunale a gestione diretta,2023,0,,,FILTER_ATS,Filter,,,,,,,,,,,,,,
A,Annuale,ITE4,Lazio,USSSPM,Utenti,ISERIDC,Servizi integrativi per la prima infanzia,MMETP,Comunale a gestione affidata a terzi,2023,8,,,FILTER_ATS,Filter,,,,,,,,,,,,,,
A,Annuale,ITE4,Lazio,USSSPM,Utenti,ISERIDC,Servizi integrativi per la prima infanzia,PRPM,Privata con riserva di posti da parte del comune,2023,0,,,FILTER_ATS,Filter,,,,,,,,,,,,,,
A,Annuale,ITE4,Lazio,USSSPM,Utenti,ISERIDC,Servizi integrativi per la prima infanzia,CFPPS,Contributi alle famiglie per servizi privati o pubblici,2023,7,,,FILTER_ATS,Filter,,,,,,,,,,,,,,
A,Annuale,ITE4,Lazio,USSSPM,Utenti,ISERIDC,Servizi integrativi per la prima infanzia,ALL,Tutte le voci,2023,15,,,FILTER_ATS,Filter,,,,,,,,,,,,,,
A,Annuale,ITE4,Lazio,USSSPM,Utenti,ALL,Tutte le voci,MDO,Comunale a gestione diretta,2023,15247,,,FILTER_ATS,Filter,,,,,,,,,,,,,,
A,Annuale,ITE4,Lazio,USSSPM,Utenti,ALL,Tutte le voci,MMETP,Comunale a gestione affidata a terzi,2023,4019,,,FILTER_ATS,Filter,,,,,,,,,,,,,,
A,Annuale,ITE4,Lazio,USSSPM,Utenti,ALL,Tutte le voci,PRPM,Privata con riserva di posti da parte del comune,2023,5752,,,FILTER_ATS,Filter,,,,,,,,,,,,,,
A,Annuale,ITE4,Lazio,USSSPM,Utenti,ALL,Tutte le voci,CFPPS,Contributi alle famiglie per servizi privati o pubblici,2023,544,,,FILTER_ATS,Filter,,,,,,,,,,,,,,
A,Annuale,ITE4,Lazio,USSSPM,Utenti,ALL,Tutte le voci,ALL,Tutte le voci,2023,25562,,,FILTER_ATS,Filter,,,,,,,,,,,,,,
A,Annuale,ITE4,Lazio,TOTEXP,Totale spesa (euro),DNUR,Nidi e sezioni primavera,MDO,Comunale a gestione diretta,2023,193935759,,,FILTER_ATS,Filter,,,,,,,,,,,,,,
A,Annuale,ITE4,Lazio,TOTEXP,Totale spesa (euro),DNUR,Nidi e sezioni primavera,MMETP,Comunale a gestione affidata a terzi,2023,30758962,,,FILTER_ATS,Filter,,,,,,,,,,,,,,
A,Annuale,ITE4,Lazio,TOTEXP,Totale spesa (euro),DNUR,Nidi e sezioni primavera,PRPM,Privata con riserva di posti da parte del comune,2023,52239224,,,FILTER_ATS,Filter,,,,,,,,,,,,,,
A,Annuale,ITE4,Lazio,TOTEXP,Totale spesa (euro),DNUR,Nidi e sezioni primavera,PCM,Privata senza riserva di posti da parte del comune,2023,12480,,,FILTER_ATS,Filter,,,,,,,,,,,,,,
A,Annuale,ITE4,Lazio,TOTEXP,Totale spesa (euro),DNUR,Nidi e sezioni primavera,CFPPS,Contributi alle famiglie per servizi privati o pubblici,2023,1289814,,,FILTER_ATS,Filter,,,,,,,,,,,,,,
A,Annuale,ITE4,Lazio,TOTEXP,Totale spesa (euro),DNUR,Nidi e sezioni primavera,ALL,Tutte le voci,2023,278236239,,,FILTER_ATS,Filter,,,,,,,,,,,,,,
A,Annuale,ITE4,Lazio,TOTEXP,Totale spesa (euro),CDNUR,Nidi,MDO,Comunale a gestione diretta,2023,188497582,,,FILTER_ATS,Filter,,,,,,,,,,,,,,
A,Annuale,ITE4,Lazio,TOTEXP,Totale spesa (euro),CDNUR,Nidi,MMETP,Comunale a gestione affidata a terzi,2023,30387508,,,FILTER_ATS,Filter,,,,,,,,,,,,,,
A,Annuale,ITE4,Lazio,TOTEXP,Totale spesa (euro),CDNUR,Nidi,PRPM,Privata con riserva di posti da parte del comune,2023,52239224,,,FILTER_ATS,Filter,,,,,,,,,,,,,,
A,Annuale,ITE4,Lazio,TOTEXP,Totale spesa (euro),CDNUR,Nidi,PCM,Privata senza riserva di posti da parte del comune,2023,12480,,,FILTER_ATS,Filter,,,,,,,,,,,,,,
A,Annuale,ITE4,Lazio,TOTEXP,Totale spesa (euro),CDNUR,Nidi,CFPPS,Contributi alle famiglie per servizi privati o pubblici,2023,1289031,,,FILTER_ATS,Filter,,,,,,,,,,,,,,
A,Annuale,ITE4,Lazio,TOTEXP,Totale spesa (euro),CDNUR,Nidi,ALL,Tutte le voci,2023,272425825,,,FILTER_ATS,Filter,,,,,,,,,,,,,,
A,Annuale,ITE4,Lazio,TOTEXP,Totale spesa (euro),DNISC,Sezioni primavera,MDO,Comunale a gestione diretta,2023,5438177,,,FILTER_ATS,Filter,,,,,,,,,,,,,,
A,Annuale,ITE4,Lazio,TOTEXP,Totale spesa (euro),DNISC,Sezioni primavera,MMETP,Comunale a gestione affidata a terzi,2023,371454,,,FILTER_ATS,Filter,,,,,,,,,,,,,,
A,Annuale,ITE4,Lazio,TOTEXP,Totale spesa (euro),DNISC,Sezioni primavera,PRPM,Privata con riserva di posti da parte del comune,2023,0,,,FILTER_ATS,Filter,,,,,,,,,,,,,,
A,Annuale,ITE4,Lazio,TOTEXP,Totale spesa (euro),DNISC,Sezioni primavera,PCM,Privata senza riserva di posti da parte del comune,2023,0,,,FILTER_ATS,Filter,,,,,,,,,,,,,,
A,Annuale,ITE4,Lazio,TOTEXP,Totale spesa (euro),DNISC,Sezioni primavera,CFPPS,Contributi alle famiglie per servizi privati o pubblici,2023,783,,,FILTER_ATS,Filter,,,,,,,,,,,,,,
A,Annuale,ITE4,Lazio,TOTEXP,Totale spesa (euro),DNISC,Sezioni primavera,ALL,Tutte le voci,2023,5810414,,,FILTER_ATS,Filter,,,,,,,,,,,,,,
A,Annuale,ITE4,Lazio,TOTEXP,Totale spesa (euro),ISERIDC,Servizi integrativi per la prima infanzia,MDO,Comunale a gestione diretta,2023,0,,,FILTER_ATS,Filter,,,,,,,,,,,,,,
A,Annuale,ITE4,Lazio,TOTEXP,Totale spesa (euro),ISERIDC,Servizi integrativi per la prima infanzia,MMETP,Comunale a gestione affidata a terzi,2023,23000,,,FILTER_ATS,Filter,,,,,,,,,,,,,,
A,Annuale,ITE4,Lazio,TOTEXP,Totale spesa (euro),ISERIDC,Servizi integrativi per la prima infanzia,PRPM,Privata con riserva di posti da parte del comune,2023,0,,,FILTER_ATS,Filter,,,,,,,,,,,,,,
A,Annuale,ITE4,Lazio,TOTEXP,Totale spesa (euro),ISERIDC,Servizi integrativi per la prima infanzia,PCM,Privata senza riserva di posti da parte del comune,2023,0,,,FILTER_ATS,Filter,,,,,,,,,,,,,,
A,Annuale,ITE4,Lazio,TOTEXP,Totale spesa (euro),ISERIDC,Servizi integrativi per la prima infanzia,CFPPS,Contributi alle famiglie per servizi privati o pubblici,2023,8739,,,FILTER_ATS,Filter,,,,,,,,,,,,,,
A,Annuale,ITE4,Lazio,TOTEXP,Totale spesa (euro),ISERIDC,Servizi integrativi per la prima infanzia,ALL,Tutte le voci,2023,31739,,,FILTER_ATS,Filter,,,,,,,,,,,,,,
A,Annuale,ITE4,Lazio,TOTEXP,Totale spesa (euro),ALL,Tutte le voci,MDO,Comunale a gestione diretta,2023,193935759,,,FILTER_ATS,Filter,,,,,,,,,,,,,,
A,Annuale,ITE4,Lazio,TOTEXP,Totale spesa (euro),ALL,Tutte le voci,MMETP,Comunale a gestione affidata a terzi,2023,30781962,,,FILTER_ATS,Filter,,,,,,,,,,,,,,
A,Annuale,ITE4,Lazio,TOTEXP,Totale spesa (euro),ALL,Tutte le voci,PRPM,Privata con riserva di posti da parte del comune,2023,52239224,,,FILTER_ATS,Filter,,,,,,,,,,,,,,
A,Annuale,ITE4,Lazio,TOTEXP,Totale spesa (euro),ALL,Tutte le voci,PCM,Privata senza riserva di posti da parte del comune,2023,12480,,,FILTER_ATS,Filter,,,,,,,,,,,,,,
A,Annuale,ITE4,Lazio,TOTEXP,Totale spesa (euro),ALL,Tutte le voci,CFPPS,Contributi alle famiglie per servizi privati o pubblici,2023,1298553,,,FILTER_ATS,Filter,,,,,,,,,,,,,,
A,Annuale,ITE4,Lazio,TOTEXP,Totale spesa (euro),ALL,Tutte le voci,ALL,Tutte le voci,2023,278267978,,,FILTER_ATS,Filter,,,,,,,,,,,,,,
A,Annuale,ITE4,Lazio,EXPMUN,Spesa dei comuni (euro),DNUR,Nidi e sezioni primavera,MDO,Comunale a gestione diretta,2023,169450001,,,FILTER_ATS,Filter,,,,,,,,,,,,,,
A,Annuale,ITE4,Lazio,EXPMUN,Spesa dei comuni (euro),DNUR,Nidi e sezioni primavera,MMETP,Comunale a gestione affidata a terzi,2023,26032153,,,FILTER_ATS,Filter,,,,,,,,,,,,,,
A,Annuale,ITE4,Lazio,EXPMUN,Spesa dei comuni (euro),DNUR,Nidi e sezioni primavera,PRPM,Privata con riserva di posti da parte del comune,2023,42973807,,,FILTER_ATS,Filter,,,,,,,,,,,,,,
A,Annuale,ITE4,Lazio,EXPMUN,Spesa dei comuni (euro),DNUR,Nidi e sezioni primavera,PCM,Privata senza riserva di posti da parte del comune,2023,12480,,,FILTER_ATS,Filter,,,,,,,,,,,,,,
A,Annuale,ITE4,Lazio,EXPMUN,Spesa dei comuni (euro),DNUR,Nidi e sezioni primavera,CFPPS,Contributi alle famiglie per servizi privati o pubblici,2023,1289814,,,FILTER_ATS,Filter,,,,,,,,,,,,,,
A,Annuale,ITE4,Lazio,EXPMUN,Spesa dei comuni (euro),DNUR,Nidi e sezioni primavera,ALL,Tutte le voci,2023,239758255,,,FILTER_ATS,Filter,,,,,,,,,,,,,,
A,Annuale,ITE4,Lazio,EXPMUN,Spesa dei comuni (euro),CDNUR,Nidi,MDO,Comunale a gestione diretta,2023,164495765,,,FILTER_ATS,Filter,,,,,,,,,,,,,,
A,Annuale,ITE4,Lazio,EXPMUN,Spesa dei comuni (euro),CDNUR,Nidi,MMETP,Comunale a gestione affidata a terzi,2023,25724864,,,FILTER_ATS,Filter,,,,,,,,,,,,,,
A,Annuale,ITE4,Lazio,EXPMUN,Spesa dei comuni (euro),CDNUR,Nidi,PRPM,Privata con riserva di posti da parte del comune,2023,42973807,,,FILTER_ATS,Filter,,,,,,,,,,,,,,
A,Annuale,ITE4,Lazio,EXPMUN,Spesa dei comuni (euro),CDNUR,Nidi,PCM,Privata senza riserva di posti da parte del comune,2023,12480,,,FILTER_ATS,Filter,,,,,,,,,,,,,,
A,Annuale,ITE4,Lazio,EXPMUN,Spesa dei comuni (euro),CDNUR,Nidi,CFPPS,Contributi alle famiglie per servizi privati o pubblici,2023,1289031,,,FILTER_ATS,Filter,,,,,,,,,,,,,,
A,Annuale,ITE4,Lazio,EXPMUN,Spesa dei comuni (euro),CDNUR,Nidi,ALL,Tutte le voci,2023,234495947,,,FILTER_ATS,Filter,,,,,,,,,,,,,,
A,Annuale,ITE4,Lazio,EXPMUN,Spesa dei comuni (euro),DNISC,Sezioni primavera,MDO,Comunale a gestione diretta,2023,4954236,,,FILTER_ATS,Filter,,,,,,,,,,,,,,
A,Annuale,ITE4,Lazio,EXPMUN,Spesa dei comuni (euro),DNISC,Sezioni primavera,MMETP,Comunale a gestione affidata a terzi,2023,307289,,,FILTER_ATS,Filter,,,,,,,,,,,,,,
A,Annuale,ITE4,Lazio,EXPMUN,Spesa dei comuni (euro),DNISC,Sezioni primavera,PRPM,Privata con riserva di posti da parte del comune,2023,0,,,FILTER_ATS,Filter,,,,,,,,,,,,,,
A,Annuale,ITE4,Lazio,EXPMUN,Spesa dei comuni (euro),DNISC,Sezioni primavera,PCM,Privata senza riserva di posti da parte del comune,2023,0,,,FILTER_ATS,Filter,,,,,,,,,,,,,,
A,Annuale,ITE4,Lazio,EXPMUN,Spesa dei comuni (euro),DNISC,Sezioni primavera,CFPPS,Contributi alle famiglie per servizi privati o pubblici,2023,783,,,FILTER_ATS,Filter,,,,,,,,,,,,,,
A,Annuale,ITE4,Lazio,EXPMUN,Spesa dei comuni (euro),DNISC,Sezioni primavera,ALL,Tutte le voci,2023,5262308,,,FILTER_ATS,Filter,,,,,,,,,,,,,,
A,Annuale,ITE4,Lazio,EXPMUN,Spesa dei comuni (euro),ISERIDC,Servizi integrativi per la prima infanzia,MDO,Comunale a gestione diretta,2023,0,,,FILTER_ATS,Filter,,,,,,,,,,,,,,
A,Annuale,ITE4,Lazio,EXPMUN,Spesa dei comuni (euro),ISERIDC,Servizi integrativi per la prima infanzia,MMETP,Comunale a gestione affidata a terzi,2023,23000,,,FILTER_ATS,Filter,,,,,,,,,,,,,,
A,Annuale,ITE4,Lazio,EXPMUN,Spesa dei comuni (euro),ISERIDC,Servizi integrativi per la prima infanzia,PRPM,Privata con riserva di posti da parte del comune,2023,0,,,FILTER_ATS,Filter,,,,,,,,,,,,,,
A,Annuale,ITE4,Lazio,EXPMUN,Spesa dei comuni (euro),ISERIDC,Servizi integrativi per la prima infanzia,PCM,Privata senza riserva di posti da parte del comune,2023,0,,,FILTER_ATS,Filter,,,,,,,,,,,,,,
A,Annuale,ITE4,Lazio,EXPMUN,Spesa dei comuni (euro),ISERIDC,Servizi integrativi per la prima infanzia,CFPPS,Contributi alle famiglie per servizi privati o pubblici,2023,8739,,,FILTER_ATS,Filter,,,,,,,,,,,,,,
A,Annuale,ITE4,Lazio,EXPMUN,Spesa dei comuni (euro),ISERIDC,Servizi integrativi per la prima infanzia,ALL,Tutte le voci,2023,31739,,,FILTER_ATS,Filter,,,,,,,,,,,,,,
A,Annuale,ITE4,Lazio,EXPMUN,Spesa dei comuni (euro),ALL,Tutte le voci,MDO,Comunale a gestione diretta,2023,169450001,,,FILTER_ATS,Filter,,,,,,,,,,,,,,
A,Annuale,ITE4,Lazio,EXPMUN,Spesa dei comuni (euro),ALL,Tutte le voci,MMETP,Comunale a gestione affidata a terzi,2023,26055153,,,FILTER_ATS,Filter,,,,,,,,,,,,,,
A,Annuale,ITE4,Lazio,EXPMUN,Spesa dei comuni (euro),ALL,Tutte le voci,PRPM,Privata con riserva di posti da parte del comune,2023,42973807,,,FILTER_ATS,Filter,,,,,,,,,,,,,,
A,Annuale,ITE4,Lazio,EXPMUN,Spesa dei comuni (euro),ALL,Tutte le voci,PCM,Privata senza riserva di posti da parte del comune,2023,12480,,,FILTER_ATS,Filter,,,,,,,,,,,,,,
A,Annuale,ITE4,Lazio,EXPMUN,Spesa dei comuni (euro),ALL,Tutte le voci,CFPPS,Contributi alle famiglie per servizi privati o pubblici,2023,1298553,,,FILTER_ATS,Filter,,,,,,,,,,,,,,
A,Annuale,ITE4,Lazio,EXPMUN,Spesa dei comuni (euro),ALL,Tutte le voci,ALL,Tutte le voci,2023,239789994,,,FILTER_ATS,Filter,,,,,,,,,,,,,,
A,Annuale,ITE4,Lazio,EXPUSERS,Compartecipazione degli utenti alla spesa totale (euro),DNUR,Nidi e sezioni primavera,MDO,Comunale a gestione diretta,2023,24485758,,,FILTER_ATS,Filter,,,,,,,,,,,,,,
A,Annuale,ITE4,Lazio,EXPUSERS,Compartecipazione degli utenti alla spesa totale (euro),DNUR,Nidi e sezioni primavera,MMETP,Comunale a gestione affidata a terzi,2023,4726809,,,FILTER_ATS,Filter,,,,,,,,,,,,,,
A,Annuale,ITE4,Lazio,EXPUSERS,Compartecipazione degli utenti alla spesa totale (euro),DNUR,Nidi e sezioni primavera,PRPM,Privata con riserva di posti da parte del comune,2023,9265417,,,FILTER_ATS,Filter,,,,,,,,,,,,,,
A,Annuale,ITE4,Lazio,EXPUSERS,Compartecipazione degli utenti alla spesa totale (euro),DNUR,Nidi e sezioni primavera,ALL,Tutte le voci,2023,38477984,,,FILTER_ATS,Filter,,,,,,,,,,,,,,
A,Annuale,ITE4,Lazio,EXPUSERS,Compartecipazione degli utenti alla spesa totale (euro),CDNUR,Nidi,MDO,Comunale a gestione diretta,2023,24001817,,,FILTER_ATS,Filter,,,,,,,,,,,,,,
A,Annuale,ITE4,Lazio,EXPUSERS,Compartecipazione degli utenti alla spesa totale (euro),CDNUR,Nidi,MMETP,Comunale a gestione affidata a terzi,2023,4662644,,,FILTER_ATS,Filter,,,,,,,,,,,,,,
A,Annuale,ITE4,Lazio,EXPUSERS,Compartecipazione degli utenti alla spesa totale (euro),CDNUR,Nidi,PRPM,Privata con riserva di posti da parte del comune,2023,9265417,,,FILTER_ATS,Filter,,,,,,,,,,,,,,
A,Annuale,ITE4,Lazio,EXPUSERS,Compartecipazione degli utenti alla spesa totale (euro),CDNUR,Nidi,ALL,Tutte le voci,2023,37929878,,,FILTER_ATS,Filter,,,,,,,,,,,,,,
A,Annuale,ITE4,Lazio,EXPUSERS,Compartecipazione degli utenti alla spesa totale (euro),DNISC,Sezioni primavera,MDO,Comunale a gestione diretta,2023,483941,,,FILTER_ATS,Filter,,,,,,,,,,,,,,
A,Annuale,ITE4,Lazio,EXPUSERS,Compartecipazione degli utenti alla spesa totale (euro),DNISC,Sezioni primavera,MMETP,Comunale a gestione affidata a terzi,2023,64165,,,FILTER_ATS,Filter,,,,,,,,,,,,,,
A,Annuale,ITE4,Lazio,EXPUSERS,Compartecipazione degli utenti alla spesa totale (euro),DNISC,Sezioni primavera,PRPM,Privata con riserva di posti da parte del comune,2023,0,,,FILTER_ATS,Filter,,,,,,,,,,,,,,
A,Annuale,ITE4,Lazio,EXPUSERS,Compartecipazione degli utenti alla spesa totale (euro),DNISC,Sezioni primavera,ALL,Tutte le voci,2023,548106,,,FILTER_ATS,Filter,,,,,,,,,,,,,,
A,Annuale,ITE4,Lazio,EXPUSERS,Compartecipazione degli utenti alla spesa totale (euro),ISERIDC,Servizi integrativi per la prima infanzia,MDO,Comunale a gestione diretta,2023,0,,,FILTER_ATS,Filter,,,,,,,,,,,,,,
A,Annuale,ITE4,Lazio,EXPUSERS,Compartecipazione degli utenti alla spesa totale (euro),ISERIDC,Servizi integrativi per la prima infanzia,MMETP,Comunale a gestione affidata a terzi,2023,0,,,FILTER_ATS,Filter,,,,,,,,,,,,,,
A,Annuale,ITE4,Lazio,EXPUSERS,Compartecipazione degli utenti alla spesa totale (euro),ISERIDC,Servizi integrativi per la prima infanzia,PRPM,Privata con riserva di posti da parte del comune,2023,0,,,FILTER_ATS,Filter,,,,,,,,,,,,,,
A,Annuale,ITE4,Lazio,EXPUSERS,Compartecipazione degli utenti alla spesa totale (euro),ISERIDC,Servizi integrativi per la prima infanzia,ALL,Tutte le voci,2023,0,,,FILTER_ATS,Filter,,,,,,,,,,,,,,
A,Annuale,ITE4,Lazio,EXPUSERS,Compartecipazione degli utenti alla spesa totale (euro),ALL,Tutte le voci,MDO,Comunale a gestione diretta,2023,24485758,,,FILTER_ATS,Filter,,,,,,,,,,,,,,
A,Annuale,ITE4,Lazio,EXPUSERS,Compartecipazione degli utenti alla spesa totale (euro),ALL,Tutte le voci,MMETP,Comunale a gestione affidata a terzi,2023,4726809,,,FILTER_ATS,Filter,,,,,,,,,,,,,,
A,Annuale,ITE4,Lazio,EXPUSERS,Compartecipazione degli utenti alla spesa totale (euro),ALL,Tutte le voci,PRPM,Privata con riserva di posti da parte del comune,2023,9265417,,,FILTER_ATS,Filter,,,,,,,,,,,,,,
A,Annuale,ITE4,Lazio,EXPUSERS,Compartecipazione degli utenti alla spesa totale (euro),ALL,Tutte le voci,ALL,Tutte le voci,2023,38477984,,,FILTER_ATS,Filter,,,,,,,,,,,,,,
A,Annuale,ITE4,Lazio,PEREXPPU,Spesa sostenuta dagli utenti sulla spesa totale (percentuale),DNUR,Nidi e sezioni primavera,MDO,Comunale a gestione diretta,2023,12.6,,,FILTER_ATS,Filter,,,,,,,,,,,,,,
A,Annuale,ITE4,Lazio,PEREXPPU,Spesa sostenuta dagli utenti sulla spesa totale (percentuale),DNUR,Nidi e sezioni primavera,MMETP,Comunale a gestione affidata a terzi,2023,15.4,,,FILTER_ATS,Filter,,,,,,,,,,,,,,
A,Annuale,ITE4,Lazio,PEREXPPU,Spesa sostenuta dagli utenti sulla spesa totale (percentuale),DNUR,Nidi e sezioni primavera,PRPM,Privata con riserva di posti da parte del comune,2023,17.7,,,FILTER_ATS,Filter,,,,,,,,,,,,,,
A,Annuale,ITE4,Lazio,PEREXPPU,Spesa sostenuta dagli utenti sulla spesa totale (percentuale),DNUR,Nidi e sezioni primavera,ALL,Tutte le voci,2023,13.8,,,FILTER_ATS,Filter,,,,,,,,,,,,,,
A,Annuale,ITE4,Lazio,PEREXPPU,Spesa sostenuta dagli utenti sulla spesa totale (percentuale),CDNUR,Nidi,MDO,Comunale a gestione diretta,2023,12.7,,,FILTER_ATS,Filter,,,,,,,,,,,,,,
A,Annuale,ITE4,Lazio,PEREXPPU,Spesa sostenuta dagli utenti sulla spesa totale (percentuale),CDNUR,Nidi,MMETP,Comunale a gestione affidata a terzi,2023,15.3,,,FILTER_ATS,Filter,,,,,,,,,,,,,,
A,Annuale,ITE4,Lazio,PEREXPPU,Spesa sostenuta dagli utenti sulla spesa totale (percentuale),CDNUR,Nidi,PRPM,Privata con riserva di posti da parte del comune,2023,17.7,,,FILTER_ATS,Filter,,,,,,,,,,,,,,
A,Annuale,ITE4,Lazio,PEREXPPU,Spesa sostenuta dagli utenti sulla spesa totale (percentuale),CDNUR,Nidi,ALL,Tutte le voci,2023,13.9,,,FILTER_ATS,Filter,,,,,,,,,,,,,,
A,Annuale,ITE4,Lazio,PEREXPPU,Spesa sostenuta dagli utenti sulla spesa totale (percentuale),DNISC,Sezioni primavera,MDO,Comunale a gestione diretta,2023,8.9,,,FILTER_ATS,Filter,,,,,,,,,,,,,,
A,Annuale,ITE4,Lazio,PEREXPPU,Spesa sostenuta dagli utenti sulla spesa totale (percentuale),DNISC,Sezioni primavera,MMETP,Comunale a gestione affidata a terzi,2023,17.3,,,FILTER_ATS,Filter,,,,,,,,,,,,,,
A,Annuale,ITE4,Lazio,PEREXPPU,Spesa sostenuta dagli utenti sulla spesa totale (percentuale),DNISC,Sezioni primavera,PRPM,Privata con riserva di posti da parte del comune,2023,0,,,FILTER_ATS,Filter,,,,,,,,,,,,,,
A,Annuale,ITE4,Lazio,PEREXPPU,Spesa sostenuta dagli utenti sulla spesa totale (percentuale),DNISC,Sezioni primavera,ALL,Tutte le voci,2023,9.4,,,FILTER_ATS,Filter,,,,,,,,,,,,,,
A,Annuale,ITE4,Lazio,PEREXPPU,Spesa sostenuta dagli utenti sulla spesa totale (percentuale),ISERIDC,Servizi integrativi per la prima infanzia,MDO,Comunale a gestione diretta,2023,0,,,FILTER_ATS,Filter,,,,,,,,,,,,,,
A,Annuale,ITE4,Lazio,PEREXPPU,Spesa sostenuta dagli utenti sulla spesa totale (percentuale),ISERIDC,Servizi integrativi per la prima infanzia,MMETP,Comunale a gestione affidata a terzi,2023,0,,,FILTER_ATS,Filter,,,,,,,,,,,,,,
A,Annuale,ITE4,Lazio,PEREXPPU,Spesa sostenuta dagli utenti sulla spesa totale (percentuale),ISERIDC,Servizi integrativi per la prima infanzia,PRPM,Privata con riserva di posti da parte del comune,2023,0,,,FILTER_ATS,Filter,,,,,,,,,,,,,,
A,Annuale,ITE4,Lazio,PEREXPPU,Spesa sostenuta dagli utenti sulla spesa totale (percentuale),ISERIDC,Servizi integrativi per la prima infanzia,ALL,Tutte le voci,2023,0,,,FILTER_ATS,Filter,,,,,,,,,,,,,,
A,Annuale,ITE4,Lazio,PEREXPPU,Spesa sostenuta dagli utenti sulla spesa totale (percentuale),ALL,Tutte le voci,MDO,Comunale a gestione diretta,2023,12.6,,,FILTER_ATS,Filter,,,,,,,,,,,,,,
A,Annuale,ITE4,Lazio,PEREXPPU,Spesa sostenuta dagli utenti sulla spesa totale (percentuale),ALL,Tutte le voci,MMETP,Comunale a gestione affidata a terzi,2023,15.4,,,FILTER_ATS,Filter,,,,,,,,,,,,,,
A,Annuale,ITE4,Lazio,PEREXPPU,Spesa sostenuta dagli utenti sulla spesa totale (percentuale),ALL,Tutte le voci,PRPM,Privata con riserva di posti da parte del comune,2023,17.7,,,FILTER_ATS,Filter,,,,,,,,,,,,,,
A,Annuale,ITE4,Lazio,PEREXPPU,Spesa sostenuta dagli utenti sulla spesa totale (percentuale),ALL,Tutte le voci,ALL,Tutte le voci,2023,13.8,,,FILTER_ATS,Filter,,,,,,,,,,,,,,
A,Annuale,ITFG,Mezzogiorno,USSSPM,Utenti,DNUR,Nidi e sezioni primavera,MDO,Comunale a gestione diretta,2023,10849,,,FILTER_ATS,Filter,,,,,,,,,,,,,,
A,Annuale,ITFG,Mezzogiorno,USSSPM,Utenti,DNUR,Nidi e sezioni primavera,MMETP,Comunale a gestione affidata a terzi,2023,15110,,,FILTER_ATS,Filter,,,,,,,,,,,,,,
A,Annuale,ITFG,Mezzogiorno,USSSPM,Utenti,DNUR,Nidi e sezioni primavera,PRPM,Privata con riserva di posti da parte del comune,2023,5008,,,FILTER_ATS,Filter,,,,,,,,,,,,,,
A,Annuale,ITFG,Mezzogiorno,USSSPM,Utenti,DNUR,Nidi e sezioni primavera,CFPPS,Contributi alle famiglie per servizi privati o pubblici,2023,9604,,,FILTER_ATS,Filter,,,,,,,,,,,,,,
A,Annuale,ITFG,Mezzogiorno,USSSPM,Utenti,DNUR,Nidi e sezioni primavera,ALL,Tutte le voci,2023,40571,,,FILTER_ATS,Filter,,,,,,,,,,,,,,
A,Annuale,ITFG,Mezzogiorno,USSSPM,Utenti,CDNUR,Nidi,MDO,Comunale a gestione diretta,2023,10235,,,FILTER_ATS,Filter,,,,,,,,,,,,,,
A,Annuale,ITFG,Mezzogiorno,USSSPM,Utenti,CDNUR,Nidi,MMETP,Comunale a gestione affidata a terzi,2023,13776,,,FILTER_ATS,Filter,,,,,,,,,,,,,,
A,Annuale,ITFG,Mezzogiorno,USSSPM,Utenti,CDNUR,Nidi,PRPM,Privata con riserva di posti da parte del comune,2023,3997,,,FILTER_ATS,Filter,,,,,,,,,,,,,,
A,Annuale,ITFG,Mezzogiorno,USSSPM,Utenti,CDNUR,Nidi,CFPPS,Contributi alle famiglie per servizi privati o pubblici,2023,8097,,,FILTER_ATS,Filter,,,,,,,,,,,,,,
A,Annuale,ITFG,Mezzogiorno,USSSPM,Utenti,CDNUR,Nidi,ALL,Tutte le voci,2023,36105,,,FILTER_ATS,Filter,,,,,,,,,,,,,,
A,Annuale,ITFG,Mezzogiorno,USSSPM,Utenti,DNISC,Sezioni primavera,MDO,Comunale a gestione diretta,2023,614,,,FILTER_ATS,Filter,,,,,,,,,,,,,,
A,Annuale,ITFG,Mezzogiorno,USSSPM,Utenti,DNISC,Sezioni primavera,MMETP,Comunale a gestione affidata a terzi,2023,1334,,,FILTER_ATS,Filter,,,,,,,,,,,,,,
A,Annuale,ITFG,Mezzogiorno,USSSPM,Utenti,DNISC,Sezioni primavera,PRPM,Privata con riserva di posti da parte del comune,2023,1011,,,FILTER_ATS,Filter,,,,,,,,,,,,,,
A,Annuale,ITFG,Mezzogiorno,USSSPM,Utenti,DNISC,Sezioni primavera,CFPPS,Contributi alle famiglie per servizi privati o pubblici,2023,1507,,,FILTER_ATS,Filter,,,,,,,,,,,,,,
A,Annuale,ITFG,Mezzogiorno,USSSPM,Utenti,DNISC,Sezioni primavera,ALL,Tutte le voci,2023,4466,,,FILTER_ATS,Filter,,,,,,,,,,,,,,
A,Annuale,ITFG,Mezzogiorno,USSSPM,Utenti,ISERIDC,Servizi integrativi per la prima infanzia,MDO,Comunale a gestione diretta,2023,348,,,FILTER_ATS,Filter,,,,,,,,,,,,,,
A,Annuale,ITFG,Mezzogiorno,USSSPM,Utenti,ISERIDC,Servizi integrativi per la prima infanzia,MMETP,Comunale a gestione affidata a terzi,2023,776,,,FILTER_ATS,Filter,,,,,,,,,,,,,,
A,Annuale,ITFG,Mezzogiorno,USSSPM,Utenti,ISERIDC,Servizi integrativi per la prima infanzia,PRPM,Privata con riserva di posti da parte del comune,2023,358,,,FILTER_ATS,Filter,,,,,,,,,,,,,,
A,Annuale,ITFG,Mezzogiorno,USSSPM,Utenti,ISERIDC,Servizi integrativi per la prima infanzia,CFPPS,Contributi alle famiglie per servizi privati o pubblici,2023,957,,,FILTER_ATS,Filter,,,,,,,,,,,,,,
A,Annuale,ITFG,Mezzogiorno,USSSPM,Utenti,ISERIDC,Servizi integrativi per la prima infanzia,ALL,Tutte le voci,2023,2439,,,FILTER_ATS,Filter,,,,,,,,,,,,,,
A,Annuale,ITFG,Mezzogiorno,USSSPM,Utenti,ALL,Tutte le voci,MDO,Comunale a gestione diretta,2023,11197,,,FILTER_ATS,Filter,,,,,,,,,,,,,,
A,Annuale,ITFG,Mezzogiorno,USSSPM,Utenti,ALL,Tutte le voci,MMETP,Comunale a gestione affidata a terzi,2023,15886,,,FILTER_ATS,Filter,,,,,,,,,,,,,,
A,Annuale,ITFG,Mezzogiorno,USSSPM,Utenti,ALL,Tutte le voci,PRPM,Privata con riserva di posti da parte del comune,2023,5366,,,FILTER_ATS,Filter,,,,,,,,,,,,,,
A,Annuale,ITFG,Mezzogiorno,USSSPM,Utenti,ALL,Tutte le voci,CFPPS,Contributi alle famiglie per servizi privati o pubblici,2023,10561,,,FILTER_ATS,Filter,,,,,,,,,,,,,,
A,Annuale,ITFG,Mezzogiorno,USSSPM,Utenti,ALL,Tutte le voci,ALL,Tutte le voci,2023,43010,,,FILTER_ATS,Filter,,,,,,,,,,,,,,
A,Annuale,ITFG,Mezzogiorno,TOTEXP,Totale spesa (euro),DNUR,Nidi e sezioni primavera,MDO,Comunale a gestione diretta,2023,102110697,,,FILTER_ATS,Filter,,,,,,,,,,,,,,
A,Annuale,ITFG,Mezzogiorno,TOTEXP,Totale spesa (euro),DNUR,Nidi e sezioni primavera,MMETP,Comunale a gestione affidata a terzi,2023,88605721,,,FILTER_ATS,Filter,,,,,,,,,,,,,,
A,Annuale,ITFG,Mezzogiorno,TOTEXP,Totale spesa (euro),DNUR,Nidi e sezioni primavera,PRPM,Privata con riserva di posti da parte del comune,2023,20205743,,,FILTER_ATS,Filter,,,,,,,,,,,,,,
A,Annuale,ITFG,Mezzogiorno,TOTEXP,Totale spesa (euro),DNUR,Nidi e sezioni primavera,PCM,Privata senza riserva di posti da parte del comune,2023,3122007,,,FILTER_ATS,Filter,,,,,,,,,,,,,,
A,Annuale,ITFG,Mezzogiorno,TOTEXP,Totale spesa (euro),DNUR,Nidi e sezioni primavera,CFPPS,Contributi alle famiglie per servizi privati o pubblici,2023,32519649,,,FILTER_ATS,Filter,,,,,,,,,,,,,,
A,Annuale,ITFG,Mezzogiorno,TOTEXP,Totale spesa (euro),DNUR,Nidi e sezioni primavera,ALL,Tutte le voci,2023,246563817,,,FILTER_ATS,Filter,,,,,,,,,,,,,,
A,Annuale,ITFG,Mezzogiorno,TOTEXP,Totale spesa (euro),CDNUR,Nidi,MDO,Comunale a gestione diretta,2023,97949007,,,FILTER_ATS,Filter,,,,,,,,,,,,,,
A,Annuale,ITFG,Mezzogiorno,TOTEXP,Totale spesa (euro),CDNUR,Nidi,MMETP,Comunale a gestione affidata a terzi,2023,83887893,,,FILTER_ATS,Filter,,,,,,,,,,,,,,
A,Annuale,ITFG,Mezzogiorno,TOTEXP,Totale spesa (euro),CDNUR,Nidi,PRPM,Privata con riserva di posti da parte del comune,2023,17660110,,,FILTER_ATS,Filter,,,,,,,,,,,,,,
A,Annuale,ITFG,Mezzogiorno,TOTEXP,Totale spesa (euro),CDNUR,Nidi,PCM,Privata senza riserva di posti da parte del comune,2023,1597310,,,FILTER_ATS,Filter,,,,,,,,,,,,,,
A,Annuale,ITFG,Mezzogiorno,TOTEXP,Totale spesa (euro),CDNUR,Nidi,CFPPS,Contributi alle famiglie per servizi privati o pubblici,2023,27597347,,,FILTER_ATS,Filter,,,,,,,,,,,,,,
A,Annuale,ITFG,Mezzogiorno,TOTEXP,Totale spesa (euro),CDNUR,Nidi,ALL,Tutte le voci,2023,228691667,,,FILTER_ATS,Filter,,,,,,,,,,,,,,
A,Annuale,ITFG,Mezzogiorno,TOTEXP,Totale spesa (euro),DNISC,Sezioni primavera,MDO,Comunale a gestione diretta,2023,4161690,,,FILTER_ATS,Filter,,,,,,,,,,,,,,
A,Annuale,ITFG,Mezzogiorno,TOTEXP,Totale spesa (euro),DNISC,Sezioni primavera,MMETP,Comunale a gestione affidata a terzi,2023,4717828,,,FILTER_ATS,Filter,,,,,,,,,,,,,,
A,Annuale,ITFG,Mezzogiorno,TOTEXP,Totale spesa (euro),DNISC,Sezioni primavera,PRPM,Privata con riserva di posti da parte del comune,2023,2545633,,,FILTER_ATS,Filter,,,,,,,,,,,,,,
A,Annuale,ITFG,Mezzogiorno,TOTEXP,Totale spesa (euro),DNISC,Sezioni primavera,PCM,Privata senza riserva di posti da parte del comune,2023,1524697,,,FILTER_ATS,Filter,,,,,,,,,,,,,,
A,Annuale,ITFG,Mezzogiorno,TOTEXP,Totale spesa (euro),DNISC,Sezioni primavera,CFPPS,Contributi alle famiglie per servizi privati o pubblici,2023,4922302,,,FILTER_ATS,Filter,,,,,,,,,,,,,,
A,Annuale,ITFG,Mezzogiorno,TOTEXP,Totale spesa (euro),DNISC,Sezioni primavera,ALL,Tutte le voci,2023,17872150,,,FILTER_ATS,Filter,,,,,,,,,,,,,,
A,Annuale,ITFG,Mezzogiorno,TOTEXP,Totale spesa (euro),ISERIDC,Servizi integrativi per la prima infanzia,MDO,Comunale a gestione diretta,2023,1268766,,,FILTER_ATS,Filter,,,,,,,,,,,,,,
A,Annuale,ITFG,Mezzogiorno,TOTEXP,Totale spesa (euro),ISERIDC,Servizi integrativi per la prima infanzia,MMETP,Comunale a gestione affidata a terzi,2023,2507484,,,FILTER_ATS,Filter,,,,,,,,,,,,,,
A,Annuale,ITFG,Mezzogiorno,TOTEXP,Totale spesa (euro),ISERIDC,Servizi integrativi per la prima infanzia,PRPM,Privata con riserva di posti da parte del comune,2023,1096105,,,FILTER_ATS,Filter,,,,,,,,,,,,,,
A,Annuale,ITFG,Mezzogiorno,TOTEXP,Totale spesa (euro),ISERIDC,Servizi integrativi per la prima infanzia,PCM,Privata senza riserva di posti da parte del comune,2023,302970,,,FILTER_ATS,Filter,,,,,,,,,,,,,,
A,Annuale,ITFG,Mezzogiorno,TOTEXP,Totale spesa (euro),ISERIDC,Servizi integrativi per la prima infanzia,CFPPS,Contributi alle famiglie per servizi privati o pubblici,2023,2366442,,,FILTER_ATS,Filter,,,,,,,,,,,,,,
A,Annuale,ITFG,Mezzogiorno,TOTEXP,Totale spesa (euro),ISERIDC,Servizi integrativi per la prima infanzia,ALL,Tutte le voci,2023,7541767,,,FILTER_ATS,Filter,,,,,,,,,,,,,,
A,Annuale,ITFG,Mezzogiorno,TOTEXP,Totale spesa (euro),ALL,Tutte le voci,MDO,Comunale a gestione diretta,2023,103379463,,,FILTER_ATS,Filter,,,,,,,,,,,,,,
A,Annuale,ITFG,Mezzogiorno,TOTEXP,Totale spesa (euro),ALL,Tutte le voci,MMETP,Comunale a gestione affidata a terzi,2023,91113205,,,FILTER_ATS,Filter,,,,,,,,,,,,,,
A,Annuale,ITFG,Mezzogiorno,TOTEXP,Totale spesa (euro),ALL,Tutte le voci,PRPM,Privata con riserva di posti da parte del comune,2023,21301848,,,FILTER_ATS,Filter,,,,,,,,,,,,,,
A,Annuale,ITFG,Mezzogiorno,TOTEXP,Totale spesa (euro),ALL,Tutte le voci,PCM,Privata senza riserva di posti da parte del comune,2023,3424977,,,FILTER_ATS,Filter,,,,,,,,,,,,,,
A,Annuale,ITFG,Mezzogiorno,TOTEXP,Totale spesa (euro),ALL,Tutte le voci,CFPPS,Contributi alle famiglie per servizi privati o pubblici,2023,34886091,,,FILTER_ATS,Filter,,,,,,,,,,,,,,
A,Annuale,ITFG,Mezzogiorno,TOTEXP,Totale spesa (euro),ALL,Tutte le voci,ALL,Tutte le voci,2023,254105584,,,FILTER_ATS,Filter,,,,,,,,,,,,,,
A,Annuale,ITFG,Mezzogiorno,EXPMUN,Spesa dei comuni (euro),DNUR,Nidi e sezioni primavera,MDO,Comunale a gestione diretta,2023,90251166,,,FILTER_ATS,Filter,,,,,,,,,,,,,,
A,Annuale,ITFG,Mezzogiorno,EXPMUN,Spesa dei comuni (euro),DNUR,Nidi e sezioni primavera,MMETP,Comunale a gestione affidata a terzi,2023,74624208,,,FILTER_ATS,Filter,,,,,,,,,,,,,,
A,Annuale,ITFG,Mezzogiorno,EXPMUN,Spesa dei comuni (euro),DNUR,Nidi e sezioni primavera,PRPM,Privata con riserva di posti da parte del comune,2023,17974431,,,FILTER_ATS,Filter,,,,,,,,,,,,,,
A,Annuale,ITFG,Mezzogiorno,EXPMUN,Spesa dei comuni (euro),DNUR,Nidi e sezioni primavera,PCM,Privata senza riserva di posti da parte del comune,2023,3122007,,,FILTER_ATS,Filter,,,,,,,,,,,,,,
A,Annuale,ITFG,Mezzogiorno,EXPMUN,Spesa dei comuni (euro),DNUR,Nidi e sezioni primavera,CFPPS,Contributi alle famiglie per servizi privati o pubblici,2023,32519649,,,FILTER_ATS,Filter,,,,,,,,,,,,,,
A,Annuale,ITFG,Mezzogiorno,EXPMUN,Spesa dei comuni (euro),DNUR,Nidi e sezioni primavera,ALL,Tutte le voci,2023,218491461,,,FILTER_ATS,Filter,,,,,,,,,,,,,,
A,Annuale,ITFG,Mezzogiorno,EXPMUN,Spesa dei comuni (euro),CDNUR,Nidi,MDO,Comunale a gestione diretta,2023,86671701,,,FILTER_ATS,Filter,,,,,,,,,,,,,,
A,Annuale,ITFG,Mezzogiorno,EXPMUN,Spesa dei comuni (euro),CDNUR,Nidi,MMETP,Comunale a gestione affidata a terzi,2023,70513555,,,FILTER_ATS,Filter,,,,,,,,,,,,,,
A,Annuale,ITFG,Mezzogiorno,EXPMUN,Spesa dei comuni (euro),CDNUR,Nidi,PRPM,Privata con riserva di posti da parte del comune,2023,15746608,,,FILTER_ATS,Filter,,,,,,,,,,,,,,
A,Annuale,ITFG,Mezzogiorno,EXPMUN,Spesa dei comuni (euro),CDNUR,Nidi,PCM,Privata senza riserva di posti da parte del comune,2023,1597310,,,FILTER_ATS,Filter,,,,,,,,,,,,,,
A,Annuale,ITFG,Mezzogiorno,EXPMUN,Spesa dei comuni (euro),CDNUR,Nidi,CFPPS,Contributi alle famiglie per servizi privati o pubblici,2023,27597347,,,FILTER_ATS,Filter,,,,,,,,,,,,,,
A,Annuale,ITFG,Mezzogiorno,EXPMUN,Spesa dei comuni (euro),CDNUR,Nidi,ALL,Tutte le voci,2023,202126521,,,FILTER_ATS,Filter,,,,,,,,,,,,,,
A,Annuale,ITFG,Mezzogiorno,EXPMUN,Spesa dei comuni (euro),DNISC,Sezioni primavera,MDO,Comunale a gestione diretta,2023,3579465,,,FILTER_ATS,Filter,,,,,,,,,,,,,,
A,Annuale,ITFG,Mezzogiorno,EXPMUN,Spesa dei comuni (euro),DNISC,Sezioni primavera,MMETP,Comunale a gestione affidata a terzi,2023,4110653,,,FILTER_ATS,Filter,,,,,,,,,,,,,,
A,Annuale,ITFG,Mezzogiorno,EXPMUN,Spesa dei comuni (euro),DNISC,Sezioni primavera,PRPM,Privata con riserva di posti da parte del comune,2023,2227823,,,FILTER_ATS,Filter,,,,,,,,,,,,,,
A,Annuale,ITFG,Mezzogiorno,EXPMUN,Spesa dei comuni (euro),DNISC,Sezioni primavera,PCM,Privata senza riserva di posti da parte del comune,2023,1524697,,,FILTER_ATS,Filter,,,,,,,,,,,,,,
A,Annuale,ITFG,Mezzogiorno,EXPMUN,Spesa dei comuni (euro),DNISC,Sezioni primavera,CFPPS,Contributi alle famiglie per servizi privati o pubblici,2023,4922302,,,FILTER_ATS,Filter,,,,,,,,,,,,,,
A,Annuale,ITFG,Mezzogiorno,EXPMUN,Spesa dei comuni (euro),DNISC,Sezioni primavera,ALL,Tutte le voci,2023,16364940,,,FILTER_ATS,Filter,,,,,,,,,,,,,,
A,Annuale,ITFG,Mezzogiorno,EXPMUN,Spesa dei comuni (euro),ISERIDC,Servizi integrativi per la prima infanzia,MDO,Comunale a gestione diretta,2023,1158729,,,FILTER_ATS,Filter,,,,,,,,,,,,,,
A,Annuale,ITFG,Mezzogiorno,EXPMUN,Spesa dei comuni (euro),ISERIDC,Servizi integrativi per la prima infanzia,MMETP,Comunale a gestione affidata a terzi,2023,2417543,,,FILTER_ATS,Filter,,,,,,,,,,,,,,
A,Annuale,ITFG,Mezzogiorno,EXPMUN,Spesa dei comuni (euro),ISERIDC,Servizi integrativi per la prima infanzia,PRPM,Privata con riserva di posti da parte del comune,2023,1017720,,,FILTER_ATS,Filter,,,,,,,,,,,,,,
A,Annuale,ITFG,Mezzogiorno,EXPMUN,Spesa dei comuni (euro),ISERIDC,Servizi integrativi per la prima infanzia,PCM,Privata senza riserva di posti da parte del comune,2023,302970,,,FILTER_ATS,Filter,,,,,,,,,,,,,,
A,Annuale,ITFG,Mezzogiorno,EXPMUN,Spesa dei comuni (euro),ISERIDC,Servizi integrativi per la prima infanzia,CFPPS,Contributi alle famiglie per servizi privati o pubblici,2023,2366442,,,FILTER_ATS,Filter,,,,,,,,,,,,,,
A,Annuale,ITFG,Mezzogiorno,EXPMUN,Spesa dei comuni (euro),ISERIDC,Servizi integrativi per la prima infanzia,ALL,Tutte le voci,2023,7263404,,,FILTER_ATS,Filter,,,,,,,,,,,,,,
A,Annuale,ITFG,Mezzogiorno,EXPMUN,Spesa dei comuni (euro),ALL,Tutte le voci,MDO,Comunale a gestione diretta,2023,91409895,,,FILTER_ATS,Filter,,,,,,,,,,,,,,
A,Annuale,ITFG,Mezzogiorno,EXPMUN,Spesa dei comuni (euro),ALL,Tutte le voci,MMETP,Comunale a gestione affidata a terzi,2023,77041751,,,FILTER_ATS,Filter,,,,,,,,,,,,,,
A,Annuale,ITFG,Mezzogiorno,EXPMUN,Spesa dei comuni (euro),ALL,Tutte le voci,PRPM,Privata con riserva di posti da parte del comune,2023,18992151,,,FILTER_ATS,Filter,,,,,,,,,,,,,,
A,Annuale,ITFG,Mezzogiorno,EXPMUN,Spesa dei comuni (euro),ALL,Tutte le voci,PCM,Privata senza riserva di posti da parte del comune,2023,3424977,,,FILTER_ATS,Filter,,,,,,,,,,,,,,
A,Annuale,ITFG,Mezzogiorno,EXPMUN,Spesa dei comuni (euro),ALL,Tutte le voci,CFPPS,Contributi alle famiglie per servizi privati o pubblici,2023,34886091,,,FILTER_ATS,Filter,,,,,,,,,,,,,,
A,Annuale,ITFG,Mezzogiorno,EXPMUN,Spesa dei comuni (euro),ALL,Tutte le voci,ALL,Tutte le voci,2023,225754865,,,FILTER_ATS,Filter,,,,,,,,,,,,,,
A,Annuale,ITFG,Mezzogiorno,EXPUSERS,Compartecipazione degli utenti alla spesa totale (euro),DNUR,Nidi e sezioni primavera,MDO,Comunale a gestione diretta,2023,11859531,,,FILTER_ATS,Filter,,,,,,,,,,,,,,
A,Annuale,ITFG,Mezzogiorno,EXPUSERS,Compartecipazione degli utenti alla spesa totale (euro),DNUR,Nidi e sezioni primavera,MMETP,Comunale a gestione affidata a terzi,2023,13981513,,,FILTER_ATS,Filter,,,,,,,,,,,,,,
A,Annuale,ITFG,Mezzogiorno,EXPUSERS,Compartecipazione degli utenti alla spesa totale (euro),DNUR,Nidi e sezioni primavera,PRPM,Privata con riserva di posti da parte del comune,2023,2231312,,,FILTER_ATS,Filter,,,,,,,,,,,,,,
A,Annuale,ITFG,Mezzogiorno,EXPUSERS,Compartecipazione degli utenti alla spesa totale (euro),DNUR,Nidi e sezioni primavera,ALL,Tutte le voci,2023,28072356,,,FILTER_ATS,Filter,,,,,,,,,,,,,,
A,Annuale,ITFG,Mezzogiorno,EXPUSERS,Compartecipazione degli utenti alla spesa totale (euro),CDNUR,Nidi,MDO,Comunale a gestione diretta,2023,11277306,,,FILTER_ATS,Filter,,,,,,,,,,,,,,
A,Annuale,ITFG,Mezzogiorno,EXPUSERS,Compartecipazione degli utenti alla spesa totale (euro),CDNUR,Nidi,MMETP,Comunale a gestione affidata a terzi,2023,13374338,,,FILTER_ATS,Filter,,,,,,,,,,,,,,
A,Annuale,ITFG,Mezzogiorno,EXPUSERS,Compartecipazione degli utenti alla spesa totale (euro),CDNUR,Nidi,PRPM,Privata con riserva di posti da parte del comune,2023,1913502,,,FILTER_ATS,Filter,,,,,,,,,,,,,,
A,Annuale,ITFG,Mezzogiorno,EXPUSERS,Compartecipazione degli utenti alla spesa totale (euro),CDNUR,Nidi,ALL,Tutte le voci,2023,26565146,,,FILTER_ATS,Filter,,,,,,,,,,,,,,
A,Annuale,ITFG,Mezzogiorno,EXPUSERS,Compartecipazione degli utenti alla spesa totale (euro),DNISC,Sezioni primavera,MDO,Comunale a gestione diretta,2023,582225,,,FILTER_ATS,Filter,,,,,,,,,,,,,,
A,Annuale,ITFG,Mezzogiorno,EXPUSERS,Compartecipazione degli utenti alla spesa totale (euro),DNISC,Sezioni primavera,MMETP,Comunale a gestione affidata a terzi,2023,607175,,,FILTER_ATS,Filter,,,,,,,,,,,,,,
A,Annuale,ITFG,Mezzogiorno,EXPUSERS,Compartecipazione degli utenti alla spesa totale (euro),DNISC,Sezioni primavera,PRPM,Privata con riserva di posti da parte del comune,2023,317810,,,FILTER_ATS,Filter,,,,,,,,,,,,,,
A,Annuale,ITFG,Mezzogiorno,EXPUSERS,Compartecipazione degli utenti alla spesa totale (euro),DNISC,Sezioni primavera,ALL,Tutte le voci,2023,1507210,,,FILTER_ATS,Filter,,,,,,,,,,,,,,
A,Annuale,ITFG,Mezzogiorno,EXPUSERS,Compartecipazione degli utenti alla spesa totale (euro),ISERIDC,Servizi integrativi per la prima infanzia,MDO,Comunale a gestione diretta,2023,110037,,,FILTER_ATS,Filter,,,,,,,,,,,,,,
A,Annuale,ITFG,Mezzogiorno,EXPUSERS,Compartecipazione degli utenti alla spesa totale (euro),ISERIDC,Servizi integrativi per la prima infanzia,MMETP,Comunale a gestione affidata a terzi,2023,89941,,,FILTER_ATS,Filter,,,,,,,,,,,,,,
A,Annuale,ITFG,Mezzogiorno,EXPUSERS,Compartecipazione degli utenti alla spesa totale (euro),ISERIDC,Servizi integrativi per la prima infanzia,PRPM,Privata con riserva di posti da parte del comune,2023,78385,,,FILTER_ATS,Filter,,,,,,,,,,,,,,
A,Annuale,ITFG,Mezzogiorno,EXPUSERS,Compartecipazione degli utenti alla spesa totale (euro),ISERIDC,Servizi integrativi per la prima infanzia,ALL,Tutte le voci,2023,278363,,,FILTER_ATS,Filter,,,,,,,,,,,,,,
A,Annuale,ITFG,Mezzogiorno,EXPUSERS,Compartecipazione degli utenti alla spesa totale (euro),ALL,Tutte le voci,MDO,Comunale a gestione diretta,2023,11969568,,,FILTER_ATS,Filter,,,,,,,,,,,,,,
A,Annuale,ITFG,Mezzogiorno,EXPUSERS,Compartecipazione degli utenti alla spesa totale (euro),ALL,Tutte le voci,MMETP,Comunale a gestione affidata a terzi,2023,14071454,,,FILTER_ATS,Filter,,,,,,,,,,,,,,
A,Annuale,ITFG,Mezzogiorno,EXPUSERS,Compartecipazione degli utenti alla spesa totale (euro),ALL,Tutte le voci,PRPM,Privata con riserva di posti da parte del comune,2023,2309697,,,FILTER_ATS,Filter,,,,,,,,,,,,,,
A,Annuale,ITFG,Mezzogiorno,EXPUSERS,Compartecipazione degli utenti alla spesa totale (euro),ALL,Tutte le voci,ALL,Tutte le voci,2023,28350719,,,FILTER_ATS,Filter,,,,,,,,,,,,,,
A,Annuale,ITFG,Mezzogiorno,PEREXPPU,Spesa sostenuta dagli utenti sulla spesa totale (percentuale),DNUR,Nidi e sezioni primavera,MDO,Comunale a gestione diretta,2023,11.6,,,FILTER_ATS,Filter,,,,,,,,,,,,,,
A,Annuale,ITFG,Mezzogiorno,PEREXPPU,Spesa sostenuta dagli utenti sulla spesa totale (percentuale),DNUR,Nidi e sezioni primavera,MMETP,Comunale a gestione affidata a terzi,2023,15.8,,,FILTER_ATS,Filter,,,,,,,,,,,,,,
A,Annuale,ITFG,Mezzogiorno,PEREXPPU,Spesa sostenuta dagli utenti sulla spesa totale (percentuale),DNUR,Nidi e sezioni primavera,PRPM,Privata con riserva di posti da parte del comune,2023,11,,,FILTER_ATS,Filter,,,,,,,,,,,,,,
A,Annuale,ITFG,Mezzogiorno,PEREXPPU,Spesa sostenuta dagli utenti sulla spesa totale (percentuale),DNUR,Nidi e sezioni primavera,ALL,Tutte le voci,2023,11.4,,,FILTER_ATS,Filter,,,,,,,,,,,,,,
A,Annuale,ITFG,Mezzogiorno,PEREXPPU,Spesa sostenuta dagli utenti sulla spesa totale (percentuale),CDNUR,Nidi,MDO,Comunale a gestione diretta,2023,11.5,,,FILTER_ATS,Filter,,,,,,,,,,,,,,
A,Annuale,ITFG,Mezzogiorno,PEREXPPU,Spesa sostenuta dagli utenti sulla spesa totale (percentuale),CDNUR,Nidi,MMETP,Comunale a gestione affidata a terzi,2023,15.9,,,FILTER_ATS,Filter,,,,,,,,,,,,,,
A,Annuale,ITFG,Mezzogiorno,PEREXPPU,Spesa sostenuta dagli utenti sulla spesa totale (percentuale),CDNUR,Nidi,PRPM,Privata con riserva di posti da parte del comune,2023,10.8,,,FILTER_ATS,Filter,,,,,,,,,,,,,,
A,Annuale,ITFG,Mezzogiorno,PEREXPPU,Spesa sostenuta dagli utenti sulla spesa totale (percentuale),CDNUR,Nidi,ALL,Tutte le voci,2023,11.6,,,FILTER_ATS,Filter,,,,,,,,,,,,,,
A,Annuale,ITFG,Mezzogiorno,PEREXPPU,Spesa sostenuta dagli utenti sulla spesa totale (percentuale),DNISC,Sezioni primavera,MDO,Comunale a gestione diretta,2023,14,,,FILTER_ATS,Filter,,,,,,,,,,,,,,
A,Annuale,ITFG,Mezzogiorno,PEREXPPU,Spesa sostenuta dagli utenti sulla spesa totale (percentuale),DNISC,Sezioni primavera,MMETP,Comunale a gestione affidata a terzi,2023,12.9,,,FILTER_ATS,Filter,,,,,,,,,,,,,,
A,Annuale,ITFG,Mezzogiorno,PEREXPPU,Spesa sostenuta dagli utenti sulla spesa totale (percentuale),DNISC,Sezioni primavera,PRPM,Privata con riserva di posti da parte del comune,2023,12.5,,,FILTER_ATS,Filter,,,,,,,,,,,,,,
A,Annuale,ITFG,Mezzogiorno,PEREXPPU,Spesa sostenuta dagli utenti sulla spesa totale (percentuale),DNISC,Sezioni primavera,ALL,Tutte le voci,2023,8.4,,,FILTER_ATS,Filter,,,,,,,,,,,,,,
A,Annuale,ITFG,Mezzogiorno,PEREXPPU,Spesa sostenuta dagli utenti sulla spesa totale (percentuale),ISERIDC,Servizi integrativi per la prima infanzia,MDO,Comunale a gestione diretta,2023,8.7,,,FILTER_ATS,Filter,,,,,,,,,,,,,,
A,Annuale,ITFG,Mezzogiorno,PEREXPPU,Spesa sostenuta dagli utenti sulla spesa totale (percentuale),ISERIDC,Servizi integrativi per la prima infanzia,MMETP,Comunale a gestione affidata a terzi,2023,3.6,,,FILTER_ATS,Filter,,,,,,,,,,,,,,
A,Annuale,ITFG,Mezzogiorno,PEREXPPU,Spesa sostenuta dagli utenti sulla spesa totale (percentuale),ISERIDC,Servizi integrativi per la prima infanzia,PRPM,Privata con riserva di posti da parte del comune,2023,7.2,,,FILTER_ATS,Filter,,,,,,,,,,,,,,
A,Annuale,ITFG,Mezzogiorno,PEREXPPU,Spesa sostenuta dagli utenti sulla spesa totale (percentuale),ISERIDC,Servizi integrativi per la prima infanzia,ALL,Tutte le voci,2023,3.7,,,FILTER_ATS,Filter,,,,,,,,,,,,,,
A,Annuale,ITFG,Mezzogiorno,PEREXPPU,Spesa sostenuta dagli utenti sulla spesa totale (percentuale),ALL,Tutte le voci,MDO,Comunale a gestione diretta,2023,11.6,,,FILTER_ATS,Filter,,,,,,,,,,,,,,
A,Annuale,ITFG,Mezzogiorno,PEREXPPU,Spesa sostenuta dagli utenti sulla spesa totale (percentuale),ALL,Tutte le voci,MMETP,Comunale a gestione affidata a terzi,2023,15.4,,,FILTER_ATS,Filter,,,,,,,,,,,,,,
A,Annuale,ITFG,Mezzogiorno,PEREXPPU,Spesa sostenuta dagli utenti sulla spesa totale (percentuale),ALL,Tutte le voci,PRPM,Privata con riserva di posti da parte del comune,2023,10.8,,,FILTER_ATS,Filter,,,,,,,,,,,,,,
A,Annuale,ITFG,Mezzogiorno,PEREXPPU,Spesa sostenuta dagli utenti sulla spesa totale (percentuale),ALL,Tutte le voci,ALL,Tutte le voci,2023,11.2,,,FILTER_ATS,Filter,,,,,,,,,,,,,,
A,Annuale,ITF,Sud,USSSPM,Utenti,DNUR,Nidi e sezioni primavera,MDO,Comunale a gestione diretta,2023,5362,,,FILTER_ATS,Filter,,,,,,,,,,,,,,
A,Annuale,ITF,Sud,USSSPM,Utenti,DNUR,Nidi e sezioni primavera,MMETP,Comunale a gestione affidata a terzi,2023,11131,,,FILTER_ATS,Filter,,,,,,,,,,,,,,
A,Annuale,ITF,Sud,USSSPM,Utenti,DNUR,Nidi e sezioni primavera,PRPM,Privata con riserva di posti da parte del comune,2023,3240,,,FILTER_ATS,Filter,,,,,,,,,,,,,,
A,Annuale,ITF,Sud,USSSPM,Utenti,DNUR,Nidi e sezioni primavera,CFPPS,Contributi alle famiglie per servizi privati o pubblici,2023,6384,,,FILTER_ATS,Filter,,,,,,,,,,,,,,
A,Annuale,ITF,Sud,USSSPM,Utenti,DNUR,Nidi e sezioni primavera,ALL,Tutte le voci,2023,26117,,,FILTER_ATS,Filter,,,,,,,,,,,,,,
A,Annuale,ITF,Sud,USSSPM,Utenti,CDNUR,Nidi,MDO,Comunale a gestione diretta,2023,5001,,,FILTER_ATS,Filter,,,,,,,,,,,,,,
A,Annuale,ITF,Sud,USSSPM,Utenti,CDNUR,Nidi,MMETP,Comunale a gestione affidata a terzi,2023,10111,,,FILTER_ATS,Filter,,,,,,,,,,,,,,
A,Annuale,ITF,Sud,USSSPM,Utenti,CDNUR,Nidi,PRPM,Privata con riserva di posti da parte del comune,2023,2605,,,FILTER_ATS,Filter,,,,,,,,,,,,,,
A,Annuale,ITF,Sud,USSSPM,Utenti,CDNUR,Nidi,CFPPS,Contributi alle famiglie per servizi privati o pubblici,2023,5283,,,FILTER_ATS,Filter,,,,,,,,,,,,,,
A,Annuale,ITF,Sud,USSSPM,Utenti,CDNUR,Nidi,ALL,Tutte le voci,2023,23000,,,FILTER_ATS,Filter,,,,,,,,,,,,,,
A,Annuale,ITF,Sud,USSSPM,Utenti,DNISC,Sezioni primavera,MDO,Comunale a gestione diretta,2023,361,,,FILTER_ATS,Filter,,,,,,,,,,,,,,
A,Annuale,ITF,Sud,USSSPM,Utenti,DNISC,Sezioni primavera,MMETP,Comunale a gestione affidata a terzi,2023,1020,,,FILTER_ATS,Filter,,,,,,,,,,,,,,
A,Annuale,ITF,Sud,USSSPM,Utenti,DNISC,Sezioni primavera,PRPM,Privata con riserva di posti da parte del comune,2023,635,,,FILTER_ATS,Filter,,,,,,,,,,,,,,
A,Annuale,ITF,Sud,USSSPM,Utenti,DNISC,Sezioni primavera,CFPPS,Contributi alle famiglie per servizi privati o pubblici,2023,1101,,,FILTER_ATS,Filter,,,,,,,,,,,,,,
A,Annuale,ITF,Sud,USSSPM,Utenti,DNISC,Sezioni primavera,ALL,Tutte le voci,2023,3117,,,FILTER_ATS,Filter,,,,,,,,,,,,,,
A,Annuale,ITF,Sud,USSSPM,Utenti,ISERIDC,Servizi integrativi per la prima infanzia,MDO,Comunale a gestione diretta,2023,98,,,FILTER_ATS,Filter,,,,,,,,,,,,,,
A,Annuale,ITF,Sud,USSSPM,Utenti,ISERIDC,Servizi integrativi per la prima infanzia,MMETP,Comunale a gestione affidata a terzi,2023,535,,,FILTER_ATS,Filter,,,,,,,,,,,,,,
A,Annuale,ITF,Sud,USSSPM,Utenti,ISERIDC,Servizi integrativi per la prima infanzia,PRPM,Privata con riserva di posti da parte del comune,2023,168,,,FILTER_ATS,Filter,,,,,,,,,,,,,,
A,Annuale,ITF,Sud,USSSPM,Utenti,ISERIDC,Servizi integrativi per la prima infanzia,CFPPS,Contributi alle famiglie per servizi privati o pubblici,2023,770,,,FILTER_ATS,Filter,,,,,,,,,,,,,,
A,Annuale,ITF,Sud,USSSPM,Utenti,ISERIDC,Servizi integrativi per la prima infanzia,ALL,Tutte le voci,2023,1571,,,FILTER_ATS,Filter,,,,,,,,,,,,,,
A,Annuale,ITF,Sud,USSSPM,Utenti,ALL,Tutte le voci,MDO,Comunale a gestione diretta,2023,5460,,,FILTER_ATS,Filter,,,,,,,,,,,,,,
A,Annuale,ITF,Sud,USSSPM,Utenti,ALL,Tutte le voci,MMETP,Comunale a gestione affidata a terzi,2023,11666,,,FILTER_ATS,Filter,,,,,,,,,,,,,,
A,Annuale,ITF,Sud,USSSPM,Utenti,ALL,Tutte le voci,PRPM,Privata con riserva di posti da parte del comune,2023,3408,,,FILTER_ATS,Filter,,,,,,,,,,,,,,
A,Annuale,ITF,Sud,USSSPM,Utenti,ALL,Tutte le voci,CFPPS,Contributi alle famiglie per servizi privati o pubblici,2023,7154,,,FILTER_ATS,Filter,,,,,,,,,,,,,,
A,Annuale,ITF,Sud,USSSPM,Utenti,ALL,Tutte le voci,ALL,Tutte le voci,2023,27688,,,FILTER_ATS,Filter,,,,,,,,,,,,,,
A,Annuale,ITF,Sud,TOTEXP,Totale spesa (euro),DNUR,Nidi e sezioni primavera,MDO,Comunale a gestione diretta,2023,56238044,,,FILTER_ATS,Filter,,,,,,,,,,,,,,
A,Annuale,ITF,Sud,TOTEXP,Totale spesa (euro),DNUR,Nidi e sezioni primavera,MMETP,Comunale a gestione affidata a terzi,2023,64222053,,,FILTER_ATS,Filter,,,,,,,,,,,,,,
A,Annuale,ITF,Sud,TOTEXP,Totale spesa (euro),DNUR,Nidi e sezioni primavera,PRPM,Privata con riserva di posti da parte del comune,2023,13108712,,,FILTER_ATS,Filter,,,,,,,,,,,,,,
A,Annuale,ITF,Sud,TOTEXP,Totale spesa (euro),DNUR,Nidi e sezioni primavera,PCM,Privata senza riserva di posti da parte del comune,2023,2134292,,,FILTER_ATS,Filter,,,,,,,,,,,,,,
A,Annuale,ITF,Sud,TOTEXP,Totale spesa (euro),DNUR,Nidi e sezioni primavera,CFPPS,Contributi alle famiglie per servizi privati o pubblici,2023,28721078,,,FILTER_ATS,Filter,,,,,,,,,,,,,,
A,Annuale,ITF,Sud,TOTEXP,Totale spesa (euro),DNUR,Nidi e sezioni primavera,ALL,Tutte le voci,2023,164424179,,,FILTER_ATS,Filter,,,,,,,,,,,,,,
A,Annuale,ITF,Sud,TOTEXP,Totale spesa (euro),CDNUR,Nidi,MDO,Comunale a gestione diretta,2023,53742375,,,FILTER_ATS,Filter,,,,,,,,,,,,,,
A,Annuale,ITF,Sud,TOTEXP,Totale spesa (euro),CDNUR,Nidi,MMETP,Comunale a gestione affidata a terzi,2023,61311346,,,FILTER_ATS,Filter,,,,,,,,,,,,,,
A,Annuale,ITF,Sud,TOTEXP,Totale spesa (euro),CDNUR,Nidi,PRPM,Privata con riserva di posti da parte del comune,2023,11482748,,,FILTER_ATS,Filter,,,,,,,,,,,,,,
A,Annuale,ITF,Sud,TOTEXP,Totale spesa (euro),CDNUR,Nidi,PCM,Privata senza riserva di posti da parte del comune,2023,1086030,,,FILTER_ATS,Filter,,,,,,,,,,,,,,
A,Annuale,ITF,Sud,TOTEXP,Totale spesa (euro),CDNUR,Nidi,CFPPS,Contributi alle famiglie per servizi privati o pubblici,2023,24450914,,,FILTER_ATS,Filter,,,,,,,,,,,,,,
A,Annuale,ITF,Sud,TOTEXP,Totale spesa (euro),CDNUR,Nidi,ALL,Tutte le voci,2023,152073413,,,FILTER_ATS,Filter,,,,,,,,,,,,,,
A,Annuale,ITF,Sud,TOTEXP,Totale spesa (euro),DNISC,Sezioni primavera,MDO,Comunale a gestione diretta,2023,2495669,,,FILTER_ATS,Filter,,,,,,,,,,,,,,
A,Annuale,ITF,Sud,TOTEXP,Totale spesa (euro),DNISC,Sezioni primavera,MMETP,Comunale a gestione affidata a terzi,2023,2910707,,,FILTER_ATS,Filter,,,,,,,,,,,,,,
A,Annuale,ITF,Sud,TOTEXP,Totale spesa (euro),DNISC,Sezioni primavera,PRPM,Privata con riserva di posti da parte del comune,2023,1625964,,,FILTER_ATS,Filter,,,,,,,,,,,,,,
A,Annuale,ITF,Sud,TOTEXP,Totale spesa (euro),DNISC,Sezioni primavera,PCM,Privata senza riserva di posti da parte del comune,2023,1048262,,,FILTER_ATS,Filter,,,,,,,,,,,,,,
A,Annuale,ITF,Sud,TOTEXP,Totale spesa (euro),DNISC,Sezioni primavera,CFPPS,Contributi alle famiglie per servizi privati o pubblici,2023,4270164,,,FILTER_ATS,Filter,,,,,,,,,,,,,,
A,Annuale,ITF,Sud,TOTEXP,Totale spesa (euro),DNISC,Sezioni primavera,ALL,Tutte le voci,2023,12350766,,,FILTER_ATS,Filter,,,,,,,,,,,,,,
A,Annuale,ITF,Sud,TOTEXP,Totale spesa (euro),ISERIDC,Servizi integrativi per la prima infanzia,MDO,Comunale a gestione diretta,2023,243724,,,FILTER_ATS,Filter,,,,,,,,,,,,,,
A,Annuale,ITF,Sud,TOTEXP,Totale spesa (euro),ISERIDC,Servizi integrativi per la prima infanzia,MMETP,Comunale a gestione affidata a terzi,2023,1674760,,,FILTER_ATS,Filter,,,,,,,,,,,,,,
A,Annuale,ITF,Sud,TOTEXP,Totale spesa (euro),ISERIDC,Servizi integrativi per la prima infanzia,PRPM,Privata con riserva di posti da parte del comune,2023,704959,,,FILTER_ATS,Filter,,,,,,,,,,,,,,
A,Annuale,ITF,Sud,TOTEXP,Totale spesa (euro),ISERIDC,Servizi integrativi per la prima infanzia,PCM,Privata senza riserva di posti da parte del comune,2023,259972,,,FILTER_ATS,Filter,,,,,,,,,,,,,,
A,Annuale,ITF,Sud,TOTEXP,Totale spesa (euro),ISERIDC,Servizi integrativi per la prima infanzia,CFPPS,Contributi alle famiglie per servizi privati o pubblici,2023,1906762,,,FILTER_ATS,Filter,,,,,,,,,,,,,,
A,Annuale,ITF,Sud,TOTEXP,Totale spesa (euro),ISERIDC,Servizi integrativi per la prima infanzia,ALL,Tutte le voci,2023,4790177,,,FILTER_ATS,Filter,,,,,,,,,,,,,,
A,Annuale,ITF,Sud,TOTEXP,Totale spesa (euro),ALL,Tutte le voci,MDO,Comunale a gestione diretta,2023,56481768,,,FILTER_ATS,Filter,,,,,,,,,,,,,,
A,Annuale,ITF,Sud,TOTEXP,Totale spesa (euro),ALL,Tutte le voci,MMETP,Comunale a gestione affidata a terzi,2023,65896813,,,FILTER_ATS,Filter,,,,,,,,,,,,,,
A,Annuale,ITF,Sud,TOTEXP,Totale spesa (euro),ALL,Tutte le voci,PRPM,Privata con riserva di posti da parte del comune,2023,13813671,,,FILTER_ATS,Filter,,,,,,,,,,,,,,
A,Annuale,ITF,Sud,TOTEXP,Totale spesa (euro),ALL,Tutte le voci,PCM,Privata senza riserva di posti da parte del comune,2023,2394264,,,FILTER_ATS,Filter,,,,,,,,,,,,,,
A,Annuale,ITF,Sud,TOTEXP,Totale spesa (euro),ALL,Tutte le voci,CFPPS,Contributi alle famiglie per servizi privati o pubblici,2023,30627840,,,FILTER_ATS,Filter,,,,,,,,,,,,,,
A,Annuale,ITF,Sud,TOTEXP,Totale spesa (euro),ALL,Tutte le voci,ALL,Tutte le voci,2023,169214356,,,FILTER_ATS,Filter,,,,,,,,,,,,,,
A,Annuale,ITF,Sud,EXPMUN,Spesa dei comuni (euro),DNUR,Nidi e sezioni primavera,MDO,Comunale a gestione diretta,2023,49867593,,,FILTER_ATS,Filter,,,,,,,,,,,,,,
A,Annuale,ITF,Sud,EXPMUN,Spesa dei comuni (euro),DNUR,Nidi e sezioni primavera,MMETP,Comunale a gestione affidata a terzi,2023,55045135,,,FILTER_ATS,Filter,,,,,,,,,,,,,,
A,Annuale,ITF,Sud,EXPMUN,Spesa dei comuni (euro),DNUR,Nidi e sezioni primavera,PRPM,Privata con riserva di posti da parte del comune,2023,11982777,,,FILTER_ATS,Filter,,,,,,,,,,,,,,
A,Annuale,ITF,Sud,EXPMUN,Spesa dei comuni (euro),DNUR,Nidi e sezioni primavera,PCM,Privata senza riserva di posti da parte del comune,2023,2134292,,,FILTER_ATS,Filter,,,,,,,,,,,,,,
A,Annuale,ITF,Sud,EXPMUN,Spesa dei comuni (euro),DNUR,Nidi e sezioni primavera,CFPPS,Contributi alle famiglie per servizi privati o pubblici,2023,28721078,,,FILTER_ATS,Filter,,,,,,,,,,,,,,
A,Annuale,ITF,Sud,EXPMUN,Spesa dei comuni (euro),DNUR,Nidi e sezioni primavera,ALL,Tutte le voci,2023,147750875,,,FILTER_ATS,Filter,,,,,,,,,,,,,,
A,Annuale,ITF,Sud,EXPMUN,Spesa dei comuni (euro),CDNUR,Nidi,MDO,Comunale a gestione diretta,2023,47658624,,,FILTER_ATS,Filter,,,,,,,,,,,,,,
A,Annuale,ITF,Sud,EXPMUN,Spesa dei comuni (euro),CDNUR,Nidi,MMETP,Comunale a gestione affidata a terzi,2023,52396464,,,FILTER_ATS,Filter,,,,,,,,,,,,,,
A,Annuale,ITF,Sud,EXPMUN,Spesa dei comuni (euro),CDNUR,Nidi,PRPM,Privata con riserva di posti da parte del comune,2023,10674623,,,FILTER_ATS,Filter,,,,,,,,,,,,,,
A,Annuale,ITF,Sud,EXPMUN,Spesa dei comuni (euro),CDNUR,Nidi,PCM,Privata senza riserva di posti da parte del comune,2023,1086030,,,FILTER_ATS,Filter,,,,,,,,,,,,,,
A,Annuale,ITF,Sud,EXPMUN,Spesa dei comuni (euro),CDNUR,Nidi,CFPPS,Contributi alle famiglie per servizi privati o pubblici,2023,24450914,,,FILTER_ATS,Filter,,,,,,,,,,,,,,
A,Annuale,ITF,Sud,EXPMUN,Spesa dei comuni (euro),CDNUR,Nidi,ALL,Tutte le voci,2023,136266655,,,FILTER_ATS,Filter,,,,,,,,,,,,,,
A,Annuale,ITF,Sud,EXPMUN,Spesa dei comuni (euro),DNISC,Sezioni primavera,MDO,Comunale a gestione diretta,2023,2208969,,,FILTER_ATS,Filter,,,,,,,,,,,,,,
A,Annuale,ITF,Sud,EXPMUN,Spesa dei comuni (euro),DNISC,Sezioni primavera,MMETP,Comunale a gestione affidata a terzi,2023,2648671,,,FILTER_ATS,Filter,,,,,,,,,,,,,,
A,Annuale,ITF,Sud,EXPMUN,Spesa dei comuni (euro),DNISC,Sezioni primavera,PRPM,Privata con riserva di posti da parte del comune,2023,1308154,,,FILTER_ATS,Filter,,,,,,,,,,,,,,
A,Annuale,ITF,Sud,EXPMUN,Spesa dei comuni (euro),DNISC,Sezioni primavera,PCM,Privata senza riserva di posti da parte del comune,2023,1048262,,,FILTER_ATS,Filter,,,,,,,,,,,,,,
A,Annuale,ITF,Sud,EXPMUN,Spesa dei comuni (euro),DNISC,Sezioni primavera,CFPPS,Contributi alle famiglie per servizi privati o pubblici,2023,4270164,,,FILTER_ATS,Filter,,,,,,,,,,,,,,
A,Annuale,ITF,Sud,EXPMUN,Spesa dei comuni (euro),DNISC,Sezioni primavera,ALL,Tutte le voci,2023,11484220,,,FILTER_ATS,Filter,,,,,,,,,,,,,,
A,Annuale,ITF,Sud,EXPMUN,Spesa dei comuni (euro),ISERIDC,Servizi integrativi per la prima infanzia,MDO,Comunale a gestione diretta,2023,218245,,,FILTER_ATS,Filter,,,,,,,,,,,,,,
A,Annuale,ITF,Sud,EXPMUN,Spesa dei comuni (euro),ISERIDC,Servizi integrativi per la prima infanzia,MMETP,Comunale a gestione affidata a terzi,2023,1628666,,,FILTER_ATS,Filter,,,,,,,,,,,,,,
A,Annuale,ITF,Sud,EXPMUN,Spesa dei comuni (euro),ISERIDC,Servizi integrativi per la prima infanzia,PRPM,Privata con riserva di posti da parte del comune,2023,629359,,,FILTER_ATS,Filter,,,,,,,,,,,,,,
A,Annuale,ITF,Sud,EXPMUN,Spesa dei comuni (euro),ISERIDC,Servizi integrativi per la prima infanzia,PCM,Privata senza riserva di posti da parte del comune,2023,259972,,,FILTER_ATS,Filter,,,,,,,,,,,,,,
A,Annuale,ITF,Sud,EXPMUN,Spesa dei comuni (euro),ISERIDC,Servizi integrativi per la prima infanzia,CFPPS,Contributi alle famiglie per servizi privati o pubblici,2023,1906762,,,FILTER_ATS,Filter,,,,,,,,,,,,,,
A,Annuale,ITF,Sud,EXPMUN,Spesa dei comuni (euro),ISERIDC,Servizi integrativi per la prima infanzia,ALL,Tutte le voci,2023,4643004,,,FILTER_ATS,Filter,,,,,,,,,,,,,,
A,Annuale,ITF,Sud,EXPMUN,Spesa dei comuni (euro),ALL,Tutte le voci,MDO,Comunale a gestione diretta,2023,50085838,,,FILTER_ATS,Filter,,,,,,,,,,,,,,
A,Annuale,ITF,Sud,EXPMUN,Spesa dei comuni (euro),ALL,Tutte le voci,MMETP,Comunale a gestione affidata a terzi,2023,56673801,,,FILTER_ATS,Filter,,,,,,,,,,,,,,
A,Annuale,ITF,Sud,EXPMUN,Spesa dei comuni (euro),ALL,Tutte le voci,PRPM,Privata con riserva di posti da parte del comune,2023,12612136,,,FILTER_ATS,Filter,,,,,,,,,,,,,,
A,Annuale,ITF,Sud,EXPMUN,Spesa dei comuni (euro),ALL,Tutte le voci,PCM,Privata senza riserva di posti da parte del comune,2023,2394264,,,FILTER_ATS,Filter,,,,,,,,,,,,,,
A,Annuale,ITF,Sud,EXPMUN,Spesa dei comuni (euro),ALL,Tutte le voci,CFPPS,Contributi alle famiglie per servizi privati o pubblici,2023,30627840,,,FILTER_ATS,Filter,,,,,,,,,,,,,,
A,Annuale,ITF,Sud,EXPMUN,Spesa dei comuni (euro),ALL,Tutte le voci,ALL,Tutte le voci,2023,152393879,,,FILTER_ATS,Filter,,,,,,,,,,,,,,
A,Annuale,ITF,Sud,EXPUSERS,Compartecipazione degli utenti alla spesa totale (euro),DNUR,Nidi e sezioni primavera,MDO,Comunale a gestione diretta,2023,6370451,,,FILTER_ATS,Filter,,,,,,,,,,,,,,
A,Annuale,ITF,Sud,EXPUSERS,Compartecipazione degli utenti alla spesa totale (euro),DNUR,Nidi e sezioni primavera,MMETP,Comunale a gestione affidata a terzi,2023,9176918,,,FILTER_ATS,Filter,,,,,,,,,,,,,,
A,Annuale,ITF,Sud,EXPUSERS,Compartecipazione degli utenti alla spesa totale (euro),DNUR,Nidi e sezioni primavera,PRPM,Privata con riserva di posti da parte del comune,2023,1125935,,,FILTER_ATS,Filter,,,,,,,,,,,,,,
A,Annuale,ITF,Sud,EXPUSERS,Compartecipazione degli utenti alla spesa totale (euro),DNUR,Nidi e sezioni primavera,ALL,Tutte le voci,2023,16673304,,,FILTER_ATS,Filter,,,,,,,,,,,,,,
A,Annuale,ITF,Sud,EXPUSERS,Compartecipazione degli utenti alla spesa totale (euro),CDNUR,Nidi,MDO,Comunale a gestione diretta,2023,6083751,,,FILTER_ATS,Filter,,,,,,,,,,,,,,
A,Annuale,ITF,Sud,EXPUSERS,Compartecipazione degli utenti alla spesa totale (euro),CDNUR,Nidi,MMETP,Comunale a gestione affidata a terzi,2023,8914882,,,FILTER_ATS,Filter,,,,,,,,,,,,,,
A,Annuale,ITF,Sud,EXPUSERS,Compartecipazione degli utenti alla spesa totale (euro),CDNUR,Nidi,PRPM,Privata con riserva di posti da parte del comune,2023,808125,,,FILTER_ATS,Filter,,,,,,,,,,,,,,
A,Annuale,ITF,Sud,EXPUSERS,Compartecipazione degli utenti alla spesa totale (euro),CDNUR,Nidi,ALL,Tutte le voci,2023,15806758,,,FILTER_ATS,Filter,,,,,,,,,,,,,,
A,Annuale,ITF,Sud,EXPUSERS,Compartecipazione degli utenti alla spesa totale (euro),DNISC,Sezioni primavera,MDO,Comunale a gestione diretta,2023,286700,,,FILTER_ATS,Filter,,,,,,,,,,,,,,
A,Annuale,ITF,Sud,EXPUSERS,Compartecipazione degli utenti alla spesa totale (euro),DNISC,Sezioni primavera,MMETP,Comunale a gestione affidata a terzi,2023,262036,,,FILTER_ATS,Filter,,,,,,,,,,,,,,
A,Annuale,ITF,Sud,EXPUSERS,Compartecipazione degli utenti alla spesa totale (euro),DNISC,Sezioni primavera,PRPM,Privata con riserva di posti da parte del comune,2023,317810,,,FILTER_ATS,Filter,,,,,,,,,,,,,,
A,Annuale,ITF,Sud,EXPUSERS,Compartecipazione degli utenti alla spesa totale (euro),DNISC,Sezioni primavera,ALL,Tutte le voci,2023,866546,,,FILTER_ATS,Filter,,,,,,,,,,,,,,
A,Annuale,ITF,Sud,EXPUSERS,Compartecipazione degli utenti alla spesa totale (euro),ISERIDC,Servizi integrativi per la prima infanzia,MDO,Comunale a gestione diretta,2023,25479,,,FILTER_ATS,Filter,,,,,,,,,,,,,,
A,Annuale,ITF,Sud,EXPUSERS,Compartecipazione degli utenti alla spesa totale (euro),ISERIDC,Servizi integrativi per la prima infanzia,MMETP,Comunale a gestione affidata a terzi,2023,46094,,,FILTER_ATS,Filter,,,,,,,,,,,,,,
A,Annuale,ITF,Sud,EXPUSERS,Compartecipazione degli utenti alla spesa totale (euro),ISERIDC,Servizi integrativi per la prima infanzia,PRPM,Privata con riserva di posti da parte del comune,2023,75600,,,FILTER_ATS,Filter,,,,,,,,,,,,,,
A,Annuale,ITF,Sud,EXPUSERS,Compartecipazione degli utenti alla spesa totale (euro),ISERIDC,Servizi integrativi per la prima infanzia,ALL,Tutte le voci,2023,147173,,,FILTER_ATS,Filter,,,,,,,,,,,,,,
A,Annuale,ITF,Sud,EXPUSERS,Compartecipazione degli utenti alla spesa totale (euro),ALL,Tutte le voci,MDO,Comunale a gestione diretta,2023,6395930,,,FILTER_ATS,Filter,,,,,,,,,,,,,,
A,Annuale,ITF,Sud,EXPUSERS,Compartecipazione degli utenti alla spesa totale (euro),ALL,Tutte le voci,MMETP,Comunale a gestione affidata a terzi,2023,9223012,,,FILTER_ATS,Filter,,,,,,,,,,,,,,
A,Annuale,ITF,Sud,EXPUSERS,Compartecipazione degli utenti alla spesa totale (euro),ALL,Tutte le voci,PRPM,Privata con riserva di posti da parte del comune,2023,1201535,,,FILTER_ATS,Filter,,,,,,,,,,,,,,
A,Annuale,ITF,Sud,EXPUSERS,Compartecipazione degli utenti alla spesa totale (euro),ALL,Tutte le voci,ALL,Tutte le voci,2023,16820477,,,FILTER_ATS,Filter,,,,,,,,,,,,,,
A,Annuale,ITF,Sud,PEREXPPU,Spesa sostenuta dagli utenti sulla spesa totale (percentuale),DNUR,Nidi e sezioni primavera,MDO,Comunale a gestione diretta,2023,11.3,,,FILTER_ATS,Filter,,,,,,,,,,,,,,
A,Annuale,ITF,Sud,PEREXPPU,Spesa sostenuta dagli utenti sulla spesa totale (percentuale),DNUR,Nidi e sezioni primavera,MMETP,Comunale a gestione affidata a terzi,2023,14.3,,,FILTER_ATS,Filter,,,,,,,,,,,,,,
A,Annuale,ITF,Sud,PEREXPPU,Spesa sostenuta dagli utenti sulla spesa totale (percentuale),DNUR,Nidi e sezioni primavera,PRPM,Privata con riserva di posti da parte del comune,2023,8.6,,,FILTER_ATS,Filter,,,,,,,,,,,,,,
A,Annuale,ITF,Sud,PEREXPPU,Spesa sostenuta dagli utenti sulla spesa totale (percentuale),DNUR,Nidi e sezioni primavera,ALL,Tutte le voci,2023,10.1,,,FILTER_ATS,Filter,,,,,,,,,,,,,,
A,Annuale,ITF,Sud,PEREXPPU,Spesa sostenuta dagli utenti sulla spesa totale (percentuale),CDNUR,Nidi,MDO,Comunale a gestione diretta,2023,11.3,,,FILTER_ATS,Filter,,,,,,,,,,,,,,
A,Annuale,ITF,Sud,PEREXPPU,Spesa sostenuta dagli utenti sulla spesa totale (percentuale),CDNUR,Nidi,MMETP,Comunale a gestione affidata a terzi,2023,14.5,,,FILTER_ATS,Filter,,,,,,,,,,,,,,
A,Annuale,ITF,Sud,PEREXPPU,Spesa sostenuta dagli utenti sulla spesa totale (percentuale),CDNUR,Nidi,PRPM,Privata con riserva di posti da parte del comune,2023,7,,,FILTER_ATS,Filter,,,,,,,,,,,,,,
A,Annuale,ITF,Sud,PEREXPPU,Spesa sostenuta dagli utenti sulla spesa totale (percentuale),CDNUR,Nidi,ALL,Tutte le voci,2023,10.4,,,FILTER_ATS,Filter,,,,,,,,,,,,,,
A,Annuale,ITF,Sud,PEREXPPU,Spesa sostenuta dagli utenti sulla spesa totale (percentuale),DNISC,Sezioni primavera,MDO,Comunale a gestione diretta,2023,11.5,,,FILTER_ATS,Filter,,,,,,,,,,,,,,
A,Annuale,ITF,Sud,PEREXPPU,Spesa sostenuta dagli utenti sulla spesa totale (percentuale),DNISC,Sezioni primavera,MMETP,Comunale a gestione affidata a terzi,2023,9,,,FILTER_ATS,Filter,,,,,,,,,,,,,,
A,Annuale,ITF,Sud,PEREXPPU,Spesa sostenuta dagli utenti sulla spesa totale (percentuale),DNISC,Sezioni primavera,PRPM,Privata con riserva di posti da parte del comune,2023,19.5,,,FILTER_ATS,Filter,,,,,,,,,,,,,,
A,Annuale,ITF,Sud,PEREXPPU,Spesa sostenuta dagli utenti sulla spesa totale (percentuale),DNISC,Sezioni primavera,ALL,Tutte le voci,2023,7,,,FILTER_ATS,Filter,,,,,,,,,,,,,,
A,Annuale,ITF,Sud,PEREXPPU,Spesa sostenuta dagli utenti sulla spesa totale (percentuale),ISERIDC,Servizi integrativi per la prima infanzia,MDO,Comunale a gestione diretta,2023,10.5,,,FILTER_ATS,Filter,,,,,,,,,,,,,,
A,Annuale,ITF,Sud,PEREXPPU,Spesa sostenuta dagli utenti sulla spesa totale (percentuale),ISERIDC,Servizi integrativi per la prima infanzia,MMETP,Comunale a gestione affidata a terzi,2023,2.8,,,FILTER_ATS,Filter,,,,,,,,,,,,,,
A,Annuale,ITF,Sud,PEREXPPU,Spesa sostenuta dagli utenti sulla spesa totale (percentuale),ISERIDC,Servizi integrativi per la prima infanzia,PRPM,Privata con riserva di posti da parte del comune,2023,10.7,,,FILTER_ATS,Filter,,,,,,,,,,,,,,
A,Annuale,ITF,Sud,PEREXPPU,Spesa sostenuta dagli utenti sulla spesa totale (percentuale),ISERIDC,Servizi integrativi per la prima infanzia,ALL,Tutte le voci,2023,3.1,,,FILTER_ATS,Filter,,,,,,,,,,,,,,
A,Annuale,ITF,Sud,PEREXPPU,Spesa sostenuta dagli utenti sulla spesa totale (percentuale),ALL,Tutte le voci,MDO,Comunale a gestione diretta,2023,11.3,,,FILTER_ATS,Filter,,,,,,,,,,,,,,
A,Annuale,ITF,Sud,PEREXPPU,Spesa sostenuta dagli utenti sulla spesa totale (percentuale),ALL,Tutte le voci,MMETP,Comunale a gestione affidata a terzi,2023,14,,,FILTER_ATS,Filter,,,,,,,,,,,,,,
A,Annuale,ITF,Sud,PEREXPPU,Spesa sostenuta dagli utenti sulla spesa totale (percentuale),ALL,Tutte le voci,PRPM,Privata con riserva di posti da parte del comune,2023,8.7,,,FILTER_ATS,Filter,,,,,,,,,,,,,,
A,Annuale,ITF,Sud,PEREXPPU,Spesa sostenuta dagli utenti sulla spesa totale (percentuale),ALL,Tutte le voci,ALL,Tutte le voci,2023,9.9,,,FILTER_ATS,Filter,,,,,,,,,,,,,,
A,Annuale,ITF1,Abruzzo,USSSPM,Utenti,DNUR,Nidi e sezioni primavera,MDO,Comunale a gestione diretta,2023,1342,,,FILTER_ATS,Filter,,,,,,,,,,,,,,
A,Annuale,ITF1,Abruzzo,USSSPM,Utenti,DNUR,Nidi e sezioni primavera,MMETP,Comunale a gestione affidata a terzi,2023,1424,,,FILTER_ATS,Filter,,,,,,,,,,,,,,
A,Annuale,ITF1,Abruzzo,USSSPM,Utenti,DNUR,Nidi e sezioni primavera,PRPM,Privata con riserva di posti da parte del comune,2023,467,,,FILTER_ATS,Filter,,,,,,,,,,,,,,
A,Annuale,ITF1,Abruzzo,USSSPM,Utenti,DNUR,Nidi e sezioni primavera,CFPPS,Contributi alle famiglie per servizi privati o pubblici,2023,312,,,FILTER_ATS,Filter,,,,,,,,,,,,,,
A,Annuale,ITF1,Abruzzo,USSSPM,Utenti,DNUR,Nidi e sezioni primavera,ALL,Tutte le voci,2023,3545,,,FILTER_ATS,Filter,,,,,,,,,,,,,,
A,Annuale,ITF1,Abruzzo,USSSPM,Utenti,CDNUR,Nidi,MDO,Comunale a gestione diretta,2023,1288,,,FILTER_ATS,Filter,,,,,,,,,,,,,,
A,Annuale,ITF1,Abruzzo,USSSPM,Utenti,CDNUR,Nidi,MMETP,Comunale a gestione affidata a terzi,2023,1418,,,FILTER_ATS,Filter,,,,,,,,,,,,,,
A,Annuale,ITF1,Abruzzo,USSSPM,Utenti,CDNUR,Nidi,PRPM,Privata con riserva di posti da parte del comune,2023,402,,,FILTER_ATS,Filter,,,,,,,,,,,,,,
A,Annuale,ITF1,Abruzzo,USSSPM,Utenti,CDNUR,Nidi,CFPPS,Contributi alle famiglie per servizi privati o pubblici,2023,287,,,FILTER_ATS,Filter,,,,,,,,,,,,,,
A,Annuale,ITF1,Abruzzo,USSSPM,Utenti,CDNUR,Nidi,ALL,Tutte le voci,2023,3395,,,FILTER_ATS,Filter,,,,,,,,,,,,,,
A,Annuale,ITF1,Abruzzo,USSSPM,Utenti,DNISC,Sezioni primavera,MDO,Comunale a gestione diretta,2023,54,,,FILTER_ATS,Filter,,,,,,,,,,,,,,
A,Annuale,ITF1,Abruzzo,USSSPM,Utenti,DNISC,Sezioni primavera,MMETP,Comunale a gestione affidata a terzi,2023,6,,,FILTER_ATS,Filter,,,,,,,,,,,,,,
A,Annuale,ITF1,Abruzzo,USSSPM,Utenti,DNISC,Sezioni primavera,PRPM,Privata con riserva di posti da parte del comune,2023,65,,,FILTER_ATS,Filter,,,,,,,,,,,,,,
A,Annuale,ITF1,Abruzzo,USSSPM,Utenti,DNISC,Sezioni primavera,CFPPS,Contributi alle famiglie per servizi privati o pubblici,2023,25,,,FILTER_ATS,Filter,,,,,,,,,,,,,,
A,Annuale,ITF1,Abruzzo,USSSPM,Utenti,DNISC,Sezioni primavera,ALL,Tutte le voci,2023,150,,,FILTER_ATS,Filter,,,,,,,,,,,,,,
A,Annuale,ITF1,Abruzzo,USSSPM,Utenti,ISERIDC,Servizi integrativi per la prima infanzia,MDO,Comunale a gestione diretta,2023,47,,,FILTER_ATS,Filter,,,,,,,,,,,,,,
A,Annuale,ITF1,Abruzzo,USSSPM,Utenti,ISERIDC,Servizi integrativi per la prima infanzia,MMETP,Comunale a gestione affidata a terzi,2023,46,,,FILTER_ATS,Filter,,,,,,,,,,,,,,
A,Annuale,ITF1,Abruzzo,USSSPM,Utenti,ISERIDC,Servizi integrativi per la prima infanzia,PRPM,Privata con riserva di posti da parte del comune,2023,42,,,FILTER_ATS,Filter,,,,,,,,,,,,,,
A,Annuale,ITF1,Abruzzo,USSSPM,Utenti,ISERIDC,Servizi integrativi per la prima infanzia,CFPPS,Contributi alle famiglie per servizi privati o pubblici,2023,6,,,FILTER_ATS,Filter,,,,,,,,,,,,,,
A,Annuale,ITF1,Abruzzo,USSSPM,Utenti,ISERIDC,Servizi integrativi per la prima infanzia,ALL,Tutte le voci,2023,141,,,FILTER_ATS,Filter,,,,,,,,,,,,,,
A,Annuale,ITF1,Abruzzo,USSSPM,Utenti,ALL,Tutte le voci,MDO,Comunale a gestione diretta,2023,1389,,,FILTER_ATS,Filter,,,,,,,,,,,,,,
A,Annuale,ITF1,Abruzzo,USSSPM,Utenti,ALL,Tutte le voci,MMETP,Comunale a gestione affidata a terzi,2023,1470,,,FILTER_ATS,Filter,,,,,,,,,,,,,,
A,Annuale,ITF1,Abruzzo,USSSPM,Utenti,ALL,Tutte le voci,PRPM,Privata con riserva di posti da parte del comune,2023,509,,,FILTER_ATS,Filter,,,,,,,,,,,,,,
A,Annuale,ITF1,Abruzzo,USSSPM,Utenti,ALL,Tutte le voci,CFPPS,Contributi alle famiglie per servizi privati o pubblici,2023,318,,,FILTER_ATS,Filter,,,,,,,,,,,,,,
A,Annuale,ITF1,Abruzzo,USSSPM,Utenti,ALL,Tutte le voci,ALL,Tutte le voci,2023,3686,,,FILTER_ATS,Filter,,,,,,,,,,,,,,
A,Annuale,ITF1,Abruzzo,TOTEXP,Totale spesa (euro),DNUR,Nidi e sezioni primavera,MDO,Comunale a gestione diretta,2023,10323299,,,FILTER_ATS,Filter,,,,,,,,,,,,,,
A,Annuale,ITF1,Abruzzo,TOTEXP,Totale spesa (euro),DNUR,Nidi e sezioni primavera,MMETP,Comunale a gestione affidata a terzi,2023,6214502,,,FILTER_ATS,Filter,,,,,,,,,,,,,,
A,Annuale,ITF1,Abruzzo,TOTEXP,Totale spesa (euro),DNUR,Nidi e sezioni primavera,PRPM,Privata con riserva di posti da parte del comune,2023,642233,,,FILTER_ATS,Filter,,,,,,,,,,,,,,
A,Annuale,ITF1,Abruzzo,TOTEXP,Totale spesa (euro),DNUR,Nidi e sezioni primavera,PCM,Privata senza riserva di posti da parte del comune,2023,414274,,,FILTER_ATS,Filter,,,,,,,,,,,,,,
A,Annuale,ITF1,Abruzzo,TOTEXP,Totale spesa (euro),DNUR,Nidi e sezioni primavera,CFPPS,Contributi alle famiglie per servizi privati o pubblici,2023,268416,,,FILTER_ATS,Filter,,,,,,,,,,,,,,
A,Annuale,ITF1,Abruzzo,TOTEXP,Totale spesa (euro),DNUR,Nidi e sezioni primavera,ALL,Tutte le voci,2023,17862724,,,FILTER_ATS,Filter,,,,,,,,,,,,,,
A,Annuale,ITF1,Abruzzo,TOTEXP,Totale spesa (euro),CDNUR,Nidi,MDO,Comunale a gestione diretta,2023,10030887,,,FILTER_ATS,Filter,,,,,,,,,,,,,,
A,Annuale,ITF1,Abruzzo,TOTEXP,Totale spesa (euro),CDNUR,Nidi,MMETP,Comunale a gestione affidata a terzi,2023,6212260,,,FILTER_ATS,Filter,,,,,,,,,,,,,,
A,Annuale,ITF1,Abruzzo,TOTEXP,Totale spesa (euro),CDNUR,Nidi,PRPM,Privata con riserva di posti da parte del comune,2023,490455,,,FILTER_ATS,Filter,,,,,,,,,,,,,,
A,Annuale,ITF1,Abruzzo,TOTEXP,Totale spesa (euro),CDNUR,Nidi,PCM,Privata senza riserva di posti da parte del comune,2023,343571,,,FILTER_ATS,Filter,,,,,,,,,,,,,,
A,Annuale,ITF1,Abruzzo,TOTEXP,Totale spesa (euro),CDNUR,Nidi,CFPPS,Contributi alle famiglie per servizi privati o pubblici,2023,259955,,,FILTER_ATS,Filter,,,,,,,,,,,,,,
A,Annuale,ITF1,Abruzzo,TOTEXP,Totale spesa (euro),CDNUR,Nidi,ALL,Tutte le voci,2023,17337128,,,FILTER_ATS,Filter,,,,,,,,,,,,,,
A,Annuale,ITF1,Abruzzo,TOTEXP,Totale spesa (euro),DNISC,Sezioni primavera,MDO,Comunale a gestione diretta,2023,292412,,,FILTER_ATS,Filter,,,,,,,,,,,,,,
A,Annuale,ITF1,Abruzzo,TOTEXP,Totale spesa (euro),DNISC,Sezioni primavera,MMETP,Comunale a gestione affidata a terzi,2023,2242,,,FILTER_ATS,Filter,,,,,,,,,,,,,,
A,Annuale,ITF1,Abruzzo,TOTEXP,Totale spesa (euro),DNISC,Sezioni primavera,PRPM,Privata con riserva di posti da parte del comune,2023,151778,,,FILTER_ATS,Filter,,,,,,,,,,,,,,
A,Annuale,ITF1,Abruzzo,TOTEXP,Totale spesa (euro),DNISC,Sezioni primavera,PCM,Privata senza riserva di posti da parte del comune,2023,70703,,,FILTER_ATS,Filter,,,,,,,,,,,,,,
A,Annuale,ITF1,Abruzzo,TOTEXP,Totale spesa (euro),DNISC,Sezioni primavera,CFPPS,Contributi alle famiglie per servizi privati o pubblici,2023,8461,,,FILTER_ATS,Filter,,,,,,,,,,,,,,
A,Annuale,ITF1,Abruzzo,TOTEXP,Totale spesa (euro),DNISC,Sezioni primavera,ALL,Tutte le voci,2023,525596,,,FILTER_ATS,Filter,,,,,,,,,,,,,,
A,Annuale,ITF1,Abruzzo,TOTEXP,Totale spesa (euro),ISERIDC,Servizi integrativi per la prima infanzia,MDO,Comunale a gestione diretta,2023,33969,,,FILTER_ATS,Filter,,,,,,,,,,,,,,
A,Annuale,ITF1,Abruzzo,TOTEXP,Totale spesa (euro),ISERIDC,Servizi integrativi per la prima infanzia,MMETP,Comunale a gestione affidata a terzi,2023,75333,,,FILTER_ATS,Filter,,,,,,,,,,,,,,
A,Annuale,ITF1,Abruzzo,TOTEXP,Totale spesa (euro),ISERIDC,Servizi integrativi per la prima infanzia,PRPM,Privata con riserva di posti da parte del comune,2023,87906,,,FILTER_ATS,Filter,,,,,,,,,,,,,,
A,Annuale,ITF1,Abruzzo,TOTEXP,Totale spesa (euro),ISERIDC,Servizi integrativi per la prima infanzia,PCM,Privata senza riserva di posti da parte del comune,2023,75422,,,FILTER_ATS,Filter,,,,,,,,,,,,,,
A,Annuale,ITF1,Abruzzo,TOTEXP,Totale spesa (euro),ISERIDC,Servizi integrativi per la prima infanzia,CFPPS,Contributi alle famiglie per servizi privati o pubblici,2023,1380,,,FILTER_ATS,Filter,,,,,,,,,,,,,,
A,Annuale,ITF1,Abruzzo,TOTEXP,Totale spesa (euro),ISERIDC,Servizi integrativi per la prima infanzia,ALL,Tutte le voci,2023,274010,,,FILTER_ATS,Filter,,,,,,,,,,,,,,
A,Annuale,ITF1,Abruzzo,TOTEXP,Totale spesa (euro),ALL,Tutte le voci,MDO,Comunale a gestione diretta,2023,10357268,,,FILTER_ATS,Filter,,,,,,,,,,,,,,
A,Annuale,ITF1,Abruzzo,TOTEXP,Totale spesa (euro),ALL,Tutte le voci,MMETP,Comunale a gestione affidata a terzi,2023,6289835,,,FILTER_ATS,Filter,,,,,,,,,,,,,,
A,Annuale,ITF1,Abruzzo,TOTEXP,Totale spesa (euro),ALL,Tutte le voci,PRPM,Privata con riserva di posti da parte del comune,2023,730139,,,FILTER_ATS,Filter,,,,,,,,,,,,,,
A,Annuale,ITF1,Abruzzo,TOTEXP,Totale spesa (euro),ALL,Tutte le voci,PCM,Privata senza riserva di posti da parte del comune,2023,489696,,,FILTER_ATS,Filter,,,,,,,,,,,,,,
A,Annuale,ITF1,Abruzzo,TOTEXP,Totale spesa (euro),ALL,Tutte le voci,CFPPS,Contributi alle famiglie per servizi privati o pubblici,2023,269796,,,FILTER_ATS,Filter,,,,,,,,,,,,,,
A,Annuale,ITF1,Abruzzo,TOTEXP,Totale spesa (euro),ALL,Tutte le voci,ALL,Tutte le voci,2023,18136734,,,FILTER_ATS,Filter,,,,,,,,,,,,,,
A,Annuale,ITF1,Abruzzo,EXPMUN,Spesa dei comuni (euro),DNUR,Nidi e sezioni primavera,MDO,Comunale a gestione diretta,2023,8221094,,,FILTER_ATS,Filter,,,,,,,,,,,,,,
A,Annuale,ITF1,Abruzzo,EXPMUN,Spesa dei comuni (euro),DNUR,Nidi e sezioni primavera,MMETP,Comunale a gestione affidata a terzi,2023,4494873,,,FILTER_ATS,Filter,,,,,,,,,,,,,,
A,Annuale,ITF1,Abruzzo,EXPMUN,Spesa dei comuni (euro),DNUR,Nidi e sezioni primavera,PRPM,Privata con riserva di posti da parte del comune,2023,446804,,,FILTER_ATS,Filter,,,,,,,,,,,,,,
A,Annuale,ITF1,Abruzzo,EXPMUN,Spesa dei comuni (euro),DNUR,Nidi e sezioni primavera,PCM,Privata senza riserva di posti da parte del comune,2023,414274,,,FILTER_ATS,Filter,,,,,,,,,,,,,,
A,Annuale,ITF1,Abruzzo,EXPMUN,Spesa dei comuni (euro),DNUR,Nidi e sezioni primavera,CFPPS,Contributi alle famiglie per servizi privati o pubblici,2023,268416,,,FILTER_ATS,Filter,,,,,,,,,,,,,,
A,Annuale,ITF1,Abruzzo,EXPMUN,Spesa dei comuni (euro),DNUR,Nidi e sezioni primavera,ALL,Tutte le voci,2023,13845461,,,FILTER_ATS,Filter,,,,,,,,,,,,,,
A,Annuale,ITF1,Abruzzo,EXPMUN,Spesa dei comuni (euro),CDNUR,Nidi,MDO,Comunale a gestione diretta,2023,8005048,,,FILTER_ATS,Filter,,,,,,,,,,,,,,
A,Annuale,ITF1,Abruzzo,EXPMUN,Spesa dei comuni (euro),CDNUR,Nidi,MMETP,Comunale a gestione affidata a terzi,2023,4492631,,,FILTER_ATS,Filter,,,,,,,,,,,,,,
A,Annuale,ITF1,Abruzzo,EXPMUN,Spesa dei comuni (euro),CDNUR,Nidi,PRPM,Privata con riserva di posti da parte del comune,2023,321026,,,FILTER_ATS,Filter,,,,,,,,,,,,,,
A,Annuale,ITF1,Abruzzo,EXPMUN,Spesa dei comuni (euro),CDNUR,Nidi,PCM,Privata senza riserva di posti da parte del comune,2023,343571,,,FILTER_ATS,Filter,,,,,,,,,,,,,,
A,Annuale,ITF1,Abruzzo,EXPMUN,Spesa dei comuni (euro),CDNUR,Nidi,CFPPS,Contributi alle famiglie per servizi privati o pubblici,2023,259955,,,FILTER_ATS,Filter,,,,,,,,,,,,,,
A,Annuale,ITF1,Abruzzo,EXPMUN,Spesa dei comuni (euro),CDNUR,Nidi,ALL,Tutte le voci,2023,13422231,,,FILTER_ATS,Filter,,,,,,,,,,,,,,
A,Annuale,ITF1,Abruzzo,EXPMUN,Spesa dei comuni (euro),DNISC,Sezioni primavera,MDO,Comunale a gestione diretta,2023,216046,,,FILTER_ATS,Filter,,,,,,,,,,,,,,
A,Annuale,ITF1,Abruzzo,EXPMUN,Spesa dei comuni (euro),DNISC,Sezioni primavera,MMETP,Comunale a gestione affidata a terzi,2023,2242,,,FILTER_ATS,Filter,,,,,,,,,,,,,,
A,Annuale,ITF1,Abruzzo,EXPMUN,Spesa dei comuni (euro),DNISC,Sezioni primavera,PRPM,Privata con riserva di posti da parte del comune,2023,125778,,,FILTER_ATS,Filter,,,,,,,,,,,,,,
A,Annuale,ITF1,Abruzzo,EXPMUN,Spesa dei comuni (euro),DNISC,Sezioni primavera,PCM,Privata senza riserva di posti da parte del comune,2023,70703,,,FILTER_ATS,Filter,,,,,,,,,,,,,,
A,Annuale,ITF1,Abruzzo,EXPMUN,Spesa dei comuni (euro),DNISC,Sezioni primavera,CFPPS,Contributi alle famiglie per servizi privati o pubblici,2023,8461,,,FILTER_ATS,Filter,,,,,,,,,,,,,,
A,Annuale,ITF1,Abruzzo,EXPMUN,Spesa dei comuni (euro),DNISC,Sezioni primavera,ALL,Tutte le voci,2023,423230,,,FILTER_ATS,Filter,,,,,,,,,,,,,,
A,Annuale,ITF1,Abruzzo,EXPMUN,Spesa dei comuni (euro),ISERIDC,Servizi integrativi per la prima infanzia,MDO,Comunale a gestione diretta,2023,32303,,,FILTER_ATS,Filter,,,,,,,,,,,,,,
A,Annuale,ITF1,Abruzzo,EXPMUN,Spesa dei comuni (euro),ISERIDC,Servizi integrativi per la prima infanzia,MMETP,Comunale a gestione affidata a terzi,2023,75333,,,FILTER_ATS,Filter,,,,,,,,,,,,,,
A,Annuale,ITF1,Abruzzo,EXPMUN,Spesa dei comuni (euro),ISERIDC,Servizi integrativi per la prima infanzia,PRPM,Privata con riserva di posti da parte del comune,2023,12306,,,FILTER_ATS,Filter,,,,,,,,,,,,,,
A,Annuale,ITF1,Abruzzo,EXPMUN,Spesa dei comuni (euro),ISERIDC,Servizi integrativi per la prima infanzia,PCM,Privata senza riserva di posti da parte del comune,2023,75422,,,FILTER_ATS,Filter,,,,,,,,,,,,,,
A,Annuale,ITF1,Abruzzo,EXPMUN,Spesa dei comuni (euro),ISERIDC,Servizi integrativi per la prima infanzia,CFPPS,Contributi alle famiglie per servizi privati o pubblici,2023,1380,,,FILTER_ATS,Filter,,,,,,,,,,,,,,
A,Annuale,ITF1,Abruzzo,EXPMUN,Spesa dei comuni (euro),ISERIDC,Servizi integrativi per la prima infanzia,ALL,Tutte le voci,2023,196744,,,FILTER_ATS,Filter,,,,,,,,,,,,,,
A,Annuale,ITF1,Abruzzo,EXPMUN,Spesa dei comuni (euro),ALL,Tutte le voci,MDO,Comunale a gestione diretta,2023,8253397,,,FILTER_ATS,Filter,,,,,,,,,,,,,,
A,Annuale,ITF1,Abruzzo,EXPMUN,Spesa dei comuni (euro),ALL,Tutte le voci,MMETP,Comunale a gestione affidata a terzi,2023,4570206,,,FILTER_ATS,Filter,,,,,,,,,,,,,,
A,Annuale,ITF1,Abruzzo,EXPMUN,Spesa dei comuni (euro),ALL,Tutte le voci,PRPM,Privata con riserva di posti da parte del comune,2023,459110,,,FILTER_ATS,Filter,,,,,,,,,,,,,,
A,Annuale,ITF1,Abruzzo,EXPMUN,Spesa dei comuni (euro),ALL,Tutte le voci,PCM,Privata senza riserva di posti da parte del comune,2023,489696,,,FILTER_ATS,Filter,,,,,,,,,,,,,,
A,Annuale,ITF1,Abruzzo,EXPMUN,Spesa dei comuni (euro),ALL,Tutte le voci,CFPPS,Contributi alle famiglie per servizi privati o pubblici,2023,269796,,,FILTER_ATS,Filter,,,,,,,,,,,,,,
A,Annuale,ITF1,Abruzzo,EXPMUN,Spesa dei comuni (euro),ALL,Tutte le voci,ALL,Tutte le voci,2023,14042205,,,FILTER_ATS,Filter,,,,,,,,,,,,,,
A,Annuale,ITF1,Abruzzo,EXPUSERS,Compartecipazione degli utenti alla spesa totale (euro),DNUR,Nidi e sezioni primavera,MDO,Comunale a gestione diretta,2023,2102205,,,FILTER_ATS,Filter,,,,,,,,,,,,,,
A,Annuale,ITF1,Abruzzo,EXPUSERS,Compartecipazione degli utenti alla spesa totale (euro),DNUR,Nidi e sezioni primavera,MMETP,Comunale a gestione affidata a terzi,2023,1719629,,,FILTER_ATS,Filter,,,,,,,,,,,,,,
A,Annuale,ITF1,Abruzzo,EXPUSERS,Compartecipazione degli utenti alla spesa totale (euro),DNUR,Nidi e sezioni primavera,PRPM,Privata con riserva di posti da parte del comune,2023,195429,,,FILTER_ATS,Filter,,,,,,,,,,,,,,
A,Annuale,ITF1,Abruzzo,EXPUSERS,Compartecipazione degli utenti alla spesa totale (euro),DNUR,Nidi e sezioni primavera,ALL,Tutte le voci,2023,4017263,,,FILTER_ATS,Filter,,,,,,,,,,,,,,
A,Annuale,ITF1,Abruzzo,EXPUSERS,Compartecipazione degli utenti alla spesa totale (euro),CDNUR,Nidi,MDO,Comunale a gestione diretta,2023,2025839,,,FILTER_ATS,Filter,,,,,,,,,,,,,,
A,Annuale,ITF1,Abruzzo,EXPUSERS,Compartecipazione degli utenti alla spesa totale (euro),CDNUR,Nidi,MMETP,Comunale a gestione affidata a terzi,2023,1719629,,,FILTER_ATS,Filter,,,,,,,,,,,,,,
A,Annuale,ITF1,Abruzzo,EXPUSERS,Compartecipazione degli utenti alla spesa totale (euro),CDNUR,Nidi,PRPM,Privata con riserva di posti da parte del comune,2023,169429,,,FILTER_ATS,Filter,,,,,,,,,,,,,,
A,Annuale,ITF1,Abruzzo,EXPUSERS,Compartecipazione degli utenti alla spesa totale (euro),CDNUR,Nidi,ALL,Tutte le voci,2023,3914897,,,FILTER_ATS,Filter,,,,,,,,,,,,,,
A,Annuale,ITF1,Abruzzo,EXPUSERS,Compartecipazione degli utenti alla spesa totale (euro),DNISC,Sezioni primavera,MDO,Comunale a gestione diretta,2023,76366,,,FILTER_ATS,Filter,,,,,,,,,,,,,,
A,Annuale,ITF1,Abruzzo,EXPUSERS,Compartecipazione degli utenti alla spesa totale (euro),DNISC,Sezioni primavera,MMETP,Comunale a gestione affidata a terzi,2023,0,,,FILTER_ATS,Filter,,,,,,,,,,,,,,
A,Annuale,ITF1,Abruzzo,EXPUSERS,Compartecipazione degli utenti alla spesa totale (euro),DNISC,Sezioni primavera,PRPM,Privata con riserva di posti da parte del comune,2023,26000,,,FILTER_ATS,Filter,,,,,,,,,,,,,,
A,Annuale,ITF1,Abruzzo,EXPUSERS,Compartecipazione degli utenti alla spesa totale (euro),DNISC,Sezioni primavera,ALL,Tutte le voci,2023,102366,,,FILTER_ATS,Filter,,,,,,,,,,,,,,
A,Annuale,ITF1,Abruzzo,EXPUSERS,Compartecipazione degli utenti alla spesa totale (euro),ISERIDC,Servizi integrativi per la prima infanzia,MDO,Comunale a gestione diretta,2023,1666,,,FILTER_ATS,Filter,,,,,,,,,,,,,,
A,Annuale,ITF1,Abruzzo,EXPUSERS,Compartecipazione degli utenti alla spesa totale (euro),ISERIDC,Servizi integrativi per la prima infanzia,MMETP,Comunale a gestione affidata a terzi,2023,0,,,FILTER_ATS,Filter,,,,,,,,,,,,,,
A,Annuale,ITF1,Abruzzo,EXPUSERS,Compartecipazione degli utenti alla spesa totale (euro),ISERIDC,Servizi integrativi per la prima infanzia,PRPM,Privata con riserva di posti da parte del comune,2023,75600,,,FILTER_ATS,Filter,,,,,,,,,,,,,,
A,Annuale,ITF1,Abruzzo,EXPUSERS,Compartecipazione degli utenti alla spesa totale (euro),ISERIDC,Servizi integrativi per la prima infanzia,ALL,Tutte le voci,2023,77266,,,FILTER_ATS,Filter,,,,,,,,,,,,,,
A,Annuale,ITF1,Abruzzo,EXPUSERS,Compartecipazione degli utenti alla spesa totale (euro),ALL,Tutte le voci,MDO,Comunale a gestione diretta,2023,2103871,,,FILTER_ATS,Filter,,,,,,,,,,,,,,
A,Annuale,ITF1,Abruzzo,EXPUSERS,Compartecipazione degli utenti alla spesa totale (euro),ALL,Tutte le voci,MMETP,Comunale a gestione affidata a terzi,2023,1719629,,,FILTER_ATS,Filter,,,,,,,,,,,,,,
A,Annuale,ITF1,Abruzzo,EXPUSERS,Compartecipazione degli utenti alla spesa totale (euro),ALL,Tutte le voci,PRPM,Privata con riserva di posti da parte del comune,2023,271029,,,FILTER_ATS,Filter,,,,,,,,,,,,,,
A,Annuale,ITF1,Abruzzo,EXPUSERS,Compartecipazione degli utenti alla spesa totale (euro),ALL,Tutte le voci,ALL,Tutte le voci,2023,4094529,,,FILTER_ATS,Filter,,,,,,,,,,,,,,
A,Annuale,ITF1,Abruzzo,PEREXPPU,Spesa sostenuta dagli utenti sulla spesa totale (percentuale),DNUR,Nidi e sezioni primavera,MDO,Comunale a gestione diretta,2023,20.4,,,FILTER_ATS,Filter,,,,,,,,,,,,,,
A,Annuale,ITF1,Abruzzo,PEREXPPU,Spesa sostenuta dagli utenti sulla spesa totale (percentuale),DNUR,Nidi e sezioni primavera,MMETP,Comunale a gestione affidata a terzi,2023,27.7,,,FILTER_ATS,Filter,,,,,,,,,,,,,,
A,Annuale,ITF1,Abruzzo,PEREXPPU,Spesa sostenuta dagli utenti sulla spesa totale (percentuale),DNUR,Nidi e sezioni primavera,PRPM,Privata con riserva di posti da parte del comune,2023,30.4,,,FILTER_ATS,Filter,,,,,,,,,,,,,,
A,Annuale,ITF1,Abruzzo,PEREXPPU,Spesa sostenuta dagli utenti sulla spesa totale (percentuale),DNUR,Nidi e sezioni primavera,ALL,Tutte le voci,2023,22.5,,,FILTER_ATS,Filter,,,,,,,,,,,,,,
A,Annuale,ITF1,Abruzzo,PEREXPPU,Spesa sostenuta dagli utenti sulla spesa totale (percentuale),CDNUR,Nidi,MDO,Comunale a gestione diretta,2023,20.2,,,FILTER_ATS,Filter,,,,,,,,,,,,,,
A,Annuale,ITF1,Abruzzo,PEREXPPU,Spesa sostenuta dagli utenti sulla spesa totale (percentuale),CDNUR,Nidi,MMETP,Comunale a gestione affidata a terzi,2023,27.7,,,FILTER_ATS,Filter,,,,,,,,,,,,,,
A,Annuale,ITF1,Abruzzo,PEREXPPU,Spesa sostenuta dagli utenti sulla spesa totale (percentuale),CDNUR,Nidi,PRPM,Privata con riserva di posti da parte del comune,2023,34.5,,,FILTER_ATS,Filter,,,,,,,,,,,,,,
A,Annuale,ITF1,Abruzzo,PEREXPPU,Spesa sostenuta dagli utenti sulla spesa totale (percentuale),CDNUR,Nidi,ALL,Tutte le voci,2023,22.6,,,FILTER_ATS,Filter,,,,,,,,,,,,,,
A,Annuale,ITF1,Abruzzo,PEREXPPU,Spesa sostenuta dagli utenti sulla spesa totale (percentuale),DNISC,Sezioni primavera,MDO,Comunale a gestione diretta,2023,26.1,,,FILTER_ATS,Filter,,,,,,,,,,,,,,
A,Annuale,ITF1,Abruzzo,PEREXPPU,Spesa sostenuta dagli utenti sulla spesa totale (percentuale),DNISC,Sezioni primavera,MMETP,Comunale a gestione affidata a terzi,2023,0,,,FILTER_ATS,Filter,,,,,,,,,,,,,,
A,Annuale,ITF1,Abruzzo,PEREXPPU,Spesa sostenuta dagli utenti sulla spesa totale (percentuale),DNISC,Sezioni primavera,PRPM,Privata con riserva di posti da parte del comune,2023,17.1,,,FILTER_ATS,Filter,,,,,,,,,,,,,,
A,Annuale,ITF1,Abruzzo,PEREXPPU,Spesa sostenuta dagli utenti sulla spesa totale (percentuale),DNISC,Sezioni primavera,ALL,Tutte le voci,2023,19.5,,,FILTER_ATS,Filter,,,,,,,,,,,,,,
A,Annuale,ITF1,Abruzzo,PEREXPPU,Spesa sostenuta dagli utenti sulla spesa totale (percentuale),ISERIDC,Servizi integrativi per la prima infanzia,MDO,Comunale a gestione diretta,2023,4.9,,,FILTER_ATS,Filter,,,,,,,,,,,,,,
A,Annuale,ITF1,Abruzzo,PEREXPPU,Spesa sostenuta dagli utenti sulla spesa totale (percentuale),ISERIDC,Servizi integrativi per la prima infanzia,MMETP,Comunale a gestione affidata a terzi,2023,0,,,FILTER_ATS,Filter,,,,,,,,,,,,,,
A,Annuale,ITF1,Abruzzo,PEREXPPU,Spesa sostenuta dagli utenti sulla spesa totale (percentuale),ISERIDC,Servizi integrativi per la prima infanzia,PRPM,Privata con riserva di posti da parte del comune,2023,86,,,FILTER_ATS,Filter,,,,,,,,,,,,,,
A,Annuale,ITF1,Abruzzo,PEREXPPU,Spesa sostenuta dagli utenti sulla spesa totale (percentuale),ISERIDC,Servizi integrativi per la prima infanzia,ALL,Tutte le voci,2023,28.2,,,FILTER_ATS,Filter,,,,,,,,,,,,,,
A,Annuale,ITF1,Abruzzo,PEREXPPU,Spesa sostenuta dagli utenti sulla spesa totale (percentuale),ALL,Tutte le voci,MDO,Comunale a gestione diretta,2023,20.3,,,FILTER_ATS,Filter,,,,,,,,,,,,,,
A,Annuale,ITF1,Abruzzo,PEREXPPU,Spesa sostenuta dagli utenti sulla spesa totale (percentuale),ALL,Tutte le voci,MMETP,Comunale a gestione affidata a terzi,2023,27.3,,,FILTER_ATS,Filter,,,,,,,,,,,,,,
A,Annuale,ITF1,Abruzzo,PEREXPPU,Spesa sostenuta dagli utenti sulla spesa totale (percentuale),ALL,Tutte le voci,PRPM,Privata con riserva di posti da parte del comune,2023,37.1,,,FILTER_ATS,Filter,,,,,,,,,,,,,,
A,Annuale,ITF1,Abruzzo,PEREXPPU,Spesa sostenuta dagli utenti sulla spesa totale (percentuale),ALL,Tutte le voci,ALL,Tutte le voci,2023,22.6,,,FILTER_ATS,Filter,,,,,,,,,,,,,,
A,Annuale,ITF2,Molise,USSSPM,Utenti,DNUR,Nidi e sezioni primavera,MDO,Comunale a gestione diretta,2023,150,,,FILTER_ATS,Filter,,,,,,,,,,,,,,
A,Annuale,ITF2,Molise,USSSPM,Utenti,DNUR,Nidi e sezioni primavera,MMETP,Comunale a gestione affidata a terzi,2023,438,,,FILTER_ATS,Filter,,,,,,,,,,,,,,
A,Annuale,ITF2,Molise,USSSPM,Utenti,DNUR,Nidi e sezioni primavera,PRPM,Privata con riserva di posti da parte del comune,2023,139,,,FILTER_ATS,Filter,,,,,,,,,,,,,,
A,Annuale,ITF2,Molise,USSSPM,Utenti,DNUR,Nidi e sezioni primavera,CFPPS,Contributi alle famiglie per servizi privati o pubblici,2023,0,,,FILTER_ATS,Filter,,,,,,,,,,,,,,
A,Annuale,ITF2,Molise,USSSPM,Utenti,DNUR,Nidi e sezioni primavera,ALL,Tutte le voci,2023,727,,,FILTER_ATS,Filter,,,,,,,,,,,,,,
A,Annuale,ITF2,Molise,USSSPM,Utenti,CDNUR,Nidi,MDO,Comunale a gestione diretta,2023,130,,,FILTER_ATS,Filter,,,,,,,,,,,,,,
A,Annuale,ITF2,Molise,USSSPM,Utenti,CDNUR,Nidi,MMETP,Comunale a gestione affidata a terzi,2023,272,,,FILTER_ATS,Filter,,,,,,,,,,,,,,
A,Annuale,ITF2,Molise,USSSPM,Utenti,CDNUR,Nidi,PRPM,Privata con riserva di posti da parte del comune,2023,71,,,FILTER_ATS,Filter,,,,,,,,,,,,,,
A,Annuale,ITF2,Molise,USSSPM,Utenti,CDNUR,Nidi,CFPPS,Contributi alle famiglie per servizi privati o pubblici,2023,0,,,FILTER_ATS,Filter,,,,,,,,,,,,,,
A,Annuale,ITF2,Molise,USSSPM,Utenti,CDNUR,Nidi,ALL,Tutte le voci,2023,473,,,FILTER_ATS,Filter,,,,,,,,,,,,,,
A,Annuale,ITF2,Molise,USSSPM,Utenti,DNISC,Sezioni primavera,MDO,Comunale a gestione diretta,2023,20,,,FILTER_ATS,Filter,,,,,,,,,,,,,,
A,Annuale,ITF2,Molise,USSSPM,Utenti,DNISC,Sezioni primavera,MMETP,Comunale a gestione affidata a terzi,2023,166,,,FILTER_ATS,Filter,,,,,,,,,,,,,,
A,Annuale,ITF2,Molise,USSSPM,Utenti,DNISC,Sezioni primavera,PRPM,Privata con riserva di posti da parte del comune,2023,68,,,FILTER_ATS,Filter,,,,,,,,,,,,,,
A,Annuale,ITF2,Molise,USSSPM,Utenti,DNISC,Sezioni primavera,CFPPS,Contributi alle famiglie per servizi privati o pubblici,2023,0,,,FILTER_ATS,Filter,,,,,,,,,,,,,,
A,Annuale,ITF2,Molise,USSSPM,Utenti,DNISC,Sezioni primavera,ALL,Tutte le voci,2023,254,,,FILTER_ATS,Filter,,,,,,,,,,,,,,
A,Annuale,ITF2,Molise,USSSPM,Utenti,ISERIDC,Servizi integrativi per la prima infanzia,MDO,Comunale a gestione diretta,2023,0,,,FILTER_ATS,Filter,,,,,,,,,,,,,,
A,Annuale,ITF2,Molise,USSSPM,Utenti,ISERIDC,Servizi integrativi per la prima infanzia,MMETP,Comunale a gestione affidata a terzi,2023,0,,,FILTER_ATS,Filter,,,,,,,,,,,,,,
A,Annuale,ITF2,Molise,USSSPM,Utenti,ISERIDC,Servizi integrativi per la prima infanzia,PRPM,Privata con riserva di posti da parte del comune,2023,0,,,FILTER_ATS,Filter,,,,,,,,,,,,,,
A,Annuale,ITF2,Molise,USSSPM,Utenti,ISERIDC,Servizi integrativi per la prima infanzia,CFPPS,Contributi alle famiglie per servizi privati o pubblici,2023,0,,,FILTER_ATS,Filter,,,,,,,,,,,,,,
A,Annuale,ITF2,Molise,USSSPM,Utenti,ISERIDC,Servizi integrativi per la prima infanzia,ALL,Tutte le voci,2023,0,,,FILTER_ATS,Filter,,,,,,,,,,,,,,
A,Annuale,ITF2,Molise,USSSPM,Utenti,ALL,Tutte le voci,MDO,Comunale a gestione diretta,2023,150,,,FILTER_ATS,Filter,,,,,,,,,,,,,,
A,Annuale,ITF2,Molise,USSSPM,Utenti,ALL,Tutte le voci,MMETP,Comunale a gestione affidata a terzi,2023,438,,,FILTER_ATS,Filter,,,,,,,,,,,,,,
A,Annuale,ITF2,Molise,USSSPM,Utenti,ALL,Tutte le voci,PRPM,Privata con riserva di posti da parte del comune,2023,139,,,FILTER_ATS,Filter,,,,,,,,,,,,,,
A,Annuale,ITF2,Molise,USSSPM,Utenti,ALL,Tutte le voci,CFPPS,Contributi alle famiglie per servizi privati o pubblici,2023,0,,,FILTER_ATS,Filter,,,,,,,,,,,,,,
A,Annuale,ITF2,Molise,USSSPM,Utenti,ALL,Tutte le voci,ALL,Tutte le voci,2023,727,,,FILTER_ATS,Filter,,,,,,,,,,,,,,
A,Annuale,ITF2,Molise,TOTEXP,Totale spesa (euro),DNUR,Nidi e sezioni primavera,MDO,Comunale a gestione diretta,2023,1146001,,,FILTER_ATS,Filter,,,,,,,,,,,,,,
A,Annuale,ITF2,Molise,TOTEXP,Totale spesa (euro),DNUR,Nidi e sezioni primavera,MMETP,Comunale a gestione affidata a terzi,2023,1387297,,,FILTER_ATS,Filter,,,,,,,,,,,,,,
A,Annuale,ITF2,Molise,TOTEXP,Totale spesa (euro),DNUR,Nidi e sezioni primavera,PRPM,Privata con riserva di posti da parte del comune,2023,408318,,,FILTER_ATS,Filter,,,,,,,,,,,,,,
A,Annuale,ITF2,Molise,TOTEXP,Totale spesa (euro),DNUR,Nidi e sezioni primavera,PCM,Privata senza riserva di posti da parte del comune,2023,125400,,,FILTER_ATS,Filter,,,,,,,,,,,,,,
A,Annuale,ITF2,Molise,TOTEXP,Totale spesa (euro),DNUR,Nidi e sezioni primavera,CFPPS,Contributi alle famiglie per servizi privati o pubblici,2023,0,,,FILTER_ATS,Filter,,,,,,,,,,,,,,
A,Annuale,ITF2,Molise,TOTEXP,Totale spesa (euro),DNUR,Nidi e sezioni primavera,ALL,Tutte le voci,2023,3067016,,,FILTER_ATS,Filter,,,,,,,,,,,,,,
A,Annuale,ITF2,Molise,TOTEXP,Totale spesa (euro),CDNUR,Nidi,MDO,Comunale a gestione diretta,2023,1087460,,,FILTER_ATS,Filter,,,,,,,,,,,,,,
A,Annuale,ITF2,Molise,TOTEXP,Totale spesa (euro),CDNUR,Nidi,MMETP,Comunale a gestione affidata a terzi,2023,891294,,,FILTER_ATS,Filter,,,,,,,,,,,,,,
A,Annuale,ITF2,Molise,TOTEXP,Totale spesa (euro),CDNUR,Nidi,PRPM,Privata con riserva di posti da parte del comune,2023,202332,,,FILTER_ATS,Filter,,,,,,,,,,,,,,
A,Annuale,ITF2,Molise,TOTEXP,Totale spesa (euro),CDNUR,Nidi,PCM,Privata senza riserva di posti da parte del comune,2023,55600,,,FILTER_ATS,Filter,,,,,,,,,,,,,,
A,Annuale,ITF2,Molise,TOTEXP,Totale spesa (euro),CDNUR,Nidi,CFPPS,Contributi alle famiglie per servizi privati o pubblici,2023,0,,,FILTER_ATS,Filter,,,,,,,,,,,,,,
A,Annuale,ITF2,Molise,TOTEXP,Totale spesa (euro),CDNUR,Nidi,ALL,Tutte le voci,2023,2236686,,,FILTER_ATS,Filter,,,,,,,,,,,,,,
A,Annuale,ITF2,Molise,TOTEXP,Totale spesa (euro),DNISC,Sezioni primavera,MDO,Comunale a gestione diretta,2023,58541,,,FILTER_ATS,Filter,,,,,,,,,,,,,,
A,Annuale,ITF2,Molise,TOTEXP,Totale spesa (euro),DNISC,Sezioni primavera,MMETP,Comunale a gestione affidata a terzi,2023,496003,,,FILTER_ATS,Filter,,,,,,,,,,,,,,
A,Annuale,ITF2,Molise,TOTEXP,Totale spesa (euro),DNISC,Sezioni primavera,PRPM,Privata con riserva di posti da parte del comune,2023,205986,,,FILTER_ATS,Filter,,,,,,,,,,,,,,
A,Annuale,ITF2,Molise,TOTEXP,Totale spesa (euro),DNISC,Sezioni primavera,PCM,Privata senza riserva di posti da parte del comune,2023,69800,,,FILTER_ATS,Filter,,,,,,,,,,,,,,
A,Annuale,ITF2,Molise,TOTEXP,Totale spesa (euro),DNISC,Sezioni primavera,CFPPS,Contributi alle famiglie per servizi privati o pubblici,2023,0,,,FILTER_ATS,Filter,,,,,,,,,,,,,,
A,Annuale,ITF2,Molise,TOTEXP,Totale spesa (euro),DNISC,Sezioni primavera,ALL,Tutte le voci,2023,830330,,,FILTER_ATS,Filter,,,,,,,,,,,,,,
A,Annuale,ITF2,Molise,TOTEXP,Totale spesa (euro),ISERIDC,Servizi integrativi per la prima infanzia,MDO,Comunale a gestione diretta,2023,0,,,FILTER_ATS,Filter,,,,,,,,,,,,,,
A,Annuale,ITF2,Molise,TOTEXP,Totale spesa (euro),ISERIDC,Servizi integrativi per la prima infanzia,MMETP,Comunale a gestione affidata a terzi,2023,0,,,FILTER_ATS,Filter,,,,,,,,,,,,,,
A,Annuale,ITF2,Molise,TOTEXP,Totale spesa (euro),ISERIDC,Servizi integrativi per la prima infanzia,PRPM,Privata con riserva di posti da parte del comune,2023,0,,,FILTER_ATS,Filter,,,,,,,,,,,,,,
A,Annuale,ITF2,Molise,TOTEXP,Totale spesa (euro),ISERIDC,Servizi integrativi per la prima infanzia,PCM,Privata senza riserva di posti da parte del comune,2023,0,,,FILTER_ATS,Filter,,,,,,,,,,,,,,
A,Annuale,ITF2,Molise,TOTEXP,Totale spesa (euro),ISERIDC,Servizi integrativi per la prima infanzia,CFPPS,Contributi alle famiglie per servizi privati o pubblici,2023,0,,,FILTER_ATS,Filter,,,,,,,,,,,,,,
A,Annuale,ITF2,Molise,TOTEXP,Totale spesa (euro),ISERIDC,Servizi integrativi per la prima infanzia,ALL,Tutte le voci,2023,0,,,FILTER_ATS,Filter,,,,,,,,,,,,,,
A,Annuale,ITF2,Molise,TOTEXP,Totale spesa (euro),ALL,Tutte le voci,MDO,Comunale a gestione diretta,2023,1146001,,,FILTER_ATS,Filter,,,,,,,,,,,,,,
A,Annuale,ITF2,Molise,TOTEXP,Totale spesa (euro),ALL,Tutte le voci,MMETP,Comunale a gestione affidata a terzi,2023,1387297,,,FILTER_ATS,Filter,,,,,,,,,,,,,,
A,Annuale,ITF2,Molise,TOTEXP,Totale spesa (euro),ALL,Tutte le voci,PRPM,Privata con riserva di posti da parte del comune,2023,408318,,,FILTER_ATS,Filter,,,,,,,,,,,,,,
A,Annuale,ITF2,Molise,TOTEXP,Totale spesa (euro),ALL,Tutte le voci,PCM,Privata senza riserva di posti da parte del comune,2023,125400,,,FILTER_ATS,Filter,,,,,,,,,,,,,,
A,Annuale,ITF2,Molise,TOTEXP,Totale spesa (euro),ALL,Tutte le voci,CFPPS,Contributi alle famiglie per servizi privati o pubblici,2023,0,,,FILTER_ATS,Filter,,,,,,,,,,,,,,
A,Annuale,ITF2,Molise,TOTEXP,Totale spesa (euro),ALL,Tutte le voci,ALL,Tutte le voci,2023,3067016,,,FILTER_ATS,Filter,,,,,,,,,,,,,,
A,Annuale,ITF2,Molise,EXPMUN,Spesa dei comuni (euro),DNUR,Nidi e sezioni primavera,MDO,Comunale a gestione diretta,2023,900553,,,FILTER_ATS,Filter,,,,,,,,,,,,,,
A,Annuale,ITF2,Molise,EXPMUN,Spesa dei comuni (euro),DNUR,Nidi e sezioni primavera,MMETP,Comunale a gestione affidata a terzi,2023,1152170,,,FILTER_ATS,Filter,,,,,,,,,,,,,,
A,Annuale,ITF2,Molise,EXPMUN,Spesa dei comuni (euro),DNUR,Nidi e sezioni primavera,PRPM,Privata con riserva di posti da parte del comune,2023,290257,,,FILTER_ATS,Filter,,,,,,,,,,,,,,
A,Annuale,ITF2,Molise,EXPMUN,Spesa dei comuni (euro),DNUR,Nidi e sezioni primavera,PCM,Privata senza riserva di posti da parte del comune,2023,125400,,,FILTER_ATS,Filter,,,,,,,,,,,,,,
A,Annuale,ITF2,Molise,EXPMUN,Spesa dei comuni (euro),DNUR,Nidi e sezioni primavera,CFPPS,Contributi alle famiglie per servizi privati o pubblici,2023,0,,,FILTER_ATS,Filter,,,,,,,,,,,,,,
A,Annuale,ITF2,Molise,EXPMUN,Spesa dei comuni (euro),DNUR,Nidi e sezioni primavera,ALL,Tutte le voci,2023,2468380,,,FILTER_ATS,Filter,,,,,,,,,,,,,,
A,Annuale,ITF2,Molise,EXPMUN,Spesa dei comuni (euro),CDNUR,Nidi,MDO,Comunale a gestione diretta,2023,855049,,,FILTER_ATS,Filter,,,,,,,,,,,,,,
A,Annuale,ITF2,Molise,EXPMUN,Spesa dei comuni (euro),CDNUR,Nidi,MMETP,Comunale a gestione affidata a terzi,2023,738475,,,FILTER_ATS,Filter,,,,,,,,,,,,,,
A,Annuale,ITF2,Molise,EXPMUN,Spesa dei comuni (euro),CDNUR,Nidi,PRPM,Privata con riserva di posti da parte del comune,2023,150739,,,FILTER_ATS,Filter,,,,,,,,,,,,,,
A,Annuale,ITF2,Molise,EXPMUN,Spesa dei comuni (euro),CDNUR,Nidi,PCM,Privata senza riserva di posti da parte del comune,2023,55600,,,FILTER_ATS,Filter,,,,,,,,,,,,,,
A,Annuale,ITF2,Molise,EXPMUN,Spesa dei comuni (euro),CDNUR,Nidi,CFPPS,Contributi alle famiglie per servizi privati o pubblici,2023,0,,,FILTER_ATS,Filter,,,,,,,,,,,,,,
A,Annuale,ITF2,Molise,EXPMUN,Spesa dei comuni (euro),CDNUR,Nidi,ALL,Tutte le voci,2023,1799863,,,FILTER_ATS,Filter,,,,,,,,,,,,,,
A,Annuale,ITF2,Molise,EXPMUN,Spesa dei comuni (euro),DNISC,Sezioni primavera,MDO,Comunale a gestione diretta,2023,45504,,,FILTER_ATS,Filter,,,,,,,,,,,,,,
A,Annuale,ITF2,Molise,EXPMUN,Spesa dei comuni (euro),DNISC,Sezioni primavera,MMETP,Comunale a gestione affidata a terzi,2023,413695,,,FILTER_ATS,Filter,,,,,,,,,,,,,,
A,Annuale,ITF2,Molise,EXPMUN,Spesa dei comuni (euro),DNISC,Sezioni primavera,PRPM,Privata con riserva di posti da parte del comune,2023,139518,,,FILTER_ATS,Filter,,,,,,,,,,,,,,
A,Annuale,ITF2,Molise,EXPMUN,Spesa dei comuni (euro),DNISC,Sezioni primavera,PCM,Privata senza riserva di posti da parte del comune,2023,69800,,,FILTER_ATS,Filter,,,,,,,,,,,,,,
A,Annuale,ITF2,Molise,EXPMUN,Spesa dei comuni (euro),DNISC,Sezioni primavera,CFPPS,Contributi alle famiglie per servizi privati o pubblici,2023,0,,,FILTER_ATS,Filter,,,,,,,,,,,,,,
A,Annuale,ITF2,Molise,EXPMUN,Spesa dei comuni (euro),DNISC,Sezioni primavera,ALL,Tutte le voci,2023,668517,,,FILTER_ATS,Filter,,,,,,,,,,,,,,
A,Annuale,ITF2,Molise,EXPMUN,Spesa dei comuni (euro),ISERIDC,Servizi integrativi per la prima infanzia,MDO,Comunale a gestione diretta,2023,0,,,FILTER_ATS,Filter,,,,,,,,,,,,,,
A,Annuale,ITF2,Molise,EXPMUN,Spesa dei comuni (euro),ISERIDC,Servizi integrativi per la prima infanzia,MMETP,Comunale a gestione affidata a terzi,2023,0,,,FILTER_ATS,Filter,,,,,,,,,,,,,,
A,Annuale,ITF2,Molise,EXPMUN,Spesa dei comuni (euro),ISERIDC,Servizi integrativi per la prima infanzia,PRPM,Privata con riserva di posti da parte del comune,2023,0,,,FILTER_ATS,Filter,,,,,,,,,,,,,,
A,Annuale,ITF2,Molise,EXPMUN,Spesa dei comuni (euro),ISERIDC,Servizi integrativi per la prima infanzia,PCM,Privata senza riserva di posti da parte del comune,2023,0,,,FILTER_ATS,Filter,,,,,,,,,,,,,,
A,Annuale,ITF2,Molise,EXPMUN,Spesa dei comuni (euro),ISERIDC,Servizi integrativi per la prima infanzia,CFPPS,Contributi alle famiglie per servizi privati o pubblici,2023,0,,,FILTER_ATS,Filter,,,,,,,,,,,,,,
A,Annuale,ITF2,Molise,EXPMUN,Spesa dei comuni (euro),ISERIDC,Servizi integrativi per la prima infanzia,ALL,Tutte le voci,2023,0,,,FILTER_ATS,Filter,,,,,,,,,,,,,,
A,Annuale,ITF2,Molise,EXPMUN,Spesa dei comuni (euro),ALL,Tutte le voci,MDO,Comunale a gestione diretta,2023,900553,,,FILTER_ATS,Filter,,,,,,,,,,,,,,
A,Annuale,ITF2,Molise,EXPMUN,Spesa dei comuni (euro),ALL,Tutte le voci,MMETP,Comunale a gestione affidata a terzi,2023,1152170,,,FILTER_ATS,Filter,,,,,,,,,,,,,,
A,Annuale,ITF2,Molise,EXPMUN,Spesa dei comuni (euro),ALL,Tutte le voci,PRPM,Privata con riserva di posti da parte del comune,2023,290257,,,FILTER_ATS,Filter,,,,,,,,,,,,,,
A,Annuale,ITF2,Molise,EXPMUN,Spesa dei comuni (euro),ALL,Tutte le voci,PCM,Privata senza riserva di posti da parte del comune,2023,125400,,,FILTER_ATS,Filter,,,,,,,,,,,,,,
A,Annuale,ITF2,Molise,EXPMUN,Spesa dei comuni (euro),ALL,Tutte le voci,CFPPS,Contributi alle famiglie per servizi privati o pubblici,2023,0,,,FILTER_ATS,Filter,,,,,,,,,,,,,,
A,Annuale,ITF2,Molise,EXPMUN,Spesa dei comuni (euro),ALL,Tutte le voci,ALL,Tutte le voci,2023,2468380,,,FILTER_ATS,Filter,,,,,,,,,,,,,,
A,Annuale,ITF2,Molise,EXPUSERS,Compartecipazione degli utenti alla spesa totale (euro),DNUR,Nidi e sezioni primavera,MDO,Comunale a gestione diretta,2023,245448,,,FILTER_ATS,Filter,,,,,,,,,,,,,,
A,Annuale,ITF2,Molise,EXPUSERS,Compartecipazione degli utenti alla spesa totale (euro),DNUR,Nidi e sezioni primavera,MMETP,Comunale a gestione affidata a terzi,2023,235127,,,FILTER_ATS,Filter,,,,,,,,,,,,,,
A,Annuale,ITF2,Molise,EXPUSERS,Compartecipazione degli utenti alla spesa totale (euro),DNUR,Nidi e sezioni primavera,PRPM,Privata con riserva di posti da parte del comune,2023,118061,,,FILTER_ATS,Filter,,,,,,,,,,,,,,
A,Annuale,ITF2,Molise,EXPUSERS,Compartecipazione degli utenti alla spesa totale (euro),DNUR,Nidi e sezioni primavera,ALL,Tutte le voci,2023,598636,,,FILTER_ATS,Filter,,,,,,,,,,,,,,
A,Annuale,ITF2,Molise,EXPUSERS,Compartecipazione degli utenti alla spesa totale (euro),CDNUR,Nidi,MDO,Comunale a gestione diretta,2023,232411,,,FILTER_ATS,Filter,,,,,,,,,,,,,,
A,Annuale,ITF2,Molise,EXPUSERS,Compartecipazione degli utenti alla spesa totale (euro),CDNUR,Nidi,MMETP,Comunale a gestione affidata a terzi,2023,152819,,,FILTER_ATS,Filter,,,,,,,,,,,,,,
A,Annuale,ITF2,Molise,EXPUSERS,Compartecipazione degli utenti alla spesa totale (euro),CDNUR,Nidi,PRPM,Privata con riserva di posti da parte del comune,2023,51593,,,FILTER_ATS,Filter,,,,,,,,,,,,,,
A,Annuale,ITF2,Molise,EXPUSERS,Compartecipazione degli utenti alla spesa totale (euro),CDNUR,Nidi,ALL,Tutte le voci,2023,436823,,,FILTER_ATS,Filter,,,,,,,,,,,,,,
A,Annuale,ITF2,Molise,EXPUSERS,Compartecipazione degli utenti alla spesa totale (euro),DNISC,Sezioni primavera,MDO,Comunale a gestione diretta,2023,13037,,,FILTER_ATS,Filter,,,,,,,,,,,,,,
A,Annuale,ITF2,Molise,EXPUSERS,Compartecipazione degli utenti alla spesa totale (euro),DNISC,Sezioni primavera,MMETP,Comunale a gestione affidata a terzi,2023,82308,,,FILTER_ATS,Filter,,,,,,,,,,,,,,
A,Annuale,ITF2,Molise,EXPUSERS,Compartecipazione degli utenti alla spesa totale (euro),DNISC,Sezioni primavera,PRPM,Privata con riserva di posti da parte del comune,2023,66468,,,FILTER_ATS,Filter,,,,,,,,,,,,,,
A,Annuale,ITF2,Molise,EXPUSERS,Compartecipazione degli utenti alla spesa totale (euro),DNISC,Sezioni primavera,ALL,Tutte le voci,2023,161813,,,FILTER_ATS,Filter,,,,,,,,,,,,,,
A,Annuale,ITF2,Molise,EXPUSERS,Compartecipazione degli utenti alla spesa totale (euro),ISERIDC,Servizi integrativi per la prima infanzia,MDO,Comunale a gestione diretta,2023,0,,,FILTER_ATS,Filter,,,,,,,,,,,,,,
A,Annuale,ITF2,Molise,EXPUSERS,Compartecipazione degli utenti alla spesa totale (euro),ISERIDC,Servizi integrativi per la prima infanzia,MMETP,Comunale a gestione affidata a terzi,2023,0,,,FILTER_ATS,Filter,,,,,,,,,,,,,,
A,Annuale,ITF2,Molise,EXPUSERS,Compartecipazione degli utenti alla spesa totale (euro),ISERIDC,Servizi integrativi per la prima infanzia,PRPM,Privata con riserva di posti da parte del comune,2023,0,,,FILTER_ATS,Filter,,,,,,,,,,,,,,
A,Annuale,ITF2,Molise,EXPUSERS,Compartecipazione degli utenti alla spesa totale (euro),ISERIDC,Servizi integrativi per la prima infanzia,ALL,Tutte le voci,2023,0,,,FILTER_ATS,Filter,,,,,,,,,,,,,,
A,Annuale,ITF2,Molise,EXPUSERS,Compartecipazione degli utenti alla spesa totale (euro),ALL,Tutte le voci,MDO,Comunale a gestione diretta,2023,245448,,,FILTER_ATS,Filter,,,,,,,,,,,,,,
A,Annuale,ITF2,Molise,EXPUSERS,Compartecipazione degli utenti alla spesa totale (euro),ALL,Tutte le voci,MMETP,Comunale a gestione affidata a terzi,2023,235127,,,FILTER_ATS,Filter,,,,,,,,,,,,,,
A,Annuale,ITF2,Molise,EXPUSERS,Compartecipazione degli utenti alla spesa totale (euro),ALL,Tutte le voci,PRPM,Privata con riserva di posti da parte del comune,2023,118061,,,FILTER_ATS,Filter,,,,,,,,,,,,,,
A,Annuale,ITF2,Molise,EXPUSERS,Compartecipazione degli utenti alla spesa totale (euro),ALL,Tutte le voci,ALL,Tutte le voci,2023,598636,,,FILTER_ATS,Filter,,,,,,,,,,,,,,
A,Annuale,ITF2,Molise,PEREXPPU,Spesa sostenuta dagli utenti sulla spesa totale (percentuale),DNUR,Nidi e sezioni primavera,MDO,Comunale a gestione diretta,2023,21.4,,,FILTER_ATS,Filter,,,,,,,,,,,,,,
A,Annuale,ITF2,Molise,PEREXPPU,Spesa sostenuta dagli utenti sulla spesa totale (percentuale),DNUR,Nidi e sezioni primavera,MMETP,Comunale a gestione affidata a terzi,2023,16.9,,,FILTER_ATS,Filter,,,,,,,,,,,,,,
A,Annuale,ITF2,Molise,PEREXPPU,Spesa sostenuta dagli utenti sulla spesa totale (percentuale),DNUR,Nidi e sezioni primavera,PRPM,Privata con riserva di posti da parte del comune,2023,28.9,,,FILTER_ATS,Filter,,,,,,,,,,,,,,
A,Annuale,ITF2,Molise,PEREXPPU,Spesa sostenuta dagli utenti sulla spesa totale (percentuale),DNUR,Nidi e sezioni primavera,ALL,Tutte le voci,2023,19.5,,,FILTER_ATS,Filter,,,,,,,,,,,,,,
A,Annuale,ITF2,Molise,PEREXPPU,Spesa sostenuta dagli utenti sulla spesa totale (percentuale),CDNUR,Nidi,MDO,Comunale a gestione diretta,2023,21.4,,,FILTER_ATS,Filter,,,,,,,,,,,,,,
A,Annuale,ITF2,Molise,PEREXPPU,Spesa sostenuta dagli utenti sulla spesa totale (percentuale),CDNUR,Nidi,MMETP,Comunale a gestione affidata a terzi,2023,17.1,,,FILTER_ATS,Filter,,,,,,,,,,,,,,
A,Annuale,ITF2,Molise,PEREXPPU,Spesa sostenuta dagli utenti sulla spesa totale (percentuale),CDNUR,Nidi,PRPM,Privata con riserva di posti da parte del comune,2023,25.5,,,FILTER_ATS,Filter,,,,,,,,,,,,,,
A,Annuale,ITF2,Molise,PEREXPPU,Spesa sostenuta dagli utenti sulla spesa totale (percentuale),CDNUR,Nidi,ALL,Tutte le voci,2023,19.5,,,FILTER_ATS,Filter,,,,,,,,,,,,,,
A,Annuale,ITF2,Molise,PEREXPPU,Spesa sostenuta dagli utenti sulla spesa totale (percentuale),DNISC,Sezioni primavera,MDO,Comunale a gestione diretta,2023,22.3,,,FILTER_ATS,Filter,,,,,,,,,,,,,,
A,Annuale,ITF2,Molise,PEREXPPU,Spesa sostenuta dagli utenti sulla spesa totale (percentuale),DNISC,Sezioni primavera,MMETP,Comunale a gestione affidata a terzi,2023,16.6,,,FILTER_ATS,Filter,,,,,,,,,,,,,,
A,Annuale,ITF2,Molise,PEREXPPU,Spesa sostenuta dagli utenti sulla spesa totale (percentuale),DNISC,Sezioni primavera,PRPM,Privata con riserva di posti da parte del comune,2023,32.3,,,FILTER_ATS,Filter,,,,,,,,,,,,,,
A,Annuale,ITF2,Molise,PEREXPPU,Spesa sostenuta dagli utenti sulla spesa totale (percentuale),DNISC,Sezioni primavera,ALL,Tutte le voci,2023,19.5,,,FILTER_ATS,Filter,,,,,,,,,,,,,,
A,Annuale,ITF2,Molise,PEREXPPU,Spesa sostenuta dagli utenti sulla spesa totale (percentuale),ISERIDC,Servizi integrativi per la prima infanzia,MDO,Comunale a gestione diretta,2023,0,,,FILTER_ATS,Filter,,,,,,,,,,,,,,
A,Annuale,ITF2,Molise,PEREXPPU,Spesa sostenuta dagli utenti sulla spesa totale (percentuale),ISERIDC,Servizi integrativi per la prima infanzia,MMETP,Comunale a gestione affidata a terzi,2023,0,,,FILTER_ATS,Filter,,,,,,,,,,,,,,
A,Annuale,ITF2,Molise,PEREXPPU,Spesa sostenuta dagli utenti sulla spesa totale (percentuale),ISERIDC,Servizi integrativi per la prima infanzia,PRPM,Privata con riserva di posti da parte del comune,2023,0,,,FILTER_ATS,Filter,,,,,,,,,,,,,,
A,Annuale,ITF2,Molise,PEREXPPU,Spesa sostenuta dagli utenti sulla spesa totale (percentuale),ISERIDC,Servizi integrativi per la prima infanzia,ALL,Tutte le voci,2023,0,,,FILTER_ATS,Filter,,,,,,,,,,,,,,
A,Annuale,ITF2,Molise,PEREXPPU,Spesa sostenuta dagli utenti sulla spesa totale (percentuale),ALL,Tutte le voci,MDO,Comunale a gestione diretta,2023,21.4,,,FILTER_ATS,Filter,,,,,,,,,,,,,,
A,Annuale,ITF2,Molise,PEREXPPU,Spesa sostenuta dagli utenti sulla spesa totale (percentuale),ALL,Tutte le voci,MMETP,Comunale a gestione affidata a terzi,2023,16.9,,,FILTER_ATS,Filter,,,,,,,,,,,,,,
A,Annuale,ITF2,Molise,PEREXPPU,Spesa sostenuta dagli utenti sulla spesa totale (percentuale),ALL,Tutte le voci,PRPM,Privata con riserva di posti da parte del comune,2023,28.9,,,FILTER_ATS,Filter,,,,,,,,,,,,,,
A,Annuale,ITF2,Molise,PEREXPPU,Spesa sostenuta dagli utenti sulla spesa totale (percentuale),ALL,Tutte le voci,ALL,Tutte le voci,2023,19.5,,,FILTER_ATS,Filter,,,,,,,,,,,,,,
A,Annuale,ITF3,Campania,USSSPM,Utenti,DNUR,Nidi e sezioni primavera,MDO,Comunale a gestione diretta,2023,1863,,,FILTER_ATS,Filter,,,,,,,,,,,,,,
A,Annuale,ITF3,Campania,USSSPM,Utenti,DNUR,Nidi e sezioni primavera,MMETP,Comunale a gestione affidata a terzi,2023,5191,,,FILTER_ATS,Filter,,,,,,,,,,,,,,
A,Annuale,ITF3,Campania,USSSPM,Utenti,DNUR,Nidi e sezioni primavera,PRPM,Privata con riserva di posti da parte del comune,2023,742,,,FILTER_ATS,Filter,,,,,,,,,,,,,,
A,Annuale,ITF3,Campania,USSSPM,Utenti,DNUR,Nidi e sezioni primavera,CFPPS,Contributi alle famiglie per servizi privati o pubblici,2023,755,,,FILTER_ATS,Filter,,,,,,,,,,,,,,
A,Annuale,ITF3,Campania,USSSPM,Utenti,DNUR,Nidi e sezioni primavera,ALL,Tutte le voci,2023,8551,,,FILTER_ATS,Filter,,,,,,,,,,,,,,
A,Annuale,ITF3,Campania,USSSPM,Utenti,CDNUR,Nidi,MDO,Comunale a gestione diretta,2023,1722,,,FILTER_ATS,Filter,,,,,,,,,,,,,,
A,Annuale,ITF3,Campania,USSSPM,Utenti,CDNUR,Nidi,MMETP,Comunale a gestione affidata a terzi,2023,4915,,,FILTER_ATS,Filter,,,,,,,,,,,,,,
A,Annuale,ITF3,Campania,USSSPM,Utenti,CDNUR,Nidi,PRPM,Privata con riserva di posti da parte del comune,2023,434,,,FILTER_ATS,Filter,,,,,,,,,,,,,,
A,Annuale,ITF3,Campania,USSSPM,Utenti,CDNUR,Nidi,CFPPS,Contributi alle famiglie per servizi privati o pubblici,2023,610,,,FILTER_ATS,Filter,,,,,,,,,,,,,,
A,Annuale,ITF3,Campania,USSSPM,Utenti,CDNUR,Nidi,ALL,Tutte le voci,2023,7681,,,FILTER_ATS,Filter,,,,,,,,,,,,,,
A,Annuale,ITF3,Campania,USSSPM,Utenti,DNISC,Sezioni primavera,MDO,Comunale a gestione diretta,2023,141,,,FILTER_ATS,Filter,,,,,,,,,,,,,,
A,Annuale,ITF3,Campania,USSSPM,Utenti,DNISC,Sezioni primavera,MMETP,Comunale a gestione affidata a terzi,2023,276,,,FILTER_ATS,Filter,,,,,,,,,,,,,,
A,Annuale,ITF3,Campania,USSSPM,Utenti,DNISC,Sezioni primavera,PRPM,Privata con riserva di posti da parte del comune,2023,308,,,FILTER_ATS,Filter,,,,,,,,,,,,,,
A,Annuale,ITF3,Campania,USSSPM,Utenti,DNISC,Sezioni primavera,CFPPS,Contributi alle famiglie per servizi privati o pubblici,2023,145,,,FILTER_ATS,Filter,,,,,,,,,,,,,,
A,Annuale,ITF3,Campania,USSSPM,Utenti,DNISC,Sezioni primavera,ALL,Tutte le voci,2023,870,,,FILTER_ATS,Filter,,,,,,,,,,,,,,
A,Annuale,ITF3,Campania,USSSPM,Utenti,ISERIDC,Servizi integrativi per la prima infanzia,MDO,Comunale a gestione diretta,2023,10,,,FILTER_ATS,Filter,,,,,,,,,,,,,,
A,Annuale,ITF3,Campania,USSSPM,Utenti,ISERIDC,Servizi integrativi per la prima infanzia,MMETP,Comunale a gestione affidata a terzi,2023,408,,,FILTER_ATS,Filter,,,,,,,,,,,,,,
A,Annuale,ITF3,Campania,USSSPM,Utenti,ISERIDC,Servizi integrativi per la prima infanzia,PRPM,Privata con riserva di posti da parte del comune,2023,0,,,FILTER_ATS,Filter,,,,,,,,,,,,,,
A,Annuale,ITF3,Campania,USSSPM,Utenti,ISERIDC,Servizi integrativi per la prima infanzia,CFPPS,Contributi alle famiglie per servizi privati o pubblici,2023,109,,,FILTER_ATS,Filter,,,,,,,,,,,,,,
A,Annuale,ITF3,Campania,USSSPM,Utenti,ISERIDC,Servizi integrativi per la prima infanzia,ALL,Tutte le voci,2023,527,,,FILTER_ATS,Filter,,,,,,,,,,,,,,
A,Annuale,ITF3,Campania,USSSPM,Utenti,ALL,Tutte le voci,MDO,Comunale a gestione diretta,2023,1873,,,FILTER_ATS,Filter,,,,,,,,,,,,,,
A,Annuale,ITF3,Campania,USSSPM,Utenti,ALL,Tutte le voci,MMETP,Comunale a gestione affidata a terzi,2023,5599,,,FILTER_ATS,Filter,,,,,,,,,,,,,,
A,Annuale,ITF3,Campania,USSSPM,Utenti,ALL,Tutte le voci,PRPM,Privata con riserva di posti da parte del comune,2023,742,,,FILTER_ATS,Filter,,,,,,,,,,,,,,
A,Annuale,ITF3,Campania,USSSPM,Utenti,ALL,Tutte le voci,CFPPS,Contributi alle famiglie per servizi privati o pubblici,2023,864,,,FILTER_ATS,Filter,,,,,,,,,,,,,,
A,Annuale,ITF3,Campania,USSSPM,Utenti,ALL,Tutte le voci,ALL,Tutte le voci,2023,9078,,,FILTER_ATS,Filter,,,,,,,,,,,,,,
A,Annuale,ITF3,Campania,TOTEXP,Totale spesa (euro),DNUR,Nidi e sezioni primavera,MDO,Comunale a gestione diretta,2023,26515424,,,FILTER_ATS,Filter,,,,,,,,,,,,,,
A,Annuale,ITF3,Campania,TOTEXP,Totale spesa (euro),DNUR,Nidi e sezioni primavera,MMETP,Comunale a gestione affidata a terzi,2023,33855424,,,FILTER_ATS,Filter,,,,,,,,,,,,,,
A,Annuale,ITF3,Campania,TOTEXP,Totale spesa (euro),DNUR,Nidi e sezioni primavera,PRPM,Privata con riserva di posti da parte del comune,2023,2166156,,,FILTER_ATS,Filter,,,,,,,,,,,,,,
A,Annuale,ITF3,Campania,TOTEXP,Totale spesa (euro),DNUR,Nidi e sezioni primavera,PCM,Privata senza riserva di posti da parte del comune,2023,610142,,,FILTER_ATS,Filter,,,,,,,,,,,,,,
A,Annuale,ITF3,Campania,TOTEXP,Totale spesa (euro),DNUR,Nidi e sezioni primavera,CFPPS,Contributi alle famiglie per servizi privati o pubblici,2023,1912463,,,FILTER_ATS,Filter,,,,,,,,,,,,,,
A,Annuale,ITF3,Campania,TOTEXP,Totale spesa (euro),DNUR,Nidi e sezioni primavera,ALL,Tutte le voci,2023,65059609,,,FILTER_ATS,Filter,,,,,,,,,,,,,,
A,Annuale,ITF3,Campania,TOTEXP,Totale spesa (euro),CDNUR,Nidi,MDO,Comunale a gestione diretta,2023,25158395,,,FILTER_ATS,Filter,,,,,,,,,,,,,,
A,Annuale,ITF3,Campania,TOTEXP,Totale spesa (euro),CDNUR,Nidi,MMETP,Comunale a gestione affidata a terzi,2023,33182354,,,FILTER_ATS,Filter,,,,,,,,,,,,,,
A,Annuale,ITF3,Campania,TOTEXP,Totale spesa (euro),CDNUR,Nidi,PRPM,Privata con riserva di posti da parte del comune,2023,1724379,,,FILTER_ATS,Filter,,,,,,,,,,,,,,
A,Annuale,ITF3,Campania,TOTEXP,Totale spesa (euro),CDNUR,Nidi,PCM,Privata senza riserva di posti da parte del comune,2023,415670,,,FILTER_ATS,Filter,,,,,,,,,,,,,,
A,Annuale,ITF3,Campania,TOTEXP,Totale spesa (euro),CDNUR,Nidi,CFPPS,Contributi alle famiglie per servizi privati o pubblici,2023,1334283,,,FILTER_ATS,Filter,,,,,,,,,,,,,,
A,Annuale,ITF3,Campania,TOTEXP,Totale spesa (euro),CDNUR,Nidi,ALL,Tutte le voci,2023,61815081,,,FILTER_ATS,Filter,,,,,,,,,,,,,,
A,Annuale,ITF3,Campania,TOTEXP,Totale spesa (euro),DNISC,Sezioni primavera,MDO,Comunale a gestione diretta,2023,1357029,,,FILTER_ATS,Filter,,,,,,,,,,,,,,
A,Annuale,ITF3,Campania,TOTEXP,Totale spesa (euro),DNISC,Sezioni primavera,MMETP,Comunale a gestione affidata a terzi,2023,673070,,,FILTER_ATS,Filter,,,,,,,,,,,,,,
A,Annuale,ITF3,Campania,TOTEXP,Totale spesa (euro),DNISC,Sezioni primavera,PRPM,Privata con riserva di posti da parte del comune,2023,441777,,,FILTER_ATS,Filter,,,,,,,,,,,,,,
A,Annuale,ITF3,Campania,TOTEXP,Totale spesa (euro),DNISC,Sezioni primavera,PCM,Privata senza riserva di posti da parte del comune,2023,194472,,,FILTER_ATS,Filter,,,,,,,,,,,,,,
A,Annuale,ITF3,Campania,TOTEXP,Totale spesa (euro),DNISC,Sezioni primavera,CFPPS,Contributi alle famiglie per servizi privati o pubblici,2023,578180,,,FILTER_ATS,Filter,,,,,,,,,,,,,,
A,Annuale,ITF3,Campania,TOTEXP,Totale spesa (euro),DNISC,Sezioni primavera,ALL,Tutte le voci,2023,3244528,,,FILTER_ATS,Filter,,,,,,,,,,,,,,
A,Annuale,ITF3,Campania,TOTEXP,Totale spesa (euro),ISERIDC,Servizi integrativi per la prima infanzia,MDO,Comunale a gestione diretta,2023,24083,,,FILTER_ATS,Filter,,,,,,,,,,,,,,
A,Annuale,ITF3,Campania,TOTEXP,Totale spesa (euro),ISERIDC,Servizi integrativi per la prima infanzia,MMETP,Comunale a gestione affidata a terzi,2023,1327291,,,FILTER_ATS,Filter,,,,,,,,,,,,,,
A,Annuale,ITF3,Campania,TOTEXP,Totale spesa (euro),ISERIDC,Servizi integrativi per la prima infanzia,PRPM,Privata con riserva di posti da parte del comune,2023,0,,,FILTER_ATS,Filter,,,,,,,,,,,,,,
A,Annuale,ITF3,Campania,TOTEXP,Totale spesa (euro),ISERIDC,Servizi integrativi per la prima infanzia,PCM,Privata senza riserva di posti da parte del comune,2023,44800,,,FILTER_ATS,Filter,,,,,,,,,,,,,,
A,Annuale,ITF3,Campania,TOTEXP,Totale spesa (euro),ISERIDC,Servizi integrativi per la prima infanzia,CFPPS,Contributi alle famiglie per servizi privati o pubblici,2023,165854,,,FILTER_ATS,Filter,,,,,,,,,,,,,,
A,Annuale,ITF3,Campania,TOTEXP,Totale spesa (euro),ISERIDC,Servizi integrativi per la prima infanzia,ALL,Tutte le voci,2023,1562028,,,FILTER_ATS,Filter,,,,,,,,,,,,,,
A,Annuale,ITF3,Campania,TOTEXP,Totale spesa (euro),ALL,Tutte le voci,MDO,Comunale a gestione diretta,2023,26539507,,,FILTER_ATS,Filter,,,,,,,,,,,,,,
A,Annuale,ITF3,Campania,TOTEXP,Totale spesa (euro),ALL,Tutte le voci,MMETP,Comunale a gestione affidata a terzi,2023,35182715,,,FILTER_ATS,Filter,,,,,,,,,,,,,,
A,Annuale,ITF3,Campania,TOTEXP,Totale spesa (euro),ALL,Tutte le voci,PRPM,Privata con riserva di posti da parte del comune,2023,2166156,,,FILTER_ATS,Filter,,,,,,,,,,,,,,
A,Annuale,ITF3,Campania,TOTEXP,Totale spesa (euro),ALL,Tutte le voci,PCM,Privata senza riserva di posti da parte del comune,2023,654942,,,FILTER_ATS,Filter,,,,,,,,,,,,,,
A,Annuale,ITF3,Campania,TOTEXP,Totale spesa (euro),ALL,Tutte le voci,CFPPS,Contributi alle famiglie per servizi privati o pubblici,2023,2078317,,,FILTER_ATS,Filter,,,,,,,,,,,,,,
A,Annuale,ITF3,Campania,TOTEXP,Totale spesa (euro),ALL,Tutte le voci,ALL,Tutte le voci,2023,66621637,,,FILTER_ATS,Filter,,,,,,,,,,,,,,
A,Annuale,ITF3,Campania,EXPMUN,Spesa dei comuni (euro),DNUR,Nidi e sezioni primavera,MDO,Comunale a gestione diretta,2023,25031552,,,FILTER_ATS,Filter,,,,,,,,,,,,,,
A,Annuale,ITF3,Campania,EXPMUN,Spesa dei comuni (euro),DNUR,Nidi e sezioni primavera,MMETP,Comunale a gestione affidata a terzi,2023,30215324,,,FILTER_ATS,Filter,,,,,,,,,,,,,,
A,Annuale,ITF3,Campania,EXPMUN,Spesa dei comuni (euro),DNUR,Nidi e sezioni primavera,PRPM,Privata con riserva di posti da parte del comune,2023,1698434,,,FILTER_ATS,Filter,,,,,,,,,,,,,,
A,Annuale,ITF3,Campania,EXPMUN,Spesa dei comuni (euro),DNUR,Nidi e sezioni primavera,PCM,Privata senza riserva di posti da parte del comune,2023,610142,,,FILTER_ATS,Filter,,,,,,,,,,,,,,
A,Annuale,ITF3,Campania,EXPMUN,Spesa dei comuni (euro),DNUR,Nidi e sezioni primavera,CFPPS,Contributi alle famiglie per servizi privati o pubblici,2023,1912463,,,FILTER_ATS,Filter,,,,,,,,,,,,,,
A,Annuale,ITF3,Campania,EXPMUN,Spesa dei comuni (euro),DNUR,Nidi e sezioni primavera,ALL,Tutte le voci,2023,59467915,,,FILTER_ATS,Filter,,,,,,,,,,,,,,
A,Annuale,ITF3,Campania,EXPMUN,Spesa dei comuni (euro),CDNUR,Nidi,MDO,Comunale a gestione diretta,2023,23781583,,,FILTER_ATS,Filter,,,,,,,,,,,,,,
A,Annuale,ITF3,Campania,EXPMUN,Spesa dei comuni (euro),CDNUR,Nidi,MMETP,Comunale a gestione affidata a terzi,2023,29578238,,,FILTER_ATS,Filter,,,,,,,,,,,,,,
A,Annuale,ITF3,Campania,EXPMUN,Spesa dei comuni (euro),CDNUR,Nidi,PRPM,Privata con riserva di posti da parte del comune,2023,1430225,,,FILTER_ATS,Filter,,,,,,,,,,,,,,
A,Annuale,ITF3,Campania,EXPMUN,Spesa dei comuni (euro),CDNUR,Nidi,PCM,Privata senza riserva di posti da parte del comune,2023,415670,,,FILTER_ATS,Filter,,,,,,,,,,,,,,
A,Annuale,ITF3,Campania,EXPMUN,Spesa dei comuni (euro),CDNUR,Nidi,CFPPS,Contributi alle famiglie per servizi privati o pubblici,2023,1334283,,,FILTER_ATS,Filter,,,,,,,,,,,,,,
A,Annuale,ITF3,Campania,EXPMUN,Spesa dei comuni (euro),CDNUR,Nidi,ALL,Tutte le voci,2023,56539999,,,FILTER_ATS,Filter,,,,,,,,,,,,,,
A,Annuale,ITF3,Campania,EXPMUN,Spesa dei comuni (euro),DNISC,Sezioni primavera,MDO,Comunale a gestione diretta,2023,1249969,,,FILTER_ATS,Filter,,,,,,,,,,,,,,
A,Annuale,ITF3,Campania,EXPMUN,Spesa dei comuni (euro),DNISC,Sezioni primavera,MMETP,Comunale a gestione affidata a terzi,2023,637086,,,FILTER_ATS,Filter,,,,,,,,,,,,,,
A,Annuale,ITF3,Campania,EXPMUN,Spesa dei comuni (euro),DNISC,Sezioni primavera,PRPM,Privata con riserva di posti da parte del comune,2023,268209,,,FILTER_ATS,Filter,,,,,,,,,,,,,,
A,Annuale,ITF3,Campania,EXPMUN,Spesa dei comuni (euro),DNISC,Sezioni primavera,PCM,Privata senza riserva di posti da parte del comune,2023,194472,,,FILTER_ATS,Filter,,,,,,,,,,,,,,
A,Annuale,ITF3,Campania,EXPMUN,Spesa dei comuni (euro),DNISC,Sezioni primavera,CFPPS,Contributi alle famiglie per servizi privati o pubblici,2023,578180,,,FILTER_ATS,Filter,,,,,,,,,,,,,,
A,Annuale,ITF3,Campania,EXPMUN,Spesa dei comuni (euro),DNISC,Sezioni primavera,ALL,Tutte le voci,2023,2927916,,,FILTER_ATS,Filter,,,,,,,,,,,,,,
A,Annuale,ITF3,Campania,EXPMUN,Spesa dei comuni (euro),ISERIDC,Servizi integrativi per la prima infanzia,MDO,Comunale a gestione diretta,2023,24083,,,FILTER_ATS,Filter,,,,,,,,,,,,,,
A,Annuale,ITF3,Campania,EXPMUN,Spesa dei comuni (euro),ISERIDC,Servizi integrativi per la prima infanzia,MMETP,Comunale a gestione affidata a terzi,2023,1287077,,,FILTER_ATS,Filter,,,,,,,,,,,,,,
A,Annuale,ITF3,Campania,EXPMUN,Spesa dei comuni (euro),ISERIDC,Servizi integrativi per la prima infanzia,PRPM,Privata con riserva di posti da parte del comune,2023,0,,,FILTER_ATS,Filter,,,,,,,,,,,,,,
A,Annuale,ITF3,Campania,EXPMUN,Spesa dei comuni (euro),ISERIDC,Servizi integrativi per la prima infanzia,PCM,Privata senza riserva di posti da parte del comune,2023,44800,,,FILTER_ATS,Filter,,,,,,,,,,,,,,
A,Annuale,ITF3,Campania,EXPMUN,Spesa dei comuni (euro),ISERIDC,Servizi integrativi per la prima infanzia,CFPPS,Contributi alle famiglie per servizi privati o pubblici,2023,165854,,,FILTER_ATS,Filter,,,,,,,,,,,,,,
A,Annuale,ITF3,Campania,EXPMUN,Spesa dei comuni (euro),ISERIDC,Servizi integrativi per la prima infanzia,ALL,Tutte le voci,2023,1521814,,,FILTER_ATS,Filter,,,,,,,,,,,,,,
A,Annuale,ITF3,Campania,EXPMUN,Spesa dei comuni (euro),ALL,Tutte le voci,MDO,Comunale a gestione diretta,2023,25055635,,,FILTER_ATS,Filter,,,,,,,,,,,,,,
A,Annuale,ITF3,Campania,EXPMUN,Spesa dei comuni (euro),ALL,Tutte le voci,MMETP,Comunale a gestione affidata a terzi,2023,31502401,,,FILTER_ATS,Filter,,,,,,,,,,,,,,
A,Annuale,ITF3,Campania,EXPMUN,Spesa dei comuni (euro),ALL,Tutte le voci,PRPM,Privata con riserva di posti da parte del comune,2023,1698434,,,FILTER_ATS,Filter,,,,,,,,,,,,,,
A,Annuale,ITF3,Campania,EXPMUN,Spesa dei comuni (euro),ALL,Tutte le voci,PCM,Privata senza riserva di posti da parte del comune,2023,654942,,,FILTER_ATS,Filter,,,,,,,,,,,,,,
A,Annuale,ITF3,Campania,EXPMUN,Spesa dei comuni (euro),ALL,Tutte le voci,CFPPS,Contributi alle famiglie per servizi privati o pubblici,2023,2078317,,,FILTER_ATS,Filter,,,,,,,,,,,,,,
A,Annuale,ITF3,Campania,EXPMUN,Spesa dei comuni (euro),ALL,Tutte le voci,ALL,Tutte le voci,2023,60989729,,,FILTER_ATS,Filter,,,,,,,,,,,,,,
A,Annuale,ITF3,Campania,EXPUSERS,Compartecipazione degli utenti alla spesa totale (euro),DNUR,Nidi e sezioni primavera,MDO,Comunale a gestione diretta,2023,1483872,,,FILTER_ATS,Filter,,,,,,,,,,,,,,
A,Annuale,ITF3,Campania,EXPUSERS,Compartecipazione degli utenti alla spesa totale (euro),DNUR,Nidi e sezioni primavera,MMETP,Comunale a gestione affidata a terzi,2023,3640100,,,FILTER_ATS,Filter,,,,,,,,,,,,,,
A,Annuale,ITF3,Campania,EXPUSERS,Compartecipazione degli utenti alla spesa totale (euro),DNUR,Nidi e sezioni primavera,PRPM,Privata con riserva di posti da parte del comune,2023,467722,,,FILTER_ATS,Filter,,,,,,,,,,,,,,
A,Annuale,ITF3,Campania,EXPUSERS,Compartecipazione degli utenti alla spesa totale (euro),DNUR,Nidi e sezioni primavera,ALL,Tutte le voci,2023,5591694,,,FILTER_ATS,Filter,,,,,,,,,,,,,,
A,Annuale,ITF3,Campania,EXPUSERS,Compartecipazione degli utenti alla spesa totale (euro),CDNUR,Nidi,MDO,Comunale a gestione diretta,2023,1376812,,,FILTER_ATS,Filter,,,,,,,,,,,,,,
A,Annuale,ITF3,Campania,EXPUSERS,Compartecipazione degli utenti alla spesa totale (euro),CDNUR,Nidi,MMETP,Comunale a gestione affidata a terzi,2023,3604116,,,FILTER_ATS,Filter,,,,,,,,,,,,,,
A,Annuale,ITF3,Campania,EXPUSERS,Compartecipazione degli utenti alla spesa totale (euro),CDNUR,Nidi,PRPM,Privata con riserva di posti da parte del comune,2023,294154,,,FILTER_ATS,Filter,,,,,,,,,,,,,,
A,Annuale,ITF3,Campania,EXPUSERS,Compartecipazione degli utenti alla spesa totale (euro),CDNUR,Nidi,ALL,Tutte le voci,2023,5275082,,,FILTER_ATS,Filter,,,,,,,,,,,,,,
A,Annuale,ITF3,Campania,EXPUSERS,Compartecipazione degli utenti alla spesa totale (euro),DNISC,Sezioni primavera,MDO,Comunale a gestione diretta,2023,107060,,,FILTER_ATS,Filter,,,,,,,,,,,,,,
A,Annuale,ITF3,Campania,EXPUSERS,Compartecipazione degli utenti alla spesa totale (euro),DNISC,Sezioni primavera,MMETP,Comunale a gestione affidata a terzi,2023,35984,,,FILTER_ATS,Filter,,,,,,,,,,,,,,
A,Annuale,ITF3,Campania,EXPUSERS,Compartecipazione degli utenti alla spesa totale (euro),DNISC,Sezioni primavera,PRPM,Privata con riserva di posti da parte del comune,2023,173568,,,FILTER_ATS,Filter,,,,,,,,,,,,,,
A,Annuale,ITF3,Campania,EXPUSERS,Compartecipazione degli utenti alla spesa totale (euro),DNISC,Sezioni primavera,ALL,Tutte le voci,2023,316612,,,FILTER_ATS,Filter,,,,,,,,,,,,,,
A,Annuale,ITF3,Campania,EXPUSERS,Compartecipazione degli utenti alla spesa totale (euro),ISERIDC,Servizi integrativi per la prima infanzia,MDO,Comunale a gestione diretta,2023,0,,,FILTER_ATS,Filter,,,,,,,,,,,,,,
A,Annuale,ITF3,Campania,EXPUSERS,Compartecipazione degli utenti alla spesa totale (euro),ISERIDC,Servizi integrativi per la prima infanzia,MMETP,Comunale a gestione affidata a terzi,2023,40214,,,FILTER_ATS,Filter,,,,,,,,,,,,,,
A,Annuale,ITF3,Campania,EXPUSERS,Compartecipazione degli utenti alla spesa totale (euro),ISERIDC,Servizi integrativi per la prima infanzia,PRPM,Privata con riserva di posti da parte del comune,2023,0,,,FILTER_ATS,Filter,,,,,,,,,,,,,,
A,Annuale,ITF3,Campania,EXPUSERS,Compartecipazione degli utenti alla spesa totale (euro),ISERIDC,Servizi integrativi per la prima infanzia,ALL,Tutte le voci,2023,40214,,,FILTER_ATS,Filter,,,,,,,,,,,,,,
A,Annuale,ITF3,Campania,EXPUSERS,Compartecipazione degli utenti alla spesa totale (euro),ALL,Tutte le voci,MDO,Comunale a gestione diretta,2023,1483872,,,FILTER_ATS,Filter,,,,,,,,,,,,,,
A,Annuale,ITF3,Campania,EXPUSERS,Compartecipazione degli utenti alla spesa totale (euro),ALL,Tutte le voci,MMETP,Comunale a gestione affidata a terzi,2023,3680314,,,FILTER_ATS,Filter,,,,,,,,,,,,,,
A,Annuale,ITF3,Campania,EXPUSERS,Compartecipazione degli utenti alla spesa totale (euro),ALL,Tutte le voci,PRPM,Privata con riserva di posti da parte del comune,2023,467722,,,FILTER_ATS,Filter,,,,,,,,,,,,,,
A,Annuale,ITF3,Campania,EXPUSERS,Compartecipazione degli utenti alla spesa totale (euro),ALL,Tutte le voci,ALL,Tutte le voci,2023,5631908,,,FILTER_ATS,Filter,,,,,,,,,,,,,,
A,Annuale,ITF3,Campania,PEREXPPU,Spesa sostenuta dagli utenti sulla spesa totale (percentuale),DNUR,Nidi e sezioni primavera,MDO,Comunale a gestione diretta,2023,5.6,,,FILTER_ATS,Filter,,,,,,,,,,,,,,
A,Annuale,ITF3,Campania,PEREXPPU,Spesa sostenuta dagli utenti sulla spesa totale (percentuale),DNUR,Nidi e sezioni primavera,MMETP,Comunale a gestione affidata a terzi,2023,10.8,,,FILTER_ATS,Filter,,,,,,,,,,,,,,
A,Annuale,ITF3,Campania,PEREXPPU,Spesa sostenuta dagli utenti sulla spesa totale (percentuale),DNUR,Nidi e sezioni primavera,PRPM,Privata con riserva di posti da parte del comune,2023,21.6,,,FILTER_ATS,Filter,,,,,,,,,,,,,,
A,Annuale,ITF3,Campania,PEREXPPU,Spesa sostenuta dagli utenti sulla spesa totale (percentuale),DNUR,Nidi e sezioni primavera,ALL,Tutte le voci,2023,8.6,,,FILTER_ATS,Filter,,,,,,,,,,,,,,
A,Annuale,ITF3,Campania,PEREXPPU,Spesa sostenuta dagli utenti sulla spesa totale (percentuale),CDNUR,Nidi,MDO,Comunale a gestione diretta,2023,5.5,,,FILTER_ATS,Filter,,,,,,,,,,,,,,
A,Annuale,ITF3,Campania,PEREXPPU,Spesa sostenuta dagli utenti sulla spesa totale (percentuale),CDNUR,Nidi,MMETP,Comunale a gestione affidata a terzi,2023,10.9,,,FILTER_ATS,Filter,,,,,,,,,,,,,,
A,Annuale,ITF3,Campania,PEREXPPU,Spesa sostenuta dagli utenti sulla spesa totale (percentuale),CDNUR,Nidi,PRPM,Privata con riserva di posti da parte del comune,2023,17.1,,,FILTER_ATS,Filter,,,,,,,,,,,,,,
A,Annuale,ITF3,Campania,PEREXPPU,Spesa sostenuta dagli utenti sulla spesa totale (percentuale),CDNUR,Nidi,ALL,Tutte le voci,2023,8.5,,,FILTER_ATS,Filter,,,,,,,,,,,,,,
A,Annuale,ITF3,Campania,PEREXPPU,Spesa sostenuta dagli utenti sulla spesa totale (percentuale),DNISC,Sezioni primavera,MDO,Comunale a gestione diretta,2023,7.9,,,FILTER_ATS,Filter,,,,,,,,,,,,,,
A,Annuale,ITF3,Campania,PEREXPPU,Spesa sostenuta dagli utenti sulla spesa totale (percentuale),DNISC,Sezioni primavera,MMETP,Comunale a gestione affidata a terzi,2023,5.3,,,FILTER_ATS,Filter,,,,,,,,,,,,,,
A,Annuale,ITF3,Campania,PEREXPPU,Spesa sostenuta dagli utenti sulla spesa totale (percentuale),DNISC,Sezioni primavera,PRPM,Privata con riserva di posti da parte del comune,2023,39.3,,,FILTER_ATS,Filter,,,,,,,,,,,,,,
A,Annuale,ITF3,Campania,PEREXPPU,Spesa sostenuta dagli utenti sulla spesa totale (percentuale),DNISC,Sezioni primavera,ALL,Tutte le voci,2023,9.8,,,FILTER_ATS,Filter,,,,,,,,,,,,,,
A,Annuale,ITF3,Campania,PEREXPPU,Spesa sostenuta dagli utenti sulla spesa totale (percentuale),ISERIDC,Servizi integrativi per la prima infanzia,MDO,Comunale a gestione diretta,2023,0,,,FILTER_ATS,Filter,,,,,,,,,,,,,,
A,Annuale,ITF3,Campania,PEREXPPU,Spesa sostenuta dagli utenti sulla spesa totale (percentuale),ISERIDC,Servizi integrativi per la prima infanzia,MMETP,Comunale a gestione affidata a terzi,2023,3,,,FILTER_ATS,Filter,,,,,,,,,,,,,,
A,Annuale,ITF3,Campania,PEREXPPU,Spesa sostenuta dagli utenti sulla spesa totale (percentuale),ISERIDC,Servizi integrativi per la prima infanzia,PRPM,Privata con riserva di posti da parte del comune,2023,0,,,FILTER_ATS,Filter,,,,,,,,,,,,,,
A,Annuale,ITF3,Campania,PEREXPPU,Spesa sostenuta dagli utenti sulla spesa totale (percentuale),ISERIDC,Servizi integrativi per la prima infanzia,ALL,Tutte le voci,2023,2.6,,,FILTER_ATS,Filter,,,,,,,,,,,,,,
A,Annuale,ITF3,Campania,PEREXPPU,Spesa sostenuta dagli utenti sulla spesa totale (percentuale),ALL,Tutte le voci,MDO,Comunale a gestione diretta,2023,5.6,,,FILTER_ATS,Filter,,,,,,,,,,,,,,
A,Annuale,ITF3,Campania,PEREXPPU,Spesa sostenuta dagli utenti sulla spesa totale (percentuale),ALL,Tutte le voci,MMETP,Comunale a gestione affidata a terzi,2023,10.5,,,FILTER_ATS,Filter,,,,,,,,,,,,,,
A,Annuale,ITF3,Campania,PEREXPPU,Spesa sostenuta dagli utenti sulla spesa totale (percentuale),ALL,Tutte le voci,PRPM,Privata con riserva di posti da parte del comune,2023,21.6,,,FILTER_ATS,Filter,,,,,,,,,,,,,,
A,Annuale,ITF3,Campania,PEREXPPU,Spesa sostenuta dagli utenti sulla spesa totale (percentuale),ALL,Tutte le voci,ALL,Tutte le voci,2023,8.5,,,FILTER_ATS,Filter,,,,,,,,,,,,,,
A,Annuale,ITF4,Puglia,USSSPM,Utenti,DNUR,Nidi e sezioni primavera,MDO,Comunale a gestione diretta,2023,1469,,,FILTER_ATS,Filter,,,,,,,,,,,,,,
A,Annuale,ITF4,Puglia,USSSPM,Utenti,DNUR,Nidi e sezioni primavera,MMETP,Comunale a gestione affidata a terzi,2023,2127,,,FILTER_ATS,Filter,,,,,,,,,,,,,,
A,Annuale,ITF4,Puglia,USSSPM,Utenti,DNUR,Nidi e sezioni primavera,PRPM,Privata con riserva di posti da parte del comune,2023,1529,,,FILTER_ATS,Filter,,,,,,,,,,,,,,
A,Annuale,ITF4,Puglia,USSSPM,Utenti,DNUR,Nidi e sezioni primavera,CFPPS,Contributi alle famiglie per servizi privati o pubblici,2023,4851,,,FILTER_ATS,Filter,,,,,,,,,,,,,,
A,Annuale,ITF4,Puglia,USSSPM,Utenti,DNUR,Nidi e sezioni primavera,ALL,Tutte le voci,2023,9976,,,FILTER_ATS,Filter,,,,,,,,,,,,,,
A,Annuale,ITF4,Puglia,USSSPM,Utenti,CDNUR,Nidi,MDO,Comunale a gestione diretta,2023,1411,,,FILTER_ATS,Filter,,,,,,,,,,,,,,
A,Annuale,ITF4,Puglia,USSSPM,Utenti,CDNUR,Nidi,MMETP,Comunale a gestione affidata a terzi,2023,1706,,,FILTER_ATS,Filter,,,,,,,,,,,,,,
A,Annuale,ITF4,Puglia,USSSPM,Utenti,CDNUR,Nidi,PRPM,Privata con riserva di posti da parte del comune,2023,1361,,,FILTER_ATS,Filter,,,,,,,,,,,,,,
A,Annuale,ITF4,Puglia,USSSPM,Utenti,CDNUR,Nidi,CFPPS,Contributi alle famiglie per servizi privati o pubblici,2023,4012,,,FILTER_ATS,Filter,,,,,,,,,,,,,,
A,Annuale,ITF4,Puglia,USSSPM,Utenti,CDNUR,Nidi,ALL,Tutte le voci,2023,8490,,,FILTER_ATS,Filter,,,,,,,,,,,,,,
A,Annuale,ITF4,Puglia,USSSPM,Utenti,DNISC,Sezioni primavera,MDO,Comunale a gestione diretta,2023,58,,,FILTER_ATS,Filter,,,,,,,,,,,,,,
A,Annuale,ITF4,Puglia,USSSPM,Utenti,DNISC,Sezioni primavera,MMETP,Comunale a gestione affidata a terzi,2023,421,,,FILTER_ATS,Filter,,,,,,,,,,,,,,
A,Annuale,ITF4,Puglia,USSSPM,Utenti,DNISC,Sezioni primavera,PRPM,Privata con riserva di posti da parte del comune,2023,168,,,FILTER_ATS,Filter,,,,,,,,,,,,,,
A,Annuale,ITF4,Puglia,USSSPM,Utenti,DNISC,Sezioni primavera,CFPPS,Contributi alle famiglie per servizi privati o pubblici,2023,839,,,FILTER_ATS,Filter,,,,,,,,,,,,,,
A,Annuale,ITF4,Puglia,USSSPM,Utenti,DNISC,Sezioni primavera,ALL,Tutte le voci,2023,1486,,,FILTER_ATS,Filter,,,,,,,,,,,,,,
A,Annuale,ITF4,Puglia,USSSPM,Utenti,ISERIDC,Servizi integrativi per la prima infanzia,MDO,Comunale a gestione diretta,2023,20,,,FILTER_ATS,Filter,,,,,,,,,,,,,,
A,Annuale,ITF4,Puglia,USSSPM,Utenti,ISERIDC,Servizi integrativi per la prima infanzia,MMETP,Comunale a gestione affidata a terzi,2023,66,,,FILTER_ATS,Filter,,,,,,,,,,,,,,
A,Annuale,ITF4,Puglia,USSSPM,Utenti,ISERIDC,Servizi integrativi per la prima infanzia,PRPM,Privata con riserva di posti da parte del comune,2023,126,,,FILTER_ATS,Filter,,,,,,,,,,,,,,
A,Annuale,ITF4,Puglia,USSSPM,Utenti,ISERIDC,Servizi integrativi per la prima infanzia,CFPPS,Contributi alle famiglie per servizi privati o pubblici,2023,503,,,FILTER_ATS,Filter,,,,,,,,,,,,,,
A,Annuale,ITF4,Puglia,USSSPM,Utenti,ISERIDC,Servizi integrativi per la prima infanzia,ALL,Tutte le voci,2023,715,,,FILTER_ATS,Filter,,,,,,,,,,,,,,
A,Annuale,ITF4,Puglia,USSSPM,Utenti,ALL,Tutte le voci,MDO,Comunale a gestione diretta,2023,1489,,,FILTER_ATS,Filter,,,,,,,,,,,,,,
A,Annuale,ITF4,Puglia,USSSPM,Utenti,ALL,Tutte le voci,MMETP,Comunale a gestione affidata a terzi,2023,2193,,,FILTER_ATS,Filter,,,,,,,,,,,,,,
A,Annuale,ITF4,Puglia,USSSPM,Utenti,ALL,Tutte le voci,PRPM,Privata con riserva di posti da parte del comune,2023,1655,,,FILTER_ATS,Filter,,,,,,,,,,,,,,
A,Annuale,ITF4,Puglia,USSSPM,Utenti,ALL,Tutte le voci,CFPPS,Contributi alle famiglie per servizi privati o pubblici,2023,5354,,,FILTER_ATS,Filter,,,,,,,,,,,,,,
A,Annuale,ITF4,Puglia,USSSPM,Utenti,ALL,Tutte le voci,ALL,Tutte le voci,2023,10691,,,FILTER_ATS,Filter,,,,,,,,,,,,,,
A,Annuale,ITF4,Puglia,TOTEXP,Totale spesa (euro),DNUR,Nidi e sezioni primavera,MDO,Comunale a gestione diretta,2023,15767930,,,FILTER_ATS,Filter,,,,,,,,,,,,,,
A,Annuale,ITF4,Puglia,TOTEXP,Totale spesa (euro),DNUR,Nidi e sezioni primavera,MMETP,Comunale a gestione affidata a terzi,2023,11089134,,,FILTER_ATS,Filter,,,,,,,,,,,,,,
A,Annuale,ITF4,Puglia,TOTEXP,Totale spesa (euro),DNUR,Nidi e sezioni primavera,PRPM,Privata con riserva di posti da parte del comune,2023,8535774,,,FILTER_ATS,Filter,,,,,,,,,,,,,,
A,Annuale,ITF4,Puglia,TOTEXP,Totale spesa (euro),DNUR,Nidi e sezioni primavera,PCM,Privata senza riserva di posti da parte del comune,2023,849560,,,FILTER_ATS,Filter,,,,,,,,,,,,,,
A,Annuale,ITF4,Puglia,TOTEXP,Totale spesa (euro),DNUR,Nidi e sezioni primavera,CFPPS,Contributi alle famiglie per servizi privati o pubblici,2023,25996206,,,FILTER_ATS,Filter,,,,,,,,,,,,,,
A,Annuale,ITF4,Puglia,TOTEXP,Totale spesa (euro),DNUR,Nidi e sezioni primavera,ALL,Tutte le voci,2023,62238604,,,FILTER_ATS,Filter,,,,,,,,,,,,,,
A,Annuale,ITF4,Puglia,TOTEXP,Totale spesa (euro),CDNUR,Nidi,MDO,Comunale a gestione diretta,2023,15211747,,,FILTER_ATS,Filter,,,,,,,,,,,,,,
A,Annuale,ITF4,Puglia,TOTEXP,Totale spesa (euro),CDNUR,Nidi,MMETP,Comunale a gestione affidata a terzi,2023,9756206,,,FILTER_ATS,Filter,,,,,,,,,,,,,,
A,Annuale,ITF4,Puglia,TOTEXP,Totale spesa (euro),CDNUR,Nidi,PRPM,Privata con riserva di posti da parte del comune,2023,7801367,,,FILTER_ATS,Filter,,,,,,,,,,,,,,
A,Annuale,ITF4,Puglia,TOTEXP,Totale spesa (euro),CDNUR,Nidi,PCM,Privata senza riserva di posti da parte del comune,2023,200930,,,FILTER_ATS,Filter,,,,,,,,,,,,,,
A,Annuale,ITF4,Puglia,TOTEXP,Totale spesa (euro),CDNUR,Nidi,CFPPS,Contributi alle famiglie per servizi privati o pubblici,2023,22429851,,,FILTER_ATS,Filter,,,,,,,,,,,,,,
A,Annuale,ITF4,Puglia,TOTEXP,Totale spesa (euro),CDNUR,Nidi,ALL,Tutte le voci,2023,55400101,,,FILTER_ATS,Filter,,,,,,,,,,,,,,
A,Annuale,ITF4,Puglia,TOTEXP,Totale spesa (euro),DNISC,Sezioni primavera,MDO,Comunale a gestione diretta,2023,556183,,,FILTER_ATS,Filter,,,,,,,,,,,,,,
A,Annuale,ITF4,Puglia,TOTEXP,Totale spesa (euro),DNISC,Sezioni primavera,MMETP,Comunale a gestione affidata a terzi,2023,1332928,,,FILTER_ATS,Filter,,,,,,,,,,,,,,
A,Annuale,ITF4,Puglia,TOTEXP,Totale spesa (euro),DNISC,Sezioni primavera,PRPM,Privata con riserva di posti da parte del comune,2023,734407,,,FILTER_ATS,Filter,,,,,,,,,,,,,,
A,Annuale,ITF4,Puglia,TOTEXP,Totale spesa (euro),DNISC,Sezioni primavera,PCM,Privata senza riserva di posti da parte del comune,2023,648630,,,FILTER_ATS,Filter,,,,,,,,,,,,,,
A,Annuale,ITF4,Puglia,TOTEXP,Totale spesa (euro),DNISC,Sezioni primavera,CFPPS,Contributi alle famiglie per servizi privati o pubblici,2023,3566355,,,FILTER_ATS,Filter,,,,,,,,,,,,,,
A,Annuale,ITF4,Puglia,TOTEXP,Totale spesa (euro),DNISC,Sezioni primavera,ALL,Tutte le voci,2023,6838503,,,FILTER_ATS,Filter,,,,,,,,,,,,,,
A,Annuale,ITF4,Puglia,TOTEXP,Totale spesa (euro),ISERIDC,Servizi integrativi per la prima infanzia,MDO,Comunale a gestione diretta,2023,150000,,,FILTER_ATS,Filter,,,,,,,,,,,,,,
A,Annuale,ITF4,Puglia,TOTEXP,Totale spesa (euro),ISERIDC,Servizi integrativi per la prima infanzia,MMETP,Comunale a gestione affidata a terzi,2023,253046,,,FILTER_ATS,Filter,,,,,,,,,,,,,,
A,Annuale,ITF4,Puglia,TOTEXP,Totale spesa (euro),ISERIDC,Servizi integrativi per la prima infanzia,PRPM,Privata con riserva di posti da parte del comune,2023,617053,,,FILTER_ATS,Filter,,,,,,,,,,,,,,
A,Annuale,ITF4,Puglia,TOTEXP,Totale spesa (euro),ISERIDC,Servizi integrativi per la prima infanzia,PCM,Privata senza riserva di posti da parte del comune,2023,139750,,,FILTER_ATS,Filter,,,,,,,,,,,,,,
A,Annuale,ITF4,Puglia,TOTEXP,Totale spesa (euro),ISERIDC,Servizi integrativi per la prima infanzia,CFPPS,Contributi alle famiglie per servizi privati o pubblici,2023,1583498,,,FILTER_ATS,Filter,,,,,,,,,,,,,,
A,Annuale,ITF4,Puglia,TOTEXP,Totale spesa (euro),ISERIDC,Servizi integrativi per la prima infanzia,ALL,Tutte le voci,2023,2743347,,,FILTER_ATS,Filter,,,,,,,,,,,,,,
A,Annuale,ITF4,Puglia,TOTEXP,Totale spesa (euro),ALL,Tutte le voci,MDO,Comunale a gestione diretta,2023,15917930,,,FILTER_ATS,Filter,,,,,,,,,,,,,,
A,Annuale,ITF4,Puglia,TOTEXP,Totale spesa (euro),ALL,Tutte le voci,MMETP,Comunale a gestione affidata a terzi,2023,11342180,,,FILTER_ATS,Filter,,,,,,,,,,,,,,
A,Annuale,ITF4,Puglia,TOTEXP,Totale spesa (euro),ALL,Tutte le voci,PRPM,Privata con riserva di posti da parte del comune,2023,9152827,,,FILTER_ATS,Filter,,,,,,,,,,,,,,
A,Annuale,ITF4,Puglia,TOTEXP,Totale spesa (euro),ALL,Tutte le voci,PCM,Privata senza riserva di posti da parte del comune,2023,989310,,,FILTER_ATS,Filter,,,,,,,,,,,,,,
A,Annuale,ITF4,Puglia,TOTEXP,Totale spesa (euro),ALL,Tutte le voci,CFPPS,Contributi alle famiglie per servizi privati o pubblici,2023,27579704,,,FILTER_ATS,Filter,,,,,,,,,,,,,,
A,Annuale,ITF4,Puglia,TOTEXP,Totale spesa (euro),ALL,Tutte le voci,ALL,Tutte le voci,2023,64981951,,,FILTER_ATS,Filter,,,,,,,,,,,,,,
A,Annuale,ITF4,Puglia,EXPMUN,Spesa dei comuni (euro),DNUR,Nidi e sezioni primavera,MDO,Comunale a gestione diretta,2023,13607471,,,FILTER_ATS,Filter,,,,,,,,,,,,,,
A,Annuale,ITF4,Puglia,EXPMUN,Spesa dei comuni (euro),DNUR,Nidi e sezioni primavera,MMETP,Comunale a gestione affidata a terzi,2023,9736055,,,FILTER_ATS,Filter,,,,,,,,,,,,,,
A,Annuale,ITF4,Puglia,EXPMUN,Spesa dei comuni (euro),DNUR,Nidi e sezioni primavera,PRPM,Privata con riserva di posti da parte del comune,2023,8355059,,,FILTER_ATS,Filter,,,,,,,,,,,,,,
A,Annuale,ITF4,Puglia,EXPMUN,Spesa dei comuni (euro),DNUR,Nidi e sezioni primavera,PCM,Privata senza riserva di posti da parte del comune,2023,849560,,,FILTER_ATS,Filter,,,,,,,,,,,,,,
A,Annuale,ITF4,Puglia,EXPMUN,Spesa dei comuni (euro),DNUR,Nidi e sezioni primavera,CFPPS,Contributi alle famiglie per servizi privati o pubblici,2023,25996206,,,FILTER_ATS,Filter,,,,,,,,,,,,,,
A,Annuale,ITF4,Puglia,EXPMUN,Spesa dei comuni (euro),DNUR,Nidi e sezioni primavera,ALL,Tutte le voci,2023,58544351,,,FILTER_ATS,Filter,,,,,,,,,,,,,,
A,Annuale,ITF4,Puglia,EXPMUN,Spesa dei comuni (euro),CDNUR,Nidi,MDO,Comunale a gestione diretta,2023,13125025,,,FILTER_ATS,Filter,,,,,,,,,,,,,,
A,Annuale,ITF4,Puglia,EXPMUN,Spesa dei comuni (euro),CDNUR,Nidi,MMETP,Comunale a gestione affidata a terzi,2023,8514717,,,FILTER_ATS,Filter,,,,,,,,,,,,,,
A,Annuale,ITF4,Puglia,EXPMUN,Spesa dei comuni (euro),CDNUR,Nidi,PRPM,Privata con riserva di posti da parte del comune,2023,7672426,,,FILTER_ATS,Filter,,,,,,,,,,,,,,
A,Annuale,ITF4,Puglia,EXPMUN,Spesa dei comuni (euro),CDNUR,Nidi,PCM,Privata senza riserva di posti da parte del comune,2023,200930,,,FILTER_ATS,Filter,,,,,,,,,,,,,,
A,Annuale,ITF4,Puglia,EXPMUN,Spesa dei comuni (euro),CDNUR,Nidi,CFPPS,Contributi alle famiglie per servizi privati o pubblici,2023,22429851,,,FILTER_ATS,Filter,,,,,,,,,,,,,,
A,Annuale,ITF4,Puglia,EXPMUN,Spesa dei comuni (euro),CDNUR,Nidi,ALL,Tutte le voci,2023,51942949,,,FILTER_ATS,Filter,,,,,,,,,,,,,,
A,Annuale,ITF4,Puglia,EXPMUN,Spesa dei comuni (euro),DNISC,Sezioni primavera,MDO,Comunale a gestione diretta,2023,482446,,,FILTER_ATS,Filter,,,,,,,,,,,,,,
A,Annuale,ITF4,Puglia,EXPMUN,Spesa dei comuni (euro),DNISC,Sezioni primavera,MMETP,Comunale a gestione affidata a terzi,2023,1221338,,,FILTER_ATS,Filter,,,,,,,,,,,,,,
A,Annuale,ITF4,Puglia,EXPMUN,Spesa dei comuni (euro),DNISC,Sezioni primavera,PRPM,Privata con riserva di posti da parte del comune,2023,682633,,,FILTER_ATS,Filter,,,,,,,,,,,,,,
A,Annuale,ITF4,Puglia,EXPMUN,Spesa dei comuni (euro),DNISC,Sezioni primavera,PCM,Privata senza riserva di posti da parte del comune,2023,648630,,,FILTER_ATS,Filter,,,,,,,,,,,,,,
A,Annuale,ITF4,Puglia,EXPMUN,Spesa dei comuni (euro),DNISC,Sezioni primavera,CFPPS,Contributi alle famiglie per servizi privati o pubblici,2023,3566355,,,FILTER_ATS,Filter,,,,,,,,,,,,,,
A,Annuale,ITF4,Puglia,EXPMUN,Spesa dei comuni (euro),DNISC,Sezioni primavera,ALL,Tutte le voci,2023,6601402,,,FILTER_ATS,Filter,,,,,,,,,,,,,,
A,Annuale,ITF4,Puglia,EXPMUN,Spesa dei comuni (euro),ISERIDC,Servizi integrativi per la prima infanzia,MDO,Comunale a gestione diretta,2023,126187,,,FILTER_ATS,Filter,,,,,,,,,,,,,,
A,Annuale,ITF4,Puglia,EXPMUN,Spesa dei comuni (euro),ISERIDC,Servizi integrativi per la prima infanzia,MMETP,Comunale a gestione affidata a terzi,2023,247166,,,FILTER_ATS,Filter,,,,,,,,,,,,,,
A,Annuale,ITF4,Puglia,EXPMUN,Spesa dei comuni (euro),ISERIDC,Servizi integrativi per la prima infanzia,PRPM,Privata con riserva di posti da parte del comune,2023,617053,,,FILTER_ATS,Filter,,,,,,,,,,,,,,
A,Annuale,ITF4,Puglia,EXPMUN,Spesa dei comuni (euro),ISERIDC,Servizi integrativi per la prima infanzia,PCM,Privata senza riserva di posti da parte del comune,2023,139750,,,FILTER_ATS,Filter,,,,,,,,,,,,,,
A,Annuale,ITF4,Puglia,EXPMUN,Spesa dei comuni (euro),ISERIDC,Servizi integrativi per la prima infanzia,CFPPS,Contributi alle famiglie per servizi privati o pubblici,2023,1583498,,,FILTER_ATS,Filter,,,,,,,,,,,,,,
A,Annuale,ITF4,Puglia,EXPMUN,Spesa dei comuni (euro),ISERIDC,Servizi integrativi per la prima infanzia,ALL,Tutte le voci,2023,2713654,,,FILTER_ATS,Filter,,,,,,,,,,,,,,
A,Annuale,ITF4,Puglia,EXPMUN,Spesa dei comuni (euro),ALL,Tutte le voci,MDO,Comunale a gestione diretta,2023,13733658,,,FILTER_ATS,Filter,,,,,,,,,,,,,,
A,Annuale,ITF4,Puglia,EXPMUN,Spesa dei comuni (euro),ALL,Tutte le voci,MMETP,Comunale a gestione affidata a terzi,2023,9983221,,,FILTER_ATS,Filter,,,,,,,,,,,,,,
A,Annuale,ITF4,Puglia,EXPMUN,Spesa dei comuni (euro),ALL,Tutte le voci,PRPM,Privata con riserva di posti da parte del comune,2023,8972112,,,FILTER_ATS,Filter,,,,,,,,,,,,,,
A,Annuale,ITF4,Puglia,EXPMUN,Spesa dei comuni (euro),ALL,Tutte le voci,PCM,Privata senza riserva di posti da parte del comune,2023,989310,,,FILTER_ATS,Filter,,,,,,,,,,,,,,
A,Annuale,ITF4,Puglia,EXPMUN,Spesa dei comuni (euro),ALL,Tutte le voci,CFPPS,Contributi alle famiglie per servizi privati o pubblici,2023,27579704,,,FILTER_ATS,Filter,,,,,,,,,,,,,,
A,Annuale,ITF4,Puglia,EXPMUN,Spesa dei comuni (euro),ALL,Tutte le voci,ALL,Tutte le voci,2023,61258005,,,FILTER_ATS,Filter,,,,,,,,,,,,,,
A,Annuale,ITF4,Puglia,EXPUSERS,Compartecipazione degli utenti alla spesa totale (euro),DNUR,Nidi e sezioni primavera,MDO,Comunale a gestione diretta,2023,2160459,,,FILTER_ATS,Filter,,,,,,,,,,,,,,
A,Annuale,ITF4,Puglia,EXPUSERS,Compartecipazione degli utenti alla spesa totale (euro),DNUR,Nidi e sezioni primavera,MMETP,Comunale a gestione affidata a terzi,2023,1353079,,,FILTER_ATS,Filter,,,,,,,,,,,,,,
A,Annuale,ITF4,Puglia,EXPUSERS,Compartecipazione degli utenti alla spesa totale (euro),DNUR,Nidi e sezioni primavera,PRPM,Privata con riserva di posti da parte del comune,2023,180715,,,FILTER_ATS,Filter,,,,,,,,,,,,,,
A,Annuale,ITF4,Puglia,EXPUSERS,Compartecipazione degli utenti alla spesa totale (euro),DNUR,Nidi e sezioni primavera,ALL,Tutte le voci,2023,3694253,,,FILTER_ATS,Filter,,,,,,,,,,,,,,
A,Annuale,ITF4,Puglia,EXPUSERS,Compartecipazione degli utenti alla spesa totale (euro),CDNUR,Nidi,MDO,Comunale a gestione diretta,2023,2086722,,,FILTER_ATS,Filter,,,,,,,,,,,,,,
A,Annuale,ITF4,Puglia,EXPUSERS,Compartecipazione degli utenti alla spesa totale (euro),CDNUR,Nidi,MMETP,Comunale a gestione affidata a terzi,2023,1241489,,,FILTER_ATS,Filter,,,,,,,,,,,,,,
A,Annuale,ITF4,Puglia,EXPUSERS,Compartecipazione degli utenti alla spesa totale (euro),CDNUR,Nidi,PRPM,Privata con riserva di posti da parte del comune,2023,128941,,,FILTER_ATS,Filter,,,,,,,,,,,,,,
A,Annuale,ITF4,Puglia,EXPUSERS,Compartecipazione degli utenti alla spesa totale (euro),CDNUR,Nidi,ALL,Tutte le voci,2023,3457152,,,FILTER_ATS,Filter,,,,,,,,,,,,,,
A,Annuale,ITF4,Puglia,EXPUSERS,Compartecipazione degli utenti alla spesa totale (euro),DNISC,Sezioni primavera,MDO,Comunale a gestione diretta,2023,73737,,,FILTER_ATS,Filter,,,,,,,,,,,,,,
A,Annuale,ITF4,Puglia,EXPUSERS,Compartecipazione degli utenti alla spesa totale (euro),DNISC,Sezioni primavera,MMETP,Comunale a gestione affidata a terzi,2023,111590,,,FILTER_ATS,Filter,,,,,,,,,,,,,,
A,Annuale,ITF4,Puglia,EXPUSERS,Compartecipazione degli utenti alla spesa totale (euro),DNISC,Sezioni primavera,PRPM,Privata con riserva di posti da parte del comune,2023,51774,,,FILTER_ATS,Filter,,,,,,,,,,,,,,
A,Annuale,ITF4,Puglia,EXPUSERS,Compartecipazione degli utenti alla spesa totale (euro),DNISC,Sezioni primavera,ALL,Tutte le voci,2023,237101,,,FILTER_ATS,Filter,,,,,,,,,,,,,,
A,Annuale,ITF4,Puglia,EXPUSERS,Compartecipazione degli utenti alla spesa totale (euro),ISERIDC,Servizi integrativi per la prima infanzia,MDO,Comunale a gestione diretta,2023,23813,,,FILTER_ATS,Filter,,,,,,,,,,,,,,
A,Annuale,ITF4,Puglia,EXPUSERS,Compartecipazione degli utenti alla spesa totale (euro),ISERIDC,Servizi integrativi per la prima infanzia,MMETP,Comunale a gestione affidata a terzi,2023,5880,,,FILTER_ATS,Filter,,,,,,,,,,,,,,
A,Annuale,ITF4,Puglia,EXPUSERS,Compartecipazione degli utenti alla spesa totale (euro),ISERIDC,Servizi integrativi per la prima infanzia,PRPM,Privata con riserva di posti da parte del comune,2023,0,,,FILTER_ATS,Filter,,,,,,,,,,,,,,
A,Annuale,ITF4,Puglia,EXPUSERS,Compartecipazione degli utenti alla spesa totale (euro),ISERIDC,Servizi integrativi per la prima infanzia,ALL,Tutte le voci,2023,29693,,,FILTER_ATS,Filter,,,,,,,,,,,,,,
A,Annuale,ITF4,Puglia,EXPUSERS,Compartecipazione degli utenti alla spesa totale (euro),ALL,Tutte le voci,MDO,Comunale a gestione diretta,2023,2184272,,,FILTER_ATS,Filter,,,,,,,,,,,,,,
A,Annuale,ITF4,Puglia,EXPUSERS,Compartecipazione degli utenti alla spesa totale (euro),ALL,Tutte le voci,MMETP,Comunale a gestione affidata a terzi,2023,1358959,,,FILTER_ATS,Filter,,,,,,,,,,,,,,
A,Annuale,ITF4,Puglia,EXPUSERS,Compartecipazione degli utenti alla spesa totale (euro),ALL,Tutte le voci,PRPM,Privata con riserva di posti da parte del comune,2023,180715,,,FILTER_ATS,Filter,,,,,,,,,,,,,,
A,Annuale,ITF4,Puglia,EXPUSERS,Compartecipazione degli utenti alla spesa totale (euro),ALL,Tutte le voci,ALL,Tutte le voci,2023,3723946,,,FILTER_ATS,Filter,,,,,,,,,,,,,,
A,Annuale,ITF4,Puglia,PEREXPPU,Spesa sostenuta dagli utenti sulla spesa totale (percentuale),DNUR,Nidi e sezioni primavera,MDO,Comunale a gestione diretta,2023,13.7,,,FILTER_ATS,Filter,,,,,,,,,,,,,,
A,Annuale,ITF4,Puglia,PEREXPPU,Spesa sostenuta dagli utenti sulla spesa totale (percentuale),DNUR,Nidi e sezioni primavera,MMETP,Comunale a gestione affidata a terzi,2023,12.2,,,FILTER_ATS,Filter,,,,,,,,,,,,,,
A,Annuale,ITF4,Puglia,PEREXPPU,Spesa sostenuta dagli utenti sulla spesa totale (percentuale),DNUR,Nidi e sezioni primavera,PRPM,Privata con riserva di posti da parte del comune,2023,2.1,,,FILTER_ATS,Filter,,,,,,,,,,,,,,
A,Annuale,ITF4,Puglia,PEREXPPU,Spesa sostenuta dagli utenti sulla spesa totale (percentuale),DNUR,Nidi e sezioni primavera,ALL,Tutte le voci,2023,5.9,,,FILTER_ATS,Filter,,,,,,,,,,,,,,
A,Annuale,ITF4,Puglia,PEREXPPU,Spesa sostenuta dagli utenti sulla spesa totale (percentuale),CDNUR,Nidi,MDO,Comunale a gestione diretta,2023,13.7,,,FILTER_ATS,Filter,,,,,,,,,,,,,,
A,Annuale,ITF4,Puglia,PEREXPPU,Spesa sostenuta dagli utenti sulla spesa totale (percentuale),CDNUR,Nidi,MMETP,Comunale a gestione affidata a terzi,2023,12.7,,,FILTER_ATS,Filter,,,,,,,,,,,,,,
A,Annuale,ITF4,Puglia,PEREXPPU,Spesa sostenuta dagli utenti sulla spesa totale (percentuale),CDNUR,Nidi,PRPM,Privata con riserva di posti da parte del comune,2023,1.7,,,FILTER_ATS,Filter,,,,,,,,,,,,,,
A,Annuale,ITF4,Puglia,PEREXPPU,Spesa sostenuta dagli utenti sulla spesa totale (percentuale),CDNUR,Nidi,ALL,Tutte le voci,2023,6.2,,,FILTER_ATS,Filter,,,,,,,,,,,,,,
A,Annuale,ITF4,Puglia,PEREXPPU,Spesa sostenuta dagli utenti sulla spesa totale (percentuale),DNISC,Sezioni primavera,MDO,Comunale a gestione diretta,2023,13.3,,,FILTER_ATS,Filter,,,,,,,,,,,,,,
A,Annuale,ITF4,Puglia,PEREXPPU,Spesa sostenuta dagli utenti sulla spesa totale (percentuale),DNISC,Sezioni primavera,MMETP,Comunale a gestione affidata a terzi,2023,8.4,,,FILTER_ATS,Filter,,,,,,,,,,,,,,
A,Annuale,ITF4,Puglia,PEREXPPU,Spesa sostenuta dagli utenti sulla spesa totale (percentuale),DNISC,Sezioni primavera,PRPM,Privata con riserva di posti da parte del comune,2023,7,,,FILTER_ATS,Filter,,,,,,,,,,,,,,
A,Annuale,ITF4,Puglia,PEREXPPU,Spesa sostenuta dagli utenti sulla spesa totale (percentuale),DNISC,Sezioni primavera,ALL,Tutte le voci,2023,3.5,,,FILTER_ATS,Filter,,,,,,,,,,,,,,
A,Annuale,ITF4,Puglia,PEREXPPU,Spesa sostenuta dagli utenti sulla spesa totale (percentuale),ISERIDC,Servizi integrativi per la prima infanzia,MDO,Comunale a gestione diretta,2023,15.9,,,FILTER_ATS,Filter,,,,,,,,,,,,,,
A,Annuale,ITF4,Puglia,PEREXPPU,Spesa sostenuta dagli utenti sulla spesa totale (percentuale),ISERIDC,Servizi integrativi per la prima infanzia,MMETP,Comunale a gestione affidata a terzi,2023,2.3,,,FILTER_ATS,Filter,,,,,,,,,,,,,,
A,Annuale,ITF4,Puglia,PEREXPPU,Spesa sostenuta dagli utenti sulla spesa totale (percentuale),ISERIDC,Servizi integrativi per la prima infanzia,PRPM,Privata con riserva di posti da parte del comune,2023,0,,,FILTER_ATS,Filter,,,,,,,,,,,,,,
A,Annuale,ITF4,Puglia,PEREXPPU,Spesa sostenuta dagli utenti sulla spesa totale (percentuale),ISERIDC,Servizi integrativi per la prima infanzia,ALL,Tutte le voci,2023,1.1,,,FILTER_ATS,Filter,,,,,,,,,,,,,,
A,Annuale,ITF4,Puglia,PEREXPPU,Spesa sostenuta dagli utenti sulla spesa totale (percentuale),ALL,Tutte le voci,MDO,Comunale a gestione diretta,2023,13.7,,,FILTER_ATS,Filter,,,,,,,,,,,,,,
A,Annuale,ITF4,Puglia,PEREXPPU,Spesa sostenuta dagli utenti sulla spesa totale (percentuale),ALL,Tutte le voci,MMETP,Comunale a gestione affidata a terzi,2023,12,,,FILTER_ATS,Filter,,,,,,,,,,,,,,
A,Annuale,ITF4,Puglia,PEREXPPU,Spesa sostenuta dagli utenti sulla spesa totale (percentuale),ALL,Tutte le voci,PRPM,Privata con riserva di posti da parte del comune,2023,2,,,FILTER_ATS,Filter,,,,,,,,,,,,,,
A,Annuale,ITF4,Puglia,PEREXPPU,Spesa sostenuta dagli utenti sulla spesa totale (percentuale),ALL,Tutte le voci,ALL,Tutte le voci,2023,5.7,,,FILTER_ATS,Filter,,,,,,,,,,,,,,
A,Annuale,ITF5,Basilicata,USSSPM,Utenti,DNUR,Nidi e sezioni primavera,MDO,Comunale a gestione diretta,2023,246,,,FILTER_ATS,Filter,,,,,,,,,,,,,,
A,Annuale,ITF5,Basilicata,USSSPM,Utenti,DNUR,Nidi e sezioni primavera,MMETP,Comunale a gestione affidata a terzi,2023,756,,,FILTER_ATS,Filter,,,,,,,,,,,,,,
A,Annuale,ITF5,Basilicata,USSSPM,Utenti,DNUR,Nidi e sezioni primavera,PRPM,Privata con riserva di posti da parte del comune,2023,96,,,FILTER_ATS,Filter,,,,,,,,,,,,,,
A,Annuale,ITF5,Basilicata,USSSPM,Utenti,DNUR,Nidi e sezioni primavera,CFPPS,Contributi alle famiglie per servizi privati o pubblici,2023,14,,,FILTER_ATS,Filter,,,,,,,,,,,,,,
A,Annuale,ITF5,Basilicata,USSSPM,Utenti,DNUR,Nidi e sezioni primavera,ALL,Tutte le voci,2023,1112,,,FILTER_ATS,Filter,,,,,,,,,,,,,,
A,Annuale,ITF5,Basilicata,USSSPM,Utenti,CDNUR,Nidi,MDO,Comunale a gestione diretta,2023,208,,,FILTER_ATS,Filter,,,,,,,,,,,,,,
A,Annuale,ITF5,Basilicata,USSSPM,Utenti,CDNUR,Nidi,MMETP,Comunale a gestione affidata a terzi,2023,707,,,FILTER_ATS,Filter,,,,,,,,,,,,,,
A,Annuale,ITF5,Basilicata,USSSPM,Utenti,CDNUR,Nidi,PRPM,Privata con riserva di posti da parte del comune,2023,70,,,FILTER_ATS,Filter,,,,,,,,,,,,,,
A,Annuale,ITF5,Basilicata,USSSPM,Utenti,CDNUR,Nidi,CFPPS,Contributi alle famiglie per servizi privati o pubblici,2023,7,,,FILTER_ATS,Filter,,,,,,,,,,,,,,
A,Annuale,ITF5,Basilicata,USSSPM,Utenti,CDNUR,Nidi,ALL,Tutte le voci,2023,992,,,FILTER_ATS,Filter,,,,,,,,,,,,,,
A,Annuale,ITF5,Basilicata,USSSPM,Utenti,DNISC,Sezioni primavera,MDO,Comunale a gestione diretta,2023,38,,,FILTER_ATS,Filter,,,,,,,,,,,,,,
A,Annuale,ITF5,Basilicata,USSSPM,Utenti,DNISC,Sezioni primavera,MMETP,Comunale a gestione affidata a terzi,2023,49,,,FILTER_ATS,Filter,,,,,,,,,,,,,,
A,Annuale,ITF5,Basilicata,USSSPM,Utenti,DNISC,Sezioni primavera,PRPM,Privata con riserva di posti da parte del comune,2023,26,,,FILTER_ATS,Filter,,,,,,,,,,,,,,
A,Annuale,ITF5,Basilicata,USSSPM,Utenti,DNISC,Sezioni primavera,CFPPS,Contributi alle famiglie per servizi privati o pubblici,2023,7,,,FILTER_ATS,Filter,,,,,,,,,,,,,,
A,Annuale,ITF5,Basilicata,USSSPM,Utenti,DNISC,Sezioni primavera,ALL,Tutte le voci,2023,120,,,FILTER_ATS,Filter,,,,,,,,,,,,,,
A,Annuale,ITF5,Basilicata,USSSPM,Utenti,ISERIDC,Servizi integrativi per la prima infanzia,MDO,Comunale a gestione diretta,2023,6,,,FILTER_ATS,Filter,,,,,,,,,,,,,,
A,Annuale,ITF5,Basilicata,USSSPM,Utenti,ISERIDC,Servizi integrativi per la prima infanzia,MMETP,Comunale a gestione affidata a terzi,2023,0,,,FILTER_ATS,Filter,,,,,,,,,,,,,,
A,Annuale,ITF5,Basilicata,USSSPM,Utenti,ISERIDC,Servizi integrativi per la prima infanzia,PRPM,Privata con riserva di posti da parte del comune,2023,0,,,FILTER_ATS,Filter,,,,,,,,,,,,,,
A,Annuale,ITF5,Basilicata,USSSPM,Utenti,ISERIDC,Servizi integrativi per la prima infanzia,CFPPS,Contributi alle famiglie per servizi privati o pubblici,2023,0,,,FILTER_ATS,Filter,,,,,,,,,,,,,,
A,Annuale,ITF5,Basilicata,USSSPM,Utenti,ISERIDC,Servizi integrativi per la prima infanzia,ALL,Tutte le voci,2023,6,,,FILTER_ATS,Filter,,,,,,,,,,,,,,
A,Annuale,ITF5,Basilicata,USSSPM,Utenti,ALL,Tutte le voci,MDO,Comunale a gestione diretta,2023,252,,,FILTER_ATS,Filter,,,,,,,,,,,,,,
A,Annuale,ITF5,Basilicata,USSSPM,Utenti,ALL,Tutte le voci,MMETP,Comunale a gestione affidata a terzi,2023,756,,,FILTER_ATS,Filter,,,,,,,,,,,,,,
A,Annuale,ITF5,Basilicata,USSSPM,Utenti,ALL,Tutte le voci,PRPM,Privata con riserva di posti da parte del comune,2023,96,,,FILTER_ATS,Filter,,,,,,,,,,,,,,
A,Annuale,ITF5,Basilicata,USSSPM,Utenti,ALL,Tutte le voci,CFPPS,Contributi alle famiglie per servizi privati o pubblici,2023,14,,,FILTER_ATS,Filter,,,,,,,,,,,,,,
A,Annuale,ITF5,Basilicata,USSSPM,Utenti,ALL,Tutte le voci,ALL,Tutte le voci,2023,1118,,,FILTER_ATS,Filter,,,,,,,,,,,,,,
A,Annuale,ITF5,Basilicata,TOTEXP,Totale spesa (euro),DNUR,Nidi e sezioni primavera,MDO,Comunale a gestione diretta,2023,1191001,,,FILTER_ATS,Filter,,,,,,,,,,,,,,
A,Annuale,ITF5,Basilicata,TOTEXP,Totale spesa (euro),DNUR,Nidi e sezioni primavera,MMETP,Comunale a gestione affidata a terzi,2023,4177702,,,FILTER_ATS,Filter,,,,,,,,,,,,,,
A,Annuale,ITF5,Basilicata,TOTEXP,Totale spesa (euro),DNUR,Nidi e sezioni primavera,PRPM,Privata con riserva di posti da parte del comune,2023,551016,,,FILTER_ATS,Filter,,,,,,,,,,,,,,
A,Annuale,ITF5,Basilicata,TOTEXP,Totale spesa (euro),DNUR,Nidi e sezioni primavera,PCM,Privata senza riserva di posti da parte del comune,2023,106592,,,FILTER_ATS,Filter,,,,,,,,,,,,,,
A,Annuale,ITF5,Basilicata,TOTEXP,Totale spesa (euro),DNUR,Nidi e sezioni primavera,CFPPS,Contributi alle famiglie per servizi privati o pubblici,2023,17579,,,FILTER_ATS,Filter,,,,,,,,,,,,,,
A,Annuale,ITF5,Basilicata,TOTEXP,Totale spesa (euro),DNUR,Nidi e sezioni primavera,ALL,Tutte le voci,2023,6043890,,,FILTER_ATS,Filter,,,,,,,,,,,,,,
A,Annuale,ITF5,Basilicata,TOTEXP,Totale spesa (euro),CDNUR,Nidi,MDO,Comunale a gestione diretta,2023,1062033,,,FILTER_ATS,Filter,,,,,,,,,,,,,,
A,Annuale,ITF5,Basilicata,TOTEXP,Totale spesa (euro),CDNUR,Nidi,MMETP,Comunale a gestione affidata a terzi,2023,4060177,,,FILTER_ATS,Filter,,,,,,,,,,,,,,
A,Annuale,ITF5,Basilicata,TOTEXP,Totale spesa (euro),CDNUR,Nidi,PRPM,Privata con riserva di posti da parte del comune,2023,459000,,,FILTER_ATS,Filter,,,,,,,,,,,,,,
A,Annuale,ITF5,Basilicata,TOTEXP,Totale spesa (euro),CDNUR,Nidi,PCM,Privata senza riserva di posti da parte del comune,2023,53059,,,FILTER_ATS,Filter,,,,,,,,,,,,,,
A,Annuale,ITF5,Basilicata,TOTEXP,Totale spesa (euro),CDNUR,Nidi,CFPPS,Contributi alle famiglie per servizi privati o pubblici,2023,14250,,,FILTER_ATS,Filter,,,,,,,,,,,,,,
A,Annuale,ITF5,Basilicata,TOTEXP,Totale spesa (euro),CDNUR,Nidi,ALL,Tutte le voci,2023,5648519,,,FILTER_ATS,Filter,,,,,,,,,,,,,,
A,Annuale,ITF5,Basilicata,TOTEXP,Totale spesa (euro),DNISC,Sezioni primavera,MDO,Comunale a gestione diretta,2023,128968,,,FILTER_ATS,Filter,,,,,,,,,,,,,,
A,Annuale,ITF5,Basilicata,TOTEXP,Totale spesa (euro),DNISC,Sezioni primavera,MMETP,Comunale a gestione affidata a terzi,2023,117525,,,FILTER_ATS,Filter,,,,,,,,,,,,,,
A,Annuale,ITF5,Basilicata,TOTEXP,Totale spesa (euro),DNISC,Sezioni primavera,PRPM,Privata con riserva di posti da parte del comune,2023,92016,,,FILTER_ATS,Filter,,,,,,,,,,,,,,
A,Annuale,ITF5,Basilicata,TOTEXP,Totale spesa (euro),DNISC,Sezioni primavera,PCM,Privata senza riserva di posti da parte del comune,2023,53533,,,FILTER_ATS,Filter,,,,,,,,,,,,,,
A,Annuale,ITF5,Basilicata,TOTEXP,Totale spesa (euro),DNISC,Sezioni primavera,CFPPS,Contributi alle famiglie per servizi privati o pubblici,2023,3329,,,FILTER_ATS,Filter,,,,,,,,,,,,,,
A,Annuale,ITF5,Basilicata,TOTEXP,Totale spesa (euro),DNISC,Sezioni primavera,ALL,Tutte le voci,2023,395371,,,FILTER_ATS,Filter,,,,,,,,,,,,,,
A,Annuale,ITF5,Basilicata,TOTEXP,Totale spesa (euro),ISERIDC,Servizi integrativi per la prima infanzia,MDO,Comunale a gestione diretta,2023,5000,,,FILTER_ATS,Filter,,,,,,,,,,,,,,
A,Annuale,ITF5,Basilicata,TOTEXP,Totale spesa (euro),ISERIDC,Servizi integrativi per la prima infanzia,MMETP,Comunale a gestione affidata a terzi,2023,0,,,FILTER_ATS,Filter,,,,,,,,,,,,,,
A,Annuale,ITF5,Basilicata,TOTEXP,Totale spesa (euro),ISERIDC,Servizi integrativi per la prima infanzia,PRPM,Privata con riserva di posti da parte del comune,2023,0,,,FILTER_ATS,Filter,,,,,,,,,,,,,,
A,Annuale,ITF5,Basilicata,TOTEXP,Totale spesa (euro),ISERIDC,Servizi integrativi per la prima infanzia,PCM,Privata senza riserva di posti da parte del comune,2023,0,,,FILTER_ATS,Filter,,,,,,,,,,,,,,
A,Annuale,ITF5,Basilicata,TOTEXP,Totale spesa (euro),ISERIDC,Servizi integrativi per la prima infanzia,CFPPS,Contributi alle famiglie per servizi privati o pubblici,2023,0,,,FILTER_ATS,Filter,,,,,,,,,,,,,,
A,Annuale,ITF5,Basilicata,TOTEXP,Totale spesa (euro),ISERIDC,Servizi integrativi per la prima infanzia,ALL,Tutte le voci,2023,5000,,,FILTER_ATS,Filter,,,,,,,,,,,,,,
A,Annuale,ITF5,Basilicata,TOTEXP,Totale spesa (euro),ALL,Tutte le voci,MDO,Comunale a gestione diretta,2023,1196001,,,FILTER_ATS,Filter,,,,,,,,,,,,,,
A,Annuale,ITF5,Basilicata,TOTEXP,Totale spesa (euro),ALL,Tutte le voci,MMETP,Comunale a gestione affidata a terzi,2023,4177702,,,FILTER_ATS,Filter,,,,,,,,,,,,,,
A,Annuale,ITF5,Basilicata,TOTEXP,Totale spesa (euro),ALL,Tutte le voci,PRPM,Privata con riserva di posti da parte del comune,2023,551016,,,FILTER_ATS,Filter,,,,,,,,,,,,,,
A,Annuale,ITF5,Basilicata,TOTEXP,Totale spesa (euro),ALL,Tutte le voci,PCM,Privata senza riserva di posti da parte del comune,2023,106592,,,FILTER_ATS,Filter,,,,,,,,,,,,,,
A,Annuale,ITF5,Basilicata,TOTEXP,Totale spesa (euro),ALL,Tutte le voci,CFPPS,Contributi alle famiglie per servizi privati o pubblici,2023,17579,,,FILTER_ATS,Filter,,,,,,,,,,,,,,
A,Annuale,ITF5,Basilicata,TOTEXP,Totale spesa (euro),ALL,Tutte le voci,ALL,Tutte le voci,2023,6048890,,,FILTER_ATS,Filter,,,,,,,,,,,,,,
A,Annuale,ITF5,Basilicata,EXPMUN,Spesa dei comuni (euro),DNUR,Nidi e sezioni primavera,MDO,Comunale a gestione diretta,2023,945246,,,FILTER_ATS,Filter,,,,,,,,,,,,,,
A,Annuale,ITF5,Basilicata,EXPMUN,Spesa dei comuni (euro),DNUR,Nidi e sezioni primavera,MMETP,Comunale a gestione affidata a terzi,2023,2726938,,,FILTER_ATS,Filter,,,,,,,,,,,,,,
A,Annuale,ITF5,Basilicata,EXPMUN,Spesa dei comuni (euro),DNUR,Nidi e sezioni primavera,PRPM,Privata con riserva di posti da parte del comune,2023,401016,,,FILTER_ATS,Filter,,,,,,,,,,,,,,
A,Annuale,ITF5,Basilicata,EXPMUN,Spesa dei comuni (euro),DNUR,Nidi e sezioni primavera,PCM,Privata senza riserva di posti da parte del comune,2023,106592,,,FILTER_ATS,Filter,,,,,,,,,,,,,,
A,Annuale,ITF5,Basilicata,EXPMUN,Spesa dei comuni (euro),DNUR,Nidi e sezioni primavera,CFPPS,Contributi alle famiglie per servizi privati o pubblici,2023,17579,,,FILTER_ATS,Filter,,,,,,,,,,,,,,
A,Annuale,ITF5,Basilicata,EXPMUN,Spesa dei comuni (euro),DNUR,Nidi e sezioni primavera,ALL,Tutte le voci,2023,4197371,,,FILTER_ATS,Filter,,,,,,,,,,,,,,
A,Annuale,ITF5,Basilicata,EXPMUN,Spesa dei comuni (euro),CDNUR,Nidi,MDO,Comunale a gestione diretta,2023,832778,,,FILTER_ATS,Filter,,,,,,,,,,,,,,
A,Annuale,ITF5,Basilicata,EXPMUN,Spesa dei comuni (euro),CDNUR,Nidi,MMETP,Comunale a gestione affidata a terzi,2023,2614773,,,FILTER_ATS,Filter,,,,,,,,,,,,,,
A,Annuale,ITF5,Basilicata,EXPMUN,Spesa dei comuni (euro),CDNUR,Nidi,PRPM,Privata con riserva di posti da parte del comune,2023,309000,,,FILTER_ATS,Filter,,,,,,,,,,,,,,
A,Annuale,ITF5,Basilicata,EXPMUN,Spesa dei comuni (euro),CDNUR,Nidi,PCM,Privata senza riserva di posti da parte del comune,2023,53059,,,FILTER_ATS,Filter,,,,,,,,,,,,,,
A,Annuale,ITF5,Basilicata,EXPMUN,Spesa dei comuni (euro),CDNUR,Nidi,CFPPS,Contributi alle famiglie per servizi privati o pubblici,2023,14250,,,FILTER_ATS,Filter,,,,,,,,,,,,,,
A,Annuale,ITF5,Basilicata,EXPMUN,Spesa dei comuni (euro),CDNUR,Nidi,ALL,Tutte le voci,2023,3823860,,,FILTER_ATS,Filter,,,,,,,,,,,,,,
A,Annuale,ITF5,Basilicata,EXPMUN,Spesa dei comuni (euro),DNISC,Sezioni primavera,MDO,Comunale a gestione diretta,2023,112468,,,FILTER_ATS,Filter,,,,,,,,,,,,,,
A,Annuale,ITF5,Basilicata,EXPMUN,Spesa dei comuni (euro),DNISC,Sezioni primavera,MMETP,Comunale a gestione affidata a terzi,2023,112165,,,FILTER_ATS,Filter,,,,,,,,,,,,,,
A,Annuale,ITF5,Basilicata,EXPMUN,Spesa dei comuni (euro),DNISC,Sezioni primavera,PRPM,Privata con riserva di posti da parte del comune,2023,92016,,,FILTER_ATS,Filter,,,,,,,,,,,,,,
A,Annuale,ITF5,Basilicata,EXPMUN,Spesa dei comuni (euro),DNISC,Sezioni primavera,PCM,Privata senza riserva di posti da parte del comune,2023,53533,,,FILTER_ATS,Filter,,,,,,,,,,,,,,
A,Annuale,ITF5,Basilicata,EXPMUN,Spesa dei comuni (euro),DNISC,Sezioni primavera,CFPPS,Contributi alle famiglie per servizi privati o pubblici,2023,3329,,,FILTER_ATS,Filter,,,,,,,,,,,,,,
A,Annuale,ITF5,Basilicata,EXPMUN,Spesa dei comuni (euro),DNISC,Sezioni primavera,ALL,Tutte le voci,2023,373511,,,FILTER_ATS,Filter,,,,,,,,,,,,,,
A,Annuale,ITF5,Basilicata,EXPMUN,Spesa dei comuni (euro),ISERIDC,Servizi integrativi per la prima infanzia,MDO,Comunale a gestione diretta,2023,5000,,,FILTER_ATS,Filter,,,,,,,,,,,,,,
A,Annuale,ITF5,Basilicata,EXPMUN,Spesa dei comuni (euro),ISERIDC,Servizi integrativi per la prima infanzia,MMETP,Comunale a gestione affidata a terzi,2023,0,,,FILTER_ATS,Filter,,,,,,,,,,,,,,
A,Annuale,ITF5,Basilicata,EXPMUN,Spesa dei comuni (euro),ISERIDC,Servizi integrativi per la prima infanzia,PRPM,Privata con riserva di posti da parte del comune,2023,0,,,FILTER_ATS,Filter,,,,,,,,,,,,,,
A,Annuale,ITF5,Basilicata,EXPMUN,Spesa dei comuni (euro),ISERIDC,Servizi integrativi per la prima infanzia,PCM,Privata senza riserva di posti da parte del comune,2023,0,,,FILTER_ATS,Filter,,,,,,,,,,,,,,
A,Annuale,ITF5,Basilicata,EXPMUN,Spesa dei comuni (euro),ISERIDC,Servizi integrativi per la prima infanzia,CFPPS,Contributi alle famiglie per servizi privati o pubblici,2023,0,,,FILTER_ATS,Filter,,,,,,,,,,,,,,
A,Annuale,ITF5,Basilicata,EXPMUN,Spesa dei comuni (euro),ISERIDC,Servizi integrativi per la prima infanzia,ALL,Tutte le voci,2023,5000,,,FILTER_ATS,Filter,,,,,,,,,,,,,,
A,Annuale,ITF5,Basilicata,EXPMUN,Spesa dei comuni (euro),ALL,Tutte le voci,MDO,Comunale a gestione diretta,2023,950246,,,FILTER_ATS,Filter,,,,,,,,,,,,,,
A,Annuale,ITF5,Basilicata,EXPMUN,Spesa dei comuni (euro),ALL,Tutte le voci,MMETP,Comunale a gestione affidata a terzi,2023,2726938,,,FILTER_ATS,Filter,,,,,,,,,,,,,,
A,Annuale,ITF5,Basilicata,EXPMUN,Spesa dei comuni (euro),ALL,Tutte le voci,PRPM,Privata con riserva di posti da parte del comune,2023,401016,,,FILTER_ATS,Filter,,,,,,,,,,,,,,
A,Annuale,ITF5,Basilicata,EXPMUN,Spesa dei comuni (euro),ALL,Tutte le voci,PCM,Privata senza riserva di posti da parte del comune,2023,106592,,,FILTER_ATS,Filter,,,,,,,,,,,,,,
A,Annuale,ITF5,Basilicata,EXPMUN,Spesa dei comuni (euro),ALL,Tutte le voci,CFPPS,Contributi alle famiglie per servizi privati o pubblici,2023,17579,,,FILTER_ATS,Filter,,,,,,,,,,,,,,
A,Annuale,ITF5,Basilicata,EXPMUN,Spesa dei comuni (euro),ALL,Tutte le voci,ALL,Tutte le voci,2023,4202371,,,FILTER_ATS,Filter,,,,,,,,,,,,,,
A,Annuale,ITF5,Basilicata,EXPUSERS,Compartecipazione degli utenti alla spesa totale (euro),DNUR,Nidi e sezioni primavera,MDO,Comunale a gestione diretta,2023,245755,,,FILTER_ATS,Filter,,,,,,,,,,,,,,
A,Annuale,ITF5,Basilicata,EXPUSERS,Compartecipazione degli utenti alla spesa totale (euro),DNUR,Nidi e sezioni primavera,MMETP,Comunale a gestione affidata a terzi,2023,1450764,,,FILTER_ATS,Filter,,,,,,,,,,,,,,
A,Annuale,ITF5,Basilicata,EXPUSERS,Compartecipazione degli utenti alla spesa totale (euro),DNUR,Nidi e sezioni primavera,PRPM,Privata con riserva di posti da parte del comune,2023,150000,,,FILTER_ATS,Filter,,,,,,,,,,,,,,
A,Annuale,ITF5,Basilicata,EXPUSERS,Compartecipazione degli utenti alla spesa totale (euro),DNUR,Nidi e sezioni primavera,ALL,Tutte le voci,2023,1846519,,,FILTER_ATS,Filter,,,,,,,,,,,,,,
A,Annuale,ITF5,Basilicata,EXPUSERS,Compartecipazione degli utenti alla spesa totale (euro),CDNUR,Nidi,MDO,Comunale a gestione diretta,2023,229255,,,FILTER_ATS,Filter,,,,,,,,,,,,,,
A,Annuale,ITF5,Basilicata,EXPUSERS,Compartecipazione degli utenti alla spesa totale (euro),CDNUR,Nidi,MMETP,Comunale a gestione affidata a terzi,2023,1445404,,,FILTER_ATS,Filter,,,,,,,,,,,,,,
A,Annuale,ITF5,Basilicata,EXPUSERS,Compartecipazione degli utenti alla spesa totale (euro),CDNUR,Nidi,PRPM,Privata con riserva di posti da parte del comune,2023,150000,,,FILTER_ATS,Filter,,,,,,,,,,,,,,
A,Annuale,ITF5,Basilicata,EXPUSERS,Compartecipazione degli utenti alla spesa totale (euro),CDNUR,Nidi,ALL,Tutte le voci,2023,1824659,,,FILTER_ATS,Filter,,,,,,,,,,,,,,
A,Annuale,ITF5,Basilicata,EXPUSERS,Compartecipazione degli utenti alla spesa totale (euro),DNISC,Sezioni primavera,MDO,Comunale a gestione diretta,2023,16500,,,FILTER_ATS,Filter,,,,,,,,,,,,,,
A,Annuale,ITF5,Basilicata,EXPUSERS,Compartecipazione degli utenti alla spesa totale (euro),DNISC,Sezioni primavera,MMETP,Comunale a gestione affidata a terzi,2023,5360,,,FILTER_ATS,Filter,,,,,,,,,,,,,,
A,Annuale,ITF5,Basilicata,EXPUSERS,Compartecipazione degli utenti alla spesa totale (euro),DNISC,Sezioni primavera,PRPM,Privata con riserva di posti da parte del comune,2023,0,,,FILTER_ATS,Filter,,,,,,,,,,,,,,
A,Annuale,ITF5,Basilicata,EXPUSERS,Compartecipazione degli utenti alla spesa totale (euro),DNISC,Sezioni primavera,ALL,Tutte le voci,2023,21860,,,FILTER_ATS,Filter,,,,,,,,,,,,,,
A,Annuale,ITF5,Basilicata,EXPUSERS,Compartecipazione degli utenti alla spesa totale (euro),ISERIDC,Servizi integrativi per la prima infanzia,MDO,Comunale a gestione diretta,2023,0,,,FILTER_ATS,Filter,,,,,,,,,,,,,,
A,Annuale,ITF5,Basilicata,EXPUSERS,Compartecipazione degli utenti alla spesa totale (euro),ISERIDC,Servizi integrativi per la prima infanzia,MMETP,Comunale a gestione affidata a terzi,2023,0,,,FILTER_ATS,Filter,,,,,,,,,,,,,,
A,Annuale,ITF5,Basilicata,EXPUSERS,Compartecipazione degli utenti alla spesa totale (euro),ISERIDC,Servizi integrativi per la prima infanzia,PRPM,Privata con riserva di posti da parte del comune,2023,0,,,FILTER_ATS,Filter,,,,,,,,,,,,,,
A,Annuale,ITF5,Basilicata,EXPUSERS,Compartecipazione degli utenti alla spesa totale (euro),ISERIDC,Servizi integrativi per la prima infanzia,ALL,Tutte le voci,2023,0,,,FILTER_ATS,Filter,,,,,,,,,,,,,,
A,Annuale,ITF5,Basilicata,EXPUSERS,Compartecipazione degli utenti alla spesa totale (euro),ALL,Tutte le voci,MDO,Comunale a gestione diretta,2023,245755,,,FILTER_ATS,Filter,,,,,,,,,,,,,,
A,Annuale,ITF5,Basilicata,EXPUSERS,Compartecipazione degli utenti alla spesa totale (euro),ALL,Tutte le voci,MMETP,Comunale a gestione affidata a terzi,2023,1450764,,,FILTER_ATS,Filter,,,,,,,,,,,,,,
A,Annuale,ITF5,Basilicata,EXPUSERS,Compartecipazione degli utenti alla spesa totale (euro),ALL,Tutte le voci,PRPM,Privata con riserva di posti da parte del comune,2023,150000,,,FILTER_ATS,Filter,,,,,,,,,,,,,,
A,Annuale,ITF5,Basilicata,EXPUSERS,Compartecipazione degli utenti alla spesa totale (euro),ALL,Tutte le voci,ALL,Tutte le voci,2023,1846519,,,FILTER_ATS,Filter,,,,,,,,,,,,,,
A,Annuale,ITF5,Basilicata,PEREXPPU,Spesa sostenuta dagli utenti sulla spesa totale (percentuale),DNUR,Nidi e sezioni primavera,MDO,Comunale a gestione diretta,2023,20.6,,,FILTER_ATS,Filter,,,,,,,,,,,,,,
A,Annuale,ITF5,Basilicata,PEREXPPU,Spesa sostenuta dagli utenti sulla spesa totale (percentuale),DNUR,Nidi e sezioni primavera,MMETP,Comunale a gestione affidata a terzi,2023,34.7,,,FILTER_ATS,Filter,,,,,,,,,,,,,,
A,Annuale,ITF5,Basilicata,PEREXPPU,Spesa sostenuta dagli utenti sulla spesa totale (percentuale),DNUR,Nidi e sezioni primavera,PRPM,Privata con riserva di posti da parte del comune,2023,27.2,,,FILTER_ATS,Filter,,,,,,,,,,,,,,
A,Annuale,ITF5,Basilicata,PEREXPPU,Spesa sostenuta dagli utenti sulla spesa totale (percentuale),DNUR,Nidi e sezioni primavera,ALL,Tutte le voci,2023,30.6,,,FILTER_ATS,Filter,,,,,,,,,,,,,,
A,Annuale,ITF5,Basilicata,PEREXPPU,Spesa sostenuta dagli utenti sulla spesa totale (percentuale),CDNUR,Nidi,MDO,Comunale a gestione diretta,2023,21.6,,,FILTER_ATS,Filter,,,,,,,,,,,,,,
A,Annuale,ITF5,Basilicata,PEREXPPU,Spesa sostenuta dagli utenti sulla spesa totale (percentuale),CDNUR,Nidi,MMETP,Comunale a gestione affidata a terzi,2023,35.6,,,FILTER_ATS,Filter,,,,,,,,,,,,,,
A,Annuale,ITF5,Basilicata,PEREXPPU,Spesa sostenuta dagli utenti sulla spesa totale (percentuale),CDNUR,Nidi,PRPM,Privata con riserva di posti da parte del comune,2023,32.7,,,FILTER_ATS,Filter,,,,,,,,,,,,,,
A,Annuale,ITF5,Basilicata,PEREXPPU,Spesa sostenuta dagli utenti sulla spesa totale (percentuale),CDNUR,Nidi,ALL,Tutte le voci,2023,32.3,,,FILTER_ATS,Filter,,,,,,,,,,,,,,
A,Annuale,ITF5,Basilicata,PEREXPPU,Spesa sostenuta dagli utenti sulla spesa totale (percentuale),DNISC,Sezioni primavera,MDO,Comunale a gestione diretta,2023,12.8,,,FILTER_ATS,Filter,,,,,,,,,,,,,,
A,Annuale,ITF5,Basilicata,PEREXPPU,Spesa sostenuta dagli utenti sulla spesa totale (percentuale),DNISC,Sezioni primavera,MMETP,Comunale a gestione affidata a terzi,2023,4.6,,,FILTER_ATS,Filter,,,,,,,,,,,,,,
A,Annuale,ITF5,Basilicata,PEREXPPU,Spesa sostenuta dagli utenti sulla spesa totale (percentuale),DNISC,Sezioni primavera,PRPM,Privata con riserva di posti da parte del comune,2023,0,,,FILTER_ATS,Filter,,,,,,,,,,,,,,
A,Annuale,ITF5,Basilicata,PEREXPPU,Spesa sostenuta dagli utenti sulla spesa totale (percentuale),DNISC,Sezioni primavera,ALL,Tutte le voci,2023,5.5,,,FILTER_ATS,Filter,,,,,,,,,,,,,,
A,Annuale,ITF5,Basilicata,PEREXPPU,Spesa sostenuta dagli utenti sulla spesa totale (percentuale),ISERIDC,Servizi integrativi per la prima infanzia,MDO,Comunale a gestione diretta,2023,0,,,FILTER_ATS,Filter,,,,,,,,,,,,,,
A,Annuale,ITF5,Basilicata,PEREXPPU,Spesa sostenuta dagli utenti sulla spesa totale (percentuale),ISERIDC,Servizi integrativi per la prima infanzia,MMETP,Comunale a gestione affidata a terzi,2023,0,,,FILTER_ATS,Filter,,,,,,,,,,,,,,
A,Annuale,ITF5,Basilicata,PEREXPPU,Spesa sostenuta dagli utenti sulla spesa totale (percentuale),ISERIDC,Servizi integrativi per la prima infanzia,PRPM,Privata con riserva di posti da parte del comune,2023,0,,,FILTER_ATS,Filter,,,,,,,,,,,,,,
A,Annuale,ITF5,Basilicata,PEREXPPU,Spesa sostenuta dagli utenti sulla spesa totale (percentuale),ISERIDC,Servizi integrativi per la prima infanzia,ALL,Tutte le voci,2023,0,,,FILTER_ATS,Filter,,,,,,,,,,,,,,
A,Annuale,ITF5,Basilicata,PEREXPPU,Spesa sostenuta dagli utenti sulla spesa totale (percentuale),ALL,Tutte le voci,MDO,Comunale a gestione diretta,2023,20.5,,,FILTER_ATS,Filter,,,,,,,,,,,,,,
A,Annuale,ITF5,Basilicata,PEREXPPU,Spesa sostenuta dagli utenti sulla spesa totale (percentuale),ALL,Tutte le voci,MMETP,Comunale a gestione affidata a terzi,2023,34.7,,,FILTER_ATS,Filter,,,,,,,,,,,,,,
A,Annuale,ITF5,Basilicata,PEREXPPU,Spesa sostenuta dagli utenti sulla spesa totale (percentuale),ALL,Tutte le voci,PRPM,Privata con riserva di posti da parte del comune,2023,27.2,,,FILTER_ATS,Filter,,,,,,,,,,,,,,
A,Annuale,ITF5,Basilicata,PEREXPPU,Spesa sostenuta dagli utenti sulla spesa totale (percentuale),ALL,Tutte le voci,ALL,Tutte le voci,2023,30.5,,,FILTER_ATS,Filter,,,,,,,,,,,,,,
A,Annuale,ITF6,Calabria,USSSPM,Utenti,DNUR,Nidi e sezioni primavera,MDO,Comunale a gestione diretta,2023,292,,,FILTER_ATS,Filter,,,,,,,,,,,,,,
A,Annuale,ITF6,Calabria,USSSPM,Utenti,DNUR,Nidi e sezioni primavera,MMETP,Comunale a gestione affidata a terzi,2023,1195,,,FILTER_ATS,Filter,,,,,,,,,,,,,,
A,Annuale,ITF6,Calabria,USSSPM,Utenti,DNUR,Nidi e sezioni primavera,PRPM,Privata con riserva di posti da parte del comune,2023,267,,,FILTER_ATS,Filter,,,,,,,,,,,,,,
A,Annuale,ITF6,Calabria,USSSPM,Utenti,DNUR,Nidi e sezioni primavera,CFPPS,Contributi alle famiglie per servizi privati o pubblici,2023,452,,,FILTER_ATS,Filter,,,,,,,,,,,,,,
A,Annuale,ITF6,Calabria,USSSPM,Utenti,DNUR,Nidi e sezioni primavera,ALL,Tutte le voci,2023,2206,,,FILTER_ATS,Filter,,,,,,,,,,,,,,
A,Annuale,ITF6,Calabria,USSSPM,Utenti,CDNUR,Nidi,MDO,Comunale a gestione diretta,2023,242,,,FILTER_ATS,Filter,,,,,,,,,,,,,,
A,Annuale,ITF6,Calabria,USSSPM,Utenti,CDNUR,Nidi,MMETP,Comunale a gestione affidata a terzi,2023,1093,,,FILTER_ATS,Filter,,,,,,,,,,,,,,
A,Annuale,ITF6,Calabria,USSSPM,Utenti,CDNUR,Nidi,PRPM,Privata con riserva di posti da parte del comune,2023,267,,,FILTER_ATS,Filter,,,,,,,,,,,,,,
A,Annuale,ITF6,Calabria,USSSPM,Utenti,CDNUR,Nidi,CFPPS,Contributi alle famiglie per servizi privati o pubblici,2023,367,,,FILTER_ATS,Filter,,,,,,,,,,,,,,
A,Annuale,ITF6,Calabria,USSSPM,Utenti,CDNUR,Nidi,ALL,Tutte le voci,2023,1969,,,FILTER_ATS,Filter,,,,,,,,,,,,,,
A,Annuale,ITF6,Calabria,USSSPM,Utenti,DNISC,Sezioni primavera,MDO,Comunale a gestione diretta,2023,50,,,FILTER_ATS,Filter,,,,,,,,,,,,,,
A,Annuale,ITF6,Calabria,USSSPM,Utenti,DNISC,Sezioni primavera,MMETP,Comunale a gestione affidata a terzi,2023,102,,,FILTER_ATS,Filter,,,,,,,,,,,,,,
A,Annuale,ITF6,Calabria,USSSPM,Utenti,DNISC,Sezioni primavera,PRPM,Privata con riserva di posti da parte del comune,2023,0,,,FILTER_ATS,Filter,,,,,,,,,,,,,,
A,Annuale,ITF6,Calabria,USSSPM,Utenti,DNISC,Sezioni primavera,CFPPS,Contributi alle famiglie per servizi privati o pubblici,2023,85,,,FILTER_ATS,Filter,,,,,,,,,,,,,,
A,Annuale,ITF6,Calabria,USSSPM,Utenti,DNISC,Sezioni primavera,ALL,Tutte le voci,2023,237,,,FILTER_ATS,Filter,,,,,,,,,,,,,,
A,Annuale,ITF6,Calabria,USSSPM,Utenti,ISERIDC,Servizi integrativi per la prima infanzia,MDO,Comunale a gestione diretta,2023,15,,,FILTER_ATS,Filter,,,,,,,,,,,,,,
A,Annuale,ITF6,Calabria,USSSPM,Utenti,ISERIDC,Servizi integrativi per la prima infanzia,MMETP,Comunale a gestione affidata a terzi,2023,15,,,FILTER_ATS,Filter,,,,,,,,,,,,,,
A,Annuale,ITF6,Calabria,USSSPM,Utenti,ISERIDC,Servizi integrativi per la prima infanzia,PRPM,Privata con riserva di posti da parte del comune,2023,0,,,FILTER_ATS,Filter,,,,,,,,,,,,,,
A,Annuale,ITF6,Calabria,USSSPM,Utenti,ISERIDC,Servizi integrativi per la prima infanzia,CFPPS,Contributi alle famiglie per servizi privati o pubblici,2023,152,,,FILTER_ATS,Filter,,,,,,,,,,,,,,
A,Annuale,ITF6,Calabria,USSSPM,Utenti,ISERIDC,Servizi integrativi per la prima infanzia,ALL,Tutte le voci,2023,182,,,FILTER_ATS,Filter,,,,,,,,,,,,,,
A,Annuale,ITF6,Calabria,USSSPM,Utenti,ALL,Tutte le voci,MDO,Comunale a gestione diretta,2023,307,,,FILTER_ATS,Filter,,,,,,,,,,,,,,
A,Annuale,ITF6,Calabria,USSSPM,Utenti,ALL,Tutte le voci,MMETP,Comunale a gestione affidata a terzi,2023,1210,,,FILTER_ATS,Filter,,,,,,,,,,,,,,
A,Annuale,ITF6,Calabria,USSSPM,Utenti,ALL,Tutte le voci,PRPM,Privata con riserva di posti da parte del comune,2023,267,,,FILTER_ATS,Filter,,,,,,,,,,,,,,
A,Annuale,ITF6,Calabria,USSSPM,Utenti,ALL,Tutte le voci,CFPPS,Contributi alle famiglie per servizi privati o pubblici,2023,604,,,FILTER_ATS,Filter,,,,,,,,,,,,,,
A,Annuale,ITF6,Calabria,USSSPM,Utenti,ALL,Tutte le voci,ALL,Tutte le voci,2023,2388,,,FILTER_ATS,Filter,,,,,,,,,,,,,,
A,Annuale,ITF6,Calabria,TOTEXP,Totale spesa (euro),DNUR,Nidi e sezioni primavera,MDO,Comunale a gestione diretta,2023,1294389,,,FILTER_ATS,Filter,,,,,,,,,,,,,,
A,Annuale,ITF6,Calabria,TOTEXP,Totale spesa (euro),DNUR,Nidi e sezioni primavera,MMETP,Comunale a gestione affidata a terzi,2023,7497994,,,FILTER_ATS,Filter,,,,,,,,,,,,,,
A,Annuale,ITF6,Calabria,TOTEXP,Totale spesa (euro),DNUR,Nidi e sezioni primavera,PRPM,Privata con riserva di posti da parte del comune,2023,805215,,,FILTER_ATS,Filter,,,,,,,,,,,,,,
A,Annuale,ITF6,Calabria,TOTEXP,Totale spesa (euro),DNUR,Nidi e sezioni primavera,PCM,Privata senza riserva di posti da parte del comune,2023,28324,,,FILTER_ATS,Filter,,,,,,,,,,,,,,
A,Annuale,ITF6,Calabria,TOTEXP,Totale spesa (euro),DNUR,Nidi e sezioni primavera,CFPPS,Contributi alle famiglie per servizi privati o pubblici,2023,526414,,,FILTER_ATS,Filter,,,,,,,,,,,,,,
A,Annuale,ITF6,Calabria,TOTEXP,Totale spesa (euro),DNUR,Nidi e sezioni primavera,ALL,Tutte le voci,2023,10152336,,,FILTER_ATS,Filter,,,,,,,,,,,,,,
A,Annuale,ITF6,Calabria,TOTEXP,Totale spesa (euro),CDNUR,Nidi,MDO,Comunale a gestione diretta,2023,1191853,,,FILTER_ATS,Filter,,,,,,,,,,,,,,
A,Annuale,ITF6,Calabria,TOTEXP,Totale spesa (euro),CDNUR,Nidi,MMETP,Comunale a gestione affidata a terzi,2023,7209055,,,FILTER_ATS,Filter,,,,,,,,,,,,,,
A,Annuale,ITF6,Calabria,TOTEXP,Totale spesa (euro),CDNUR,Nidi,PRPM,Privata con riserva di posti da parte del comune,2023,805215,,,FILTER_ATS,Filter,,,,,,,,,,,,,,
A,Annuale,ITF6,Calabria,TOTEXP,Totale spesa (euro),CDNUR,Nidi,PCM,Privata senza riserva di posti da parte del comune,2023,17200,,,FILTER_ATS,Filter,,,,,,,,,,,,,,
A,Annuale,ITF6,Calabria,TOTEXP,Totale spesa (euro),CDNUR,Nidi,CFPPS,Contributi alle famiglie per servizi privati o pubblici,2023,412575,,,FILTER_ATS,Filter,,,,,,,,,,,,,,
A,Annuale,ITF6,Calabria,TOTEXP,Totale spesa (euro),CDNUR,Nidi,ALL,Tutte le voci,2023,9635898,,,FILTER_ATS,Filter,,,,,,,,,,,,,,
A,Annuale,ITF6,Calabria,TOTEXP,Totale spesa (euro),DNISC,Sezioni primavera,MDO,Comunale a gestione diretta,2023,102536,,,FILTER_ATS,Filter,,,,,,,,,,,,,,
A,Annuale,ITF6,Calabria,TOTEXP,Totale spesa (euro),DNISC,Sezioni primavera,MMETP,Comunale a gestione affidata a terzi,2023,288939,,,FILTER_ATS,Filter,,,,,,,,,,,,,,
A,Annuale,ITF6,Calabria,TOTEXP,Totale spesa (euro),DNISC,Sezioni primavera,PRPM,Privata con riserva di posti da parte del comune,2023,0,,,FILTER_ATS,Filter,,,,,,,,,,,,,,
A,Annuale,ITF6,Calabria,TOTEXP,Totale spesa (euro),DNISC,Sezioni primavera,PCM,Privata senza riserva di posti da parte del comune,2023,11124,,,FILTER_ATS,Filter,,,,,,,,,,,,,,
A,Annuale,ITF6,Calabria,TOTEXP,Totale spesa (euro),DNISC,Sezioni primavera,CFPPS,Contributi alle famiglie per servizi privati o pubblici,2023,113839,,,FILTER_ATS,Filter,,,,,,,,,,,,,,
A,Annuale,ITF6,Calabria,TOTEXP,Totale spesa (euro),DNISC,Sezioni primavera,ALL,Tutte le voci,2023,516438,,,FILTER_ATS,Filter,,,,,,,,,,,,,,
A,Annuale,ITF6,Calabria,TOTEXP,Totale spesa (euro),ISERIDC,Servizi integrativi per la prima infanzia,MDO,Comunale a gestione diretta,2023,30672,,,FILTER_ATS,Filter,,,,,,,,,,,,,,
A,Annuale,ITF6,Calabria,TOTEXP,Totale spesa (euro),ISERIDC,Servizi integrativi per la prima infanzia,MMETP,Comunale a gestione affidata a terzi,2023,19090,,,FILTER_ATS,Filter,,,,,,,,,,,,,,
A,Annuale,ITF6,Calabria,TOTEXP,Totale spesa (euro),ISERIDC,Servizi integrativi per la prima infanzia,PRPM,Privata con riserva di posti da parte del comune,2023,0,,,FILTER_ATS,Filter,,,,,,,,,,,,,,
A,Annuale,ITF6,Calabria,TOTEXP,Totale spesa (euro),ISERIDC,Servizi integrativi per la prima infanzia,PCM,Privata senza riserva di posti da parte del comune,2023,0,,,FILTER_ATS,Filter,,,,,,,,,,,,,,
A,Annuale,ITF6,Calabria,TOTEXP,Totale spesa (euro),ISERIDC,Servizi integrativi per la prima infanzia,CFPPS,Contributi alle famiglie per servizi privati o pubblici,2023,156030,,,FILTER_ATS,Filter,,,,,,,,,,,,,,
A,Annuale,ITF6,Calabria,TOTEXP,Totale spesa (euro),ISERIDC,Servizi integrativi per la prima infanzia,ALL,Tutte le voci,2023,205792,,,FILTER_ATS,Filter,,,,,,,,,,,,,,
A,Annuale,ITF6,Calabria,TOTEXP,Totale spesa (euro),ALL,Tutte le voci,MDO,Comunale a gestione diretta,2023,1325061,,,FILTER_ATS,Filter,,,,,,,,,,,,,,
A,Annuale,ITF6,Calabria,TOTEXP,Totale spesa (euro),ALL,Tutte le voci,MMETP,Comunale a gestione affidata a terzi,2023,7517084,,,FILTER_ATS,Filter,,,,,,,,,,,,,,
A,Annuale,ITF6,Calabria,TOTEXP,Totale spesa (euro),ALL,Tutte le voci,PRPM,Privata con riserva di posti da parte del comune,2023,805215,,,FILTER_ATS,Filter,,,,,,,,,,,,,,
A,Annuale,ITF6,Calabria,TOTEXP,Totale spesa (euro),ALL,Tutte le voci,PCM,Privata senza riserva di posti da parte del comune,2023,28324,,,FILTER_ATS,Filter,,,,,,,,,,,,,,
A,Annuale,ITF6,Calabria,TOTEXP,Totale spesa (euro),ALL,Tutte le voci,CFPPS,Contributi alle famiglie per servizi privati o pubblici,2023,682444,,,FILTER_ATS,Filter,,,,,,,,,,,,,,
A,Annuale,ITF6,Calabria,TOTEXP,Totale spesa (euro),ALL,Tutte le voci,ALL,Tutte le voci,2023,10358128,,,FILTER_ATS,Filter,,,,,,,,,,,,,,
A,Annuale,ITF6,Calabria,EXPMUN,Spesa dei comuni (euro),DNUR,Nidi e sezioni primavera,MDO,Comunale a gestione diretta,2023,1161677,,,FILTER_ATS,Filter,,,,,,,,,,,,,,
A,Annuale,ITF6,Calabria,EXPMUN,Spesa dei comuni (euro),DNUR,Nidi e sezioni primavera,MMETP,Comunale a gestione affidata a terzi,2023,6719775,,,FILTER_ATS,Filter,,,,,,,,,,,,,,
A,Annuale,ITF6,Calabria,EXPMUN,Spesa dei comuni (euro),DNUR,Nidi e sezioni primavera,PRPM,Privata con riserva di posti da parte del comune,2023,791207,,,FILTER_ATS,Filter,,,,,,,,,,,,,,
A,Annuale,ITF6,Calabria,EXPMUN,Spesa dei comuni (euro),DNUR,Nidi e sezioni primavera,PCM,Privata senza riserva di posti da parte del comune,2023,28324,,,FILTER_ATS,Filter,,,,,,,,,,,,,,
A,Annuale,ITF6,Calabria,EXPMUN,Spesa dei comuni (euro),DNUR,Nidi e sezioni primavera,CFPPS,Contributi alle famiglie per servizi privati o pubblici,2023,526414,,,FILTER_ATS,Filter,,,,,,,,,,,,,,
A,Annuale,ITF6,Calabria,EXPMUN,Spesa dei comuni (euro),DNUR,Nidi e sezioni primavera,ALL,Tutte le voci,2023,9227397,,,FILTER_ATS,Filter,,,,,,,,,,,,,,
A,Annuale,ITF6,Calabria,EXPMUN,Spesa dei comuni (euro),CDNUR,Nidi,MDO,Comunale a gestione diretta,2023,1059141,,,FILTER_ATS,Filter,,,,,,,,,,,,,,
A,Annuale,ITF6,Calabria,EXPMUN,Spesa dei comuni (euro),CDNUR,Nidi,MMETP,Comunale a gestione affidata a terzi,2023,6457630,,,FILTER_ATS,Filter,,,,,,,,,,,,,,
A,Annuale,ITF6,Calabria,EXPMUN,Spesa dei comuni (euro),CDNUR,Nidi,PRPM,Privata con riserva di posti da parte del comune,2023,791207,,,FILTER_ATS,Filter,,,,,,,,,,,,,,
A,Annuale,ITF6,Calabria,EXPMUN,Spesa dei comuni (euro),CDNUR,Nidi,PCM,Privata senza riserva di posti da parte del comune,2023,17200,,,FILTER_ATS,Filter,,,,,,,,,,,,,,
A,Annuale,ITF6,Calabria,EXPMUN,Spesa dei comuni (euro),CDNUR,Nidi,CFPPS,Contributi alle famiglie per servizi privati o pubblici,2023,412575,,,FILTER_ATS,Filter,,,,,,,,,,,,,,
A,Annuale,ITF6,Calabria,EXPMUN,Spesa dei comuni (euro),CDNUR,Nidi,ALL,Tutte le voci,2023,8737753,,,FILTER_ATS,Filter,,,,,,,,,,,,,,
A,Annuale,ITF6,Calabria,EXPMUN,Spesa dei comuni (euro),DNISC,Sezioni primavera,MDO,Comunale a gestione diretta,2023,102536,,,FILTER_ATS,Filter,,,,,,,,,,,,,,
A,Annuale,ITF6,Calabria,EXPMUN,Spesa dei comuni (euro),DNISC,Sezioni primavera,MMETP,Comunale a gestione affidata a terzi,2023,262145,,,FILTER_ATS,Filter,,,,,,,,,,,,,,
A,Annuale,ITF6,Calabria,EXPMUN,Spesa dei comuni (euro),DNISC,Sezioni primavera,PRPM,Privata con riserva di posti da parte del comune,2023,0,,,FILTER_ATS,Filter,,,,,,,,,,,,,,
A,Annuale,ITF6,Calabria,EXPMUN,Spesa dei comuni (euro),DNISC,Sezioni primavera,PCM,Privata senza riserva di posti da parte del comune,2023,11124,,,FILTER_ATS,Filter,,,,,,,,,,,,,,
A,Annuale,ITF6,Calabria,EXPMUN,Spesa dei comuni (euro),DNISC,Sezioni primavera,CFPPS,Contributi alle famiglie per servizi privati o pubblici,2023,113839,,,FILTER_ATS,Filter,,,,,,,,,,,,,,
A,Annuale,ITF6,Calabria,EXPMUN,Spesa dei comuni (euro),DNISC,Sezioni primavera,ALL,Tutte le voci,2023,489644,,,FILTER_ATS,Filter,,,,,,,,,,,,,,
A,Annuale,ITF6,Calabria,EXPMUN,Spesa dei comuni (euro),ISERIDC,Servizi integrativi per la prima infanzia,MDO,Comunale a gestione diretta,2023,30672,,,FILTER_ATS,Filter,,,,,,,,,,,,,,
A,Annuale,ITF6,Calabria,EXPMUN,Spesa dei comuni (euro),ISERIDC,Servizi integrativi per la prima infanzia,MMETP,Comunale a gestione affidata a terzi,2023,19090,,,FILTER_ATS,Filter,,,,,,,,,,,,,,
A,Annuale,ITF6,Calabria,EXPMUN,Spesa dei comuni (euro),ISERIDC,Servizi integrativi per la prima infanzia,PRPM,Privata con riserva di posti da parte del comune,2023,0,,,FILTER_ATS,Filter,,,,,,,,,,,,,,
A,Annuale,ITF6,Calabria,EXPMUN,Spesa dei comuni (euro),ISERIDC,Servizi integrativi per la prima infanzia,PCM,Privata senza riserva di posti da parte del comune,2023,0,,,FILTER_ATS,Filter,,,,,,,,,,,,,,
A,Annuale,ITF6,Calabria,EXPMUN,Spesa dei comuni (euro),ISERIDC,Servizi integrativi per la prima infanzia,CFPPS,Contributi alle famiglie per servizi privati o pubblici,2023,156030,,,FILTER_ATS,Filter,,,,,,,,,,,,,,
A,Annuale,ITF6,Calabria,EXPMUN,Spesa dei comuni (euro),ISERIDC,Servizi integrativi per la prima infanzia,ALL,Tutte le voci,2023,205792,,,FILTER_ATS,Filter,,,,,,,,,,,,,,
A,Annuale,ITF6,Calabria,EXPMUN,Spesa dei comuni (euro),ALL,Tutte le voci,MDO,Comunale a gestione diretta,2023,1192349,,,FILTER_ATS,Filter,,,,,,,,,,,,,,
A,Annuale,ITF6,Calabria,EXPMUN,Spesa dei comuni (euro),ALL,Tutte le voci,MMETP,Comunale a gestione affidata a terzi,2023,6738865,,,FILTER_ATS,Filter,,,,,,,,,,,,,,
A,Annuale,ITF6,Calabria,EXPMUN,Spesa dei comuni (euro),ALL,Tutte le voci,PRPM,Privata con riserva di posti da parte del comune,2023,791207,,,FILTER_ATS,Filter,,,,,,,,,,,,,,
A,Annuale,ITF6,Calabria,EXPMUN,Spesa dei comuni (euro),ALL,Tutte le voci,PCM,Privata senza riserva di posti da parte del comune,2023,28324,,,FILTER_ATS,Filter,,,,,,,,,,,,,,
A,Annuale,ITF6,Calabria,EXPMUN,Spesa dei comuni (euro),ALL,Tutte le voci,CFPPS,Contributi alle famiglie per servizi privati o pubblici,2023,682444,,,FILTER_ATS,Filter,,,,,,,,,,,,,,
A,Annuale,ITF6,Calabria,EXPMUN,Spesa dei comuni (euro),ALL,Tutte le voci,ALL,Tutte le voci,2023,9433189,,,FILTER_ATS,Filter,,,,,,,,,,,,,,
A,Annuale,ITF6,Calabria,EXPUSERS,Compartecipazione degli utenti alla spesa totale (euro),DNUR,Nidi e sezioni primavera,MDO,Comunale a gestione diretta,2023,132712,,,FILTER_ATS,Filter,,,,,,,,,,,,,,
A,Annuale,ITF6,Calabria,EXPUSERS,Compartecipazione degli utenti alla spesa totale (euro),DNUR,Nidi e sezioni primavera,MMETP,Comunale a gestione affidata a terzi,2023,778219,,,FILTER_ATS,Filter,,,,,,,,,,,,,,
A,Annuale,ITF6,Calabria,EXPUSERS,Compartecipazione degli utenti alla spesa totale (euro),DNUR,Nidi e sezioni primavera,PRPM,Privata con riserva di posti da parte del comune,2023,14008,,,FILTER_ATS,Filter,,,,,,,,,,,,,,
A,Annuale,ITF6,Calabria,EXPUSERS,Compartecipazione degli utenti alla spesa totale (euro),DNUR,Nidi e sezioni primavera,ALL,Tutte le voci,2023,924939,,,FILTER_ATS,Filter,,,,,,,,,,,,,,
A,Annuale,ITF6,Calabria,EXPUSERS,Compartecipazione degli utenti alla spesa totale (euro),CDNUR,Nidi,MDO,Comunale a gestione diretta,2023,132712,,,FILTER_ATS,Filter,,,,,,,,,,,,,,
A,Annuale,ITF6,Calabria,EXPUSERS,Compartecipazione degli utenti alla spesa totale (euro),CDNUR,Nidi,MMETP,Comunale a gestione affidata a terzi,2023,751425,,,FILTER_ATS,Filter,,,,,,,,,,,,,,
A,Annuale,ITF6,Calabria,EXPUSERS,Compartecipazione degli utenti alla spesa totale (euro),CDNUR,Nidi,PRPM,Privata con riserva di posti da parte del comune,2023,14008,,,FILTER_ATS,Filter,,,,,,,,,,,,,,
A,Annuale,ITF6,Calabria,EXPUSERS,Compartecipazione degli utenti alla spesa totale (euro),CDNUR,Nidi,ALL,Tutte le voci,2023,898145,,,FILTER_ATS,Filter,,,,,,,,,,,,,,
A,Annuale,ITF6,Calabria,EXPUSERS,Compartecipazione degli utenti alla spesa totale (euro),DNISC,Sezioni primavera,MDO,Comunale a gestione diretta,2023,0,,,FILTER_ATS,Filter,,,,,,,,,,,,,,
A,Annuale,ITF6,Calabria,EXPUSERS,Compartecipazione degli utenti alla spesa totale (euro),DNISC,Sezioni primavera,MMETP,Comunale a gestione affidata a terzi,2023,26794,,,FILTER_ATS,Filter,,,,,,,,,,,,,,
A,Annuale,ITF6,Calabria,EXPUSERS,Compartecipazione degli utenti alla spesa totale (euro),DNISC,Sezioni primavera,PRPM,Privata con riserva di posti da parte del comune,2023,0,,,FILTER_ATS,Filter,,,,,,,,,,,,,,
A,Annuale,ITF6,Calabria,EXPUSERS,Compartecipazione degli utenti alla spesa totale (euro),DNISC,Sezioni primavera,ALL,Tutte le voci,2023,26794,,,FILTER_ATS,Filter,,,,,,,,,,,,,,
A,Annuale,ITF6,Calabria,EXPUSERS,Compartecipazione degli utenti alla spesa totale (euro),ISERIDC,Servizi integrativi per la prima infanzia,MDO,Comunale a gestione diretta,2023,0,,,FILTER_ATS,Filter,,,,,,,,,,,,,,
A,Annuale,ITF6,Calabria,EXPUSERS,Compartecipazione degli utenti alla spesa totale (euro),ISERIDC,Servizi integrativi per la prima infanzia,MMETP,Comunale a gestione affidata a terzi,2023,0,,,FILTER_ATS,Filter,,,,,,,,,,,,,,
A,Annuale,ITF6,Calabria,EXPUSERS,Compartecipazione degli utenti alla spesa totale (euro),ISERIDC,Servizi integrativi per la prima infanzia,PRPM,Privata con riserva di posti da parte del comune,2023,0,,,FILTER_ATS,Filter,,,,,,,,,,,,,,
A,Annuale,ITF6,Calabria,EXPUSERS,Compartecipazione degli utenti alla spesa totale (euro),ISERIDC,Servizi integrativi per la prima infanzia,ALL,Tutte le voci,2023,0,,,FILTER_ATS,Filter,,,,,,,,,,,,,,
A,Annuale,ITF6,Calabria,EXPUSERS,Compartecipazione degli utenti alla spesa totale (euro),ALL,Tutte le voci,MDO,Comunale a gestione diretta,2023,132712,,,FILTER_ATS,Filter,,,,,,,,,,,,,,
A,Annuale,ITF6,Calabria,EXPUSERS,Compartecipazione degli utenti alla spesa totale (euro),ALL,Tutte le voci,MMETP,Comunale a gestione affidata a terzi,2023,778219,,,FILTER_ATS,Filter,,,,,,,,,,,,,,
A,Annuale,ITF6,Calabria,EXPUSERS,Compartecipazione degli utenti alla spesa totale (euro),ALL,Tutte le voci,PRPM,Privata con riserva di posti da parte del comune,2023,14008,,,FILTER_ATS,Filter,,,,,,,,,,,,,,
A,Annuale,ITF6,Calabria,EXPUSERS,Compartecipazione degli utenti alla spesa totale (euro),ALL,Tutte le voci,ALL,Tutte le voci,2023,924939,,,FILTER_ATS,Filter,,,,,,,,,,,,,,
A,Annuale,ITF6,Calabria,PEREXPPU,Spesa sostenuta dagli utenti sulla spesa totale (percentuale),DNUR,Nidi e sezioni primavera,MDO,Comunale a gestione diretta,2023,10.3,,,FILTER_ATS,Filter,,,,,,,,,,,,,,
A,Annuale,ITF6,Calabria,PEREXPPU,Spesa sostenuta dagli utenti sulla spesa totale (percentuale),DNUR,Nidi e sezioni primavera,MMETP,Comunale a gestione affidata a terzi,2023,10.4,,,FILTER_ATS,Filter,,,,,,,,,,,,,,
A,Annuale,ITF6,Calabria,PEREXPPU,Spesa sostenuta dagli utenti sulla spesa totale (percentuale),DNUR,Nidi e sezioni primavera,PRPM,Privata con riserva di posti da parte del comune,2023,1.7,,,FILTER_ATS,Filter,,,,,,,,,,,,,,
A,Annuale,ITF6,Calabria,PEREXPPU,Spesa sostenuta dagli utenti sulla spesa totale (percentuale),DNUR,Nidi e sezioni primavera,ALL,Tutte le voci,2023,9.1,,,FILTER_ATS,Filter,,,,,,,,,,,,,,
A,Annuale,ITF6,Calabria,PEREXPPU,Spesa sostenuta dagli utenti sulla spesa totale (percentuale),CDNUR,Nidi,MDO,Comunale a gestione diretta,2023,11.1,,,FILTER_ATS,Filter,,,,,,,,,,,,,,
A,Annuale,ITF6,Calabria,PEREXPPU,Spesa sostenuta dagli utenti sulla spesa totale (percentuale),CDNUR,Nidi,MMETP,Comunale a gestione affidata a terzi,2023,10.4,,,FILTER_ATS,Filter,,,,,,,,,,,,,,
A,Annuale,ITF6,Calabria,PEREXPPU,Spesa sostenuta dagli utenti sulla spesa totale (percentuale),CDNUR,Nidi,PRPM,Privata con riserva di posti da parte del comune,2023,1.7,,,FILTER_ATS,Filter,,,,,,,,,,,,,,
A,Annuale,ITF6,Calabria,PEREXPPU,Spesa sostenuta dagli utenti sulla spesa totale (percentuale),CDNUR,Nidi,ALL,Tutte le voci,2023,9.3,,,FILTER_ATS,Filter,,,,,,,,,,,,,,
A,Annuale,ITF6,Calabria,PEREXPPU,Spesa sostenuta dagli utenti sulla spesa totale (percentuale),DNISC,Sezioni primavera,MDO,Comunale a gestione diretta,2023,0,,,FILTER_ATS,Filter,,,,,,,,,,,,,,
A,Annuale,ITF6,Calabria,PEREXPPU,Spesa sostenuta dagli utenti sulla spesa totale (percentuale),DNISC,Sezioni primavera,MMETP,Comunale a gestione affidata a terzi,2023,9.3,,,FILTER_ATS,Filter,,,,,,,,,,,,,,
A,Annuale,ITF6,Calabria,PEREXPPU,Spesa sostenuta dagli utenti sulla spesa totale (percentuale),DNISC,Sezioni primavera,PRPM,Privata con riserva di posti da parte del comune,2023,0,,,FILTER_ATS,Filter,,,,,,,,,,,,,,
A,Annuale,ITF6,Calabria,PEREXPPU,Spesa sostenuta dagli utenti sulla spesa totale (percentuale),DNISC,Sezioni primavera,ALL,Tutte le voci,2023,5.2,,,FILTER_ATS,Filter,,,,,,,,,,,,,,
A,Annuale,ITF6,Calabria,PEREXPPU,Spesa sostenuta dagli utenti sulla spesa totale (percentuale),ISERIDC,Servizi integrativi per la prima infanzia,MDO,Comunale a gestione diretta,2023,0,,,FILTER_ATS,Filter,,,,,,,,,,,,,,
A,Annuale,ITF6,Calabria,PEREXPPU,Spesa sostenuta dagli utenti sulla spesa totale (percentuale),ISERIDC,Servizi integrativi per la prima infanzia,MMETP,Comunale a gestione affidata a terzi,2023,0,,,FILTER_ATS,Filter,,,,,,,,,,,,,,
A,Annuale,ITF6,Calabria,PEREXPPU,Spesa sostenuta dagli utenti sulla spesa totale (percentuale),ISERIDC,Servizi integrativi per la prima infanzia,PRPM,Privata con riserva di posti da parte del comune,2023,0,,,FILTER_ATS,Filter,,,,,,,,,,,,,,
A,Annuale,ITF6,Calabria,PEREXPPU,Spesa sostenuta dagli utenti sulla spesa totale (percentuale),ISERIDC,Servizi integrativi per la prima infanzia,ALL,Tutte le voci,2023,0,,,FILTER_ATS,Filter,,,,,,,,,,,,,,
A,Annuale,ITF6,Calabria,PEREXPPU,Spesa sostenuta dagli utenti sulla spesa totale (percentuale),ALL,Tutte le voci,MDO,Comunale a gestione diretta,2023,10,,,FILTER_ATS,Filter,,,,,,,,,,,,,,
A,Annuale,ITF6,Calabria,PEREXPPU,Spesa sostenuta dagli utenti sulla spesa totale (percentuale),ALL,Tutte le voci,MMETP,Comunale a gestione affidata a terzi,2023,10.4,,,FILTER_ATS,Filter,,,,,,,,,,,,,,
A,Annuale,ITF6,Calabria,PEREXPPU,Spesa sostenuta dagli utenti sulla spesa totale (percentuale),ALL,Tutte le voci,PRPM,Privata con riserva di posti da parte del comune,2023,1.7,,,FILTER_ATS,Filter,,,,,,,,,,,,,,
A,Annuale,ITF6,Calabria,PEREXPPU,Spesa sostenuta dagli utenti sulla spesa totale (percentuale),ALL,Tutte le voci,ALL,Tutte le voci,2023,8.9,,,FILTER_ATS,Filter,,,,,,,,,,,,,,
A,Annuale,ITG,Isole,USSSPM,Utenti,DNUR,Nidi e sezioni primavera,MDO,Comunale a gestione diretta,2023,5487,,,FILTER_ATS,Filter,,,,,,,,,,,,,,
A,Annuale,ITG,Isole,USSSPM,Utenti,DNUR,Nidi e sezioni primavera,MMETP,Comunale a gestione affidata a terzi,2023,3979,,,FILTER_ATS,Filter,,,,,,,,,,,,,,
A,Annuale,ITG,Isole,USSSPM,Utenti,DNUR,Nidi e sezioni primavera,PRPM,Privata con riserva di posti da parte del comune,2023,1768,,,FILTER_ATS,Filter,,,,,,,,,,,,,,
A,Annuale,ITG,Isole,USSSPM,Utenti,DNUR,Nidi e sezioni primavera,CFPPS,Contributi alle famiglie per servizi privati o pubblici,2023,3220,,,FILTER_ATS,Filter,,,,,,,,,,,,,,
A,Annuale,ITG,Isole,USSSPM,Utenti,DNUR,Nidi e sezioni primavera,ALL,Tutte le voci,2023,14454,,,FILTER_ATS,Filter,,,,,,,,,,,,,,
A,Annuale,ITG,Isole,USSSPM,Utenti,CDNUR,Nidi,MDO,Comunale a gestione diretta,2023,5234,,,FILTER_ATS,Filter,,,,,,,,,,,,,,
A,Annuale,ITG,Isole,USSSPM,Utenti,CDNUR,Nidi,MMETP,Comunale a gestione affidata a terzi,2023,3665,,,FILTER_ATS,Filter,,,,,,,,,,,,,,
A,Annuale,ITG,Isole,USSSPM,Utenti,CDNUR,Nidi,PRPM,Privata con riserva di posti da parte del comune,2023,1392,,,FILTER_ATS,Filter,,,,,,,,,,,,,,
A,Annuale,ITG,Isole,USSSPM,Utenti,CDNUR,Nidi,CFPPS,Contributi alle famiglie per servizi privati o pubblici,2023,2814,,,FILTER_ATS,Filter,,,,,,,,,,,,,,
A,Annuale,ITG,Isole,USSSPM,Utenti,CDNUR,Nidi,ALL,Tutte le voci,2023,13105,,,FILTER_ATS,Filter,,,,,,,,,,,,,,
A,Annuale,ITG,Isole,USSSPM,Utenti,DNISC,Sezioni primavera,MDO,Comunale a gestione diretta,2023,253,,,FILTER_ATS,Filter,,,,,,,,,,,,,,
A,Annuale,ITG,Isole,USSSPM,Utenti,DNISC,Sezioni primavera,MMETP,Comunale a gestione affidata a terzi,2023,314,,,FILTER_ATS,Filter,,,,,,,,,,,,,,
A,Annuale,ITG,Isole,USSSPM,Utenti,DNISC,Sezioni primavera,PRPM,Privata con riserva di posti da parte del comune,2023,376,,,FILTER_ATS,Filter,,,,,,,,,,,,,,
A,Annuale,ITG,Isole,USSSPM,Utenti,DNISC,Sezioni primavera,CFPPS,Contributi alle famiglie per servizi privati o pubblici,2023,406,,,FILTER_ATS,Filter,,,,,,,,,,,,,,
A,Annuale,ITG,Isole,USSSPM,Utenti,DNISC,Sezioni primavera,ALL,Tutte le voci,2023,1349,,,FILTER_ATS,Filter,,,,,,,,,,,,,,
A,Annuale,ITG,Isole,USSSPM,Utenti,ISERIDC,Servizi integrativi per la prima infanzia,MDO,Comunale a gestione diretta,2023,250,,,FILTER_ATS,Filter,,,,,,,,,,,,,,
A,Annuale,ITG,Isole,USSSPM,Utenti,ISERIDC,Servizi integrativi per la prima infanzia,MMETP,Comunale a gestione affidata a terzi,2023,241,,,FILTER_ATS,Filter,,,,,,,,,,,,,,
A,Annuale,ITG,Isole,USSSPM,Utenti,ISERIDC,Servizi integrativi per la prima infanzia,PRPM,Privata con riserva di posti da parte del comune,2023,190,,,FILTER_ATS,Filter,,,,,,,,,,,,,,
A,Annuale,ITG,Isole,USSSPM,Utenti,ISERIDC,Servizi integrativi per la prima infanzia,CFPPS,Contributi alle famiglie per servizi privati o pubblici,2023,187,,,FILTER_ATS,Filter,,,,,,,,,,,,,,
A,Annuale,ITG,Isole,USSSPM,Utenti,ISERIDC,Servizi integrativi per la prima infanzia,ALL,Tutte le voci,2023,868,,,FILTER_ATS,Filter,,,,,,,,,,,,,,
A,Annuale,ITG,Isole,USSSPM,Utenti,ALL,Tutte le voci,MDO,Comunale a gestione diretta,2023,5737,,,FILTER_ATS,Filter,,,,,,,,,,,,,,
A,Annuale,ITG,Isole,USSSPM,Utenti,ALL,Tutte le voci,MMETP,Comunale a gestione affidata a terzi,2023,4220,,,FILTER_ATS,Filter,,,,,,,,,,,,,,
A,Annuale,ITG,Isole,USSSPM,Utenti,ALL,Tutte le voci,PRPM,Privata con riserva di posti da parte del comune,2023,1958,,,FILTER_ATS,Filter,,,,,,,,,,,,,,
A,Annuale,ITG,Isole,USSSPM,Utenti,ALL,Tutte le voci,CFPPS,Contributi alle famiglie per servizi privati o pubblici,2023,3407,,,FILTER_ATS,Filter,,,,,,,,,,,,,,
A,Annuale,ITG,Isole,USSSPM,Utenti,ALL,Tutte le voci,ALL,Tutte le voci,2023,15322,,,FILTER_ATS,Filter,,,,,,,,,,,,,,
A,Annuale,ITG,Isole,TOTEXP,Totale spesa (euro),DNUR,Nidi e sezioni primavera,MDO,Comunale a gestione diretta,2023,45872653,,,FILTER_ATS,Filter,,,,,,,,,,,,,,
A,Annuale,ITG,Isole,TOTEXP,Totale spesa (euro),DNUR,Nidi e sezioni primavera,MMETP,Comunale a gestione affidata a terzi,2023,24383668,,,FILTER_ATS,Filter,,,,,,,,,,,,,,
A,Annuale,ITG,Isole,TOTEXP,Totale spesa (euro),DNUR,Nidi e sezioni primavera,PRPM,Privata con riserva di posti da parte del comune,2023,7097031,,,FILTER_ATS,Filter,,,,,,,,,,,,,,
A,Annuale,ITG,Isole,TOTEXP,Totale spesa (euro),DNUR,Nidi e sezioni primavera,PCM,Privata senza riserva di posti da parte del comune,2023,987715,,,FILTER_ATS,Filter,,,,,,,,,,,,,,
A,Annuale,ITG,Isole,TOTEXP,Totale spesa (euro),DNUR,Nidi e sezioni primavera,CFPPS,Contributi alle famiglie per servizi privati o pubblici,2023,3798571,,,FILTER_ATS,Filter,,,,,,,,,,,,,,
A,Annuale,ITG,Isole,TOTEXP,Totale spesa (euro),DNUR,Nidi e sezioni primavera,ALL,Tutte le voci,2023,82139638,,,FILTER_ATS,Filter,,,,,,,,,,,,,,
A,Annuale,ITG,Isole,TOTEXP,Totale spesa (euro),CDNUR,Nidi,MDO,Comunale a gestione diretta,2023,44206632,,,FILTER_ATS,Filter,,,,,,,,,,,,,,
A,Annuale,ITG,Isole,TOTEXP,Totale spesa (euro),CDNUR,Nidi,MMETP,Comunale a gestione affidata a terzi,2023,22576547,,,FILTER_ATS,Filter,,,,,,,,,,,,,,
A,Annuale,ITG,Isole,TOTEXP,Totale spesa (euro),CDNUR,Nidi,PRPM,Privata con riserva di posti da parte del comune,2023,6177362,,,FILTER_ATS,Filter,,,,,,,,,,,,,,
A,Annuale,ITG,Isole,TOTEXP,Totale spesa (euro),CDNUR,Nidi,PCM,Privata senza riserva di posti da parte del comune,2023,511280,,,FILTER_ATS,Filter,,,,,,,,,,,,,,
A,Annuale,ITG,Isole,TOTEXP,Totale spesa (euro),CDNUR,Nidi,CFPPS,Contributi alle famiglie per servizi privati o pubblici,2023,3146433,,,FILTER_ATS,Filter,,,,,,,,,,,,,,
A,Annuale,ITG,Isole,TOTEXP,Totale spesa (euro),CDNUR,Nidi,ALL,Tutte le voci,2023,76618254,,,FILTER_ATS,Filter,,,,,,,,,,,,,,
A,Annuale,ITG,Isole,TOTEXP,Totale spesa (euro),DNISC,Sezioni primavera,MDO,Comunale a gestione diretta,2023,1666021,,,FILTER_ATS,Filter,,,,,,,,,,,,,,
A,Annuale,ITG,Isole,TOTEXP,Totale spesa (euro),DNISC,Sezioni primavera,MMETP,Comunale a gestione affidata a terzi,2023,1807121,,,FILTER_ATS,Filter,,,,,,,,,,,,,,
A,Annuale,ITG,Isole,TOTEXP,Totale spesa (euro),DNISC,Sezioni primavera,PRPM,Privata con riserva di posti da parte del comune,2023,919669,,,FILTER_ATS,Filter,,,,,,,,,,,,,,
A,Annuale,ITG,Isole,TOTEXP,Totale spesa (euro),DNISC,Sezioni primavera,PCM,Privata senza riserva di posti da parte del comune,2023,476435,,,FILTER_ATS,Filter,,,,,,,,,,,,,,
A,Annuale,ITG,Isole,TOTEXP,Totale spesa (euro),DNISC,Sezioni primavera,CFPPS,Contributi alle famiglie per servizi privati o pubblici,2023,652138,,,FILTER_ATS,Filter,,,,,,,,,,,,,,
A,Annuale,ITG,Isole,TOTEXP,Totale spesa (euro),DNISC,Sezioni primavera,ALL,Tutte le voci,2023,5521384,,,FILTER_ATS,Filter,,,,,,,,,,,,,,
A,Annuale,ITG,Isole,TOTEXP,Totale spesa (euro),ISERIDC,Servizi integrativi per la prima infanzia,MDO,Comunale a gestione diretta,2023,1025042,,,FILTER_ATS,Filter,,,,,,,,,,,,,,
A,Annuale,ITG,Isole,TOTEXP,Totale spesa (euro),ISERIDC,Servizi integrativi per la prima infanzia,MMETP,Comunale a gestione affidata a terzi,2023,832724,,,FILTER_ATS,Filter,,,,,,,,,,,,,,
A,Annuale,ITG,Isole,TOTEXP,Totale spesa (euro),ISERIDC,Servizi integrativi per la prima infanzia,PRPM,Privata con riserva di posti da parte del comune,2023,391146,,,FILTER_ATS,Filter,,,,,,,,,,,,,,
A,Annuale,ITG,Isole,TOTEXP,Totale spesa (euro),ISERIDC,Servizi integrativi per la prima infanzia,PCM,Privata senza riserva di posti da parte del comune,2023,42998,,,FILTER_ATS,Filter,,,,,,,,,,,,,,
A,Annuale,ITG,Isole,TOTEXP,Totale spesa (euro),ISERIDC,Servizi integrativi per la prima infanzia,CFPPS,Contributi alle famiglie per servizi privati o pubblici,2023,459680,,,FILTER_ATS,Filter,,,,,,,,,,,,,,
A,Annuale,ITG,Isole,TOTEXP,Totale spesa (euro),ISERIDC,Servizi integrativi per la prima infanzia,ALL,Tutte le voci,2023,2751590,,,FILTER_ATS,Filter,,,,,,,,,,,,,,
A,Annuale,ITG,Isole,TOTEXP,Totale spesa (euro),ALL,Tutte le voci,MDO,Comunale a gestione diretta,2023,46897695,,,FILTER_ATS,Filter,,,,,,,,,,,,,,
A,Annuale,ITG,Isole,TOTEXP,Totale spesa (euro),ALL,Tutte le voci,MMETP,Comunale a gestione affidata a terzi,2023,25216392,,,FILTER_ATS,Filter,,,,,,,,,,,,,,
A,Annuale,ITG,Isole,TOTEXP,Totale spesa (euro),ALL,Tutte le voci,PRPM,Privata con riserva di posti da parte del comune,2023,7488177,,,FILTER_ATS,Filter,,,,,,,,,,,,,,
A,Annuale,ITG,Isole,TOTEXP,Totale spesa (euro),ALL,Tutte le voci,PCM,Privata senza riserva di posti da parte del comune,2023,1030713,,,FILTER_ATS,Filter,,,,,,,,,,,,,,
A,Annuale,ITG,Isole,TOTEXP,Totale spesa (euro),ALL,Tutte le voci,CFPPS,Contributi alle famiglie per servizi privati o pubblici,2023,4258251,,,FILTER_ATS,Filter,,,,,,,,,,,,,,
A,Annuale,ITG,Isole,TOTEXP,Totale spesa (euro),ALL,Tutte le voci,ALL,Tutte le voci,2023,84891228,,,FILTER_ATS,Filter,,,,,,,,,,,,,,
A,Annuale,ITG,Isole,EXPMUN,Spesa dei comuni (euro),DNUR,Nidi e sezioni primavera,MDO,Comunale a gestione diretta,2023,40383573,,,FILTER_ATS,Filter,,,,,,,,,,,,,,
A,Annuale,ITG,Isole,EXPMUN,Spesa dei comuni (euro),DNUR,Nidi e sezioni primavera,MMETP,Comunale a gestione affidata a terzi,2023,19579073,,,FILTER_ATS,Filter,,,,,,,,,,,,,,
A,Annuale,ITG,Isole,EXPMUN,Spesa dei comuni (euro),DNUR,Nidi e sezioni primavera,PRPM,Privata con riserva di posti da parte del comune,2023,5991654,,,FILTER_ATS,Filter,,,,,,,,,,,,,,
A,Annuale,ITG,Isole,EXPMUN,Spesa dei comuni (euro),DNUR,Nidi e sezioni primavera,PCM,Privata senza riserva di posti da parte del comune,2023,987715,,,FILTER_ATS,Filter,,,,,,,,,,,,,,
A,Annuale,ITG,Isole,EXPMUN,Spesa dei comuni (euro),DNUR,Nidi e sezioni primavera,CFPPS,Contributi alle famiglie per servizi privati o pubblici,2023,3798571,,,FILTER_ATS,Filter,,,,,,,,,,,,,,
A,Annuale,ITG,Isole,EXPMUN,Spesa dei comuni (euro),DNUR,Nidi e sezioni primavera,ALL,Tutte le voci,2023,70740586,,,FILTER_ATS,Filter,,,,,,,,,,,,,,
A,Annuale,ITG,Isole,EXPMUN,Spesa dei comuni (euro),CDNUR,Nidi,MDO,Comunale a gestione diretta,2023,39013077,,,FILTER_ATS,Filter,,,,,,,,,,,,,,
A,Annuale,ITG,Isole,EXPMUN,Spesa dei comuni (euro),CDNUR,Nidi,MMETP,Comunale a gestione affidata a terzi,2023,18117091,,,FILTER_ATS,Filter,,,,,,,,,,,,,,
A,Annuale,ITG,Isole,EXPMUN,Spesa dei comuni (euro),CDNUR,Nidi,PRPM,Privata con riserva di posti da parte del comune,2023,5071985,,,FILTER_ATS,Filter,,,,,,,,,,,,,,
A,Annuale,ITG,Isole,EXPMUN,Spesa dei comuni (euro),CDNUR,Nidi,PCM,Privata senza riserva di posti da parte del comune,2023,511280,,,FILTER_ATS,Filter,,,,,,,,,,,,,,
A,Annuale,ITG,Isole,EXPMUN,Spesa dei comuni (euro),CDNUR,Nidi,CFPPS,Contributi alle famiglie per servizi privati o pubblici,2023,3146433,,,FILTER_ATS,Filter,,,,,,,,,,,,,,
A,Annuale,ITG,Isole,EXPMUN,Spesa dei comuni (euro),CDNUR,Nidi,ALL,Tutte le voci,2023,65859866,,,FILTER_ATS,Filter,,,,,,,,,,,,,,
A,Annuale,ITG,Isole,EXPMUN,Spesa dei comuni (euro),DNISC,Sezioni primavera,MDO,Comunale a gestione diretta,2023,1370496,,,FILTER_ATS,Filter,,,,,,,,,,,,,,
A,Annuale,ITG,Isole,EXPMUN,Spesa dei comuni (euro),DNISC,Sezioni primavera,MMETP,Comunale a gestione affidata a terzi,2023,1461982,,,FILTER_ATS,Filter,,,,,,,,,,,,,,
A,Annuale,ITG,Isole,EXPMUN,Spesa dei comuni (euro),DNISC,Sezioni primavera,PRPM,Privata con riserva di posti da parte del comune,2023,919669,,,FILTER_ATS,Filter,,,,,,,,,,,,,,
A,Annuale,ITG,Isole,EXPMUN,Spesa dei comuni (euro),DNISC,Sezioni primavera,PCM,Privata senza riserva di posti da parte del comune,2023,476435,,,FILTER_ATS,Filter,,,,,,,,,,,,,,
A,Annuale,ITG,Isole,EXPMUN,Spesa dei comuni (euro),DNISC,Sezioni primavera,CFPPS,Contributi alle famiglie per servizi privati o pubblici,2023,652138,,,FILTER_ATS,Filter,,,,,,,,,,,,,,
A,Annuale,ITG,Isole,EXPMUN,Spesa dei comuni (euro),DNISC,Sezioni primavera,ALL,Tutte le voci,2023,4880720,,,FILTER_ATS,Filter,,,,,,,,,,,,,,
A,Annuale,ITG,Isole,EXPMUN,Spesa dei comuni (euro),ISERIDC,Servizi integrativi per la prima infanzia,MDO,Comunale a gestione diretta,2023,940484,,,FILTER_ATS,Filter,,,,,,,,,,,,,,
A,Annuale,ITG,Isole,EXPMUN,Spesa dei comuni (euro),ISERIDC,Servizi integrativi per la prima infanzia,MMETP,Comunale a gestione affidata a terzi,2023,788877,,,FILTER_ATS,Filter,,,,,,,,,,,,,,
A,Annuale,ITG,Isole,EXPMUN,Spesa dei comuni (euro),ISERIDC,Servizi integrativi per la prima infanzia,PRPM,Privata con riserva di posti da parte del comune,2023,388361,,,FILTER_ATS,Filter,,,,,,,,,,,,,,
A,Annuale,ITG,Isole,EXPMUN,Spesa dei comuni (euro),ISERIDC,Servizi integrativi per la prima infanzia,PCM,Privata senza riserva di posti da parte del comune,2023,42998,,,FILTER_ATS,Filter,,,,,,,,,,,,,,
A,Annuale,ITG,Isole,EXPMUN,Spesa dei comuni (euro),ISERIDC,Servizi integrativi per la prima infanzia,CFPPS,Contributi alle famiglie per servizi privati o pubblici,2023,459680,,,FILTER_ATS,Filter,,,,,,,,,,,,,,
A,Annuale,ITG,Isole,EXPMUN,Spesa dei comuni (euro),ISERIDC,Servizi integrativi per la prima infanzia,ALL,Tutte le voci,2023,2620400,,,FILTER_ATS,Filter,,,,,,,,,,,,,,
A,Annuale,ITG,Isole,EXPMUN,Spesa dei comuni (euro),ALL,Tutte le voci,MDO,Comunale a gestione diretta,2023,41324057,,,FILTER_ATS,Filter,,,,,,,,,,,,,,
A,Annuale,ITG,Isole,EXPMUN,Spesa dei comuni (euro),ALL,Tutte le voci,MMETP,Comunale a gestione affidata a terzi,2023,20367950,,,FILTER_ATS,Filter,,,,,,,,,,,,,,
A,Annuale,ITG,Isole,EXPMUN,Spesa dei comuni (euro),ALL,Tutte le voci,PRPM,Privata con riserva di posti da parte del comune,2023,6380015,,,FILTER_ATS,Filter,,,,,,,,,,,,,,
A,Annuale,ITG,Isole,EXPMUN,Spesa dei comuni (euro),ALL,Tutte le voci,PCM,Privata senza riserva di posti da parte del comune,2023,1030713,,,FILTER_ATS,Filter,,,,,,,,,,,,,,
A,Annuale,ITG,Isole,EXPMUN,Spesa dei comuni (euro),ALL,Tutte le voci,CFPPS,Contributi alle famiglie per servizi privati o pubblici,2023,4258251,,,FILTER_ATS,Filter,,,,,,,,,,,,,,
A,Annuale,ITG,Isole,EXPMUN,Spesa dei comuni (euro),ALL,Tutte le voci,ALL,Tutte le voci,2023,73360986,,,FILTER_ATS,Filter,,,,,,,,,,,,,,
A,Annuale,ITG,Isole,EXPUSERS,Compartecipazione degli utenti alla spesa totale (euro),DNUR,Nidi e sezioni primavera,MDO,Comunale a gestione diretta,2023,5489080,,,FILTER_ATS,Filter,,,,,,,,,,,,,,
A,Annuale,ITG,Isole,EXPUSERS,Compartecipazione degli utenti alla spesa totale (euro),DNUR,Nidi e sezioni primavera,MMETP,Comunale a gestione affidata a terzi,2023,4804595,,,FILTER_ATS,Filter,,,,,,,,,,,,,,
A,Annuale,ITG,Isole,EXPUSERS,Compartecipazione degli utenti alla spesa totale (euro),DNUR,Nidi e sezioni primavera,PRPM,Privata con riserva di posti da parte del comune,2023,1105377,,,FILTER_ATS,Filter,,,,,,,,,,,,,,
A,Annuale,ITG,Isole,EXPUSERS,Compartecipazione degli utenti alla spesa totale (euro),DNUR,Nidi e sezioni primavera,ALL,Tutte le voci,2023,11399052,,,FILTER_ATS,Filter,,,,,,,,,,,,,,
A,Annuale,ITG,Isole,EXPUSERS,Compartecipazione degli utenti alla spesa totale (euro),CDNUR,Nidi,MDO,Comunale a gestione diretta,2023,5193555,,,FILTER_ATS,Filter,,,,,,,,,,,,,,
A,Annuale,ITG,Isole,EXPUSERS,Compartecipazione degli utenti alla spesa totale (euro),CDNUR,Nidi,MMETP,Comunale a gestione affidata a terzi,2023,4459456,,,FILTER_ATS,Filter,,,,,,,,,,,,,,
A,Annuale,ITG,Isole,EXPUSERS,Compartecipazione degli utenti alla spesa totale (euro),CDNUR,Nidi,PRPM,Privata con riserva di posti da parte del comune,2023,1105377,,,FILTER_ATS,Filter,,,,,,,,,,,,,,
A,Annuale,ITG,Isole,EXPUSERS,Compartecipazione degli utenti alla spesa totale (euro),CDNUR,Nidi,ALL,Tutte le voci,2023,10758388,,,FILTER_ATS,Filter,,,,,,,,,,,,,,
A,Annuale,ITG,Isole,EXPUSERS,Compartecipazione degli utenti alla spesa totale (euro),DNISC,Sezioni primavera,MDO,Comunale a gestione diretta,2023,295525,,,FILTER_ATS,Filter,,,,,,,,,,,,,,
A,Annuale,ITG,Isole,EXPUSERS,Compartecipazione degli utenti alla spesa totale (euro),DNISC,Sezioni primavera,MMETP,Comunale a gestione affidata a terzi,2023,345139,,,FILTER_ATS,Filter,,,,,,,,,,,,,,
A,Annuale,ITG,Isole,EXPUSERS,Compartecipazione degli utenti alla spesa totale (euro),DNISC,Sezioni primavera,PRPM,Privata con riserva di posti da parte del comune,2023,0,,,FILTER_ATS,Filter,,,,,,,,,,,,,,
A,Annuale,ITG,Isole,EXPUSERS,Compartecipazione degli utenti alla spesa totale (euro),DNISC,Sezioni primavera,ALL,Tutte le voci,2023,640664,,,FILTER_ATS,Filter,,,,,,,,,,,,,,
A,Annuale,ITG,Isole,EXPUSERS,Compartecipazione degli utenti alla spesa totale (euro),ISERIDC,Servizi integrativi per la prima infanzia,MDO,Comunale a gestione diretta,2023,84558,,,FILTER_ATS,Filter,,,,,,,,,,,,,,
A,Annuale,ITG,Isole,EXPUSERS,Compartecipazione degli utenti alla spesa totale (euro),ISERIDC,Servizi integrativi per la prima infanzia,MMETP,Comunale a gestione affidata a terzi,2023,43847,,,FILTER_ATS,Filter,,,,,,,,,,,,,,
A,Annuale,ITG,Isole,EXPUSERS,Compartecipazione degli utenti alla spesa totale (euro),ISERIDC,Servizi integrativi per la prima infanzia,PRPM,Privata con riserva di posti da parte del comune,2023,2785,,,FILTER_ATS,Filter,,,,,,,,,,,,,,
A,Annuale,ITG,Isole,EXPUSERS,Compartecipazione degli utenti alla spesa totale (euro),ISERIDC,Servizi integrativi per la prima infanzia,ALL,Tutte le voci,2023,131190,,,FILTER_ATS,Filter,,,,,,,,,,,,,,
A,Annuale,ITG,Isole,EXPUSERS,Compartecipazione degli utenti alla spesa totale (euro),ALL,Tutte le voci,MDO,Comunale a gestione diretta,2023,5573638,,,FILTER_ATS,Filter,,,,,,,,,,,,,,
A,Annuale,ITG,Isole,EXPUSERS,Compartecipazione degli utenti alla spesa totale (euro),ALL,Tutte le voci,MMETP,Comunale a gestione affidata a terzi,2023,4848442,,,FILTER_ATS,Filter,,,,,,,,,,,,,,
A,Annuale,ITG,Isole,EXPUSERS,Compartecipazione degli utenti alla spesa totale (euro),ALL,Tutte le voci,PRPM,Privata con riserva di posti da parte del comune,2023,1108162,,,FILTER_ATS,Filter,,,,,,,,,,,,,,
A,Annuale,ITG,Isole,EXPUSERS,Compartecipazione degli utenti alla spesa totale (euro),ALL,Tutte le voci,ALL,Tutte le voci,2023,11530242,,,FILTER_ATS,Filter,,,,,,,,,,,,,,
A,Annuale,ITG,Isole,PEREXPPU,Spesa sostenuta dagli utenti sulla spesa totale (percentuale),DNUR,Nidi e sezioni primavera,MDO,Comunale a gestione diretta,2023,12,,,FILTER_ATS,Filter,,,,,,,,,,,,,,
A,Annuale,ITG,Isole,PEREXPPU,Spesa sostenuta dagli utenti sulla spesa totale (percentuale),DNUR,Nidi e sezioni primavera,MMETP,Comunale a gestione affidata a terzi,2023,19.7,,,FILTER_ATS,Filter,,,,,,,,,,,,,,
A,Annuale,ITG,Isole,PEREXPPU,Spesa sostenuta dagli utenti sulla spesa totale (percentuale),DNUR,Nidi e sezioni primavera,PRPM,Privata con riserva di posti da parte del comune,2023,15.6,,,FILTER_ATS,Filter,,,,,,,,,,,,,,
A,Annuale,ITG,Isole,PEREXPPU,Spesa sostenuta dagli utenti sulla spesa totale (percentuale),DNUR,Nidi e sezioni primavera,ALL,Tutte le voci,2023,13.9,,,FILTER_ATS,Filter,,,,,,,,,,,,,,
A,Annuale,ITG,Isole,PEREXPPU,Spesa sostenuta dagli utenti sulla spesa totale (percentuale),CDNUR,Nidi,MDO,Comunale a gestione diretta,2023,11.7,,,FILTER_ATS,Filter,,,,,,,,,,,,,,
A,Annuale,ITG,Isole,PEREXPPU,Spesa sostenuta dagli utenti sulla spesa totale (percentuale),CDNUR,Nidi,MMETP,Comunale a gestione affidata a terzi,2023,19.8,,,FILTER_ATS,Filter,,,,,,,,,,,,,,
A,Annuale,ITG,Isole,PEREXPPU,Spesa sostenuta dagli utenti sulla spesa totale (percentuale),CDNUR,Nidi,PRPM,Privata con riserva di posti da parte del comune,2023,17.9,,,FILTER_ATS,Filter,,,,,,,,,,,,,,
A,Annuale,ITG,Isole,PEREXPPU,Spesa sostenuta dagli utenti sulla spesa totale (percentuale),CDNUR,Nidi,ALL,Tutte le voci,2023,14,,,FILTER_ATS,Filter,,,,,,,,,,,,,,
A,Annuale,ITG,Isole,PEREXPPU,Spesa sostenuta dagli utenti sulla spesa totale (percentuale),DNISC,Sezioni primavera,MDO,Comunale a gestione diretta,2023,17.7,,,FILTER_ATS,Filter,,,,,,,,,,,,,,
A,Annuale,ITG,Isole,PEREXPPU,Spesa sostenuta dagli utenti sulla spesa totale (percentuale),DNISC,Sezioni primavera,MMETP,Comunale a gestione affidata a terzi,2023,19.1,,,FILTER_ATS,Filter,,,,,,,,,,,,,,
A,Annuale,ITG,Isole,PEREXPPU,Spesa sostenuta dagli utenti sulla spesa totale (percentuale),DNISC,Sezioni primavera,PRPM,Privata con riserva di posti da parte del comune,2023,0,,,FILTER_ATS,Filter,,,,,,,,,,,,,,
A,Annuale,ITG,Isole,PEREXPPU,Spesa sostenuta dagli utenti sulla spesa totale (percentuale),DNISC,Sezioni primavera,ALL,Tutte le voci,2023,11.6,,,FILTER_ATS,Filter,,,,,,,,,,,,,,
A,Annuale,ITG,Isole,PEREXPPU,Spesa sostenuta dagli utenti sulla spesa totale (percentuale),ISERIDC,Servizi integrativi per la prima infanzia,MDO,Comunale a gestione diretta,2023,8.2,,,FILTER_ATS,Filter,,,,,,,,,,,,,,
A,Annuale,ITG,Isole,PEREXPPU,Spesa sostenuta dagli utenti sulla spesa totale (percentuale),ISERIDC,Servizi integrativi per la prima infanzia,MMETP,Comunale a gestione affidata a terzi,2023,5.3,,,FILTER_ATS,Filter,,,,,,,,,,,,,,
A,Annuale,ITG,Isole,PEREXPPU,Spesa sostenuta dagli utenti sulla spesa totale (percentuale),ISERIDC,Servizi integrativi per la prima infanzia,PRPM,Privata con riserva di posti da parte del comune,2023,0.7,,,FILTER_ATS,Filter,,,,,,,,,,,,,,
A,Annuale,ITG,Isole,PEREXPPU,Spesa sostenuta dagli utenti sulla spesa totale (percentuale),ISERIDC,Servizi integrativi per la prima infanzia,ALL,Tutte le voci,2023,4.8,,,FILTER_ATS,Filter,,,,,,,,,,,,,,
A,Annuale,ITG,Isole,PEREXPPU,Spesa sostenuta dagli utenti sulla spesa totale (percentuale),ALL,Tutte le voci,MDO,Comunale a gestione diretta,2023,11.9,,,FILTER_ATS,Filter,,,,,,,,,,,,,,
A,Annuale,ITG,Isole,PEREXPPU,Spesa sostenuta dagli utenti sulla spesa totale (percentuale),ALL,Tutte le voci,MMETP,Comunale a gestione affidata a terzi,2023,19.2,,,FILTER_ATS,Filter,,,,,,,,,,,,,,
A,Annuale,ITG,Isole,PEREXPPU,Spesa sostenuta dagli utenti sulla spesa totale (percentuale),ALL,Tutte le voci,PRPM,Privata con riserva di posti da parte del comune,2023,14.8,,,FILTER_ATS,Filter,,,,,,,,,,,,,,
A,Annuale,ITG,Isole,PEREXPPU,Spesa sostenuta dagli utenti sulla spesa totale (percentuale),ALL,Tutte le voci,ALL,Tutte le voci,2023,13.6,,,FILTER_ATS,Filter,,,,,,,,,,,,,,
A,Annuale,ITG1,Sicilia,USSSPM,Utenti,DNUR,Nidi e sezioni primavera,MDO,Comunale a gestione diretta,2023,4401,,,FILTER_ATS,Filter,,,,,,,,,,,,,,
A,Annuale,ITG1,Sicilia,USSSPM,Utenti,DNUR,Nidi e sezioni primavera,MMETP,Comunale a gestione affidata a terzi,2023,2020,,,FILTER_ATS,Filter,,,,,,,,,,,,,,
A,Annuale,ITG1,Sicilia,USSSPM,Utenti,DNUR,Nidi e sezioni primavera,PRPM,Privata con riserva di posti da parte del comune,2023,1033,,,FILTER_ATS,Filter,,,,,,,,,,,,,,
A,Annuale,ITG1,Sicilia,USSSPM,Utenti,DNUR,Nidi e sezioni primavera,CFPPS,Contributi alle famiglie per servizi privati o pubblici,2023,559,,,FILTER_ATS,Filter,,,,,,,,,,,,,,
A,Annuale,ITG1,Sicilia,USSSPM,Utenti,DNUR,Nidi e sezioni primavera,ALL,Tutte le voci,2023,8013,,,FILTER_ATS,Filter,,,,,,,,,,,,,,
A,Annuale,ITG1,Sicilia,USSSPM,Utenti,CDNUR,Nidi,MDO,Comunale a gestione diretta,2023,4275,,,FILTER_ATS,Filter,,,,,,,,,,,,,,
A,Annuale,ITG1,Sicilia,USSSPM,Utenti,CDNUR,Nidi,MMETP,Comunale a gestione affidata a terzi,2023,1947,,,FILTER_ATS,Filter,,,,,,,,,,,,,,
A,Annuale,ITG1,Sicilia,USSSPM,Utenti,CDNUR,Nidi,PRPM,Privata con riserva di posti da parte del comune,2023,684,,,FILTER_ATS,Filter,,,,,,,,,,,,,,
A,Annuale,ITG1,Sicilia,USSSPM,Utenti,CDNUR,Nidi,CFPPS,Contributi alle famiglie per servizi privati o pubblici,2023,314,,,FILTER_ATS,Filter,,,,,,,,,,,,,,
A,Annuale,ITG1,Sicilia,USSSPM,Utenti,CDNUR,Nidi,ALL,Tutte le voci,2023,7220,,,FILTER_ATS,Filter,,,,,,,,,,,,,,
A,Annuale,ITG1,Sicilia,USSSPM,Utenti,DNISC,Sezioni primavera,MDO,Comunale a gestione diretta,2023,126,,,FILTER_ATS,Filter,,,,,,,,,,,,,,
A,Annuale,ITG1,Sicilia,USSSPM,Utenti,DNISC,Sezioni primavera,MMETP,Comunale a gestione affidata a terzi,2023,73,,,FILTER_ATS,Filter,,,,,,,,,,,,,,
A,Annuale,ITG1,Sicilia,USSSPM,Utenti,DNISC,Sezioni primavera,PRPM,Privata con riserva di posti da parte del comune,2023,349,,,FILTER_ATS,Filter,,,,,,,,,,,,,,
A,Annuale,ITG1,Sicilia,USSSPM,Utenti,DNISC,Sezioni primavera,CFPPS,Contributi alle famiglie per servizi privati o pubblici,2023,245,,,FILTER_ATS,Filter,,,,,,,,,,,,,,
A,Annuale,ITG1,Sicilia,USSSPM,Utenti,DNISC,Sezioni primavera,ALL,Tutte le voci,2023,793,,,FILTER_ATS,Filter,,,,,,,,,,,,,,
A,Annuale,ITG1,Sicilia,USSSPM,Utenti,ISERIDC,Servizi integrativi per la prima infanzia,MDO,Comunale a gestione diretta,2023,195,,,FILTER_ATS,Filter,,,,,,,,,,,,,,
A,Annuale,ITG1,Sicilia,USSSPM,Utenti,ISERIDC,Servizi integrativi per la prima infanzia,MMETP,Comunale a gestione affidata a terzi,2023,190,,,FILTER_ATS,Filter,,,,,,,,,,,,,,
A,Annuale,ITG1,Sicilia,USSSPM,Utenti,ISERIDC,Servizi integrativi per la prima infanzia,PRPM,Privata con riserva di posti da parte del comune,2023,190,,,FILTER_ATS,Filter,,,,,,,,,,,,,,
A,Annuale,ITG1,Sicilia,USSSPM,Utenti,ISERIDC,Servizi integrativi per la prima infanzia,CFPPS,Contributi alle famiglie per servizi privati o pubblici,2023,175,,,FILTER_ATS,Filter,,,,,,,,,,,,,,
A,Annuale,ITG1,Sicilia,USSSPM,Utenti,ISERIDC,Servizi integrativi per la prima infanzia,ALL,Tutte le voci,2023,750,,,FILTER_ATS,Filter,,,,,,,,,,,,,,
A,Annuale,ITG1,Sicilia,USSSPM,Utenti,ALL,Tutte le voci,MDO,Comunale a gestione diretta,2023,4596,,,FILTER_ATS,Filter,,,,,,,,,,,,,,
A,Annuale,ITG1,Sicilia,USSSPM,Utenti,ALL,Tutte le voci,MMETP,Comunale a gestione affidata a terzi,2023,2210,,,FILTER_ATS,Filter,,,,,,,,,,,,,,
A,Annuale,ITG1,Sicilia,USSSPM,Utenti,ALL,Tutte le voci,PRPM,Privata con riserva di posti da parte del comune,2023,1223,,,FILTER_ATS,Filter,,,,,,,,,,,,,,
A,Annuale,ITG1,Sicilia,USSSPM,Utenti,ALL,Tutte le voci,CFPPS,Contributi alle famiglie per servizi privati o pubblici,2023,734,,,FILTER_ATS,Filter,,,,,,,,,,,,,,
A,Annuale,ITG1,Sicilia,USSSPM,Utenti,ALL,Tutte le voci,ALL,Tutte le voci,2023,8763,,,FILTER_ATS,Filter,,,,,,,,,,,,,,
A,Annuale,ITG1,Sicilia,TOTEXP,Totale spesa (euro),DNUR,Nidi e sezioni primavera,MDO,Comunale a gestione diretta,2023,38273050,,,FILTER_ATS,Filter,,,,,,,,,,,,,,
A,Annuale,ITG1,Sicilia,TOTEXP,Totale spesa (euro),DNUR,Nidi e sezioni primavera,MMETP,Comunale a gestione affidata a terzi,2023,10856682,,,FILTER_ATS,Filter,,,,,,,,,,,,,,
A,Annuale,ITG1,Sicilia,TOTEXP,Totale spesa (euro),DNUR,Nidi e sezioni primavera,PRPM,Privata con riserva di posti da parte del comune,2023,3506645,,,FILTER_ATS,Filter,,,,,,,,,,,,,,
A,Annuale,ITG1,Sicilia,TOTEXP,Totale spesa (euro),DNUR,Nidi e sezioni primavera,PCM,Privata senza riserva di posti da parte del comune,2023,662135,,,FILTER_ATS,Filter,,,,,,,,,,,,,,
A,Annuale,ITG1,Sicilia,TOTEXP,Totale spesa (euro),DNUR,Nidi e sezioni primavera,CFPPS,Contributi alle famiglie per servizi privati o pubblici,2023,1221781,,,FILTER_ATS,Filter,,,,,,,,,,,,,,
A,Annuale,ITG1,Sicilia,TOTEXP,Totale spesa (euro),DNUR,Nidi e sezioni primavera,ALL,Tutte le voci,2023,54520293,,,FILTER_ATS,Filter,,,,,,,,,,,,,,
A,Annuale,ITG1,Sicilia,TOTEXP,Totale spesa (euro),CDNUR,Nidi,MDO,Comunale a gestione diretta,2023,37424072,,,FILTER_ATS,Filter,,,,,,,,,,,,,,
A,Annuale,ITG1,Sicilia,TOTEXP,Totale spesa (euro),CDNUR,Nidi,MMETP,Comunale a gestione affidata a terzi,2023,10673768,,,FILTER_ATS,Filter,,,,,,,,,,,,,,
A,Annuale,ITG1,Sicilia,TOTEXP,Totale spesa (euro),CDNUR,Nidi,PRPM,Privata con riserva di posti da parte del comune,2023,2617437,,,FILTER_ATS,Filter,,,,,,,,,,,,,,
A,Annuale,ITG1,Sicilia,TOTEXP,Totale spesa (euro),CDNUR,Nidi,PCM,Privata senza riserva di posti da parte del comune,2023,229277,,,FILTER_ATS,Filter,,,,,,,,,,,,,,
A,Annuale,ITG1,Sicilia,TOTEXP,Totale spesa (euro),CDNUR,Nidi,CFPPS,Contributi alle famiglie per servizi privati o pubblici,2023,706529,,,FILTER_ATS,Filter,,,,,,,,,,,,,,
A,Annuale,ITG1,Sicilia,TOTEXP,Totale spesa (euro),CDNUR,Nidi,ALL,Tutte le voci,2023,51651083,,,FILTER_ATS,Filter,,,,,,,,,,,,,,
A,Annuale,ITG1,Sicilia,TOTEXP,Totale spesa (euro),DNISC,Sezioni primavera,MDO,Comunale a gestione diretta,2023,848978,,,FILTER_ATS,Filter,,,,,,,,,,,,,,
A,Annuale,ITG1,Sicilia,TOTEXP,Totale spesa (euro),DNISC,Sezioni primavera,MMETP,Comunale a gestione affidata a terzi,2023,182914,,,FILTER_ATS,Filter,,,,,,,,,,,,,,
A,Annuale,ITG1,Sicilia,TOTEXP,Totale spesa (euro),DNISC,Sezioni primavera,PRPM,Privata con riserva di posti da parte del comune,2023,889208,,,FILTER_ATS,Filter,,,,,,,,,,,,,,
A,Annuale,ITG1,Sicilia,TOTEXP,Totale spesa (euro),DNISC,Sezioni primavera,PCM,Privata senza riserva di posti da parte del comune,2023,432858,,,FILTER_ATS,Filter,,,,,,,,,,,,,,
A,Annuale,ITG1,Sicilia,TOTEXP,Totale spesa (euro),DNISC,Sezioni primavera,CFPPS,Contributi alle famiglie per servizi privati o pubblici,2023,515252,,,FILTER_ATS,Filter,,,,,,,,,,,,,,
A,Annuale,ITG1,Sicilia,TOTEXP,Totale spesa (euro),DNISC,Sezioni primavera,ALL,Tutte le voci,2023,2869210,,,FILTER_ATS,Filter,,,,,,,,,,,,,,
A,Annuale,ITG1,Sicilia,TOTEXP,Totale spesa (euro),ISERIDC,Servizi integrativi per la prima infanzia,MDO,Comunale a gestione diretta,2023,877996,,,FILTER_ATS,Filter,,,,,,,,,,,,,,
A,Annuale,ITG1,Sicilia,TOTEXP,Totale spesa (euro),ISERIDC,Servizi integrativi per la prima infanzia,MMETP,Comunale a gestione affidata a terzi,2023,660594,,,FILTER_ATS,Filter,,,,,,,,,,,,,,
A,Annuale,ITG1,Sicilia,TOTEXP,Totale spesa (euro),ISERIDC,Servizi integrativi per la prima infanzia,PRPM,Privata con riserva di posti da parte del comune,2023,391146,,,FILTER_ATS,Filter,,,,,,,,,,,,,,
A,Annuale,ITG1,Sicilia,TOTEXP,Totale spesa (euro),ISERIDC,Servizi integrativi per la prima infanzia,PCM,Privata senza riserva di posti da parte del comune,2023,42998,,,FILTER_ATS,Filter,,,,,,,,,,,,,,
A,Annuale,ITG1,Sicilia,TOTEXP,Totale spesa (euro),ISERIDC,Servizi integrativi per la prima infanzia,CFPPS,Contributi alle famiglie per servizi privati o pubblici,2023,451760,,,FILTER_ATS,Filter,,,,,,,,,,,,,,
A,Annuale,ITG1,Sicilia,TOTEXP,Totale spesa (euro),ISERIDC,Servizi integrativi per la prima infanzia,ALL,Tutte le voci,2023,2424494,,,FILTER_ATS,Filter,,,,,,,,,,,,,,
A,Annuale,ITG1,Sicilia,TOTEXP,Totale spesa (euro),ALL,Tutte le voci,MDO,Comunale a gestione diretta,2023,39151046,,,FILTER_ATS,Filter,,,,,,,,,,,,,,
A,Annuale,ITG1,Sicilia,TOTEXP,Totale spesa (euro),ALL,Tutte le voci,MMETP,Comunale a gestione affidata a terzi,2023,11517276,,,FILTER_ATS,Filter,,,,,,,,,,,,,,
A,Annuale,ITG1,Sicilia,TOTEXP,Totale spesa (euro),ALL,Tutte le voci,PRPM,Privata con riserva di posti da parte del comune,2023,3897791,,,FILTER_ATS,Filter,,,,,,,,,,,,,,
A,Annuale,ITG1,Sicilia,TOTEXP,Totale spesa (euro),ALL,Tutte le voci,PCM,Privata senza riserva di posti da parte del comune,2023,705133,,,FILTER_ATS,Filter,,,,,,,,,,,,,,
A,Annuale,ITG1,Sicilia,TOTEXP,Totale spesa (euro),ALL,Tutte le voci,CFPPS,Contributi alle famiglie per servizi privati o pubblici,2023,1673541,,,FILTER_ATS,Filter,,,,,,,,,,,,,,
A,Annuale,ITG1,Sicilia,TOTEXP,Totale spesa (euro),ALL,Tutte le voci,ALL,Tutte le voci,2023,56944787,,,FILTER_ATS,Filter,,,,,,,,,,,,,,
A,Annuale,ITG1,Sicilia,EXPMUN,Spesa dei comuni (euro),DNUR,Nidi e sezioni primavera,MDO,Comunale a gestione diretta,2023,34740075,,,FILTER_ATS,Filter,,,,,,,,,,,,,,
A,Annuale,ITG1,Sicilia,EXPMUN,Spesa dei comuni (euro),DNUR,Nidi e sezioni primavera,MMETP,Comunale a gestione affidata a terzi,2023,9254346,,,FILTER_ATS,Filter,,,,,,,,,,,,,,
A,Annuale,ITG1,Sicilia,EXPMUN,Spesa dei comuni (euro),DNUR,Nidi e sezioni primavera,PRPM,Privata con riserva di posti da parte del comune,2023,3189033,,,FILTER_ATS,Filter,,,,,,,,,,,,,,
A,Annuale,ITG1,Sicilia,EXPMUN,Spesa dei comuni (euro),DNUR,Nidi e sezioni primavera,PCM,Privata senza riserva di posti da parte del comune,2023,662135,,,FILTER_ATS,Filter,,,,,,,,,,,,,,
A,Annuale,ITG1,Sicilia,EXPMUN,Spesa dei comuni (euro),DNUR,Nidi e sezioni primavera,CFPPS,Contributi alle famiglie per servizi privati o pubblici,2023,1221781,,,FILTER_ATS,Filter,,,,,,,,,,,,,,
A,Annuale,ITG1,Sicilia,EXPMUN,Spesa dei comuni (euro),DNUR,Nidi e sezioni primavera,ALL,Tutte le voci,2023,49067370,,,FILTER_ATS,Filter,,,,,,,,,,,,,,
A,Annuale,ITG1,Sicilia,EXPMUN,Spesa dei comuni (euro),CDNUR,Nidi,MDO,Comunale a gestione diretta,2023,34006035,,,FILTER_ATS,Filter,,,,,,,,,,,,,,
A,Annuale,ITG1,Sicilia,EXPMUN,Spesa dei comuni (euro),CDNUR,Nidi,MMETP,Comunale a gestione affidata a terzi,2023,9074434,,,FILTER_ATS,Filter,,,,,,,,,,,,,,
A,Annuale,ITG1,Sicilia,EXPMUN,Spesa dei comuni (euro),CDNUR,Nidi,PRPM,Privata con riserva di posti da parte del comune,2023,2299825,,,FILTER_ATS,Filter,,,,,,,,,,,,,,
A,Annuale,ITG1,Sicilia,EXPMUN,Spesa dei comuni (euro),CDNUR,Nidi,PCM,Privata senza riserva di posti da parte del comune,2023,229277,,,FILTER_ATS,Filter,,,,,,,,,,,,,,
A,Annuale,ITG1,Sicilia,EXPMUN,Spesa dei comuni (euro),CDNUR,Nidi,CFPPS,Contributi alle famiglie per servizi privati o pubblici,2023,706529,,,FILTER_ATS,Filter,,,,,,,,,,,,,,
A,Annuale,ITG1,Sicilia,EXPMUN,Spesa dei comuni (euro),CDNUR,Nidi,ALL,Tutte le voci,2023,46316100,,,FILTER_ATS,Filter,,,,,,,,,,,,,,
A,Annuale,ITG1,Sicilia,EXPMUN,Spesa dei comuni (euro),DNISC,Sezioni primavera,MDO,Comunale a gestione diretta,2023,734040,,,FILTER_ATS,Filter,,,,,,,,,,,,,,
A,Annuale,ITG1,Sicilia,EXPMUN,Spesa dei comuni (euro),DNISC,Sezioni primavera,MMETP,Comunale a gestione affidata a terzi,2023,179912,,,FILTER_ATS,Filter,,,,,,,,,,,,,,
A,Annuale,ITG1,Sicilia,EXPMUN,Spesa dei comuni (euro),DNISC,Sezioni primavera,PRPM,Privata con riserva di posti da parte del comune,2023,889208,,,FILTER_ATS,Filter,,,,,,,,,,,,,,
A,Annuale,ITG1,Sicilia,EXPMUN,Spesa dei comuni (euro),DNISC,Sezioni primavera,PCM,Privata senza riserva di posti da parte del comune,2023,432858,,,FILTER_ATS,Filter,,,,,,,,,,,,,,
A,Annuale,ITG1,Sicilia,EXPMUN,Spesa dei comuni (euro),DNISC,Sezioni primavera,CFPPS,Contributi alle famiglie per servizi privati o pubblici,2023,515252,,,FILTER_ATS,Filter,,,,,,,,,,,,,,
A,Annuale,ITG1,Sicilia,EXPMUN,Spesa dei comuni (euro),DNISC,Sezioni primavera,ALL,Tutte le voci,2023,2751270,,,FILTER_ATS,Filter,,,,,,,,,,,,,,
A,Annuale,ITG1,Sicilia,EXPMUN,Spesa dei comuni (euro),ISERIDC,Servizi integrativi per la prima infanzia,MDO,Comunale a gestione diretta,2023,831687,,,FILTER_ATS,Filter,,,,,,,,,,,,,,
A,Annuale,ITG1,Sicilia,EXPMUN,Spesa dei comuni (euro),ISERIDC,Servizi integrativi per la prima infanzia,MMETP,Comunale a gestione affidata a terzi,2023,649092,,,FILTER_ATS,Filter,,,,,,,,,,,,,,
A,Annuale,ITG1,Sicilia,EXPMUN,Spesa dei comuni (euro),ISERIDC,Servizi integrativi per la prima infanzia,PRPM,Privata con riserva di posti da parte del comune,2023,388361,,,FILTER_ATS,Filter,,,,,,,,,,,,,,
A,Annuale,ITG1,Sicilia,EXPMUN,Spesa dei comuni (euro),ISERIDC,Servizi integrativi per la prima infanzia,PCM,Privata senza riserva di posti da parte del comune,2023,42998,,,FILTER_ATS,Filter,,,,,,,,,,,,,,
A,Annuale,ITG1,Sicilia,EXPMUN,Spesa dei comuni (euro),ISERIDC,Servizi integrativi per la prima infanzia,CFPPS,Contributi alle famiglie per servizi privati o pubblici,2023,451760,,,FILTER_ATS,Filter,,,,,,,,,,,,,,
A,Annuale,ITG1,Sicilia,EXPMUN,Spesa dei comuni (euro),ISERIDC,Servizi integrativi per la prima infanzia,ALL,Tutte le voci,2023,2363898,,,FILTER_ATS,Filter,,,,,,,,,,,,,,
A,Annuale,ITG1,Sicilia,EXPMUN,Spesa dei comuni (euro),ALL,Tutte le voci,MDO,Comunale a gestione diretta,2023,35571762,,,FILTER_ATS,Filter,,,,,,,,,,,,,,
A,Annuale,ITG1,Sicilia,EXPMUN,Spesa dei comuni (euro),ALL,Tutte le voci,MMETP,Comunale a gestione affidata a terzi,2023,9903438,,,FILTER_ATS,Filter,,,,,,,,,,,,,,
A,Annuale,ITG1,Sicilia,EXPMUN,Spesa dei comuni (euro),ALL,Tutte le voci,PRPM,Privata con riserva di posti da parte del comune,2023,3577394,,,FILTER_ATS,Filter,,,,,,,,,,,,,,
A,Annuale,ITG1,Sicilia,EXPMUN,Spesa dei comuni (euro),ALL,Tutte le voci,PCM,Privata senza riserva di posti da parte del comune,2023,705133,,,FILTER_ATS,Filter,,,,,,,,,,,,,,
A,Annuale,ITG1,Sicilia,EXPMUN,Spesa dei comuni (euro),ALL,Tutte le voci,CFPPS,Contributi alle famiglie per servizi privati o pubblici,2023,1673541,,,FILTER_ATS,Filter,,,,,,,,,,,,,,
A,Annuale,ITG1,Sicilia,EXPMUN,Spesa dei comuni (euro),ALL,Tutte le voci,ALL,Tutte le voci,2023,51431268,,,FILTER_ATS,Filter,,,,,,,,,,,,,,
A,Annuale,ITG1,Sicilia,EXPUSERS,Compartecipazione degli utenti alla spesa totale (euro),DNUR,Nidi e sezioni primavera,MDO,Comunale a gestione diretta,2023,3532975,,,FILTER_ATS,Filter,,,,,,,,,,,,,,
A,Annuale,ITG1,Sicilia,EXPUSERS,Compartecipazione degli utenti alla spesa totale (euro),DNUR,Nidi e sezioni primavera,MMETP,Comunale a gestione affidata a terzi,2023,1602336,,,FILTER_ATS,Filter,,,,,,,,,,,,,,
A,Annuale,ITG1,Sicilia,EXPUSERS,Compartecipazione degli utenti alla spesa totale (euro),DNUR,Nidi e sezioni primavera,PRPM,Privata con riserva di posti da parte del comune,2023,317612,,,FILTER_ATS,Filter,,,,,,,,,,,,,,
A,Annuale,ITG1,Sicilia,EXPUSERS,Compartecipazione degli utenti alla spesa totale (euro),DNUR,Nidi e sezioni primavera,ALL,Tutte le voci,2023,5452923,,,FILTER_ATS,Filter,,,,,,,,,,,,,,
A,Annuale,ITG1,Sicilia,EXPUSERS,Compartecipazione degli utenti alla spesa totale (euro),CDNUR,Nidi,MDO,Comunale a gestione diretta,2023,3418037,,,FILTER_ATS,Filter,,,,,,,,,,,,,,
A,Annuale,ITG1,Sicilia,EXPUSERS,Compartecipazione degli utenti alla spesa totale (euro),CDNUR,Nidi,MMETP,Comunale a gestione affidata a terzi,2023,1599334,,,FILTER_ATS,Filter,,,,,,,,,,,,,,
A,Annuale,ITG1,Sicilia,EXPUSERS,Compartecipazione degli utenti alla spesa totale (euro),CDNUR,Nidi,PRPM,Privata con riserva di posti da parte del comune,2023,317612,,,FILTER_ATS,Filter,,,,,,,,,,,,,,
A,Annuale,ITG1,Sicilia,EXPUSERS,Compartecipazione degli utenti alla spesa totale (euro),CDNUR,Nidi,ALL,Tutte le voci,2023,5334983,,,FILTER_ATS,Filter,,,,,,,,,,,,,,
A,Annuale,ITG1,Sicilia,EXPUSERS,Compartecipazione degli utenti alla spesa totale (euro),DNISC,Sezioni primavera,MDO,Comunale a gestione diretta,2023,114938,,,FILTER_ATS,Filter,,,,,,,,,,,,,,
A,Annuale,ITG1,Sicilia,EXPUSERS,Compartecipazione degli utenti alla spesa totale (euro),DNISC,Sezioni primavera,MMETP,Comunale a gestione affidata a terzi,2023,3002,,,FILTER_ATS,Filter,,,,,,,,,,,,,,
A,Annuale,ITG1,Sicilia,EXPUSERS,Compartecipazione degli utenti alla spesa totale (euro),DNISC,Sezioni primavera,PRPM,Privata con riserva di posti da parte del comune,2023,0,,,FILTER_ATS,Filter,,,,,,,,,,,,,,
A,Annuale,ITG1,Sicilia,EXPUSERS,Compartecipazione degli utenti alla spesa totale (euro),DNISC,Sezioni primavera,ALL,Tutte le voci,2023,117940,,,FILTER_ATS,Filter,,,,,,,,,,,,,,
A,Annuale,ITG1,Sicilia,EXPUSERS,Compartecipazione degli utenti alla spesa totale (euro),ISERIDC,Servizi integrativi per la prima infanzia,MDO,Comunale a gestione diretta,2023,46309,,,FILTER_ATS,Filter,,,,,,,,,,,,,,
A,Annuale,ITG1,Sicilia,EXPUSERS,Compartecipazione degli utenti alla spesa totale (euro),ISERIDC,Servizi integrativi per la prima infanzia,MMETP,Comunale a gestione affidata a terzi,2023,11502,,,FILTER_ATS,Filter,,,,,,,,,,,,,,
A,Annuale,ITG1,Sicilia,EXPUSERS,Compartecipazione degli utenti alla spesa totale (euro),ISERIDC,Servizi integrativi per la prima infanzia,PRPM,Privata con riserva di posti da parte del comune,2023,2785,,,FILTER_ATS,Filter,,,,,,,,,,,,,,
A,Annuale,ITG1,Sicilia,EXPUSERS,Compartecipazione degli utenti alla spesa totale (euro),ISERIDC,Servizi integrativi per la prima infanzia,ALL,Tutte le voci,2023,60596,,,FILTER_ATS,Filter,,,,,,,,,,,,,,
A,Annuale,ITG1,Sicilia,EXPUSERS,Compartecipazione degli utenti alla spesa totale (euro),ALL,Tutte le voci,MDO,Comunale a gestione diretta,2023,3579284,,,FILTER_ATS,Filter,,,,,,,,,,,,,,
A,Annuale,ITG1,Sicilia,EXPUSERS,Compartecipazione degli utenti alla spesa totale (euro),ALL,Tutte le voci,MMETP,Comunale a gestione affidata a terzi,2023,1613838,,,FILTER_ATS,Filter,,,,,,,,,,,,,,
A,Annuale,ITG1,Sicilia,EXPUSERS,Compartecipazione degli utenti alla spesa totale (euro),ALL,Tutte le voci,PRPM,Privata con riserva di posti da parte del comune,2023,320397,,,FILTER_ATS,Filter,,,,,,,,,,,,,,
A,Annuale,ITG1,Sicilia,EXPUSERS,Compartecipazione degli utenti alla spesa totale (euro),ALL,Tutte le voci,ALL,Tutte le voci,2023,5513519,,,FILTER_ATS,Filter,,,,,,,,,,,,,,
A,Annuale,ITG1,Sicilia,PEREXPPU,Spesa sostenuta dagli utenti sulla spesa totale (percentuale),DNUR,Nidi e sezioni primavera,MDO,Comunale a gestione diretta,2023,9.2,,,FILTER_ATS,Filter,,,,,,,,,,,,,,
A,Annuale,ITG1,Sicilia,PEREXPPU,Spesa sostenuta dagli utenti sulla spesa totale (percentuale),DNUR,Nidi e sezioni primavera,MMETP,Comunale a gestione affidata a terzi,2023,14.8,,,FILTER_ATS,Filter,,,,,,,,,,,,,,
A,Annuale,ITG1,Sicilia,PEREXPPU,Spesa sostenuta dagli utenti sulla spesa totale (percentuale),DNUR,Nidi e sezioni primavera,PRPM,Privata con riserva di posti da parte del comune,2023,9.1,,,FILTER_ATS,Filter,,,,,,,,,,,,,,
A,Annuale,ITG1,Sicilia,PEREXPPU,Spesa sostenuta dagli utenti sulla spesa totale (percentuale),DNUR,Nidi e sezioni primavera,ALL,Tutte le voci,2023,10,,,FILTER_ATS,Filter,,,,,,,,,,,,,,
A,Annuale,ITG1,Sicilia,PEREXPPU,Spesa sostenuta dagli utenti sulla spesa totale (percentuale),CDNUR,Nidi,MDO,Comunale a gestione diretta,2023,9.1,,,FILTER_ATS,Filter,,,,,,,,,,,,,,
A,Annuale,ITG1,Sicilia,PEREXPPU,Spesa sostenuta dagli utenti sulla spesa totale (percentuale),CDNUR,Nidi,MMETP,Comunale a gestione affidata a terzi,2023,15,,,FILTER_ATS,Filter,,,,,,,,,,,,,,
A,Annuale,ITG1,Sicilia,PEREXPPU,Spesa sostenuta dagli utenti sulla spesa totale (percentuale),CDNUR,Nidi,PRPM,Privata con riserva di posti da parte del comune,2023,12.1,,,FILTER_ATS,Filter,,,,,,,,,,,,,,
A,Annuale,ITG1,Sicilia,PEREXPPU,Spesa sostenuta dagli utenti sulla spesa totale (percentuale),CDNUR,Nidi,ALL,Tutte le voci,2023,10.3,,,FILTER_ATS,Filter,,,,,,,,,,,,,,
A,Annuale,ITG1,Sicilia,PEREXPPU,Spesa sostenuta dagli utenti sulla spesa totale (percentuale),DNISC,Sezioni primavera,MDO,Comunale a gestione diretta,2023,13.5,,,FILTER_ATS,Filter,,,,,,,,,,,,,,
A,Annuale,ITG1,Sicilia,PEREXPPU,Spesa sostenuta dagli utenti sulla spesa totale (percentuale),DNISC,Sezioni primavera,MMETP,Comunale a gestione affidata a terzi,2023,1.6,,,FILTER_ATS,Filter,,,,,,,,,,,,,,
A,Annuale,ITG1,Sicilia,PEREXPPU,Spesa sostenuta dagli utenti sulla spesa totale (percentuale),DNISC,Sezioni primavera,PRPM,Privata con riserva di posti da parte del comune,2023,0,,,FILTER_ATS,Filter,,,,,,,,,,,,,,
A,Annuale,ITG1,Sicilia,PEREXPPU,Spesa sostenuta dagli utenti sulla spesa totale (percentuale),DNISC,Sezioni primavera,ALL,Tutte le voci,2023,4.1,,,FILTER_ATS,Filter,,,,,,,,,,,,,,
A,Annuale,ITG1,Sicilia,PEREXPPU,Spesa sostenuta dagli utenti sulla spesa totale (percentuale),ISERIDC,Servizi integrativi per la prima infanzia,MDO,Comunale a gestione diretta,2023,5.3,,,FILTER_ATS,Filter,,,,,,,,,,,,,,
A,Annuale,ITG1,Sicilia,PEREXPPU,Spesa sostenuta dagli utenti sulla spesa totale (percentuale),ISERIDC,Servizi integrativi per la prima infanzia,MMETP,Comunale a gestione affidata a terzi,2023,1.7,,,FILTER_ATS,Filter,,,,,,,,,,,,,,
A,Annuale,ITG1,Sicilia,PEREXPPU,Spesa sostenuta dagli utenti sulla spesa totale (percentuale),ISERIDC,Servizi integrativi per la prima infanzia,PRPM,Privata con riserva di posti da parte del comune,2023,0.7,,,FILTER_ATS,Filter,,,,,,,,,,,,,,
A,Annuale,ITG1,Sicilia,PEREXPPU,Spesa sostenuta dagli utenti sulla spesa totale (percentuale),ISERIDC,Servizi integrativi per la prima infanzia,ALL,Tutte le voci,2023,2.5,,,FILTER_ATS,Filter,,,,,,,,,,,,,,
A,Annuale,ITG1,Sicilia,PEREXPPU,Spesa sostenuta dagli utenti sulla spesa totale (percentuale),ALL,Tutte le voci,MDO,Comunale a gestione diretta,2023,9.1,,,FILTER_ATS,Filter,,,,,,,,,,,,,,
A,Annuale,ITG1,Sicilia,PEREXPPU,Spesa sostenuta dagli utenti sulla spesa totale (percentuale),ALL,Tutte le voci,MMETP,Comunale a gestione affidata a terzi,2023,14,,,FILTER_ATS,Filter,,,,,,,,,,,,,,
A,Annuale,ITG1,Sicilia,PEREXPPU,Spesa sostenuta dagli utenti sulla spesa totale (percentuale),ALL,Tutte le voci,PRPM,Privata con riserva di posti da parte del comune,2023,8.2,,,FILTER_ATS,Filter,,,,,,,,,,,,,,
A,Annuale,ITG1,Sicilia,PEREXPPU,Spesa sostenuta dagli utenti sulla spesa totale (percentuale),ALL,Tutte le voci,ALL,Tutte le voci,2023,9.7,,,FILTER_ATS,Filter,,,,,,,,,,,,,,
A,Annuale,ITG2,Sardegna,USSSPM,Utenti,DNUR,Nidi e sezioni primavera,MDO,Comunale a gestione diretta,2023,1086,,,FILTER_ATS,Filter,,,,,,,,,,,,,,
A,Annuale,ITG2,Sardegna,USSSPM,Utenti,DNUR,Nidi e sezioni primavera,MMETP,Comunale a gestione affidata a terzi,2023,1959,,,FILTER_ATS,Filter,,,,,,,,,,,,,,
A,Annuale,ITG2,Sardegna,USSSPM,Utenti,DNUR,Nidi e sezioni primavera,PRPM,Privata con riserva di posti da parte del comune,2023,735,,,FILTER_ATS,Filter,,,,,,,,,,,,,,
A,Annuale,ITG2,Sardegna,USSSPM,Utenti,DNUR,Nidi e sezioni primavera,CFPPS,Contributi alle famiglie per servizi privati o pubblici,2023,2661,,,FILTER_ATS,Filter,,,,,,,,,,,,,,
A,Annuale,ITG2,Sardegna,USSSPM,Utenti,DNUR,Nidi e sezioni primavera,ALL,Tutte le voci,2023,6441,,,FILTER_ATS,Filter,,,,,,,,,,,,,,
A,Annuale,ITG2,Sardegna,USSSPM,Utenti,CDNUR,Nidi,MDO,Comunale a gestione diretta,2023,959,,,FILTER_ATS,Filter,,,,,,,,,,,,,,
A,Annuale,ITG2,Sardegna,USSSPM,Utenti,CDNUR,Nidi,MMETP,Comunale a gestione affidata a terzi,2023,1718,,,FILTER_ATS,Filter,,,,,,,,,,,,,,
A,Annuale,ITG2,Sardegna,USSSPM,Utenti,CDNUR,Nidi,PRPM,Privata con riserva di posti da parte del comune,2023,708,,,FILTER_ATS,Filter,,,,,,,,,,,,,,
A,Annuale,ITG2,Sardegna,USSSPM,Utenti,CDNUR,Nidi,CFPPS,Contributi alle famiglie per servizi privati o pubblici,2023,2500,,,FILTER_ATS,Filter,,,,,,,,,,,,,,
A,Annuale,ITG2,Sardegna,USSSPM,Utenti,CDNUR,Nidi,ALL,Tutte le voci,2023,5885,,,FILTER_ATS,Filter,,,,,,,,,,,,,,
A,Annuale,ITG2,Sardegna,USSSPM,Utenti,DNISC,Sezioni primavera,MDO,Comunale a gestione diretta,2023,127,,,FILTER_ATS,Filter,,,,,,,,,,,,,,
A,Annuale,ITG2,Sardegna,USSSPM,Utenti,DNISC,Sezioni primavera,MMETP,Comunale a gestione affidata a terzi,2023,241,,,FILTER_ATS,Filter,,,,,,,,,,,,,,
A,Annuale,ITG2,Sardegna,USSSPM,Utenti,DNISC,Sezioni primavera,PRPM,Privata con riserva di posti da parte del comune,2023,27,,,FILTER_ATS,Filter,,,,,,,,,,,,,,
A,Annuale,ITG2,Sardegna,USSSPM,Utenti,DNISC,Sezioni primavera,CFPPS,Contributi alle famiglie per servizi privati o pubblici,2023,161,,,FILTER_ATS,Filter,,,,,,,,,,,,,,
A,Annuale,ITG2,Sardegna,USSSPM,Utenti,DNISC,Sezioni primavera,ALL,Tutte le voci,2023,556,,,FILTER_ATS,Filter,,,,,,,,,,,,,,
A,Annuale,ITG2,Sardegna,USSSPM,Utenti,ISERIDC,Servizi integrativi per la prima infanzia,MDO,Comunale a gestione diretta,2023,55,,,FILTER_ATS,Filter,,,,,,,,,,,,,,
A,Annuale,ITG2,Sardegna,USSSPM,Utenti,ISERIDC,Servizi integrativi per la prima infanzia,MMETP,Comunale a gestione affidata a terzi,2023,51,,,FILTER_ATS,Filter,,,,,,,,,,,,,,
A,Annuale,ITG2,Sardegna,USSSPM,Utenti,ISERIDC,Servizi integrativi per la prima infanzia,PRPM,Privata con riserva di posti da parte del comune,2023,0,,,FILTER_ATS,Filter,,,,,,,,,,,,,,
A,Annuale,ITG2,Sardegna,USSSPM,Utenti,ISERIDC,Servizi integrativi per la prima infanzia,CFPPS,Contributi alle famiglie per servizi privati o pubblici,2023,12,,,FILTER_ATS,Filter,,,,,,,,,,,,,,
A,Annuale,ITG2,Sardegna,USSSPM,Utenti,ISERIDC,Servizi integrativi per la prima infanzia,ALL,Tutte le voci,2023,118,,,FILTER_ATS,Filter,,,,,,,,,,,,,,
A,Annuale,ITG2,Sardegna,USSSPM,Utenti,ALL,Tutte le voci,MDO,Comunale a gestione diretta,2023,1141,,,FILTER_ATS,Filter,,,,,,,,,,,,,,
A,Annuale,ITG2,Sardegna,USSSPM,Utenti,ALL,Tutte le voci,MMETP,Comunale a gestione affidata a terzi,2023,2010,,,FILTER_ATS,Filter,,,,,,,,,,,,,,
A,Annuale,ITG2,Sardegna,USSSPM,Utenti,ALL,Tutte le voci,PRPM,Privata con riserva di posti da parte del comune,2023,735,,,FILTER_ATS,Filter,,,,,,,,,,,,,,
A,Annuale,ITG2,Sardegna,USSSPM,Utenti,ALL,Tutte le voci,CFPPS,Contributi alle famiglie per servizi privati o pubblici,2023,2673,,,FILTER_ATS,Filter,,,,,,,,,,,,,,
A,Annuale,ITG2,Sardegna,USSSPM,Utenti,ALL,Tutte le voci,ALL,Tutte le voci,2023,6559,,,FILTER_ATS,Filter,,,,,,,,,,,,,,
A,Annuale,ITG2,Sardegna,TOTEXP,Totale spesa (euro),DNUR,Nidi e sezioni primavera,MDO,Comunale a gestione diretta,2023,7599603,,,FILTER_ATS,Filter,,,,,,,,,,,,,,
A,Annuale,ITG2,Sardegna,TOTEXP,Totale spesa (euro),DNUR,Nidi e sezioni primavera,MMETP,Comunale a gestione affidata a terzi,2023,13526986,,,FILTER_ATS,Filter,,,,,,,,,,,,,,
A,Annuale,ITG2,Sardegna,TOTEXP,Totale spesa (euro),DNUR,Nidi e sezioni primavera,PRPM,Privata con riserva di posti da parte del comune,2023,3590386,,,FILTER_ATS,Filter,,,,,,,,,,,,,,
A,Annuale,ITG2,Sardegna,TOTEXP,Totale spesa (euro),DNUR,Nidi e sezioni primavera,PCM,Privata senza riserva di posti da parte del comune,2023,325580,,,FILTER_ATS,Filter,,,,,,,,,,,,,,
A,Annuale,ITG2,Sardegna,TOTEXP,Totale spesa (euro),DNUR,Nidi e sezioni primavera,CFPPS,Contributi alle famiglie per servizi privati o pubblici,2023,2576790,,,FILTER_ATS,Filter,,,,,,,,,,,,,,
A,Annuale,ITG2,Sardegna,TOTEXP,Totale spesa (euro),DNUR,Nidi e sezioni primavera,ALL,Tutte le voci,2023,27619345,,,FILTER_ATS,Filter,,,,,,,,,,,,,,
A,Annuale,ITG2,Sardegna,TOTEXP,Totale spesa (euro),CDNUR,Nidi,MDO,Comunale a gestione diretta,2023,6782560,,,FILTER_ATS,Filter,,,,,,,,,,,,,,
A,Annuale,ITG2,Sardegna,TOTEXP,Totale spesa (euro),CDNUR,Nidi,MMETP,Comunale a gestione affidata a terzi,2023,11902779,,,FILTER_ATS,Filter,,,,,,,,,,,,,,
A,Annuale,ITG2,Sardegna,TOTEXP,Totale spesa (euro),CDNUR,Nidi,PRPM,Privata con riserva di posti da parte del comune,2023,3559925,,,FILTER_ATS,Filter,,,,,,,,,,,,,,
A,Annuale,ITG2,Sardegna,TOTEXP,Totale spesa (euro),CDNUR,Nidi,PCM,Privata senza riserva di posti da parte del comune,2023,282003,,,FILTER_ATS,Filter,,,,,,,,,,,,,,
A,Annuale,ITG2,Sardegna,TOTEXP,Totale spesa (euro),CDNUR,Nidi,CFPPS,Contributi alle famiglie per servizi privati o pubblici,2023,2439904,,,FILTER_ATS,Filter,,,,,,,,,,,,,,
A,Annuale,ITG2,Sardegna,TOTEXP,Totale spesa (euro),CDNUR,Nidi,ALL,Tutte le voci,2023,24967171,,,FILTER_ATS,Filter,,,,,,,,,,,,,,
A,Annuale,ITG2,Sardegna,TOTEXP,Totale spesa (euro),DNISC,Sezioni primavera,MDO,Comunale a gestione diretta,2023,817043,,,FILTER_ATS,Filter,,,,,,,,,,,,,,
A,Annuale,ITG2,Sardegna,TOTEXP,Totale spesa (euro),DNISC,Sezioni primavera,MMETP,Comunale a gestione affidata a terzi,2023,1624207,,,FILTER_ATS,Filter,,,,,,,,,,,,,,
A,Annuale,ITG2,Sardegna,TOTEXP,Totale spesa (euro),DNISC,Sezioni primavera,PRPM,Privata con riserva di posti da parte del comune,2023,30461,,,FILTER_ATS,Filter,,,,,,,,,,,,,,
A,Annuale,ITG2,Sardegna,TOTEXP,Totale spesa (euro),DNISC,Sezioni primavera,PCM,Privata senza riserva di posti da parte del comune,2023,43577,,,FILTER_ATS,Filter,,,,,,,,,,,,,,
A,Annuale,ITG2,Sardegna,TOTEXP,Totale spesa (euro),DNISC,Sezioni primavera,CFPPS,Contributi alle famiglie per servizi privati o pubblici,2023,136886,,,FILTER_ATS,Filter,,,,,,,,,,,,,,
A,Annuale,ITG2,Sardegna,TOTEXP,Totale spesa (euro),DNISC,Sezioni primavera,ALL,Tutte le voci,2023,2652174,,,FILTER_ATS,Filter,,,,,,,,,,,,,,
A,Annuale,ITG2,Sardegna,TOTEXP,Totale spesa (euro),ISERIDC,Servizi integrativi per la prima infanzia,MDO,Comunale a gestione diretta,2023,147046,,,FILTER_ATS,Filter,,,,,,,,,,,,,,
A,Annuale,ITG2,Sardegna,TOTEXP,Totale spesa (euro),ISERIDC,Servizi integrativi per la prima infanzia,MMETP,Comunale a gestione affidata a terzi,2023,172130,,,FILTER_ATS,Filter,,,,,,,,,,,,,,
A,Annuale,ITG2,Sardegna,TOTEXP,Totale spesa (euro),ISERIDC,Servizi integrativi per la prima infanzia,PRPM,Privata con riserva di posti da parte del comune,2023,0,,,FILTER_ATS,Filter,,,,,,,,,,,,,,
A,Annuale,ITG2,Sardegna,TOTEXP,Totale spesa (euro),ISERIDC,Servizi integrativi per la prima infanzia,PCM,Privata senza riserva di posti da parte del comune,2023,0,,,FILTER_ATS,Filter,,,,,,,,,,,,,,
A,Annuale,ITG2,Sardegna,TOTEXP,Totale spesa (euro),ISERIDC,Servizi integrativi per la prima infanzia,CFPPS,Contributi alle famiglie per servizi privati o pubblici,2023,7920,,,FILTER_ATS,Filter,,,,,,,,,,,,,,
A,Annuale,ITG2,Sardegna,TOTEXP,Totale spesa (euro),ISERIDC,Servizi integrativi per la prima infanzia,ALL,Tutte le voci,2023,327096,,,FILTER_ATS,Filter,,,,,,,,,,,,,,
A,Annuale,ITG2,Sardegna,TOTEXP,Totale spesa (euro),ALL,Tutte le voci,MDO,Comunale a gestione diretta,2023,7746649,,,FILTER_ATS,Filter,,,,,,,,,,,,,,
A,Annuale,ITG2,Sardegna,TOTEXP,Totale spesa (euro),ALL,Tutte le voci,MMETP,Comunale a gestione affidata a terzi,2023,13699116,,,FILTER_ATS,Filter,,,,,,,,,,,,,,
A,Annuale,ITG2,Sardegna,TOTEXP,Totale spesa (euro),ALL,Tutte le voci,PRPM,Privata con riserva di posti da parte del comune,2023,3590386,,,FILTER_ATS,Filter,,,,,,,,,,,,,,
A,Annuale,ITG2,Sardegna,TOTEXP,Totale spesa (euro),ALL,Tutte le voci,PCM,Privata senza riserva di posti da parte del comune,2023,325580,,,FILTER_ATS,Filter,,,,,,,,,,,,,,
A,Annuale,ITG2,Sardegna,TOTEXP,Totale spesa (euro),ALL,Tutte le voci,CFPPS,Contributi alle famiglie per servizi privati o pubblici,2023,2584710,,,FILTER_ATS,Filter,,,,,,,,,,,,,,
A,Annuale,ITG2,Sardegna,TOTEXP,Totale spesa (euro),ALL,Tutte le voci,ALL,Tutte le voci,2023,27946441,,,FILTER_ATS,Filter,,,,,,,,,,,,,,
A,Annuale,ITG2,Sardegna,EXPMUN,Spesa dei comuni (euro),DNUR,Nidi e sezioni primavera,MDO,Comunale a gestione diretta,2023,5643498,,,FILTER_ATS,Filter,,,,,,,,,,,,,,
A,Annuale,ITG2,Sardegna,EXPMUN,Spesa dei comuni (euro),DNUR,Nidi e sezioni primavera,MMETP,Comunale a gestione affidata a terzi,2023,10324727,,,FILTER_ATS,Filter,,,,,,,,,,,,,,
A,Annuale,ITG2,Sardegna,EXPMUN,Spesa dei comuni (euro),DNUR,Nidi e sezioni primavera,PRPM,Privata con riserva di posti da parte del comune,2023,2802621,,,FILTER_ATS,Filter,,,,,,,,,,,,,,
A,Annuale,ITG2,Sardegna,EXPMUN,Spesa dei comuni (euro),DNUR,Nidi e sezioni primavera,PCM,Privata senza riserva di posti da parte del comune,2023,325580,,,FILTER_ATS,Filter,,,,,,,,,,,,,,
A,Annuale,ITG2,Sardegna,EXPMUN,Spesa dei comuni (euro),DNUR,Nidi e sezioni primavera,CFPPS,Contributi alle famiglie per servizi privati o pubblici,2023,2576790,,,FILTER_ATS,Filter,,,,,,,,,,,,,,
A,Annuale,ITG2,Sardegna,EXPMUN,Spesa dei comuni (euro),DNUR,Nidi e sezioni primavera,ALL,Tutte le voci,2023,21673216,,,FILTER_ATS,Filter,,,,,,,,,,,,,,
A,Annuale,ITG2,Sardegna,EXPMUN,Spesa dei comuni (euro),CDNUR,Nidi,MDO,Comunale a gestione diretta,2023,5007042,,,FILTER_ATS,Filter,,,,,,,,,,,,,,
A,Annuale,ITG2,Sardegna,EXPMUN,Spesa dei comuni (euro),CDNUR,Nidi,MMETP,Comunale a gestione affidata a terzi,2023,9042657,,,FILTER_ATS,Filter,,,,,,,,,,,,,,
A,Annuale,ITG2,Sardegna,EXPMUN,Spesa dei comuni (euro),CDNUR,Nidi,PRPM,Privata con riserva di posti da parte del comune,2023,2772160,,,FILTER_ATS,Filter,,,,,,,,,,,,,,
A,Annuale,ITG2,Sardegna,EXPMUN,Spesa dei comuni (euro),CDNUR,Nidi,PCM,Privata senza riserva di posti da parte del comune,2023,282003,,,FILTER_ATS,Filter,,,,,,,,,,,,,,
A,Annuale,ITG2,Sardegna,EXPMUN,Spesa dei comuni (euro),CDNUR,Nidi,CFPPS,Contributi alle famiglie per servizi privati o pubblici,2023,2439904,,,FILTER_ATS,Filter,,,,,,,,,,,,,,
A,Annuale,ITG2,Sardegna,EXPMUN,Spesa dei comuni (euro),CDNUR,Nidi,ALL,Tutte le voci,2023,19543766,,,FILTER_ATS,Filter,,,,,,,,,,,,,,
A,Annuale,ITG2,Sardegna,EXPMUN,Spesa dei comuni (euro),DNISC,Sezioni primavera,MDO,Comunale a gestione diretta,2023,636456,,,FILTER_ATS,Filter,,,,,,,,,,,,,,
A,Annuale,ITG2,Sardegna,EXPMUN,Spesa dei comuni (euro),DNISC,Sezioni primavera,MMETP,Comunale a gestione affidata a terzi,2023,1282070,,,FILTER_ATS,Filter,,,,,,,,,,,,,,
A,Annuale,ITG2,Sardegna,EXPMUN,Spesa dei comuni (euro),DNISC,Sezioni primavera,PRPM,Privata con riserva di posti da parte del comune,2023,30461,,,FILTER_ATS,Filter,,,,,,,,,,,,,,
A,Annuale,ITG2,Sardegna,EXPMUN,Spesa dei comuni (euro),DNISC,Sezioni primavera,PCM,Privata senza riserva di posti da parte del comune,2023,43577,,,FILTER_ATS,Filter,,,,,,,,,,,,,,
A,Annuale,ITG2,Sardegna,EXPMUN,Spesa dei comuni (euro),DNISC,Sezioni primavera,CFPPS,Contributi alle famiglie per servizi privati o pubblici,2023,136886,,,FILTER_ATS,Filter,,,,,,,,,,,,,,
A,Annuale,ITG2,Sardegna,EXPMUN,Spesa dei comuni (euro),DNISC,Sezioni primavera,ALL,Tutte le voci,2023,2129450,,,FILTER_ATS,Filter,,,,,,,,,,,,,,
A,Annuale,ITG2,Sardegna,EXPMUN,Spesa dei comuni (euro),ISERIDC,Servizi integrativi per la prima infanzia,MDO,Comunale a gestione diretta,2023,108797,,,FILTER_ATS,Filter,,,,,,,,,,,,,,
A,Annuale,ITG2,Sardegna,EXPMUN,Spesa dei comuni (euro),ISERIDC,Servizi integrativi per la prima infanzia,MMETP,Comunale a gestione affidata a terzi,2023,139785,,,FILTER_ATS,Filter,,,,,,,,,,,,,,
A,Annuale,ITG2,Sardegna,EXPMUN,Spesa dei comuni (euro),ISERIDC,Servizi integrativi per la prima infanzia,PRPM,Privata con riserva di posti da parte del comune,2023,0,,,FILTER_ATS,Filter,,,,,,,,,,,,,,
A,Annuale,ITG2,Sardegna,EXPMUN,Spesa dei comuni (euro),ISERIDC,Servizi integrativi per la prima infanzia,PCM,Privata senza riserva di posti da parte del comune,2023,0,,,FILTER_ATS,Filter,,,,,,,,,,,,,,
A,Annuale,ITG2,Sardegna,EXPMUN,Spesa dei comuni (euro),ISERIDC,Servizi integrativi per la prima infanzia,CFPPS,Contributi alle famiglie per servizi privati o pubblici,2023,7920,,,FILTER_ATS,Filter,,,,,,,,,,,,,,
A,Annuale,ITG2,Sardegna,EXPMUN,Spesa dei comuni (euro),ISERIDC,Servizi integrativi per la prima infanzia,ALL,Tutte le voci,2023,256502,,,FILTER_ATS,Filter,,,,,,,,,,,,,,
A,Annuale,ITG2,Sardegna,EXPMUN,Spesa dei comuni (euro),ALL,Tutte le voci,MDO,Comunale a gestione diretta,2023,5752295,,,FILTER_ATS,Filter,,,,,,,,,,,,,,
A,Annuale,ITG2,Sardegna,EXPMUN,Spesa dei comuni (euro),ALL,Tutte le voci,MMETP,Comunale a gestione affidata a terzi,2023,10464512,,,FILTER_ATS,Filter,,,,,,,,,,,,,,
A,Annuale,ITG2,Sardegna,EXPMUN,Spesa dei comuni (euro),ALL,Tutte le voci,PRPM,Privata con riserva di posti da parte del comune,2023,2802621,,,FILTER_ATS,Filter,,,,,,,,,,,,,,
A,Annuale,ITG2,Sardegna,EXPMUN,Spesa dei comuni (euro),ALL,Tutte le voci,PCM,Privata senza riserva di posti da parte del comune,2023,325580,,,FILTER_ATS,Filter,,,,,,,,,,,,,,
A,Annuale,ITG2,Sardegna,EXPMUN,Spesa dei comuni (euro),ALL,Tutte le voci,CFPPS,Contributi alle famiglie per servizi privati o pubblici,2023,2584710,,,FILTER_ATS,Filter,,,,,,,,,,,,,,
A,Annuale,ITG2,Sardegna,EXPMUN,Spesa dei comuni (euro),ALL,Tutte le voci,ALL,Tutte le voci,2023,21929718,,,FILTER_ATS,Filter,,,,,,,,,,,,,,
A,Annuale,ITG2,Sardegna,EXPUSERS,Compartecipazione degli utenti alla spesa totale (euro),DNUR,Nidi e sezioni primavera,MDO,Comunale a gestione diretta,2023,1956105,,,FILTER_ATS,Filter,,,,,,,,,,,,,,
A,Annuale,ITG2,Sardegna,EXPUSERS,Compartecipazione degli utenti alla spesa totale (euro),DNUR,Nidi e sezioni primavera,MMETP,Comunale a gestione affidata a terzi,2023,3202259,,,FILTER_ATS,Filter,,,,,,,,,,,,,,
A,Annuale,ITG2,Sardegna,EXPUSERS,Compartecipazione degli utenti alla spesa totale (euro),DNUR,Nidi e sezioni primavera,PRPM,Privata con riserva di posti da parte del comune,2023,787765,,,FILTER_ATS,Filter,,,,,,,,,,,,,,
A,Annuale,ITG2,Sardegna,EXPUSERS,Compartecipazione degli utenti alla spesa totale (euro),DNUR,Nidi e sezioni primavera,ALL,Tutte le voci,2023,5946129,,,FILTER_ATS,Filter,,,,,,,,,,,,,,
A,Annuale,ITG2,Sardegna,EXPUSERS,Compartecipazione degli utenti alla spesa totale (euro),CDNUR,Nidi,MDO,Comunale a gestione diretta,2023,1775518,,,FILTER_ATS,Filter,,,,,,,,,,,,,,
A,Annuale,ITG2,Sardegna,EXPUSERS,Compartecipazione degli utenti alla spesa totale (euro),CDNUR,Nidi,MMETP,Comunale a gestione affidata a terzi,2023,2860122,,,FILTER_ATS,Filter,,,,,,,,,,,,,,
A,Annuale,ITG2,Sardegna,EXPUSERS,Compartecipazione degli utenti alla spesa totale (euro),CDNUR,Nidi,PRPM,Privata con riserva di posti da parte del comune,2023,787765,,,FILTER_ATS,Filter,,,,,,,,,,,,,,
A,Annuale,ITG2,Sardegna,EXPUSERS,Compartecipazione degli utenti alla spesa totale (euro),CDNUR,Nidi,ALL,Tutte le voci,2023,5423405,,,FILTER_ATS,Filter,,,,,,,,,,,,,,
A,Annuale,ITG2,Sardegna,EXPUSERS,Compartecipazione degli utenti alla spesa totale (euro),DNISC,Sezioni primavera,MDO,Comunale a gestione diretta,2023,180587,,,FILTER_ATS,Filter,,,,,,,,,,,,,,
A,Annuale,ITG2,Sardegna,EXPUSERS,Compartecipazione degli utenti alla spesa totale (euro),DNISC,Sezioni primavera,MMETP,Comunale a gestione affidata a terzi,2023,342137,,,FILTER_ATS,Filter,,,,,,,,,,,,,,
A,Annuale,ITG2,Sardegna,EXPUSERS,Compartecipazione degli utenti alla spesa totale (euro),DNISC,Sezioni primavera,PRPM,Privata con riserva di posti da parte del comune,2023,0,,,FILTER_ATS,Filter,,,,,,,,,,,,,,
A,Annuale,ITG2,Sardegna,EXPUSERS,Compartecipazione degli utenti alla spesa totale (euro),DNISC,Sezioni primavera,ALL,Tutte le voci,2023,522724,,,FILTER_ATS,Filter,,,,,,,,,,,,,,
A,Annuale,ITG2,Sardegna,EXPUSERS,Compartecipazione degli utenti alla spesa totale (euro),ISERIDC,Servizi integrativi per la prima infanzia,MDO,Comunale a gestione diretta,2023,38249,,,FILTER_ATS,Filter,,,,,,,,,,,,,,
A,Annuale,ITG2,Sardegna,EXPUSERS,Compartecipazione degli utenti alla spesa totale (euro),ISERIDC,Servizi integrativi per la prima infanzia,MMETP,Comunale a gestione affidata a terzi,2023,32345,,,FILTER_ATS,Filter,,,,,,,,,,,,,,
A,Annuale,ITG2,Sardegna,EXPUSERS,Compartecipazione degli utenti alla spesa totale (euro),ISERIDC,Servizi integrativi per la prima infanzia,PRPM,Privata con riserva di posti da parte del comune,2023,0,,,FILTER_ATS,Filter,,,,,,,,,,,,,,
A,Annuale,ITG2,Sardegna,EXPUSERS,Compartecipazione degli utenti alla spesa totale (euro),ISERIDC,Servizi integrativi per la prima infanzia,ALL,Tutte le voci,2023,70594,,,FILTER_ATS,Filter,,,,,,,,,,,,,,
A,Annuale,ITG2,Sardegna,EXPUSERS,Compartecipazione degli utenti alla spesa totale (euro),ALL,Tutte le voci,MDO,Comunale a gestione diretta,2023,1994354,,,FILTER_ATS,Filter,,,,,,,,,,,,,,
A,Annuale,ITG2,Sardegna,EXPUSERS,Compartecipazione degli utenti alla spesa totale (euro),ALL,Tutte le voci,MMETP,Comunale a gestione affidata a terzi,2023,3234604,,,FILTER_ATS,Filter,,,,,,,,,,,,,,
A,Annuale,ITG2,Sardegna,EXPUSERS,Compartecipazione degli utenti alla spesa totale (euro),ALL,Tutte le voci,PRPM,Privata con riserva di posti da parte del comune,2023,787765,,,FILTER_ATS,Filter,,,,,,,,,,,,,,
A,Annuale,ITG2,Sardegna,EXPUSERS,Compartecipazione degli utenti alla spesa totale (euro),ALL,Tutte le voci,ALL,Tutte le voci,2023,6016723,,,FILTER_ATS,Filter,,,,,,,,,,,,,,
A,Annuale,ITG2,Sardegna,PEREXPPU,Spesa sostenuta dagli utenti sulla spesa totale (percentuale),DNUR,Nidi e sezioni primavera,MDO,Comunale a gestione diretta,2023,25.7,,,FILTER_ATS,Filter,,,,,,,,,,,,,,
A,Annuale,ITG2,Sardegna,PEREXPPU,Spesa sostenuta dagli utenti sulla spesa totale (percentuale),DNUR,Nidi e sezioni primavera,MMETP,Comunale a gestione affidata a terzi,2023,23.7,,,FILTER_ATS,Filter,,,,,,,,,,,,,,
A,Annuale,ITG2,Sardegna,PEREXPPU,Spesa sostenuta dagli utenti sulla spesa totale (percentuale),DNUR,Nidi e sezioni primavera,PRPM,Privata con riserva di posti da parte del comune,2023,21.9,,,FILTER_ATS,Filter,,,,,,,,,,,,,,
A,Annuale,ITG2,Sardegna,PEREXPPU,Spesa sostenuta dagli utenti sulla spesa totale (percentuale),DNUR,Nidi e sezioni primavera,ALL,Tutte le voci,2023,21.5,,,FILTER_ATS,Filter,,,,,,,,,,,,,,
A,Annuale,ITG2,Sardegna,PEREXPPU,Spesa sostenuta dagli utenti sulla spesa totale (percentuale),CDNUR,Nidi,MDO,Comunale a gestione diretta,2023,26.2,,,FILTER_ATS,Filter,,,,,,,,,,,,,,
A,Annuale,ITG2,Sardegna,PEREXPPU,Spesa sostenuta dagli utenti sulla spesa totale (percentuale),CDNUR,Nidi,MMETP,Comunale a gestione affidata a terzi,2023,24,,,FILTER_ATS,Filter,,,,,,,,,,,,,,
A,Annuale,ITG2,Sardegna,PEREXPPU,Spesa sostenuta dagli utenti sulla spesa totale (percentuale),CDNUR,Nidi,PRPM,Privata con riserva di posti da parte del comune,2023,22.1,,,FILTER_ATS,Filter,,,,,,,,,,,,,,
A,Annuale,ITG2,Sardegna,PEREXPPU,Spesa sostenuta dagli utenti sulla spesa totale (percentuale),CDNUR,Nidi,ALL,Tutte le voci,2023,21.7,,,FILTER_ATS,Filter,,,,,,,,,,,,,,
A,Annuale,ITG2,Sardegna,PEREXPPU,Spesa sostenuta dagli utenti sulla spesa totale (percentuale),DNISC,Sezioni primavera,MDO,Comunale a gestione diretta,2023,22.1,,,FILTER_ATS,Filter,,,,,,,,,,,,,,
A,Annuale,ITG2,Sardegna,PEREXPPU,Spesa sostenuta dagli utenti sulla spesa totale (percentuale),DNISC,Sezioni primavera,MMETP,Comunale a gestione affidata a terzi,2023,21.1,,,FILTER_ATS,Filter,,,,,,,,,,,,,,
A,Annuale,ITG2,Sardegna,PEREXPPU,Spesa sostenuta dagli utenti sulla spesa totale (percentuale),DNISC,Sezioni primavera,PRPM,Privata con riserva di posti da parte del comune,2023,0,,,FILTER_ATS,Filter,,,,,,,,,,,,,,
A,Annuale,ITG2,Sardegna,PEREXPPU,Spesa sostenuta dagli utenti sulla spesa totale (percentuale),DNISC,Sezioni primavera,ALL,Tutte le voci,2023,19.7,,,FILTER_ATS,Filter,,,,,,,,,,,,,,
A,Annuale,ITG2,Sardegna,PEREXPPU,Spesa sostenuta dagli utenti sulla spesa totale (percentuale),ISERIDC,Servizi integrativi per la prima infanzia,MDO,Comunale a gestione diretta,2023,26,,,FILTER_ATS,Filter,,,,,,,,,,,,,,
A,Annuale,ITG2,Sardegna,PEREXPPU,Spesa sostenuta dagli utenti sulla spesa totale (percentuale),ISERIDC,Servizi integrativi per la prima infanzia,MMETP,Comunale a gestione affidata a terzi,2023,18.8,,,FILTER_ATS,Filter,,,,,,,,,,,,,,
A,Annuale,ITG2,Sardegna,PEREXPPU,Spesa sostenuta dagli utenti sulla spesa totale (percentuale),ISERIDC,Servizi integrativi per la prima infanzia,PRPM,Privata con riserva di posti da parte del comune,2023,0,,,FILTER_ATS,Filter,,,,,,,,,,,,,,
A,Annuale,ITG2,Sardegna,PEREXPPU,Spesa sostenuta dagli utenti sulla spesa totale (percentuale),ISERIDC,Servizi integrativi per la prima infanzia,ALL,Tutte le voci,2023,21.6,,,FILTER_ATS,Filter,,,,,,,,,,,,,,
A,Annuale,ITG2,Sardegna,PEREXPPU,Spesa sostenuta dagli utenti sulla spesa totale (percentuale),ALL,Tutte le voci,MDO,Comunale a gestione diretta,2023,25.7,,,FILTER_ATS,Filter,,,,,,,,,,,,,,
A,Annuale,ITG2,Sardegna,PEREXPPU,Spesa sostenuta dagli utenti sulla spesa totale (percentuale),ALL,Tutte le voci,MMETP,Comunale a gestione affidata a terzi,2023,23.6,,,FILTER_ATS,Filter,,,,,,,,,,,,,,
A,Annuale,ITG2,Sardegna,PEREXPPU,Spesa sostenuta dagli utenti sulla spesa totale (percentuale),ALL,Tutte le voci,PRPM,Privata con riserva di posti da parte del comune,2023,21.9,,,FILTER_ATS,Filter,,,,,,,,,,,,,,
A,Annuale,ITG2,Sardegna,PEREXPPU,Spesa sostenuta dagli utenti sulla spesa totale (percentuale),ALL,Tutte le voci,ALL,Tutte le voci,2023,21.5,,,FILTER_ATS,Filter,,,,,,,,,,,,,,
