FREQ,Frequenza,REF_AREA,Territorio,DATA_TYPE,Indicatore,TIME_PERIOD,Osservazione,OBS_STATUS,'Stato dell"'osservazione'
A,Annuale,ITC1,Piemonte,ABITAZ_SPESA_M,Spesa media mensile per abitazione (in euro),2004,336,,
A,Annuale,ITC1,Piemonte,ABITAZ_SPESA_M,Spesa media mensile per abitazione (in euro),2005,347,,
A,Annuale,ITC1,Piemonte,ABITAZ_SPESA_M,Spesa media mensile per abitazione (in euro),2006,360,,
A,Annuale,ITC1,Piemonte,ABITAZ_SPESA_M,Spesa media mensile per abitazione (in euro),2007,371,,
A,Annuale,ITC1,Piemonte,ABITAZ_SPESA_M,Spesa media mensile per abitazione (in euro),2008,385,,
A,Annuale,ITC1,Piemonte,ABITAZ_SPESA_M,Spesa media mensile per abitazione (in euro),2009,363,,
A,Annuale,ITC1,Piemonte,ABITAZ_SPESA_M,Spesa media mensile per abitazione (in euro),2010,359,,
A,Annuale,ITC1,Piemonte,ABITAZ_SPESA_M,Spesa media mensile per abitazione (in euro),2011,347,,
A,Annuale,ITC1,Piemonte,ABITAZ_SPESA_M,Spesa media mensile per abitazione (in euro),2012,352,,
A,Annuale,ITC1,Piemonte,ABITAZ_SPESA_M,Spesa media mensile per abitazione (in euro),2013,362,,
A,Annuale,ITC1,Piemonte,ABITAZ_SPESA_M,Spesa media mensile per abitazione (in euro),2014,354,,
A,Annuale,ITC1,Piemonte,ABITAZ_SPESA_M,Spesa media mensile per abitazione (in euro),2015,348,,
A,Annuale,ITC1,Piemonte,ABITAZ_SPESA_M,Spesa media mensile per abitazione (in euro),2016,350,,
A,Annuale,ITC1,Piemonte,ABITAZ_SPESA_M,Spesa media mensile per abitazione (in euro),2017,310,,
A,Annuale,ITC1,Piemonte,ABITAZ_SPESA_M,Spesa media mensile per abitazione (in euro),2018,317,,
A,Annuale,ITC1,Piemonte,ABITAZ_SPESA_M,Spesa media mensile per abitazione (in euro),2019,347,,
A,Annuale,ITC1,Piemonte,ABITAZ_SPESA_M,Spesa media mensile per abitazione (in euro),2020,345,,
A,Annuale,ITC1,Piemonte,ABITAZ_SPESA_M,Spesa media mensile per abitazione (in euro),2021,356,,
A,Annuale,ITC1,Piemonte,ABITAZ_SPESA_M,Spesa media mensile per abitazione (in euro),2022,359,,
A,Annuale,ITC1,Piemonte,ABITAZ_SPESA_M,Spesa media mensile per abitazione (in euro),2023,370,,
A,Annuale,ITC1,Piemonte,ABITAZ_SPESA_M,Spesa media mensile per abitazione (in euro),2024,372,,
A,Annuale,ITC1,Piemonte,ABITAZ_SPESA_REDD,Spesa media mensile per abitazioni (per 100 euro di reddito medio mensile),2004,14.5,,
A,Annuale,ITC1,Piemonte,ABITAZ_SPESA_REDD,Spesa media mensile per abitazioni (per 100 euro di reddito medio mensile),2005,14.2,,
A,Annuale,ITC1,Piemonte,ABITAZ_SPESA_REDD,Spesa media mensile per abitazioni (per 100 euro di reddito medio mensile),2006,15.1,,
A,Annuale,ITC1,Piemonte,ABITAZ_SPESA_REDD,Spesa media mensile per abitazioni (per 100 euro di reddito medio mensile),2007,15.1,,
A,Annuale,ITC1,Piemonte,ABITAZ_SPESA_REDD,Spesa media mensile per abitazioni (per 100 euro di reddito medio mensile),2008,15.2,,
A,Annuale,ITC1,Piemonte,ABITAZ_SPESA_REDD,Spesa media mensile per abitazioni (per 100 euro di reddito medio mensile),2009,14.1,,
A,Annuale,ITC1,Piemonte,ABITAZ_SPESA_REDD,Spesa media mensile per abitazioni (per 100 euro di reddito medio mensile),2010,13.5,,
A,Annuale,ITC1,Piemonte,ABITAZ_SPESA_REDD,Spesa media mensile per abitazioni (per 100 euro di reddito medio mensile),2011,12.9,,
A,Annuale,ITC1,Piemonte,ABITAZ_SPESA_REDD,Spesa media mensile per abitazioni (per 100 euro di reddito medio mensile),2012,13.1,,
A,Annuale,ITC1,Piemonte,ABITAZ_SPESA_REDD,Spesa media mensile per abitazioni (per 100 euro di reddito medio mensile),2013,13.7,,
A,Annuale,ITC1,Piemonte,ABITAZ_SPESA_REDD,Spesa media mensile per abitazioni (per 100 euro di reddito medio mensile),2014,14.4,,
A,Annuale,ITC1,Piemonte,ABITAZ_SPESA_REDD,Spesa media mensile per abitazioni (per 100 euro di reddito medio mensile),2015,13.8,,
A,Annuale,ITC1,Piemonte,ABITAZ_SPESA_REDD,Spesa media mensile per abitazioni (per 100 euro di reddito medio mensile),2016,13.9,,
A,Annuale,ITC1,Piemonte,ABITAZ_SPESA_REDD,Spesa media mensile per abitazioni (per 100 euro di reddito medio mensile),2017,12.3,,
A,Annuale,ITC1,Piemonte,ABITAZ_SPESA_REDD,Spesa media mensile per abitazioni (per 100 euro di reddito medio mensile),2018,12.3,,
A,Annuale,ITC1,Piemonte,ABITAZ_SPESA_REDD,Spesa media mensile per abitazioni (per 100 euro di reddito medio mensile),2019,12.6,,
A,Annuale,ITC1,Piemonte,ABITAZ_SPESA_REDD,Spesa media mensile per abitazioni (per 100 euro di reddito medio mensile),2020,12.1,,
A,Annuale,ITC1,Piemonte,ABITAZ_SPESA_REDD,Spesa media mensile per abitazioni (per 100 euro di reddito medio mensile),2021,12.5,,
A,Annuale,ITC1,Piemonte,ABITAZ_SPESA_REDD,Spesa media mensile per abitazioni (per 100 euro di reddito medio mensile),2022,12.6,,
A,Annuale,ITC1,Piemonte,ABITAZ_SPESA_REDD,Spesa media mensile per abitazioni (per 100 euro di reddito medio mensile),2023,12.3,,
A,Annuale,ITC1,Piemonte,ABITAZ_SPESA_REDD,Spesa media mensile per abitazioni (per 100 euro di reddito medio mensile),2024,11.4,,
A,Annuale,ITC2,'Valle d"'Aosta / Vallée d"'Aoste',ABITAZ_SPESA_M,Spesa media mensile per abitazione (in euro),2004,289,,
A,Annuale,ITC2,'Valle d"'Aosta / Vallée d"'Aoste',ABITAZ_SPESA_M,Spesa media mensile per abitazione (in euro),2005,324,,
A,Annuale,ITC2,'Valle d"'Aosta / Vallée d"'Aoste',ABITAZ_SPESA_M,Spesa media mensile per abitazione (in euro),2006,329,,
A,Annuale,ITC2,'Valle d"'Aosta / Vallée d"'Aoste',ABITAZ_SPESA_M,Spesa media mensile per abitazione (in euro),2007,352,,
A,Annuale,ITC2,'Valle d"'Aosta / Vallée d"'Aoste',ABITAZ_SPESA_M,Spesa media mensile per abitazione (in euro),2008,350,,
A,Annuale,ITC2,'Valle d"'Aosta / Vallée d"'Aoste',ABITAZ_SPESA_M,Spesa media mensile per abitazione (in euro),2009,343,,
A,Annuale,ITC2,'Valle d"'Aosta / Vallée d"'Aoste',ABITAZ_SPESA_M,Spesa media mensile per abitazione (in euro),2010,356,,
A,Annuale,ITC2,'Valle d"'Aosta / Vallée d"'Aoste',ABITAZ_SPESA_M,Spesa media mensile per abitazione (in euro),2011,351,,
A,Annuale,ITC2,'Valle d"'Aosta / Vallée d"'Aoste',ABITAZ_SPESA_M,Spesa media mensile per abitazione (in euro),2012,354,,
A,Annuale,ITC2,'Valle d"'Aosta / Vallée d"'Aoste',ABITAZ_SPESA_M,Spesa media mensile per abitazione (in euro),2013,359,,
A,Annuale,ITC2,'Valle d"'Aosta / Vallée d"'Aoste',ABITAZ_SPESA_M,Spesa media mensile per abitazione (in euro),2014,358,,
A,Annuale,ITC2,'Valle d"'Aosta / Vallée d"'Aoste',ABITAZ_SPESA_M,Spesa media mensile per abitazione (in euro),2015,343,,
A,Annuale,ITC2,'Valle d"'Aosta / Vallée d"'Aoste',ABITAZ_SPESA_M,Spesa media mensile per abitazione (in euro),2016,314,,
A,Annuale,ITC2,'Valle d"'Aosta / Vallée d"'Aoste',ABITAZ_SPESA_M,Spesa media mensile per abitazione (in euro),2017,283,,
A,Annuale,ITC2,'Valle d"'Aosta / Vallée d"'Aoste',ABITAZ_SPESA_M,Spesa media mensile per abitazione (in euro),2018,255,,
A,Annuale,ITC2,'Valle d"'Aosta / Vallée d"'Aoste',ABITAZ_SPESA_M,Spesa media mensile per abitazione (in euro),2019,314,,
A,Annuale,ITC2,'Valle d"'Aosta / Vallée d"'Aoste',ABITAZ_SPESA_M,Spesa media mensile per abitazione (in euro),2020,296,,
A,Annuale,ITC2,'Valle d"'Aosta / Vallée d"'Aoste',ABITAZ_SPESA_M,Spesa media mensile per abitazione (in euro),2021,314,,
A,Annuale,ITC2,'Valle d"'Aosta / Vallée d"'Aoste',ABITAZ_SPESA_M,Spesa media mensile per abitazione (in euro),2022,331,,
A,Annuale,ITC2,'Valle d"'Aosta / Vallée d"'Aoste',ABITAZ_SPESA_M,Spesa media mensile per abitazione (in euro),2023,337,,
A,Annuale,ITC2,'Valle d"'Aosta / Vallée d"'Aoste',ABITAZ_SPESA_M,Spesa media mensile per abitazione (in euro),2024,341,,
A,Annuale,ITC2,'Valle d"'Aosta / Vallée d"'Aoste',ABITAZ_SPESA_REDD,Spesa media mensile per abitazioni (per 100 euro di reddito medio mensile),2004,12.5,,
A,Annuale,ITC2,'Valle d"'Aosta / Vallée d"'Aoste',ABITAZ_SPESA_REDD,Spesa media mensile per abitazioni (per 100 euro di reddito medio mensile),2005,13,,
A,Annuale,ITC2,'Valle d"'Aosta / Vallée d"'Aoste',ABITAZ_SPESA_REDD,Spesa media mensile per abitazioni (per 100 euro di reddito medio mensile),2006,13.8,,
A,Annuale,ITC2,'Valle d"'Aosta / Vallée d"'Aoste',ABITAZ_SPESA_REDD,Spesa media mensile per abitazioni (per 100 euro di reddito medio mensile),2007,14.1,,
A,Annuale,ITC2,'Valle d"'Aosta / Vallée d"'Aoste',ABITAZ_SPESA_REDD,Spesa media mensile per abitazioni (per 100 euro di reddito medio mensile),2008,13.8,,
A,Annuale,ITC2,'Valle d"'Aosta / Vallée d"'Aoste',ABITAZ_SPESA_REDD,Spesa media mensile per abitazioni (per 100 euro di reddito medio mensile),2009,12.1,,
A,Annuale,ITC2,'Valle d"'Aosta / Vallée d"'Aoste',ABITAZ_SPESA_REDD,Spesa media mensile per abitazioni (per 100 euro di reddito medio mensile),2010,12.9,,
A,Annuale,ITC2,'Valle d"'Aosta / Vallée d"'Aoste',ABITAZ_SPESA_REDD,Spesa media mensile per abitazioni (per 100 euro di reddito medio mensile),2011,13,,
A,Annuale,ITC2,'Valle d"'Aosta / Vallée d"'Aoste',ABITAZ_SPESA_REDD,Spesa media mensile per abitazioni (per 100 euro di reddito medio mensile),2012,13.2,,
A,Annuale,ITC2,'Valle d"'Aosta / Vallée d"'Aoste',ABITAZ_SPESA_REDD,Spesa media mensile per abitazioni (per 100 euro di reddito medio mensile),2013,13.8,,
A,Annuale,ITC2,'Valle d"'Aosta / Vallée d"'Aoste',ABITAZ_SPESA_REDD,Spesa media mensile per abitazioni (per 100 euro di reddito medio mensile),2014,14.5,,
A,Annuale,ITC2,'Valle d"'Aosta / Vallée d"'Aoste',ABITAZ_SPESA_REDD,Spesa media mensile per abitazioni (per 100 euro di reddito medio mensile),2015,13.6,,
A,Annuale,ITC2,'Valle d"'Aosta / Vallée d"'Aoste',ABITAZ_SPESA_REDD,Spesa media mensile per abitazioni (per 100 euro di reddito medio mensile),2016,12.1,,
A,Annuale,ITC2,'Valle d"'Aosta / Vallée d"'Aoste',ABITAZ_SPESA_REDD,Spesa media mensile per abitazioni (per 100 euro di reddito medio mensile),2017,11.2,,
A,Annuale,ITC2,'Valle d"'Aosta / Vallée d"'Aoste',ABITAZ_SPESA_REDD,Spesa media mensile per abitazioni (per 100 euro di reddito medio mensile),2018,9.9,,
A,Annuale,ITC2,'Valle d"'Aosta / Vallée d"'Aoste',ABITAZ_SPESA_REDD,Spesa media mensile per abitazioni (per 100 euro di reddito medio mensile),2019,11.8,,
A,Annuale,ITC2,'Valle d"'Aosta / Vallée d"'Aoste',ABITAZ_SPESA_REDD,Spesa media mensile per abitazioni (per 100 euro di reddito medio mensile),2020,10.2,,
A,Annuale,ITC2,'Valle d"'Aosta / Vallée d"'Aoste',ABITAZ_SPESA_REDD,Spesa media mensile per abitazioni (per 100 euro di reddito medio mensile),2021,11.2,,
A,Annuale,ITC2,'Valle d"'Aosta / Vallée d"'Aoste',ABITAZ_SPESA_REDD,Spesa media mensile per abitazioni (per 100 euro di reddito medio mensile),2022,11.3,,
A,Annuale,ITC2,'Valle d"'Aosta / Vallée d"'Aoste',ABITAZ_SPESA_REDD,Spesa media mensile per abitazioni (per 100 euro di reddito medio mensile),2023,10.3,,
A,Annuale,ITC2,'Valle d"'Aosta / Vallée d"'Aoste',ABITAZ_SPESA_REDD,Spesa media mensile per abitazioni (per 100 euro di reddito medio mensile),2024,9.8,,
A,Annuale,ITC3,Liguria,ABITAZ_SPESA_M,Spesa media mensile per abitazione (in euro),2004,306,,
A,Annuale,ITC3,Liguria,ABITAZ_SPESA_M,Spesa media mensile per abitazione (in euro),2005,309,,
A,Annuale,ITC3,Liguria,ABITAZ_SPESA_M,Spesa media mensile per abitazione (in euro),2006,328,,
A,Annuale,ITC3,Liguria,ABITAZ_SPESA_M,Spesa media mensile per abitazione (in euro),2007,346,,
A,Annuale,ITC3,Liguria,ABITAZ_SPESA_M,Spesa media mensile per abitazione (in euro),2008,362,,
A,Annuale,ITC3,Liguria,ABITAZ_SPESA_M,Spesa media mensile per abitazione (in euro),2009,353,,
A,Annuale,ITC3,Liguria,ABITAZ_SPESA_M,Spesa media mensile per abitazione (in euro),2010,339,,
A,Annuale,ITC3,Liguria,ABITAZ_SPESA_M,Spesa media mensile per abitazione (in euro),2011,339,,
A,Annuale,ITC3,Liguria,ABITAZ_SPESA_M,Spesa media mensile per abitazione (in euro),2012,341,,
A,Annuale,ITC3,Liguria,ABITAZ_SPESA_M,Spesa media mensile per abitazione (in euro),2013,350,,
A,Annuale,ITC3,Liguria,ABITAZ_SPESA_M,Spesa media mensile per abitazione (in euro),2014,358,,
A,Annuale,ITC3,Liguria,ABITAZ_SPESA_M,Spesa media mensile per abitazione (in euro),2015,340,,
A,Annuale,ITC3,Liguria,ABITAZ_SPESA_M,Spesa media mensile per abitazione (in euro),2016,356,,
A,Annuale,ITC3,Liguria,ABITAZ_SPESA_M,Spesa media mensile per abitazione (in euro),2017,333,,
A,Annuale,ITC3,Liguria,ABITAZ_SPESA_M,Spesa media mensile per abitazione (in euro),2018,335,,
A,Annuale,ITC3,Liguria,ABITAZ_SPESA_M,Spesa media mensile per abitazione (in euro),2019,333,,
A,Annuale,ITC3,Liguria,ABITAZ_SPESA_M,Spesa media mensile per abitazione (in euro),2020,319,,
A,Annuale,ITC3,Liguria,ABITAZ_SPESA_M,Spesa media mensile per abitazione (in euro),2021,343,,
A,Annuale,ITC3,Liguria,ABITAZ_SPESA_M,Spesa media mensile per abitazione (in euro),2022,337,,
A,Annuale,ITC3,Liguria,ABITAZ_SPESA_M,Spesa media mensile per abitazione (in euro),2023,375,,
A,Annuale,ITC3,Liguria,ABITAZ_SPESA_M,Spesa media mensile per abitazione (in euro),2024,343,,
A,Annuale,ITC3,Liguria,ABITAZ_SPESA_REDD,Spesa media mensile per abitazioni (per 100 euro di reddito medio mensile),2004,14.9,,
A,Annuale,ITC3,Liguria,ABITAZ_SPESA_REDD,Spesa media mensile per abitazioni (per 100 euro di reddito medio mensile),2005,14.4,,
A,Annuale,ITC3,Liguria,ABITAZ_SPESA_REDD,Spesa media mensile per abitazioni (per 100 euro di reddito medio mensile),2006,15.4,,
A,Annuale,ITC3,Liguria,ABITAZ_SPESA_REDD,Spesa media mensile per abitazioni (per 100 euro di reddito medio mensile),2007,15.9,,
A,Annuale,ITC3,Liguria,ABITAZ_SPESA_REDD,Spesa media mensile per abitazioni (per 100 euro di reddito medio mensile),2008,15.9,,
A,Annuale,ITC3,Liguria,ABITAZ_SPESA_REDD,Spesa media mensile per abitazioni (per 100 euro di reddito medio mensile),2009,14.6,,
A,Annuale,ITC3,Liguria,ABITAZ_SPESA_REDD,Spesa media mensile per abitazioni (per 100 euro di reddito medio mensile),2010,14.1,,
A,Annuale,ITC3,Liguria,ABITAZ_SPESA_REDD,Spesa media mensile per abitazioni (per 100 euro di reddito medio mensile),2011,13.7,,
A,Annuale,ITC3,Liguria,ABITAZ_SPESA_REDD,Spesa media mensile per abitazioni (per 100 euro di reddito medio mensile),2012,13.8,,
A,Annuale,ITC3,Liguria,ABITAZ_SPESA_REDD,Spesa media mensile per abitazioni (per 100 euro di reddito medio mensile),2013,14.2,,
A,Annuale,ITC3,Liguria,ABITAZ_SPESA_REDD,Spesa media mensile per abitazioni (per 100 euro di reddito medio mensile),2014,15.2,,
A,Annuale,ITC3,Liguria,ABITAZ_SPESA_REDD,Spesa media mensile per abitazioni (per 100 euro di reddito medio mensile),2015,14.2,,
A,Annuale,ITC3,Liguria,ABITAZ_SPESA_REDD,Spesa media mensile per abitazioni (per 100 euro di reddito medio mensile),2016,14.1,,
A,Annuale,ITC3,Liguria,ABITAZ_SPESA_REDD,Spesa media mensile per abitazioni (per 100 euro di reddito medio mensile),2017,12.9,,
A,Annuale,ITC3,Liguria,ABITAZ_SPESA_REDD,Spesa media mensile per abitazioni (per 100 euro di reddito medio mensile),2018,12.7,,
A,Annuale,ITC3,Liguria,ABITAZ_SPESA_REDD,Spesa media mensile per abitazioni (per 100 euro di reddito medio mensile),2019,12.8,,
A,Annuale,ITC3,Liguria,ABITAZ_SPESA_REDD,Spesa media mensile per abitazioni (per 100 euro di reddito medio mensile),2020,11.7,,
A,Annuale,ITC3,Liguria,ABITAZ_SPESA_REDD,Spesa media mensile per abitazioni (per 100 euro di reddito medio mensile),2021,12.9,,
A,Annuale,ITC3,Liguria,ABITAZ_SPESA_REDD,Spesa media mensile per abitazioni (per 100 euro di reddito medio mensile),2022,12.8,,
A,Annuale,ITC3,Liguria,ABITAZ_SPESA_REDD,Spesa media mensile per abitazioni (per 100 euro di reddito medio mensile),2023,13,,
A,Annuale,ITC3,Liguria,ABITAZ_SPESA_REDD,Spesa media mensile per abitazioni (per 100 euro di reddito medio mensile),2024,11,,
A,Annuale,ITC4,Lombardia,ABITAZ_SPESA_M,Spesa media mensile per abitazione (in euro),2004,355,,
A,Annuale,ITC4,Lombardia,ABITAZ_SPESA_M,Spesa media mensile per abitazione (in euro),2005,365,,
A,Annuale,ITC4,Lombardia,ABITAZ_SPESA_M,Spesa media mensile per abitazione (in euro),2006,374,,
A,Annuale,ITC4,Lombardia,ABITAZ_SPESA_M,Spesa media mensile per abitazione (in euro),2007,393,,
A,Annuale,ITC4,Lombardia,ABITAZ_SPESA_M,Spesa media mensile per abitazione (in euro),2008,409,,
A,Annuale,ITC4,Lombardia,ABITAZ_SPESA_M,Spesa media mensile per abitazione (in euro),2009,404,,
A,Annuale,ITC4,Lombardia,ABITAZ_SPESA_M,Spesa media mensile per abitazione (in euro),2010,387,,
A,Annuale,ITC4,Lombardia,ABITAZ_SPESA_M,Spesa media mensile per abitazione (in euro),2011,391,,
A,Annuale,ITC4,Lombardia,ABITAZ_SPESA_M,Spesa media mensile per abitazione (in euro),2012,368,,
A,Annuale,ITC4,Lombardia,ABITAZ_SPESA_M,Spesa media mensile per abitazione (in euro),2013,388,,
A,Annuale,ITC4,Lombardia,ABITAZ_SPESA_M,Spesa media mensile per abitazione (in euro),2014,387,,
A,Annuale,ITC4,Lombardia,ABITAZ_SPESA_M,Spesa media mensile per abitazione (in euro),2015,383,,
A,Annuale,ITC4,Lombardia,ABITAZ_SPESA_M,Spesa media mensile per abitazione (in euro),2016,371,,
A,Annuale,ITC4,Lombardia,ABITAZ_SPESA_M,Spesa media mensile per abitazione (in euro),2017,338,,
A,Annuale,ITC4,Lombardia,ABITAZ_SPESA_M,Spesa media mensile per abitazione (in euro),2018,353,,
A,Annuale,ITC4,Lombardia,ABITAZ_SPESA_M,Spesa media mensile per abitazione (in euro),2019,365,,
A,Annuale,ITC4,Lombardia,ABITAZ_SPESA_M,Spesa media mensile per abitazione (in euro),2020,352,,
A,Annuale,ITC4,Lombardia,ABITAZ_SPESA_M,Spesa media mensile per abitazione (in euro),2021,380,,
A,Annuale,ITC4,Lombardia,ABITAZ_SPESA_M,Spesa media mensile per abitazione (in euro),2022,400,,
A,Annuale,ITC4,Lombardia,ABITAZ_SPESA_M,Spesa media mensile per abitazione (in euro),2023,398,,
A,Annuale,ITC4,Lombardia,ABITAZ_SPESA_M,Spesa media mensile per abitazione (in euro),2024,380,,
A,Annuale,ITC4,Lombardia,ABITAZ_SPESA_REDD,Spesa media mensile per abitazioni (per 100 euro di reddito medio mensile),2004,14,,
A,Annuale,ITC4,Lombardia,ABITAZ_SPESA_REDD,Spesa media mensile per abitazioni (per 100 euro di reddito medio mensile),2005,13.7,,
A,Annuale,ITC4,Lombardia,ABITAZ_SPESA_REDD,Spesa media mensile per abitazioni (per 100 euro di reddito medio mensile),2006,14.1,,
A,Annuale,ITC4,Lombardia,ABITAZ_SPESA_REDD,Spesa media mensile per abitazioni (per 100 euro di reddito medio mensile),2007,14.3,,
A,Annuale,ITC4,Lombardia,ABITAZ_SPESA_REDD,Spesa media mensile per abitazioni (per 100 euro di reddito medio mensile),2008,14.9,,
A,Annuale,ITC4,Lombardia,ABITAZ_SPESA_REDD,Spesa media mensile per abitazioni (per 100 euro di reddito medio mensile),2009,14.4,,
A,Annuale,ITC4,Lombardia,ABITAZ_SPESA_REDD,Spesa media mensile per abitazioni (per 100 euro di reddito medio mensile),2010,13.5,,
A,Annuale,ITC4,Lombardia,ABITAZ_SPESA_REDD,Spesa media mensile per abitazioni (per 100 euro di reddito medio mensile),2011,13.5,,
A,Annuale,ITC4,Lombardia,ABITAZ_SPESA_REDD,Spesa media mensile per abitazioni (per 100 euro di reddito medio mensile),2012,12.8,,
A,Annuale,ITC4,Lombardia,ABITAZ_SPESA_REDD,Spesa media mensile per abitazioni (per 100 euro di reddito medio mensile),2013,13.7,,
A,Annuale,ITC4,Lombardia,ABITAZ_SPESA_REDD,Spesa media mensile per abitazioni (per 100 euro di reddito medio mensile),2014,13.5,,
A,Annuale,ITC4,Lombardia,ABITAZ_SPESA_REDD,Spesa media mensile per abitazioni (per 100 euro di reddito medio mensile),2015,13.2,,
A,Annuale,ITC4,Lombardia,ABITAZ_SPESA_REDD,Spesa media mensile per abitazioni (per 100 euro di reddito medio mensile),2016,13,,
A,Annuale,ITC4,Lombardia,ABITAZ_SPESA_REDD,Spesa media mensile per abitazioni (per 100 euro di reddito medio mensile),2017,11.5,,
A,Annuale,ITC4,Lombardia,ABITAZ_SPESA_REDD,Spesa media mensile per abitazioni (per 100 euro di reddito medio mensile),2018,11.7,,
A,Annuale,ITC4,Lombardia,ABITAZ_SPESA_REDD,Spesa media mensile per abitazioni (per 100 euro di reddito medio mensile),2019,12.2,,
A,Annuale,ITC4,Lombardia,ABITAZ_SPESA_REDD,Spesa media mensile per abitazioni (per 100 euro di reddito medio mensile),2020,11.2,,
A,Annuale,ITC4,Lombardia,ABITAZ_SPESA_REDD,Spesa media mensile per abitazioni (per 100 euro di reddito medio mensile),2021,12.1,,
A,Annuale,ITC4,Lombardia,ABITAZ_SPESA_REDD,Spesa media mensile per abitazioni (per 100 euro di reddito medio mensile),2022,11.9,,
A,Annuale,ITC4,Lombardia,ABITAZ_SPESA_REDD,Spesa media mensile per abitazioni (per 100 euro di reddito medio mensile),2023,11.5,,
A,Annuale,ITC4,Lombardia,ABITAZ_SPESA_REDD,Spesa media mensile per abitazioni (per 100 euro di reddito medio mensile),2024,10.4,,
A,Annuale,ITD1,Provincia Autonoma Bolzano / Bozen,ABITAZ_SPESA_M,Spesa media mensile per abitazione (in euro),2004,318,,
A,Annuale,ITD1,Provincia Autonoma Bolzano / Bozen,ABITAZ_SPESA_M,Spesa media mensile per abitazione (in euro),2005,350,,
A,Annuale,ITD1,Provincia Autonoma Bolzano / Bozen,ABITAZ_SPESA_M,Spesa media mensile per abitazione (in euro),2006,354,,
A,Annuale,ITD1,Provincia Autonoma Bolzano / Bozen,ABITAZ_SPESA_M,Spesa media mensile per abitazione (in euro),2007,393,,
A,Annuale,ITD1,Provincia Autonoma Bolzano / Bozen,ABITAZ_SPESA_M,Spesa media mensile per abitazione (in euro),2008,409,,
A,Annuale,ITD1,Provincia Autonoma Bolzano / Bozen,ABITAZ_SPESA_M,Spesa media mensile per abitazione (in euro),2009,403,,
A,Annuale,ITD1,Provincia Autonoma Bolzano / Bozen,ABITAZ_SPESA_M,Spesa media mensile per abitazione (in euro),2010,361,,
A,Annuale,ITD1,Provincia Autonoma Bolzano / Bozen,ABITAZ_SPESA_M,Spesa media mensile per abitazione (in euro),2011,393,,
A,Annuale,ITD1,Provincia Autonoma Bolzano / Bozen,ABITAZ_SPESA_M,Spesa media mensile per abitazione (in euro),2012,357,,
A,Annuale,ITD1,Provincia Autonoma Bolzano / Bozen,ABITAZ_SPESA_M,Spesa media mensile per abitazione (in euro),2013,356,,
A,Annuale,ITD1,Provincia Autonoma Bolzano / Bozen,ABITAZ_SPESA_M,Spesa media mensile per abitazione (in euro),2014,345,,
A,Annuale,ITD1,Provincia Autonoma Bolzano / Bozen,ABITAZ_SPESA_M,Spesa media mensile per abitazione (in euro),2015,356,,
A,Annuale,ITD1,Provincia Autonoma Bolzano / Bozen,ABITAZ_SPESA_M,Spesa media mensile per abitazione (in euro),2016,417,,
A,Annuale,ITD1,Provincia Autonoma Bolzano / Bozen,ABITAZ_SPESA_M,Spesa media mensile per abitazione (in euro),2017,372,,
A,Annuale,ITD1,Provincia Autonoma Bolzano / Bozen,ABITAZ_SPESA_M,Spesa media mensile per abitazione (in euro),2018,393,,
A,Annuale,ITD1,Provincia Autonoma Bolzano / Bozen,ABITAZ_SPESA_M,Spesa media mensile per abitazione (in euro),2019,425,,
A,Annuale,ITD1,Provincia Autonoma Bolzano / Bozen,ABITAZ_SPESA_M,Spesa media mensile per abitazione (in euro),2020,383,,
A,Annuale,ITD1,Provincia Autonoma Bolzano / Bozen,ABITAZ_SPESA_M,Spesa media mensile per abitazione (in euro),2021,409,,
A,Annuale,ITD1,Provincia Autonoma Bolzano / Bozen,ABITAZ_SPESA_M,Spesa media mensile per abitazione (in euro),2022,430,,
A,Annuale,ITD1,Provincia Autonoma Bolzano / Bozen,ABITAZ_SPESA_M,Spesa media mensile per abitazione (in euro),2023,407,,
A,Annuale,ITD1,Provincia Autonoma Bolzano / Bozen,ABITAZ_SPESA_M,Spesa media mensile per abitazione (in euro),2024,359,,
A,Annuale,ITD1,Provincia Autonoma Bolzano / Bozen,ABITAZ_SPESA_REDD,Spesa media mensile per abitazioni (per 100 euro di reddito medio mensile),2004,12,,
A,Annuale,ITD1,Provincia Autonoma Bolzano / Bozen,ABITAZ_SPESA_REDD,Spesa media mensile per abitazioni (per 100 euro di reddito medio mensile),2005,13,,
A,Annuale,ITD1,Provincia Autonoma Bolzano / Bozen,ABITAZ_SPESA_REDD,Spesa media mensile per abitazioni (per 100 euro di reddito medio mensile),2006,13.2,,
A,Annuale,ITD1,Provincia Autonoma Bolzano / Bozen,ABITAZ_SPESA_REDD,Spesa media mensile per abitazioni (per 100 euro di reddito medio mensile),2007,13,,
A,Annuale,ITD1,Provincia Autonoma Bolzano / Bozen,ABITAZ_SPESA_REDD,Spesa media mensile per abitazioni (per 100 euro di reddito medio mensile),2008,13.8,,
A,Annuale,ITD1,Provincia Autonoma Bolzano / Bozen,ABITAZ_SPESA_REDD,Spesa media mensile per abitazioni (per 100 euro di reddito medio mensile),2009,13.3,,
A,Annuale,ITD1,Provincia Autonoma Bolzano / Bozen,ABITAZ_SPESA_REDD,Spesa media mensile per abitazioni (per 100 euro di reddito medio mensile),2010,11.9,,
A,Annuale,ITD1,Provincia Autonoma Bolzano / Bozen,ABITAZ_SPESA_REDD,Spesa media mensile per abitazioni (per 100 euro di reddito medio mensile),2011,12.7,,
A,Annuale,ITD1,Provincia Autonoma Bolzano / Bozen,ABITAZ_SPESA_REDD,Spesa media mensile per abitazioni (per 100 euro di reddito medio mensile),2012,11.3,,
A,Annuale,ITD1,Provincia Autonoma Bolzano / Bozen,ABITAZ_SPESA_REDD,Spesa media mensile per abitazioni (per 100 euro di reddito medio mensile),2013,11.5,,
A,Annuale,ITD1,Provincia Autonoma Bolzano / Bozen,ABITAZ_SPESA_REDD,Spesa media mensile per abitazioni (per 100 euro di reddito medio mensile),2014,10.6,,
A,Annuale,ITD1,Provincia Autonoma Bolzano / Bozen,ABITAZ_SPESA_REDD,Spesa media mensile per abitazioni (per 100 euro di reddito medio mensile),2015,11.4,,
A,Annuale,ITD1,Provincia Autonoma Bolzano / Bozen,ABITAZ_SPESA_REDD,Spesa media mensile per abitazioni (per 100 euro di reddito medio mensile),2016,12.5,,
A,Annuale,ITD1,Provincia Autonoma Bolzano / Bozen,ABITAZ_SPESA_REDD,Spesa media mensile per abitazioni (per 100 euro di reddito medio mensile),2017,11.4,,
A,Annuale,ITD1,Provincia Autonoma Bolzano / Bozen,ABITAZ_SPESA_REDD,Spesa media mensile per abitazioni (per 100 euro di reddito medio mensile),2018,12.5,,
A,Annuale,ITD1,Provincia Autonoma Bolzano / Bozen,ABITAZ_SPESA_REDD,Spesa media mensile per abitazioni (per 100 euro di reddito medio mensile),2019,12.6,,
A,Annuale,ITD1,Provincia Autonoma Bolzano / Bozen,ABITAZ_SPESA_REDD,Spesa media mensile per abitazioni (per 100 euro di reddito medio mensile),2020,11.8,,
A,Annuale,ITD1,Provincia Autonoma Bolzano / Bozen,ABITAZ_SPESA_REDD,Spesa media mensile per abitazioni (per 100 euro di reddito medio mensile),2021,12.4,,
A,Annuale,ITD1,Provincia Autonoma Bolzano / Bozen,ABITAZ_SPESA_REDD,Spesa media mensile per abitazioni (per 100 euro di reddito medio mensile),2022,11.6,,
A,Annuale,ITD1,Provincia Autonoma Bolzano / Bozen,ABITAZ_SPESA_REDD,Spesa media mensile per abitazioni (per 100 euro di reddito medio mensile),2023,10.6,,
A,Annuale,ITD1,Provincia Autonoma Bolzano / Bozen,ABITAZ_SPESA_REDD,Spesa media mensile per abitazioni (per 100 euro di reddito medio mensile),2024,9.8,,
A,Annuale,ITD2,Provincia Autonoma Trento,ABITAZ_SPESA_M,Spesa media mensile per abitazione (in euro),2004,279,,
A,Annuale,ITD2,Provincia Autonoma Trento,ABITAZ_SPESA_M,Spesa media mensile per abitazione (in euro),2005,297,,
A,Annuale,ITD2,Provincia Autonoma Trento,ABITAZ_SPESA_M,Spesa media mensile per abitazione (in euro),2006,330,,
A,Annuale,ITD2,Provincia Autonoma Trento,ABITAZ_SPESA_M,Spesa media mensile per abitazione (in euro),2007,321,,
A,Annuale,ITD2,Provincia Autonoma Trento,ABITAZ_SPESA_M,Spesa media mensile per abitazione (in euro),2008,366,,
A,Annuale,ITD2,Provincia Autonoma Trento,ABITAZ_SPESA_M,Spesa media mensile per abitazione (in euro),2009,336,,
A,Annuale,ITD2,Provincia Autonoma Trento,ABITAZ_SPESA_M,Spesa media mensile per abitazione (in euro),2010,327,,
A,Annuale,ITD2,Provincia Autonoma Trento,ABITAZ_SPESA_M,Spesa media mensile per abitazione (in euro),2011,320,,
A,Annuale,ITD2,Provincia Autonoma Trento,ABITAZ_SPESA_M,Spesa media mensile per abitazione (in euro),2012,336,,
A,Annuale,ITD2,Provincia Autonoma Trento,ABITAZ_SPESA_M,Spesa media mensile per abitazione (in euro),2013,355,,
A,Annuale,ITD2,Provincia Autonoma Trento,ABITAZ_SPESA_M,Spesa media mensile per abitazione (in euro),2014,348,,
A,Annuale,ITD2,Provincia Autonoma Trento,ABITAZ_SPESA_M,Spesa media mensile per abitazione (in euro),2015,322,,
A,Annuale,ITD2,Provincia Autonoma Trento,ABITAZ_SPESA_M,Spesa media mensile per abitazione (in euro),2016,340,,
A,Annuale,ITD2,Provincia Autonoma Trento,ABITAZ_SPESA_M,Spesa media mensile per abitazione (in euro),2017,294,,
A,Annuale,ITD2,Provincia Autonoma Trento,ABITAZ_SPESA_M,Spesa media mensile per abitazione (in euro),2018,267,,
A,Annuale,ITD2,Provincia Autonoma Trento,ABITAZ_SPESA_M,Spesa media mensile per abitazione (in euro),2019,310,,
A,Annuale,ITD2,Provincia Autonoma Trento,ABITAZ_SPESA_M,Spesa media mensile per abitazione (in euro),2020,316,,
A,Annuale,ITD2,Provincia Autonoma Trento,ABITAZ_SPESA_M,Spesa media mensile per abitazione (in euro),2021,343,,
A,Annuale,ITD2,Provincia Autonoma Trento,ABITAZ_SPESA_M,Spesa media mensile per abitazione (in euro),2022,358,,
A,Annuale,ITD2,Provincia Autonoma Trento,ABITAZ_SPESA_M,Spesa media mensile per abitazione (in euro),2023,385,,
A,Annuale,ITD2,Provincia Autonoma Trento,ABITAZ_SPESA_M,Spesa media mensile per abitazione (in euro),2024,292,,
A,Annuale,ITD2,Provincia Autonoma Trento,ABITAZ_SPESA_REDD,Spesa media mensile per abitazioni (per 100 euro di reddito medio mensile),2004,11.7,,
A,Annuale,ITD2,Provincia Autonoma Trento,ABITAZ_SPESA_REDD,Spesa media mensile per abitazioni (per 100 euro di reddito medio mensile),2005,11.7,,
A,Annuale,ITD2,Provincia Autonoma Trento,ABITAZ_SPESA_REDD,Spesa media mensile per abitazioni (per 100 euro di reddito medio mensile),2006,12.7,,
A,Annuale,ITD2,Provincia Autonoma Trento,ABITAZ_SPESA_REDD,Spesa media mensile per abitazioni (per 100 euro di reddito medio mensile),2007,12.4,,
A,Annuale,ITD2,Provincia Autonoma Trento,ABITAZ_SPESA_REDD,Spesa media mensile per abitazioni (per 100 euro di reddito medio mensile),2008,13.3,,
A,Annuale,ITD2,Provincia Autonoma Trento,ABITAZ_SPESA_REDD,Spesa media mensile per abitazioni (per 100 euro di reddito medio mensile),2009,11.5,,
A,Annuale,ITD2,Provincia Autonoma Trento,ABITAZ_SPESA_REDD,Spesa media mensile per abitazioni (per 100 euro di reddito medio mensile),2010,11.6,,
A,Annuale,ITD2,Provincia Autonoma Trento,ABITAZ_SPESA_REDD,Spesa media mensile per abitazioni (per 100 euro di reddito medio mensile),2011,11.1,,
A,Annuale,ITD2,Provincia Autonoma Trento,ABITAZ_SPESA_REDD,Spesa media mensile per abitazioni (per 100 euro di reddito medio mensile),2012,12.7,,
A,Annuale,ITD2,Provincia Autonoma Trento,ABITAZ_SPESA_REDD,Spesa media mensile per abitazioni (per 100 euro di reddito medio mensile),2013,12.6,,
A,Annuale,ITD2,Provincia Autonoma Trento,ABITAZ_SPESA_REDD,Spesa media mensile per abitazioni (per 100 euro di reddito medio mensile),2014,13,,
A,Annuale,ITD2,Provincia Autonoma Trento,ABITAZ_SPESA_REDD,Spesa media mensile per abitazioni (per 100 euro di reddito medio mensile),2015,12,,
A,Annuale,ITD2,Provincia Autonoma Trento,ABITAZ_SPESA_REDD,Spesa media mensile per abitazioni (per 100 euro di reddito medio mensile),2016,12.5,,
A,Annuale,ITD2,Provincia Autonoma Trento,ABITAZ_SPESA_REDD,Spesa media mensile per abitazioni (per 100 euro di reddito medio mensile),2017,10.2,,
A,Annuale,ITD2,Provincia Autonoma Trento,ABITAZ_SPESA_REDD,Spesa media mensile per abitazioni (per 100 euro di reddito medio mensile),2018,9.3,,
A,Annuale,ITD2,Provincia Autonoma Trento,ABITAZ_SPESA_REDD,Spesa media mensile per abitazioni (per 100 euro di reddito medio mensile),2019,10.5,,
A,Annuale,ITD2,Provincia Autonoma Trento,ABITAZ_SPESA_REDD,Spesa media mensile per abitazioni (per 100 euro di reddito medio mensile),2020,10.8,,
A,Annuale,ITD2,Provincia Autonoma Trento,ABITAZ_SPESA_REDD,Spesa media mensile per abitazioni (per 100 euro di reddito medio mensile),2021,11.5,,
A,Annuale,ITD2,Provincia Autonoma Trento,ABITAZ_SPESA_REDD,Spesa media mensile per abitazioni (per 100 euro di reddito medio mensile),2022,11.2,,
A,Annuale,ITD2,Provincia Autonoma Trento,ABITAZ_SPESA_REDD,Spesa media mensile per abitazioni (per 100 euro di reddito medio mensile),2023,10.9,,
A,Annuale,ITD2,Provincia Autonoma Trento,ABITAZ_SPESA_REDD,Spesa media mensile per abitazioni (per 100 euro di reddito medio mensile),2024,8.4,,
A,Annuale,ITD3,Veneto,ABITAZ_SPESA_M,Spesa media mensile per abitazione (in euro),2004,321,,
A,Annuale,ITD3,Veneto,ABITAZ_SPESA_M,Spesa media mensile per abitazione (in euro),2005,342,,
A,Annuale,ITD3,Veneto,ABITAZ_SPESA_M,Spesa media mensile per abitazione (in euro),2006,342,,
A,Annuale,ITD3,Veneto,ABITAZ_SPESA_M,Spesa media mensile per abitazione (in euro),2007,362,,
A,Annuale,ITD3,Veneto,ABITAZ_SPESA_M,Spesa media mensile per abitazione (in euro),2008,384,,
A,Annuale,ITD3,Veneto,ABITAZ_SPESA_M,Spesa media mensile per abitazione (in euro),2009,364,,
A,Annuale,ITD3,Veneto,ABITAZ_SPESA_M,Spesa media mensile per abitazione (in euro),2010,345,,
A,Annuale,ITD3,Veneto,ABITAZ_SPESA_M,Spesa media mensile per abitazione (in euro),2011,337,,
A,Annuale,ITD3,Veneto,ABITAZ_SPESA_M,Spesa media mensile per abitazione (in euro),2012,332,,
A,Annuale,ITD3,Veneto,ABITAZ_SPESA_M,Spesa media mensile per abitazione (in euro),2013,334,,
A,Annuale,ITD3,Veneto,ABITAZ_SPESA_M,Spesa media mensile per abitazione (in euro),2014,333,,
A,Annuale,ITD3,Veneto,ABITAZ_SPESA_M,Spesa media mensile per abitazione (in euro),2015,323,,
A,Annuale,ITD3,Veneto,ABITAZ_SPESA_M,Spesa media mensile per abitazione (in euro),2016,327,,
A,Annuale,ITD3,Veneto,ABITAZ_SPESA_M,Spesa media mensile per abitazione (in euro),2017,299,,
A,Annuale,ITD3,Veneto,ABITAZ_SPESA_M,Spesa media mensile per abitazione (in euro),2018,308,,
A,Annuale,ITD3,Veneto,ABITAZ_SPESA_M,Spesa media mensile per abitazione (in euro),2019,320,,
A,Annuale,ITD3,Veneto,ABITAZ_SPESA_M,Spesa media mensile per abitazione (in euro),2020,326,,
A,Annuale,ITD3,Veneto,ABITAZ_SPESA_M,Spesa media mensile per abitazione (in euro),2021,336,,
A,Annuale,ITD3,Veneto,ABITAZ_SPESA_M,Spesa media mensile per abitazione (in euro),2022,339,,
A,Annuale,ITD3,Veneto,ABITAZ_SPESA_M,Spesa media mensile per abitazione (in euro),2023,364,,
A,Annuale,ITD3,Veneto,ABITAZ_SPESA_M,Spesa media mensile per abitazione (in euro),2024,331,,
A,Annuale,ITD3,Veneto,ABITAZ_SPESA_REDD,Spesa media mensile per abitazioni (per 100 euro di reddito medio mensile),2004,13.6,,
A,Annuale,ITD3,Veneto,ABITAZ_SPESA_REDD,Spesa media mensile per abitazioni (per 100 euro di reddito medio mensile),2005,14.1,,
A,Annuale,ITD3,Veneto,ABITAZ_SPESA_REDD,Spesa media mensile per abitazioni (per 100 euro di reddito medio mensile),2006,13.9,,
A,Annuale,ITD3,Veneto,ABITAZ_SPESA_REDD,Spesa media mensile per abitazioni (per 100 euro di reddito medio mensile),2007,14,,
A,Annuale,ITD3,Veneto,ABITAZ_SPESA_REDD,Spesa media mensile per abitazioni (per 100 euro di reddito medio mensile),2008,14.7,,
A,Annuale,ITD3,Veneto,ABITAZ_SPESA_REDD,Spesa media mensile per abitazioni (per 100 euro di reddito medio mensile),2009,13.6,,
A,Annuale,ITD3,Veneto,ABITAZ_SPESA_REDD,Spesa media mensile per abitazioni (per 100 euro di reddito medio mensile),2010,13.2,,
A,Annuale,ITD3,Veneto,ABITAZ_SPESA_REDD,Spesa media mensile per abitazioni (per 100 euro di reddito medio mensile),2011,12.5,,
A,Annuale,ITD3,Veneto,ABITAZ_SPESA_REDD,Spesa media mensile per abitazioni (per 100 euro di reddito medio mensile),2012,12.2,,
A,Annuale,ITD3,Veneto,ABITAZ_SPESA_REDD,Spesa media mensile per abitazioni (per 100 euro di reddito medio mensile),2013,12.5,,
A,Annuale,ITD3,Veneto,ABITAZ_SPESA_REDD,Spesa media mensile per abitazioni (per 100 euro di reddito medio mensile),2014,12.7,,
A,Annuale,ITD3,Veneto,ABITAZ_SPESA_REDD,Spesa media mensile per abitazioni (per 100 euro di reddito medio mensile),2015,12.3,,
A,Annuale,ITD3,Veneto,ABITAZ_SPESA_REDD,Spesa media mensile per abitazioni (per 100 euro di reddito medio mensile),2016,11.9,,
A,Annuale,ITD3,Veneto,ABITAZ_SPESA_REDD,Spesa media mensile per abitazioni (per 100 euro di reddito medio mensile),2017,10.5,,
A,Annuale,ITD3,Veneto,ABITAZ_SPESA_REDD,Spesa media mensile per abitazioni (per 100 euro di reddito medio mensile),2018,10.4,,
A,Annuale,ITD3,Veneto,ABITAZ_SPESA_REDD,Spesa media mensile per abitazioni (per 100 euro di reddito medio mensile),2019,10.8,,
A,Annuale,ITD3,Veneto,ABITAZ_SPESA_REDD,Spesa media mensile per abitazioni (per 100 euro di reddito medio mensile),2020,10.7,,
A,Annuale,ITD3,Veneto,ABITAZ_SPESA_REDD,Spesa media mensile per abitazioni (per 100 euro di reddito medio mensile),2021,11.4,,
A,Annuale,ITD3,Veneto,ABITAZ_SPESA_REDD,Spesa media mensile per abitazioni (per 100 euro di reddito medio mensile),2022,10.9,,
A,Annuale,ITD3,Veneto,ABITAZ_SPESA_REDD,Spesa media mensile per abitazioni (per 100 euro di reddito medio mensile),2023,10.8,,
A,Annuale,ITD3,Veneto,ABITAZ_SPESA_REDD,Spesa media mensile per abitazioni (per 100 euro di reddito medio mensile),2024,9.8,,
A,Annuale,ITD4,Friuli-Venezia Giulia,ABITAZ_SPESA_M,Spesa media mensile per abitazione (in euro),2004,290,,
A,Annuale,ITD4,Friuli-Venezia Giulia,ABITAZ_SPESA_M,Spesa media mensile per abitazione (in euro),2005,311,,
A,Annuale,ITD4,Friuli-Venezia Giulia,ABITAZ_SPESA_M,Spesa media mensile per abitazione (in euro),2006,318,,
A,Annuale,ITD4,Friuli-Venezia Giulia,ABITAZ_SPESA_M,Spesa media mensile per abitazione (in euro),2007,316,,
A,Annuale,ITD4,Friuli-Venezia Giulia,ABITAZ_SPESA_M,Spesa media mensile per abitazione (in euro),2008,329,,
A,Annuale,ITD4,Friuli-Venezia Giulia,ABITAZ_SPESA_M,Spesa media mensile per abitazione (in euro),2009,326,,
A,Annuale,ITD4,Friuli-Venezia Giulia,ABITAZ_SPESA_M,Spesa media mensile per abitazione (in euro),2010,311,,
A,Annuale,ITD4,Friuli-Venezia Giulia,ABITAZ_SPESA_M,Spesa media mensile per abitazione (in euro),2011,322,,
A,Annuale,ITD4,Friuli-Venezia Giulia,ABITAZ_SPESA_M,Spesa media mensile per abitazione (in euro),2012,325,,
A,Annuale,ITD4,Friuli-Venezia Giulia,ABITAZ_SPESA_M,Spesa media mensile per abitazione (in euro),2013,319,,
A,Annuale,ITD4,Friuli-Venezia Giulia,ABITAZ_SPESA_M,Spesa media mensile per abitazione (in euro),2014,321,,
A,Annuale,ITD4,Friuli-Venezia Giulia,ABITAZ_SPESA_M,Spesa media mensile per abitazione (in euro),2015,309,,
A,Annuale,ITD4,Friuli-Venezia Giulia,ABITAZ_SPESA_M,Spesa media mensile per abitazione (in euro),2016,309,,
A,Annuale,ITD4,Friuli-Venezia Giulia,ABITAZ_SPESA_M,Spesa media mensile per abitazione (in euro),2017,290,,
A,Annuale,ITD4,Friuli-Venezia Giulia,ABITAZ_SPESA_M,Spesa media mensile per abitazione (in euro),2018,290,,
A,Annuale,ITD4,Friuli-Venezia Giulia,ABITAZ_SPESA_M,Spesa media mensile per abitazione (in euro),2019,311,,
A,Annuale,ITD4,Friuli-Venezia Giulia,ABITAZ_SPESA_M,Spesa media mensile per abitazione (in euro),2020,301,,
A,Annuale,ITD4,Friuli-Venezia Giulia,ABITAZ_SPESA_M,Spesa media mensile per abitazione (in euro),2021,309,,
A,Annuale,ITD4,Friuli-Venezia Giulia,ABITAZ_SPESA_M,Spesa media mensile per abitazione (in euro),2022,331,,
A,Annuale,ITD4,Friuli-Venezia Giulia,ABITAZ_SPESA_M,Spesa media mensile per abitazione (in euro),2023,316,,
A,Annuale,ITD4,Friuli-Venezia Giulia,ABITAZ_SPESA_M,Spesa media mensile per abitazione (in euro),2024,287,,
A,Annuale,ITD4,Friuli-Venezia Giulia,ABITAZ_SPESA_REDD,Spesa media mensile per abitazioni (per 100 euro di reddito medio mensile),2004,12.4,,
A,Annuale,ITD4,Friuli-Venezia Giulia,ABITAZ_SPESA_REDD,Spesa media mensile per abitazioni (per 100 euro di reddito medio mensile),2005,13.1,,
A,Annuale,ITD4,Friuli-Venezia Giulia,ABITAZ_SPESA_REDD,Spesa media mensile per abitazioni (per 100 euro di reddito medio mensile),2006,13.5,,
A,Annuale,ITD4,Friuli-Venezia Giulia,ABITAZ_SPESA_REDD,Spesa media mensile per abitazioni (per 100 euro di reddito medio mensile),2007,12.9,,
A,Annuale,ITD4,Friuli-Venezia Giulia,ABITAZ_SPESA_REDD,Spesa media mensile per abitazioni (per 100 euro di reddito medio mensile),2008,13.1,,
A,Annuale,ITD4,Friuli-Venezia Giulia,ABITAZ_SPESA_REDD,Spesa media mensile per abitazioni (per 100 euro di reddito medio mensile),2009,12.8,,
A,Annuale,ITD4,Friuli-Venezia Giulia,ABITAZ_SPESA_REDD,Spesa media mensile per abitazioni (per 100 euro di reddito medio mensile),2010,12,,
A,Annuale,ITD4,Friuli-Venezia Giulia,ABITAZ_SPESA_REDD,Spesa media mensile per abitazioni (per 100 euro di reddito medio mensile),2011,12.4,,
A,Annuale,ITD4,Friuli-Venezia Giulia,ABITAZ_SPESA_REDD,Spesa media mensile per abitazioni (per 100 euro di reddito medio mensile),2012,12.3,,
A,Annuale,ITD4,Friuli-Venezia Giulia,ABITAZ_SPESA_REDD,Spesa media mensile per abitazioni (per 100 euro di reddito medio mensile),2013,12.5,,
A,Annuale,ITD4,Friuli-Venezia Giulia,ABITAZ_SPESA_REDD,Spesa media mensile per abitazioni (per 100 euro di reddito medio mensile),2014,12.5,,
A,Annuale,ITD4,Friuli-Venezia Giulia,ABITAZ_SPESA_REDD,Spesa media mensile per abitazioni (per 100 euro di reddito medio mensile),2015,11.7,,
A,Annuale,ITD4,Friuli-Venezia Giulia,ABITAZ_SPESA_REDD,Spesa media mensile per abitazioni (per 100 euro di reddito medio mensile),2016,11.5,,
A,Annuale,ITD4,Friuli-Venezia Giulia,ABITAZ_SPESA_REDD,Spesa media mensile per abitazioni (per 100 euro di reddito medio mensile),2017,10.6,,
A,Annuale,ITD4,Friuli-Venezia Giulia,ABITAZ_SPESA_REDD,Spesa media mensile per abitazioni (per 100 euro di reddito medio mensile),2018,10.2,,
A,Annuale,ITD4,Friuli-Venezia Giulia,ABITAZ_SPESA_REDD,Spesa media mensile per abitazioni (per 100 euro di reddito medio mensile),2019,11.2,,
A,Annuale,ITD4,Friuli-Venezia Giulia,ABITAZ_SPESA_REDD,Spesa media mensile per abitazioni (per 100 euro di reddito medio mensile),2020,11,,
A,Annuale,ITD4,Friuli-Venezia Giulia,ABITAZ_SPESA_REDD,Spesa media mensile per abitazioni (per 100 euro di reddito medio mensile),2021,11,,
A,Annuale,ITD4,Friuli-Venezia Giulia,ABITAZ_SPESA_REDD,Spesa media mensile per abitazioni (per 100 euro di reddito medio mensile),2022,11.5,,
A,Annuale,ITD4,Friuli-Venezia Giulia,ABITAZ_SPESA_REDD,Spesa media mensile per abitazioni (per 100 euro di reddito medio mensile),2023,10.1,,
A,Annuale,ITD4,Friuli-Venezia Giulia,ABITAZ_SPESA_REDD,Spesa media mensile per abitazioni (per 100 euro di reddito medio mensile),2024,8.8,,
A,Annuale,ITD5,Emilia-Romagna,ABITAZ_SPESA_M,Spesa media mensile per abitazione (in euro),2004,328,,
A,Annuale,ITD5,Emilia-Romagna,ABITAZ_SPESA_M,Spesa media mensile per abitazione (in euro),2005,352,,
A,Annuale,ITD5,Emilia-Romagna,ABITAZ_SPESA_M,Spesa media mensile per abitazione (in euro),2006,366,,
A,Annuale,ITD5,Emilia-Romagna,ABITAZ_SPESA_M,Spesa media mensile per abitazione (in euro),2007,397,,
A,Annuale,ITD5,Emilia-Romagna,ABITAZ_SPESA_M,Spesa media mensile per abitazione (in euro),2008,412,,
A,Annuale,ITD5,Emilia-Romagna,ABITAZ_SPESA_M,Spesa media mensile per abitazione (in euro),2009,398,,
A,Annuale,ITD5,Emilia-Romagna,ABITAZ_SPESA_M,Spesa media mensile per abitazione (in euro),2010,382,,
A,Annuale,ITD5,Emilia-Romagna,ABITAZ_SPESA_M,Spesa media mensile per abitazione (in euro),2011,383,,
A,Annuale,ITD5,Emilia-Romagna,ABITAZ_SPESA_M,Spesa media mensile per abitazione (in euro),2012,377,,
A,Annuale,ITD5,Emilia-Romagna,ABITAZ_SPESA_M,Spesa media mensile per abitazione (in euro),2013,385,,
A,Annuale,ITD5,Emilia-Romagna,ABITAZ_SPESA_M,Spesa media mensile per abitazione (in euro),2014,369,,
A,Annuale,ITD5,Emilia-Romagna,ABITAZ_SPESA_M,Spesa media mensile per abitazione (in euro),2015,365,,
A,Annuale,ITD5,Emilia-Romagna,ABITAZ_SPESA_M,Spesa media mensile per abitazione (in euro),2016,357,,
A,Annuale,ITD5,Emilia-Romagna,ABITAZ_SPESA_M,Spesa media mensile per abitazione (in euro),2017,336,,
A,Annuale,ITD5,Emilia-Romagna,ABITAZ_SPESA_M,Spesa media mensile per abitazione (in euro),2018,347,,
A,Annuale,ITD5,Emilia-Romagna,ABITAZ_SPESA_M,Spesa media mensile per abitazione (in euro),2019,346,,
A,Annuale,ITD5,Emilia-Romagna,ABITAZ_SPESA_M,Spesa media mensile per abitazione (in euro),2020,339,,
A,Annuale,ITD5,Emilia-Romagna,ABITAZ_SPESA_M,Spesa media mensile per abitazione (in euro),2021,341,,
A,Annuale,ITD5,Emilia-Romagna,ABITAZ_SPESA_M,Spesa media mensile per abitazione (in euro),2022,345,,
A,Annuale,ITD5,Emilia-Romagna,ABITAZ_SPESA_M,Spesa media mensile per abitazione (in euro),2023,385,,
A,Annuale,ITD5,Emilia-Romagna,ABITAZ_SPESA_M,Spesa media mensile per abitazione (in euro),2024,360,,
A,Annuale,ITD5,Emilia-Romagna,ABITAZ_SPESA_REDD,Spesa media mensile per abitazioni (per 100 euro di reddito medio mensile),2004,12.9,,
A,Annuale,ITD5,Emilia-Romagna,ABITAZ_SPESA_REDD,Spesa media mensile per abitazioni (per 100 euro di reddito medio mensile),2005,13.5,,
A,Annuale,ITD5,Emilia-Romagna,ABITAZ_SPESA_REDD,Spesa media mensile per abitazioni (per 100 euro di reddito medio mensile),2006,13.7,,
A,Annuale,ITD5,Emilia-Romagna,ABITAZ_SPESA_REDD,Spesa media mensile per abitazioni (per 100 euro di reddito medio mensile),2007,14.3,,
A,Annuale,ITD5,Emilia-Romagna,ABITAZ_SPESA_REDD,Spesa media mensile per abitazioni (per 100 euro di reddito medio mensile),2008,14.7,,
A,Annuale,ITD5,Emilia-Romagna,ABITAZ_SPESA_REDD,Spesa media mensile per abitazioni (per 100 euro di reddito medio mensile),2009,13.9,,
A,Annuale,ITD5,Emilia-Romagna,ABITAZ_SPESA_REDD,Spesa media mensile per abitazioni (per 100 euro di reddito medio mensile),2010,13.2,,
A,Annuale,ITD5,Emilia-Romagna,ABITAZ_SPESA_REDD,Spesa media mensile per abitazioni (per 100 euro di reddito medio mensile),2011,13.1,,
A,Annuale,ITD5,Emilia-Romagna,ABITAZ_SPESA_REDD,Spesa media mensile per abitazioni (per 100 euro di reddito medio mensile),2012,13.5,,
A,Annuale,ITD5,Emilia-Romagna,ABITAZ_SPESA_REDD,Spesa media mensile per abitazioni (per 100 euro di reddito medio mensile),2013,14,,
A,Annuale,ITD5,Emilia-Romagna,ABITAZ_SPESA_REDD,Spesa media mensile per abitazioni (per 100 euro di reddito medio mensile),2014,13,,
A,Annuale,ITD5,Emilia-Romagna,ABITAZ_SPESA_REDD,Spesa media mensile per abitazioni (per 100 euro di reddito medio mensile),2015,12.8,,
A,Annuale,ITD5,Emilia-Romagna,ABITAZ_SPESA_REDD,Spesa media mensile per abitazioni (per 100 euro di reddito medio mensile),2016,12.3,,
A,Annuale,ITD5,Emilia-Romagna,ABITAZ_SPESA_REDD,Spesa media mensile per abitazioni (per 100 euro di reddito medio mensile),2017,11.5,,
A,Annuale,ITD5,Emilia-Romagna,ABITAZ_SPESA_REDD,Spesa media mensile per abitazioni (per 100 euro di reddito medio mensile),2018,11.7,,
A,Annuale,ITD5,Emilia-Romagna,ABITAZ_SPESA_REDD,Spesa media mensile per abitazioni (per 100 euro di reddito medio mensile),2019,12,,
A,Annuale,ITD5,Emilia-Romagna,ABITAZ_SPESA_REDD,Spesa media mensile per abitazioni (per 100 euro di reddito medio mensile),2020,10.6,,
A,Annuale,ITD5,Emilia-Romagna,ABITAZ_SPESA_REDD,Spesa media mensile per abitazioni (per 100 euro di reddito medio mensile),2021,10.8,,
A,Annuale,ITD5,Emilia-Romagna,ABITAZ_SPESA_REDD,Spesa media mensile per abitazioni (per 100 euro di reddito medio mensile),2022,10.4,,
A,Annuale,ITD5,Emilia-Romagna,ABITAZ_SPESA_REDD,Spesa media mensile per abitazioni (per 100 euro di reddito medio mensile),2023,10.9,,
A,Annuale,ITD5,Emilia-Romagna,ABITAZ_SPESA_REDD,Spesa media mensile per abitazioni (per 100 euro di reddito medio mensile),2024,10,,
A,Annuale,ITE1,Toscana,ABITAZ_SPESA_M,Spesa media mensile per abitazione (in euro),2004,309,,
A,Annuale,ITE1,Toscana,ABITAZ_SPESA_M,Spesa media mensile per abitazione (in euro),2005,341,,
A,Annuale,ITE1,Toscana,ABITAZ_SPESA_M,Spesa media mensile per abitazione (in euro),2006,340,,
A,Annuale,ITE1,Toscana,ABITAZ_SPESA_M,Spesa media mensile per abitazione (in euro),2007,362,,
A,Annuale,ITE1,Toscana,ABITAZ_SPESA_M,Spesa media mensile per abitazione (in euro),2008,380,,
A,Annuale,ITE1,Toscana,ABITAZ_SPESA_M,Spesa media mensile per abitazione (in euro),2009,336,,
A,Annuale,ITE1,Toscana,ABITAZ_SPESA_M,Spesa media mensile per abitazione (in euro),2010,337,,
A,Annuale,ITE1,Toscana,ABITAZ_SPESA_M,Spesa media mensile per abitazione (in euro),2011,344,,
A,Annuale,ITE1,Toscana,ABITAZ_SPESA_M,Spesa media mensile per abitazione (in euro),2012,327,,
A,Annuale,ITE1,Toscana,ABITAZ_SPESA_M,Spesa media mensile per abitazione (in euro),2013,362,,
A,Annuale,ITE1,Toscana,ABITAZ_SPESA_M,Spesa media mensile per abitazione (in euro),2014,347,,
A,Annuale,ITE1,Toscana,ABITAZ_SPESA_M,Spesa media mensile per abitazione (in euro),2015,325,,
A,Annuale,ITE1,Toscana,ABITAZ_SPESA_M,Spesa media mensile per abitazione (in euro),2016,346,,
A,Annuale,ITE1,Toscana,ABITAZ_SPESA_M,Spesa media mensile per abitazione (in euro),2017,322,,
A,Annuale,ITE1,Toscana,ABITAZ_SPESA_M,Spesa media mensile per abitazione (in euro),2018,316,,
A,Annuale,ITE1,Toscana,ABITAZ_SPESA_M,Spesa media mensile per abitazione (in euro),2019,313,,
A,Annuale,ITE1,Toscana,ABITAZ_SPESA_M,Spesa media mensile per abitazione (in euro),2020,308,,
A,Annuale,ITE1,Toscana,ABITAZ_SPESA_M,Spesa media mensile per abitazione (in euro),2021,328,,
A,Annuale,ITE1,Toscana,ABITAZ_SPESA_M,Spesa media mensile per abitazione (in euro),2022,338,,
A,Annuale,ITE1,Toscana,ABITAZ_SPESA_M,Spesa media mensile per abitazione (in euro),2023,336,,
A,Annuale,ITE1,Toscana,ABITAZ_SPESA_M,Spesa media mensile per abitazione (in euro),2024,323,,
A,Annuale,ITE1,Toscana,ABITAZ_SPESA_REDD,Spesa media mensile per abitazioni (per 100 euro di reddito medio mensile),2004,12.5,,
A,Annuale,ITE1,Toscana,ABITAZ_SPESA_REDD,Spesa media mensile per abitazioni (per 100 euro di reddito medio mensile),2005,13.6,,
A,Annuale,ITE1,Toscana,ABITAZ_SPESA_REDD,Spesa media mensile per abitazioni (per 100 euro di reddito medio mensile),2006,13.4,,
A,Annuale,ITE1,Toscana,ABITAZ_SPESA_REDD,Spesa media mensile per abitazioni (per 100 euro di reddito medio mensile),2007,13.7,,
A,Annuale,ITE1,Toscana,ABITAZ_SPESA_REDD,Spesa media mensile per abitazioni (per 100 euro di reddito medio mensile),2008,14.1,,
A,Annuale,ITE1,Toscana,ABITAZ_SPESA_REDD,Spesa media mensile per abitazioni (per 100 euro di reddito medio mensile),2009,12.3,,
A,Annuale,ITE1,Toscana,ABITAZ_SPESA_REDD,Spesa media mensile per abitazioni (per 100 euro di reddito medio mensile),2010,12.6,,
A,Annuale,ITE1,Toscana,ABITAZ_SPESA_REDD,Spesa media mensile per abitazioni (per 100 euro di reddito medio mensile),2011,12.8,,
A,Annuale,ITE1,Toscana,ABITAZ_SPESA_REDD,Spesa media mensile per abitazioni (per 100 euro di reddito medio mensile),2012,12.1,,
A,Annuale,ITE1,Toscana,ABITAZ_SPESA_REDD,Spesa media mensile per abitazioni (per 100 euro di reddito medio mensile),2013,14,,
A,Annuale,ITE1,Toscana,ABITAZ_SPESA_REDD,Spesa media mensile per abitazioni (per 100 euro di reddito medio mensile),2014,13.1,,
A,Annuale,ITE1,Toscana,ABITAZ_SPESA_REDD,Spesa media mensile per abitazioni (per 100 euro di reddito medio mensile),2015,11.9,,
A,Annuale,ITE1,Toscana,ABITAZ_SPESA_REDD,Spesa media mensile per abitazioni (per 100 euro di reddito medio mensile),2016,12.5,,
A,Annuale,ITE1,Toscana,ABITAZ_SPESA_REDD,Spesa media mensile per abitazioni (per 100 euro di reddito medio mensile),2017,11.7,,
A,Annuale,ITE1,Toscana,ABITAZ_SPESA_REDD,Spesa media mensile per abitazioni (per 100 euro di reddito medio mensile),2018,11.2,,
A,Annuale,ITE1,Toscana,ABITAZ_SPESA_REDD,Spesa media mensile per abitazioni (per 100 euro di reddito medio mensile),2019,11.1,,
A,Annuale,ITE1,Toscana,ABITAZ_SPESA_REDD,Spesa media mensile per abitazioni (per 100 euro di reddito medio mensile),2020,10.3,,
A,Annuale,ITE1,Toscana,ABITAZ_SPESA_REDD,Spesa media mensile per abitazioni (per 100 euro di reddito medio mensile),2021,11.3,,
A,Annuale,ITE1,Toscana,ABITAZ_SPESA_REDD,Spesa media mensile per abitazioni (per 100 euro di reddito medio mensile),2022,11.3,,
A,Annuale,ITE1,Toscana,ABITAZ_SPESA_REDD,Spesa media mensile per abitazioni (per 100 euro di reddito medio mensile),2023,10.2,,
A,Annuale,ITE1,Toscana,ABITAZ_SPESA_REDD,Spesa media mensile per abitazioni (per 100 euro di reddito medio mensile),2024,9.7,,
A,Annuale,ITE2,Umbria,ABITAZ_SPESA_M,Spesa media mensile per abitazione (in euro),2004,254,,
A,Annuale,ITE2,Umbria,ABITAZ_SPESA_M,Spesa media mensile per abitazione (in euro),2005,296,,
A,Annuale,ITE2,Umbria,ABITAZ_SPESA_M,Spesa media mensile per abitazione (in euro),2006,286,,
A,Annuale,ITE2,Umbria,ABITAZ_SPESA_M,Spesa media mensile per abitazione (in euro),2007,310,,
A,Annuale,ITE2,Umbria,ABITAZ_SPESA_M,Spesa media mensile per abitazione (in euro),2008,331,,
A,Annuale,ITE2,Umbria,ABITAZ_SPESA_M,Spesa media mensile per abitazione (in euro),2009,323,,
A,Annuale,ITE2,Umbria,ABITAZ_SPESA_M,Spesa media mensile per abitazione (in euro),2010,301,,
A,Annuale,ITE2,Umbria,ABITAZ_SPESA_M,Spesa media mensile per abitazione (in euro),2011,292,,
A,Annuale,ITE2,Umbria,ABITAZ_SPESA_M,Spesa media mensile per abitazione (in euro),2012,288,,
A,Annuale,ITE2,Umbria,ABITAZ_SPESA_M,Spesa media mensile per abitazione (in euro),2013,320,,
A,Annuale,ITE2,Umbria,ABITAZ_SPESA_M,Spesa media mensile per abitazione (in euro),2014,317,,
A,Annuale,ITE2,Umbria,ABITAZ_SPESA_M,Spesa media mensile per abitazione (in euro),2015,299,,
A,Annuale,ITE2,Umbria,ABITAZ_SPESA_M,Spesa media mensile per abitazione (in euro),2016,304,,
A,Annuale,ITE2,Umbria,ABITAZ_SPESA_M,Spesa media mensile per abitazione (in euro),2017,282,,
A,Annuale,ITE2,Umbria,ABITAZ_SPESA_M,Spesa media mensile per abitazione (in euro),2018,280,,
A,Annuale,ITE2,Umbria,ABITAZ_SPESA_M,Spesa media mensile per abitazione (in euro),2019,292,,
A,Annuale,ITE2,Umbria,ABITAZ_SPESA_M,Spesa media mensile per abitazione (in euro),2020,287,,
A,Annuale,ITE2,Umbria,ABITAZ_SPESA_M,Spesa media mensile per abitazione (in euro),2021,310,,
A,Annuale,ITE2,Umbria,ABITAZ_SPESA_M,Spesa media mensile per abitazione (in euro),2022,320,,
A,Annuale,ITE2,Umbria,ABITAZ_SPESA_M,Spesa media mensile per abitazione (in euro),2023,334,,
A,Annuale,ITE2,Umbria,ABITAZ_SPESA_M,Spesa media mensile per abitazione (in euro),2024,328,,
A,Annuale,ITE2,Umbria,ABITAZ_SPESA_REDD,Spesa media mensile per abitazioni (per 100 euro di reddito medio mensile),2004,10.9,,
A,Annuale,ITE2,Umbria,ABITAZ_SPESA_REDD,Spesa media mensile per abitazioni (per 100 euro di reddito medio mensile),2005,12.6,,
A,Annuale,ITE2,Umbria,ABITAZ_SPESA_REDD,Spesa media mensile per abitazioni (per 100 euro di reddito medio mensile),2006,12.1,,
A,Annuale,ITE2,Umbria,ABITAZ_SPESA_REDD,Spesa media mensile per abitazioni (per 100 euro di reddito medio mensile),2007,12,,
A,Annuale,ITE2,Umbria,ABITAZ_SPESA_REDD,Spesa media mensile per abitazioni (per 100 euro di reddito medio mensile),2008,12.9,,
A,Annuale,ITE2,Umbria,ABITAZ_SPESA_REDD,Spesa media mensile per abitazioni (per 100 euro di reddito medio mensile),2009,12.5,,
A,Annuale,ITE2,Umbria,ABITAZ_SPESA_REDD,Spesa media mensile per abitazioni (per 100 euro di reddito medio mensile),2010,11.8,,
A,Annuale,ITE2,Umbria,ABITAZ_SPESA_REDD,Spesa media mensile per abitazioni (per 100 euro di reddito medio mensile),2011,11.4,,
A,Annuale,ITE2,Umbria,ABITAZ_SPESA_REDD,Spesa media mensile per abitazioni (per 100 euro di reddito medio mensile),2012,11.2,,
A,Annuale,ITE2,Umbria,ABITAZ_SPESA_REDD,Spesa media mensile per abitazioni (per 100 euro di reddito medio mensile),2013,13,,
A,Annuale,ITE2,Umbria,ABITAZ_SPESA_REDD,Spesa media mensile per abitazioni (per 100 euro di reddito medio mensile),2014,12.6,,
A,Annuale,ITE2,Umbria,ABITAZ_SPESA_REDD,Spesa media mensile per abitazioni (per 100 euro di reddito medio mensile),2015,12.5,,
A,Annuale,ITE2,Umbria,ABITAZ_SPESA_REDD,Spesa media mensile per abitazioni (per 100 euro di reddito medio mensile),2016,12.1,,
A,Annuale,ITE2,Umbria,ABITAZ_SPESA_REDD,Spesa media mensile per abitazioni (per 100 euro di reddito medio mensile),2017,10.8,,
A,Annuale,ITE2,Umbria,ABITAZ_SPESA_REDD,Spesa media mensile per abitazioni (per 100 euro di reddito medio mensile),2018,10.1,,
A,Annuale,ITE2,Umbria,ABITAZ_SPESA_REDD,Spesa media mensile per abitazioni (per 100 euro di reddito medio mensile),2019,10.5,,
A,Annuale,ITE2,Umbria,ABITAZ_SPESA_REDD,Spesa media mensile per abitazioni (per 100 euro di reddito medio mensile),2020,10.1,,
A,Annuale,ITE2,Umbria,ABITAZ_SPESA_REDD,Spesa media mensile per abitazioni (per 100 euro di reddito medio mensile),2021,11,,
A,Annuale,ITE2,Umbria,ABITAZ_SPESA_REDD,Spesa media mensile per abitazioni (per 100 euro di reddito medio mensile),2022,10.1,,
A,Annuale,ITE2,Umbria,ABITAZ_SPESA_REDD,Spesa media mensile per abitazioni (per 100 euro di reddito medio mensile),2023,9.6,,
A,Annuale,ITE2,Umbria,ABITAZ_SPESA_REDD,Spesa media mensile per abitazioni (per 100 euro di reddito medio mensile),2024,8.9,,
A,Annuale,ITE3,Marche,ABITAZ_SPESA_M,Spesa media mensile per abitazione (in euro),2004,283,,
A,Annuale,ITE3,Marche,ABITAZ_SPESA_M,Spesa media mensile per abitazione (in euro),2005,296,,
A,Annuale,ITE3,Marche,ABITAZ_SPESA_M,Spesa media mensile per abitazione (in euro),2006,307,,
A,Annuale,ITE3,Marche,ABITAZ_SPESA_M,Spesa media mensile per abitazione (in euro),2007,309,,
A,Annuale,ITE3,Marche,ABITAZ_SPESA_M,Spesa media mensile per abitazione (in euro),2008,332,,
A,Annuale,ITE3,Marche,ABITAZ_SPESA_M,Spesa media mensile per abitazione (in euro),2009,316,,
A,Annuale,ITE3,Marche,ABITAZ_SPESA_M,Spesa media mensile per abitazione (in euro),2010,295,,
A,Annuale,ITE3,Marche,ABITAZ_SPESA_M,Spesa media mensile per abitazione (in euro),2011,313,,
A,Annuale,ITE3,Marche,ABITAZ_SPESA_M,Spesa media mensile per abitazione (in euro),2012,308,,
A,Annuale,ITE3,Marche,ABITAZ_SPESA_M,Spesa media mensile per abitazione (in euro),2013,308,,
A,Annuale,ITE3,Marche,ABITAZ_SPESA_M,Spesa media mensile per abitazione (in euro),2014,293,,
A,Annuale,ITE3,Marche,ABITAZ_SPESA_M,Spesa media mensile per abitazione (in euro),2015,295,,
A,Annuale,ITE3,Marche,ABITAZ_SPESA_M,Spesa media mensile per abitazione (in euro),2016,303,,
A,Annuale,ITE3,Marche,ABITAZ_SPESA_M,Spesa media mensile per abitazione (in euro),2017,269,,
A,Annuale,ITE3,Marche,ABITAZ_SPESA_M,Spesa media mensile per abitazione (in euro),2018,277,,
A,Annuale,ITE3,Marche,ABITAZ_SPESA_M,Spesa media mensile per abitazione (in euro),2019,286,,
A,Annuale,ITE3,Marche,ABITAZ_SPESA_M,Spesa media mensile per abitazione (in euro),2020,291,,
A,Annuale,ITE3,Marche,ABITAZ_SPESA_M,Spesa media mensile per abitazione (in euro),2021,312,,
A,Annuale,ITE3,Marche,ABITAZ_SPESA_M,Spesa media mensile per abitazione (in euro),2022,305,,
A,Annuale,ITE3,Marche,ABITAZ_SPESA_M,Spesa media mensile per abitazione (in euro),2023,318,,
A,Annuale,ITE3,Marche,ABITAZ_SPESA_M,Spesa media mensile per abitazione (in euro),2024,303,,
A,Annuale,ITE3,Marche,ABITAZ_SPESA_REDD,Spesa media mensile per abitazioni (per 100 euro di reddito medio mensile),2004,12,,
A,Annuale,ITE3,Marche,ABITAZ_SPESA_REDD,Spesa media mensile per abitazioni (per 100 euro di reddito medio mensile),2005,12.5,,
A,Annuale,ITE3,Marche,ABITAZ_SPESA_REDD,Spesa media mensile per abitazioni (per 100 euro di reddito medio mensile),2006,12.4,,
A,Annuale,ITE3,Marche,ABITAZ_SPESA_REDD,Spesa media mensile per abitazioni (per 100 euro di reddito medio mensile),2007,12.3,,
A,Annuale,ITE3,Marche,ABITAZ_SPESA_REDD,Spesa media mensile per abitazioni (per 100 euro di reddito medio mensile),2008,12.7,,
A,Annuale,ITE3,Marche,ABITAZ_SPESA_REDD,Spesa media mensile per abitazioni (per 100 euro di reddito medio mensile),2009,11.8,,
A,Annuale,ITE3,Marche,ABITAZ_SPESA_REDD,Spesa media mensile per abitazioni (per 100 euro di reddito medio mensile),2010,11.2,,
A,Annuale,ITE3,Marche,ABITAZ_SPESA_REDD,Spesa media mensile per abitazioni (per 100 euro di reddito medio mensile),2011,11.8,,
A,Annuale,ITE3,Marche,ABITAZ_SPESA_REDD,Spesa media mensile per abitazioni (per 100 euro di reddito medio mensile),2012,11.6,,
A,Annuale,ITE3,Marche,ABITAZ_SPESA_REDD,Spesa media mensile per abitazioni (per 100 euro di reddito medio mensile),2013,11.9,,
A,Annuale,ITE3,Marche,ABITAZ_SPESA_REDD,Spesa media mensile per abitazioni (per 100 euro di reddito medio mensile),2014,11.2,,
A,Annuale,ITE3,Marche,ABITAZ_SPESA_REDD,Spesa media mensile per abitazioni (per 100 euro di reddito medio mensile),2015,11.4,,
A,Annuale,ITE3,Marche,ABITAZ_SPESA_REDD,Spesa media mensile per abitazioni (per 100 euro di reddito medio mensile),2016,11.5,,
A,Annuale,ITE3,Marche,ABITAZ_SPESA_REDD,Spesa media mensile per abitazioni (per 100 euro di reddito medio mensile),2017,10,,
A,Annuale,ITE3,Marche,ABITAZ_SPESA_REDD,Spesa media mensile per abitazioni (per 100 euro di reddito medio mensile),2018,10,,
A,Annuale,ITE3,Marche,ABITAZ_SPESA_REDD,Spesa media mensile per abitazioni (per 100 euro di reddito medio mensile),2019,10.3,,
A,Annuale,ITE3,Marche,ABITAZ_SPESA_REDD,Spesa media mensile per abitazioni (per 100 euro di reddito medio mensile),2020,9.7,,
A,Annuale,ITE3,Marche,ABITAZ_SPESA_REDD,Spesa media mensile per abitazioni (per 100 euro di reddito medio mensile),2021,10.6,,
A,Annuale,ITE3,Marche,ABITAZ_SPESA_REDD,Spesa media mensile per abitazioni (per 100 euro di reddito medio mensile),2022,10.5,,
A,Annuale,ITE3,Marche,ABITAZ_SPESA_REDD,Spesa media mensile per abitazioni (per 100 euro di reddito medio mensile),2023,10,,
A,Annuale,ITE3,Marche,ABITAZ_SPESA_REDD,Spesa media mensile per abitazioni (per 100 euro di reddito medio mensile),2024,9.2,,
A,Annuale,ITE4,Lazio,ABITAZ_SPESA_M,Spesa media mensile per abitazione (in euro),2004,306,,
A,Annuale,ITE4,Lazio,ABITAZ_SPESA_M,Spesa media mensile per abitazione (in euro),2005,326,,
A,Annuale,ITE4,Lazio,ABITAZ_SPESA_M,Spesa media mensile per abitazione (in euro),2006,327,,
A,Annuale,ITE4,Lazio,ABITAZ_SPESA_M,Spesa media mensile per abitazione (in euro),2007,331,,
A,Annuale,ITE4,Lazio,ABITAZ_SPESA_M,Spesa media mensile per abitazione (in euro),2008,365,,
A,Annuale,ITE4,Lazio,ABITAZ_SPESA_M,Spesa media mensile per abitazione (in euro),2009,346,,
A,Annuale,ITE4,Lazio,ABITAZ_SPESA_M,Spesa media mensile per abitazione (in euro),2010,351,,
A,Annuale,ITE4,Lazio,ABITAZ_SPESA_M,Spesa media mensile per abitazione (in euro),2011,346,,
A,Annuale,ITE4,Lazio,ABITAZ_SPESA_M,Spesa media mensile per abitazione (in euro),2012,333,,
A,Annuale,ITE4,Lazio,ABITAZ_SPESA_M,Spesa media mensile per abitazione (in euro),2013,354,,
A,Annuale,ITE4,Lazio,ABITAZ_SPESA_M,Spesa media mensile per abitazione (in euro),2014,334,,
A,Annuale,ITE4,Lazio,ABITAZ_SPESA_M,Spesa media mensile per abitazione (in euro),2015,326,,
A,Annuale,ITE4,Lazio,ABITAZ_SPESA_M,Spesa media mensile per abitazione (in euro),2016,336,,
A,Annuale,ITE4,Lazio,ABITAZ_SPESA_M,Spesa media mensile per abitazione (in euro),2017,308,,
A,Annuale,ITE4,Lazio,ABITAZ_SPESA_M,Spesa media mensile per abitazione (in euro),2018,316,,
A,Annuale,ITE4,Lazio,ABITAZ_SPESA_M,Spesa media mensile per abitazione (in euro),2019,316,,
A,Annuale,ITE4,Lazio,ABITAZ_SPESA_M,Spesa media mensile per abitazione (in euro),2020,278,,
A,Annuale,ITE4,Lazio,ABITAZ_SPESA_M,Spesa media mensile per abitazione (in euro),2021,311,,
A,Annuale,ITE4,Lazio,ABITAZ_SPESA_M,Spesa media mensile per abitazione (in euro),2022,322,,
A,Annuale,ITE4,Lazio,ABITAZ_SPESA_M,Spesa media mensile per abitazione (in euro),2023,322,,
A,Annuale,ITE4,Lazio,ABITAZ_SPESA_M,Spesa media mensile per abitazione (in euro),2024,324,,
A,Annuale,ITE4,Lazio,ABITAZ_SPESA_REDD,Spesa media mensile per abitazioni (per 100 euro di reddito medio mensile),2004,12.8,,
A,Annuale,ITE4,Lazio,ABITAZ_SPESA_REDD,Spesa media mensile per abitazioni (per 100 euro di reddito medio mensile),2005,13,,
A,Annuale,ITE4,Lazio,ABITAZ_SPESA_REDD,Spesa media mensile per abitazioni (per 100 euro di reddito medio mensile),2006,13.1,,
A,Annuale,ITE4,Lazio,ABITAZ_SPESA_REDD,Spesa media mensile per abitazioni (per 100 euro di reddito medio mensile),2007,12.4,,
A,Annuale,ITE4,Lazio,ABITAZ_SPESA_REDD,Spesa media mensile per abitazioni (per 100 euro di reddito medio mensile),2008,13.7,,
A,Annuale,ITE4,Lazio,ABITAZ_SPESA_REDD,Spesa media mensile per abitazioni (per 100 euro di reddito medio mensile),2009,13.1,,
A,Annuale,ITE4,Lazio,ABITAZ_SPESA_REDD,Spesa media mensile per abitazioni (per 100 euro di reddito medio mensile),2010,12.6,,
A,Annuale,ITE4,Lazio,ABITAZ_SPESA_REDD,Spesa media mensile per abitazioni (per 100 euro di reddito medio mensile),2011,13,,
A,Annuale,ITE4,Lazio,ABITAZ_SPESA_REDD,Spesa media mensile per abitazioni (per 100 euro di reddito medio mensile),2012,12.6,,
A,Annuale,ITE4,Lazio,ABITAZ_SPESA_REDD,Spesa media mensile per abitazioni (per 100 euro di reddito medio mensile),2013,13.8,,
A,Annuale,ITE4,Lazio,ABITAZ_SPESA_REDD,Spesa media mensile per abitazioni (per 100 euro di reddito medio mensile),2014,13.3,,
A,Annuale,ITE4,Lazio,ABITAZ_SPESA_REDD,Spesa media mensile per abitazioni (per 100 euro di reddito medio mensile),2015,13.5,,
A,Annuale,ITE4,Lazio,ABITAZ_SPESA_REDD,Spesa media mensile per abitazioni (per 100 euro di reddito medio mensile),2016,13.5,,
A,Annuale,ITE4,Lazio,ABITAZ_SPESA_REDD,Spesa media mensile per abitazioni (per 100 euro di reddito medio mensile),2017,11.7,,
A,Annuale,ITE4,Lazio,ABITAZ_SPESA_REDD,Spesa media mensile per abitazioni (per 100 euro di reddito medio mensile),2018,11.7,,
A,Annuale,ITE4,Lazio,ABITAZ_SPESA_REDD,Spesa media mensile per abitazioni (per 100 euro di reddito medio mensile),2019,11.7,,
A,Annuale,ITE4,Lazio,ABITAZ_SPESA_REDD,Spesa media mensile per abitazioni (per 100 euro di reddito medio mensile),2020,10,,
A,Annuale,ITE4,Lazio,ABITAZ_SPESA_REDD,Spesa media mensile per abitazioni (per 100 euro di reddito medio mensile),2021,11.4,,
A,Annuale,ITE4,Lazio,ABITAZ_SPESA_REDD,Spesa media mensile per abitazioni (per 100 euro di reddito medio mensile),2022,11.6,,
A,Annuale,ITE4,Lazio,ABITAZ_SPESA_REDD,Spesa media mensile per abitazioni (per 100 euro di reddito medio mensile),2023,11.1,,
A,Annuale,ITE4,Lazio,ABITAZ_SPESA_REDD,Spesa media mensile per abitazioni (per 100 euro di reddito medio mensile),2024,10.7,,
A,Annuale,ITF1,Abruzzo,ABITAZ_SPESA_M,Spesa media mensile per abitazione (in euro),2004,260,,
A,Annuale,ITF1,Abruzzo,ABITAZ_SPESA_M,Spesa media mensile per abitazione (in euro),2005,265,,
A,Annuale,ITF1,Abruzzo,ABITAZ_SPESA_M,Spesa media mensile per abitazione (in euro),2006,269,,
A,Annuale,ITF1,Abruzzo,ABITAZ_SPESA_M,Spesa media mensile per abitazione (in euro),2007,267,,
A,Annuale,ITF1,Abruzzo,ABITAZ_SPESA_M,Spesa media mensile per abitazione (in euro),2008,286,,
A,Annuale,ITF1,Abruzzo,ABITAZ_SPESA_M,Spesa media mensile per abitazione (in euro),2009,280,,
A,Annuale,ITF1,Abruzzo,ABITAZ_SPESA_M,Spesa media mensile per abitazione (in euro),2010,267,,
A,Annuale,ITF1,Abruzzo,ABITAZ_SPESA_M,Spesa media mensile per abitazione (in euro),2011,286,,
A,Annuale,ITF1,Abruzzo,ABITAZ_SPESA_M,Spesa media mensile per abitazione (in euro),2012,274,,
A,Annuale,ITF1,Abruzzo,ABITAZ_SPESA_M,Spesa media mensile per abitazione (in euro),2013,259,,
A,Annuale,ITF1,Abruzzo,ABITAZ_SPESA_M,Spesa media mensile per abitazione (in euro),2014,240,,
A,Annuale,ITF1,Abruzzo,ABITAZ_SPESA_M,Spesa media mensile per abitazione (in euro),2015,222,,
A,Annuale,ITF1,Abruzzo,ABITAZ_SPESA_M,Spesa media mensile per abitazione (in euro),2016,264,,
A,Annuale,ITF1,Abruzzo,ABITAZ_SPESA_M,Spesa media mensile per abitazione (in euro),2017,246,,
A,Annuale,ITF1,Abruzzo,ABITAZ_SPESA_M,Spesa media mensile per abitazione (in euro),2018,240,,
A,Annuale,ITF1,Abruzzo,ABITAZ_SPESA_M,Spesa media mensile per abitazione (in euro),2019,264,,
A,Annuale,ITF1,Abruzzo,ABITAZ_SPESA_M,Spesa media mensile per abitazione (in euro),2020,284,,
A,Annuale,ITF1,Abruzzo,ABITAZ_SPESA_M,Spesa media mensile per abitazione (in euro),2021,261,,
A,Annuale,ITF1,Abruzzo,ABITAZ_SPESA_M,Spesa media mensile per abitazione (in euro),2022,273,,
A,Annuale,ITF1,Abruzzo,ABITAZ_SPESA_M,Spesa media mensile per abitazione (in euro),2023,283,,
A,Annuale,ITF1,Abruzzo,ABITAZ_SPESA_M,Spesa media mensile per abitazione (in euro),2024,249,,
A,Annuale,ITF1,Abruzzo,ABITAZ_SPESA_REDD,Spesa media mensile per abitazioni (per 100 euro di reddito medio mensile),2004,12.2,,
A,Annuale,ITF1,Abruzzo,ABITAZ_SPESA_REDD,Spesa media mensile per abitazioni (per 100 euro di reddito medio mensile),2005,12.3,,
A,Annuale,ITF1,Abruzzo,ABITAZ_SPESA_REDD,Spesa media mensile per abitazioni (per 100 euro di reddito medio mensile),2006,12.3,,
A,Annuale,ITF1,Abruzzo,ABITAZ_SPESA_REDD,Spesa media mensile per abitazioni (per 100 euro di reddito medio mensile),2007,11.9,,
A,Annuale,ITF1,Abruzzo,ABITAZ_SPESA_REDD,Spesa media mensile per abitazioni (per 100 euro di reddito medio mensile),2008,12.1,,
A,Annuale,ITF1,Abruzzo,ABITAZ_SPESA_REDD,Spesa media mensile per abitazioni (per 100 euro di reddito medio mensile),2009,12.3,,
A,Annuale,ITF1,Abruzzo,ABITAZ_SPESA_REDD,Spesa media mensile per abitazioni (per 100 euro di reddito medio mensile),2010,11.7,,
A,Annuale,ITF1,Abruzzo,ABITAZ_SPESA_REDD,Spesa media mensile per abitazioni (per 100 euro di reddito medio mensile),2011,13.6,,
A,Annuale,ITF1,Abruzzo,ABITAZ_SPESA_REDD,Spesa media mensile per abitazioni (per 100 euro di reddito medio mensile),2012,12.2,,
A,Annuale,ITF1,Abruzzo,ABITAZ_SPESA_REDD,Spesa media mensile per abitazioni (per 100 euro di reddito medio mensile),2013,12,,
A,Annuale,ITF1,Abruzzo,ABITAZ_SPESA_REDD,Spesa media mensile per abitazioni (per 100 euro di reddito medio mensile),2014,10.9,,
A,Annuale,ITF1,Abruzzo,ABITAZ_SPESA_REDD,Spesa media mensile per abitazioni (per 100 euro di reddito medio mensile),2015,10.2,,
A,Annuale,ITF1,Abruzzo,ABITAZ_SPESA_REDD,Spesa media mensile per abitazioni (per 100 euro di reddito medio mensile),2016,12,,
A,Annuale,ITF1,Abruzzo,ABITAZ_SPESA_REDD,Spesa media mensile per abitazioni (per 100 euro di reddito medio mensile),2017,10.8,,
A,Annuale,ITF1,Abruzzo,ABITAZ_SPESA_REDD,Spesa media mensile per abitazioni (per 100 euro di reddito medio mensile),2018,10.3,,
A,Annuale,ITF1,Abruzzo,ABITAZ_SPESA_REDD,Spesa media mensile per abitazioni (per 100 euro di reddito medio mensile),2019,11,,
A,Annuale,ITF1,Abruzzo,ABITAZ_SPESA_REDD,Spesa media mensile per abitazioni (per 100 euro di reddito medio mensile),2020,11.2,,
A,Annuale,ITF1,Abruzzo,ABITAZ_SPESA_REDD,Spesa media mensile per abitazioni (per 100 euro di reddito medio mensile),2021,12,,
A,Annuale,ITF1,Abruzzo,ABITAZ_SPESA_REDD,Spesa media mensile per abitazioni (per 100 euro di reddito medio mensile),2022,11.3,,
A,Annuale,ITF1,Abruzzo,ABITAZ_SPESA_REDD,Spesa media mensile per abitazioni (per 100 euro di reddito medio mensile),2023,11.1,,
A,Annuale,ITF1,Abruzzo,ABITAZ_SPESA_REDD,Spesa media mensile per abitazioni (per 100 euro di reddito medio mensile),2024,9,,
A,Annuale,ITF2,Molise,ABITAZ_SPESA_M,Spesa media mensile per abitazione (in euro),2004,208,,
A,Annuale,ITF2,Molise,ABITAZ_SPESA_M,Spesa media mensile per abitazione (in euro),2005,243,,
A,Annuale,ITF2,Molise,ABITAZ_SPESA_M,Spesa media mensile per abitazione (in euro),2006,246,,
A,Annuale,ITF2,Molise,ABITAZ_SPESA_M,Spesa media mensile per abitazione (in euro),2007,251,,
A,Annuale,ITF2,Molise,ABITAZ_SPESA_M,Spesa media mensile per abitazione (in euro),2008,257,,
A,Annuale,ITF2,Molise,ABITAZ_SPESA_M,Spesa media mensile per abitazione (in euro),2009,240,,
A,Annuale,ITF2,Molise,ABITAZ_SPESA_M,Spesa media mensile per abitazione (in euro),2010,223,,
A,Annuale,ITF2,Molise,ABITAZ_SPESA_M,Spesa media mensile per abitazione (in euro),2011,228,,
A,Annuale,ITF2,Molise,ABITAZ_SPESA_M,Spesa media mensile per abitazione (in euro),2012,220,,
A,Annuale,ITF2,Molise,ABITAZ_SPESA_M,Spesa media mensile per abitazione (in euro),2013,245,,
A,Annuale,ITF2,Molise,ABITAZ_SPESA_M,Spesa media mensile per abitazione (in euro),2014,211,,
A,Annuale,ITF2,Molise,ABITAZ_SPESA_M,Spesa media mensile per abitazione (in euro),2015,218,,
A,Annuale,ITF2,Molise,ABITAZ_SPESA_M,Spesa media mensile per abitazione (in euro),2016,247,,
A,Annuale,ITF2,Molise,ABITAZ_SPESA_M,Spesa media mensile per abitazione (in euro),2017,215,,
A,Annuale,ITF2,Molise,ABITAZ_SPESA_M,Spesa media mensile per abitazione (in euro),2018,240,,
A,Annuale,ITF2,Molise,ABITAZ_SPESA_M,Spesa media mensile per abitazione (in euro),2019,221,,
A,Annuale,ITF2,Molise,ABITAZ_SPESA_M,Spesa media mensile per abitazione (in euro),2020,231,,
A,Annuale,ITF2,Molise,ABITAZ_SPESA_M,Spesa media mensile per abitazione (in euro),2021,249,,
A,Annuale,ITF2,Molise,ABITAZ_SPESA_M,Spesa media mensile per abitazione (in euro),2022,256,,
A,Annuale,ITF2,Molise,ABITAZ_SPESA_M,Spesa media mensile per abitazione (in euro),2023,260,,
A,Annuale,ITF2,Molise,ABITAZ_SPESA_M,Spesa media mensile per abitazione (in euro),2024,252,,
A,Annuale,ITF2,Molise,ABITAZ_SPESA_REDD,Spesa media mensile per abitazioni (per 100 euro di reddito medio mensile),2004,10.4,,
A,Annuale,ITF2,Molise,ABITAZ_SPESA_REDD,Spesa media mensile per abitazioni (per 100 euro di reddito medio mensile),2005,12.1,,
A,Annuale,ITF2,Molise,ABITAZ_SPESA_REDD,Spesa media mensile per abitazioni (per 100 euro di reddito medio mensile),2006,12.2,,
A,Annuale,ITF2,Molise,ABITAZ_SPESA_REDD,Spesa media mensile per abitazioni (per 100 euro di reddito medio mensile),2007,12.7,,
A,Annuale,ITF2,Molise,ABITAZ_SPESA_REDD,Spesa media mensile per abitazioni (per 100 euro di reddito medio mensile),2008,12.2,,
A,Annuale,ITF2,Molise,ABITAZ_SPESA_REDD,Spesa media mensile per abitazioni (per 100 euro di reddito medio mensile),2009,11.1,,
A,Annuale,ITF2,Molise,ABITAZ_SPESA_REDD,Spesa media mensile per abitazioni (per 100 euro di reddito medio mensile),2010,10.3,,
A,Annuale,ITF2,Molise,ABITAZ_SPESA_REDD,Spesa media mensile per abitazioni (per 100 euro di reddito medio mensile),2011,10.8,,
A,Annuale,ITF2,Molise,ABITAZ_SPESA_REDD,Spesa media mensile per abitazioni (per 100 euro di reddito medio mensile),2012,10.7,,
A,Annuale,ITF2,Molise,ABITAZ_SPESA_REDD,Spesa media mensile per abitazioni (per 100 euro di reddito medio mensile),2013,12.5,,
A,Annuale,ITF2,Molise,ABITAZ_SPESA_REDD,Spesa media mensile per abitazioni (per 100 euro di reddito medio mensile),2014,11.7,,
A,Annuale,ITF2,Molise,ABITAZ_SPESA_REDD,Spesa media mensile per abitazioni (per 100 euro di reddito medio mensile),2015,10.9,,
A,Annuale,ITF2,Molise,ABITAZ_SPESA_REDD,Spesa media mensile per abitazioni (per 100 euro di reddito medio mensile),2016,12.4,,
A,Annuale,ITF2,Molise,ABITAZ_SPESA_REDD,Spesa media mensile per abitazioni (per 100 euro di reddito medio mensile),2017,10.4,,
A,Annuale,ITF2,Molise,ABITAZ_SPESA_REDD,Spesa media mensile per abitazioni (per 100 euro di reddito medio mensile),2018,10.5,,
A,Annuale,ITF2,Molise,ABITAZ_SPESA_REDD,Spesa media mensile per abitazioni (per 100 euro di reddito medio mensile),2019,10.9,,
A,Annuale,ITF2,Molise,ABITAZ_SPESA_REDD,Spesa media mensile per abitazioni (per 100 euro di reddito medio mensile),2020,10.3,,
A,Annuale,ITF2,Molise,ABITAZ_SPESA_REDD,Spesa media mensile per abitazioni (per 100 euro di reddito medio mensile),2021,10.9,,
A,Annuale,ITF2,Molise,ABITAZ_SPESA_REDD,Spesa media mensile per abitazioni (per 100 euro di reddito medio mensile),2022,11.3,,
A,Annuale,ITF2,Molise,ABITAZ_SPESA_REDD,Spesa media mensile per abitazioni (per 100 euro di reddito medio mensile),2023,10.4,,
A,Annuale,ITF2,Molise,ABITAZ_SPESA_REDD,Spesa media mensile per abitazioni (per 100 euro di reddito medio mensile),2024,9.5,,
A,Annuale,ITF3,Campania,ABITAZ_SPESA_M,Spesa media mensile per abitazione (in euro),2004,244,,
A,Annuale,ITF3,Campania,ABITAZ_SPESA_M,Spesa media mensile per abitazione (in euro),2005,272,,
A,Annuale,ITF3,Campania,ABITAZ_SPESA_M,Spesa media mensile per abitazione (in euro),2006,267,,
A,Annuale,ITF3,Campania,ABITAZ_SPESA_M,Spesa media mensile per abitazione (in euro),2007,274,,
A,Annuale,ITF3,Campania,ABITAZ_SPESA_M,Spesa media mensile per abitazione (in euro),2008,286,,
A,Annuale,ITF3,Campania,ABITAZ_SPESA_M,Spesa media mensile per abitazione (in euro),2009,270,,
A,Annuale,ITF3,Campania,ABITAZ_SPESA_M,Spesa media mensile per abitazione (in euro),2010,276,,
A,Annuale,ITF3,Campania,ABITAZ_SPESA_M,Spesa media mensile per abitazione (in euro),2011,298,,
A,Annuale,ITF3,Campania,ABITAZ_SPESA_M,Spesa media mensile per abitazione (in euro),2012,292,,
A,Annuale,ITF3,Campania,ABITAZ_SPESA_M,Spesa media mensile per abitazione (in euro),2013,279,,
A,Annuale,ITF3,Campania,ABITAZ_SPESA_M,Spesa media mensile per abitazione (in euro),2014,282,,
A,Annuale,ITF3,Campania,ABITAZ_SPESA_M,Spesa media mensile per abitazione (in euro),2015,276,,
A,Annuale,ITF3,Campania,ABITAZ_SPESA_M,Spesa media mensile per abitazione (in euro),2016,280,,
A,Annuale,ITF3,Campania,ABITAZ_SPESA_M,Spesa media mensile per abitazione (in euro),2017,278,,
A,Annuale,ITF3,Campania,ABITAZ_SPESA_M,Spesa media mensile per abitazione (in euro),2018,277,,
A,Annuale,ITF3,Campania,ABITAZ_SPESA_M,Spesa media mensile per abitazione (in euro),2019,290,,
A,Annuale,ITF3,Campania,ABITAZ_SPESA_M,Spesa media mensile per abitazione (in euro),2020,264,,
A,Annuale,ITF3,Campania,ABITAZ_SPESA_M,Spesa media mensile per abitazione (in euro),2021,292,,
A,Annuale,ITF3,Campania,ABITAZ_SPESA_M,Spesa media mensile per abitazione (in euro),2022,297,,
A,Annuale,ITF3,Campania,ABITAZ_SPESA_M,Spesa media mensile per abitazione (in euro),2023,294,,
A,Annuale,ITF3,Campania,ABITAZ_SPESA_M,Spesa media mensile per abitazione (in euro),2024,286,,
A,Annuale,ITF3,Campania,ABITAZ_SPESA_REDD,Spesa media mensile per abitazioni (per 100 euro di reddito medio mensile),2004,12.7,,
A,Annuale,ITF3,Campania,ABITAZ_SPESA_REDD,Spesa media mensile per abitazioni (per 100 euro di reddito medio mensile),2005,13.5,,
A,Annuale,ITF3,Campania,ABITAZ_SPESA_REDD,Spesa media mensile per abitazioni (per 100 euro di reddito medio mensile),2006,13.4,,
A,Annuale,ITF3,Campania,ABITAZ_SPESA_REDD,Spesa media mensile per abitazioni (per 100 euro di reddito medio mensile),2007,13.3,,
A,Annuale,ITF3,Campania,ABITAZ_SPESA_REDD,Spesa media mensile per abitazioni (per 100 euro di reddito medio mensile),2008,13.8,,
A,Annuale,ITF3,Campania,ABITAZ_SPESA_REDD,Spesa media mensile per abitazioni (per 100 euro di reddito medio mensile),2009,12.9,,
A,Annuale,ITF3,Campania,ABITAZ_SPESA_REDD,Spesa media mensile per abitazioni (per 100 euro di reddito medio mensile),2010,13.1,,
A,Annuale,ITF3,Campania,ABITAZ_SPESA_REDD,Spesa media mensile per abitazioni (per 100 euro di reddito medio mensile),2011,14.6,,
A,Annuale,ITF3,Campania,ABITAZ_SPESA_REDD,Spesa media mensile per abitazioni (per 100 euro di reddito medio mensile),2012,13.8,,
A,Annuale,ITF3,Campania,ABITAZ_SPESA_REDD,Spesa media mensile per abitazioni (per 100 euro di reddito medio mensile),2013,13.8,,
A,Annuale,ITF3,Campania,ABITAZ_SPESA_REDD,Spesa media mensile per abitazioni (per 100 euro di reddito medio mensile),2014,14.4,,
A,Annuale,ITF3,Campania,ABITAZ_SPESA_REDD,Spesa media mensile per abitazioni (per 100 euro di reddito medio mensile),2015,13.6,,
A,Annuale,ITF3,Campania,ABITAZ_SPESA_REDD,Spesa media mensile per abitazioni (per 100 euro di reddito medio mensile),2016,13.9,,
A,Annuale,ITF3,Campania,ABITAZ_SPESA_REDD,Spesa media mensile per abitazioni (per 100 euro di reddito medio mensile),2017,13.7,,
A,Annuale,ITF3,Campania,ABITAZ_SPESA_REDD,Spesa media mensile per abitazioni (per 100 euro di reddito medio mensile),2018,13.4,,
A,Annuale,ITF3,Campania,ABITAZ_SPESA_REDD,Spesa media mensile per abitazioni (per 100 euro di reddito medio mensile),2019,13.6,,
A,Annuale,ITF3,Campania,ABITAZ_SPESA_REDD,Spesa media mensile per abitazioni (per 100 euro di reddito medio mensile),2020,11.7,,
A,Annuale,ITF3,Campania,ABITAZ_SPESA_REDD,Spesa media mensile per abitazioni (per 100 euro di reddito medio mensile),2021,13.1,,
A,Annuale,ITF3,Campania,ABITAZ_SPESA_REDD,Spesa media mensile per abitazioni (per 100 euro di reddito medio mensile),2022,13.4,,
A,Annuale,ITF3,Campania,ABITAZ_SPESA_REDD,Spesa media mensile per abitazioni (per 100 euro di reddito medio mensile),2023,12.2,,
A,Annuale,ITF3,Campania,ABITAZ_SPESA_REDD,Spesa media mensile per abitazioni (per 100 euro di reddito medio mensile),2024,11.3,,
A,Annuale,ITF4,Puglia,ABITAZ_SPESA_M,Spesa media mensile per abitazione (in euro),2004,246,,
A,Annuale,ITF4,Puglia,ABITAZ_SPESA_M,Spesa media mensile per abitazione (in euro),2005,257,,
A,Annuale,ITF4,Puglia,ABITAZ_SPESA_M,Spesa media mensile per abitazione (in euro),2006,252,,
A,Annuale,ITF4,Puglia,ABITAZ_SPESA_M,Spesa media mensile per abitazione (in euro),2007,267,,
A,Annuale,ITF4,Puglia,ABITAZ_SPESA_M,Spesa media mensile per abitazione (in euro),2008,286,,
A,Annuale,ITF4,Puglia,ABITAZ_SPESA_M,Spesa media mensile per abitazione (in euro),2009,272,,
A,Annuale,ITF4,Puglia,ABITAZ_SPESA_M,Spesa media mensile per abitazione (in euro),2010,255,,
A,Annuale,ITF4,Puglia,ABITAZ_SPESA_M,Spesa media mensile per abitazione (in euro),2011,253,,
A,Annuale,ITF4,Puglia,ABITAZ_SPESA_M,Spesa media mensile per abitazione (in euro),2012,244,,
A,Annuale,ITF4,Puglia,ABITAZ_SPESA_M,Spesa media mensile per abitazione (in euro),2013,244,,
A,Annuale,ITF4,Puglia,ABITAZ_SPESA_M,Spesa media mensile per abitazione (in euro),2014,257,,
A,Annuale,ITF4,Puglia,ABITAZ_SPESA_M,Spesa media mensile per abitazione (in euro),2015,260,,
A,Annuale,ITF4,Puglia,ABITAZ_SPESA_M,Spesa media mensile per abitazione (in euro),2016,258,,
A,Annuale,ITF4,Puglia,ABITAZ_SPESA_M,Spesa media mensile per abitazione (in euro),2017,243,,
A,Annuale,ITF4,Puglia,ABITAZ_SPESA_M,Spesa media mensile per abitazione (in euro),2018,233,,
A,Annuale,ITF4,Puglia,ABITAZ_SPESA_M,Spesa media mensile per abitazione (in euro),2019,242,,
A,Annuale,ITF4,Puglia,ABITAZ_SPESA_M,Spesa media mensile per abitazione (in euro),2020,251,,
A,Annuale,ITF4,Puglia,ABITAZ_SPESA_M,Spesa media mensile per abitazione (in euro),2021,257,,
A,Annuale,ITF4,Puglia,ABITAZ_SPESA_M,Spesa media mensile per abitazione (in euro),2022,248,,
A,Annuale,ITF4,Puglia,ABITAZ_SPESA_M,Spesa media mensile per abitazione (in euro),2023,270,,
A,Annuale,ITF4,Puglia,ABITAZ_SPESA_M,Spesa media mensile per abitazione (in euro),2024,262,,
A,Annuale,ITF4,Puglia,ABITAZ_SPESA_REDD,Spesa media mensile per abitazioni (per 100 euro di reddito medio mensile),2004,13,,
A,Annuale,ITF4,Puglia,ABITAZ_SPESA_REDD,Spesa media mensile per abitazioni (per 100 euro di reddito medio mensile),2005,13.7,,
A,Annuale,ITF4,Puglia,ABITAZ_SPESA_REDD,Spesa media mensile per abitazioni (per 100 euro di reddito medio mensile),2006,13,,
A,Annuale,ITF4,Puglia,ABITAZ_SPESA_REDD,Spesa media mensile per abitazioni (per 100 euro di reddito medio mensile),2007,12.8,,
A,Annuale,ITF4,Puglia,ABITAZ_SPESA_REDD,Spesa media mensile per abitazioni (per 100 euro di reddito medio mensile),2008,13.3,,
A,Annuale,ITF4,Puglia,ABITAZ_SPESA_REDD,Spesa media mensile per abitazioni (per 100 euro di reddito medio mensile),2009,12.3,,
A,Annuale,ITF4,Puglia,ABITAZ_SPESA_REDD,Spesa media mensile per abitazioni (per 100 euro di reddito medio mensile),2010,11.6,,
A,Annuale,ITF4,Puglia,ABITAZ_SPESA_REDD,Spesa media mensile per abitazioni (per 100 euro di reddito medio mensile),2011,11.5,,
A,Annuale,ITF4,Puglia,ABITAZ_SPESA_REDD,Spesa media mensile per abitazioni (per 100 euro di reddito medio mensile),2012,11.4,,
A,Annuale,ITF4,Puglia,ABITAZ_SPESA_REDD,Spesa media mensile per abitazioni (per 100 euro di reddito medio mensile),2013,11.8,,
A,Annuale,ITF4,Puglia,ABITAZ_SPESA_REDD,Spesa media mensile per abitazioni (per 100 euro di reddito medio mensile),2014,11.6,,
A,Annuale,ITF4,Puglia,ABITAZ_SPESA_REDD,Spesa media mensile per abitazioni (per 100 euro di reddito medio mensile),2015,12.4,,
A,Annuale,ITF4,Puglia,ABITAZ_SPESA_REDD,Spesa media mensile per abitazioni (per 100 euro di reddito medio mensile),2016,11.6,,
A,Annuale,ITF4,Puglia,ABITAZ_SPESA_REDD,Spesa media mensile per abitazioni (per 100 euro di reddito medio mensile),2017,10.4,,
A,Annuale,ITF4,Puglia,ABITAZ_SPESA_REDD,Spesa media mensile per abitazioni (per 100 euro di reddito medio mensile),2018,10.1,,
A,Annuale,ITF4,Puglia,ABITAZ_SPESA_REDD,Spesa media mensile per abitazioni (per 100 euro di reddito medio mensile),2019,10.8,,
A,Annuale,ITF4,Puglia,ABITAZ_SPESA_REDD,Spesa media mensile per abitazioni (per 100 euro di reddito medio mensile),2020,10.9,,
A,Annuale,ITF4,Puglia,ABITAZ_SPESA_REDD,Spesa media mensile per abitazioni (per 100 euro di reddito medio mensile),2021,11.3,,
A,Annuale,ITF4,Puglia,ABITAZ_SPESA_REDD,Spesa media mensile per abitazioni (per 100 euro di reddito medio mensile),2022,10.6,,
A,Annuale,ITF4,Puglia,ABITAZ_SPESA_REDD,Spesa media mensile per abitazioni (per 100 euro di reddito medio mensile),2023,10.4,,
A,Annuale,ITF4,Puglia,ABITAZ_SPESA_REDD,Spesa media mensile per abitazioni (per 100 euro di reddito medio mensile),2024,10,,
A,Annuale,ITF5,Basilicata,ABITAZ_SPESA_M,Spesa media mensile per abitazione (in euro),2004,209,,
A,Annuale,ITF5,Basilicata,ABITAZ_SPESA_M,Spesa media mensile per abitazione (in euro),2005,245,,
A,Annuale,ITF5,Basilicata,ABITAZ_SPESA_M,Spesa media mensile per abitazione (in euro),2006,237,,
A,Annuale,ITF5,Basilicata,ABITAZ_SPESA_M,Spesa media mensile per abitazione (in euro),2007,242,,
A,Annuale,ITF5,Basilicata,ABITAZ_SPESA_M,Spesa media mensile per abitazione (in euro),2008,255,,
A,Annuale,ITF5,Basilicata,ABITAZ_SPESA_M,Spesa media mensile per abitazione (in euro),2009,240,,
A,Annuale,ITF5,Basilicata,ABITAZ_SPESA_M,Spesa media mensile per abitazione (in euro),2010,240,,
A,Annuale,ITF5,Basilicata,ABITAZ_SPESA_M,Spesa media mensile per abitazione (in euro),2011,224,,
A,Annuale,ITF5,Basilicata,ABITAZ_SPESA_M,Spesa media mensile per abitazione (in euro),2012,235,,
A,Annuale,ITF5,Basilicata,ABITAZ_SPESA_M,Spesa media mensile per abitazione (in euro),2013,209,,
A,Annuale,ITF5,Basilicata,ABITAZ_SPESA_M,Spesa media mensile per abitazione (in euro),2014,237,,
A,Annuale,ITF5,Basilicata,ABITAZ_SPESA_M,Spesa media mensile per abitazione (in euro),2015,242,,
A,Annuale,ITF5,Basilicata,ABITAZ_SPESA_M,Spesa media mensile per abitazione (in euro),2016,250,,
A,Annuale,ITF5,Basilicata,ABITAZ_SPESA_M,Spesa media mensile per abitazione (in euro),2017,233,,
A,Annuale,ITF5,Basilicata,ABITAZ_SPESA_M,Spesa media mensile per abitazione (in euro),2018,243,,
A,Annuale,ITF5,Basilicata,ABITAZ_SPESA_M,Spesa media mensile per abitazione (in euro),2019,259,,
A,Annuale,ITF5,Basilicata,ABITAZ_SPESA_M,Spesa media mensile per abitazione (in euro),2020,240,,
A,Annuale,ITF5,Basilicata,ABITAZ_SPESA_M,Spesa media mensile per abitazione (in euro),2021,252,,
A,Annuale,ITF5,Basilicata,ABITAZ_SPESA_M,Spesa media mensile per abitazione (in euro),2022,268,,
A,Annuale,ITF5,Basilicata,ABITAZ_SPESA_M,Spesa media mensile per abitazione (in euro),2023,273,,
A,Annuale,ITF5,Basilicata,ABITAZ_SPESA_M,Spesa media mensile per abitazione (in euro),2024,246,,
A,Annuale,ITF5,Basilicata,ABITAZ_SPESA_REDD,Spesa media mensile per abitazioni (per 100 euro di reddito medio mensile),2004,11.8,,
A,Annuale,ITF5,Basilicata,ABITAZ_SPESA_REDD,Spesa media mensile per abitazioni (per 100 euro di reddito medio mensile),2005,13,,
A,Annuale,ITF5,Basilicata,ABITAZ_SPESA_REDD,Spesa media mensile per abitazioni (per 100 euro di reddito medio mensile),2006,12.8,,
A,Annuale,ITF5,Basilicata,ABITAZ_SPESA_REDD,Spesa media mensile per abitazioni (per 100 euro di reddito medio mensile),2007,12.1,,
A,Annuale,ITF5,Basilicata,ABITAZ_SPESA_REDD,Spesa media mensile per abitazioni (per 100 euro di reddito medio mensile),2008,12.3,,
A,Annuale,ITF5,Basilicata,ABITAZ_SPESA_REDD,Spesa media mensile per abitazioni (per 100 euro di reddito medio mensile),2009,12.1,,
A,Annuale,ITF5,Basilicata,ABITAZ_SPESA_REDD,Spesa media mensile per abitazioni (per 100 euro di reddito medio mensile),2010,11.2,,
A,Annuale,ITF5,Basilicata,ABITAZ_SPESA_REDD,Spesa media mensile per abitazioni (per 100 euro di reddito medio mensile),2011,10.8,,
A,Annuale,ITF5,Basilicata,ABITAZ_SPESA_REDD,Spesa media mensile per abitazioni (per 100 euro di reddito medio mensile),2012,11,,
A,Annuale,ITF5,Basilicata,ABITAZ_SPESA_REDD,Spesa media mensile per abitazioni (per 100 euro di reddito medio mensile),2013,10.5,,
A,Annuale,ITF5,Basilicata,ABITAZ_SPESA_REDD,Spesa media mensile per abitazioni (per 100 euro di reddito medio mensile),2014,12.1,,
A,Annuale,ITF5,Basilicata,ABITAZ_SPESA_REDD,Spesa media mensile per abitazioni (per 100 euro di reddito medio mensile),2015,12.2,,
A,Annuale,ITF5,Basilicata,ABITAZ_SPESA_REDD,Spesa media mensile per abitazioni (per 100 euro di reddito medio mensile),2016,11.8,,
A,Annuale,ITF5,Basilicata,ABITAZ_SPESA_REDD,Spesa media mensile per abitazioni (per 100 euro di reddito medio mensile),2017,11.1,,
A,Annuale,ITF5,Basilicata,ABITAZ_SPESA_REDD,Spesa media mensile per abitazioni (per 100 euro di reddito medio mensile),2018,11.4,,
A,Annuale,ITF5,Basilicata,ABITAZ_SPESA_REDD,Spesa media mensile per abitazioni (per 100 euro di reddito medio mensile),2019,11.8,,
A,Annuale,ITF5,Basilicata,ABITAZ_SPESA_REDD,Spesa media mensile per abitazioni (per 100 euro di reddito medio mensile),2020,11.8,,
A,Annuale,ITF5,Basilicata,ABITAZ_SPESA_REDD,Spesa media mensile per abitazioni (per 100 euro di reddito medio mensile),2021,11.3,,
A,Annuale,ITF5,Basilicata,ABITAZ_SPESA_REDD,Spesa media mensile per abitazioni (per 100 euro di reddito medio mensile),2022,11.1,,
A,Annuale,ITF5,Basilicata,ABITAZ_SPESA_REDD,Spesa media mensile per abitazioni (per 100 euro di reddito medio mensile),2023,10.8,,
A,Annuale,ITF5,Basilicata,ABITAZ_SPESA_REDD,Spesa media mensile per abitazioni (per 100 euro di reddito medio mensile),2024,9.2,,
A,Annuale,ITF6,Calabria,ABITAZ_SPESA_M,Spesa media mensile per abitazione (in euro),2004,215,,
A,Annuale,ITF6,Calabria,ABITAZ_SPESA_M,Spesa media mensile per abitazione (in euro),2005,256,,
A,Annuale,ITF6,Calabria,ABITAZ_SPESA_M,Spesa media mensile per abitazione (in euro),2006,228,,
A,Annuale,ITF6,Calabria,ABITAZ_SPESA_M,Spesa media mensile per abitazione (in euro),2007,223,,
A,Annuale,ITF6,Calabria,ABITAZ_SPESA_M,Spesa media mensile per abitazione (in euro),2008,239,,
A,Annuale,ITF6,Calabria,ABITAZ_SPESA_M,Spesa media mensile per abitazione (in euro),2009,226,,
A,Annuale,ITF6,Calabria,ABITAZ_SPESA_M,Spesa media mensile per abitazione (in euro),2010,224,,
A,Annuale,ITF6,Calabria,ABITAZ_SPESA_M,Spesa media mensile per abitazione (in euro),2011,226,,
A,Annuale,ITF6,Calabria,ABITAZ_SPESA_M,Spesa media mensile per abitazione (in euro),2012,213,,
A,Annuale,ITF6,Calabria,ABITAZ_SPESA_M,Spesa media mensile per abitazione (in euro),2013,196,,
A,Annuale,ITF6,Calabria,ABITAZ_SPESA_M,Spesa media mensile per abitazione (in euro),2014,207,,
A,Annuale,ITF6,Calabria,ABITAZ_SPESA_M,Spesa media mensile per abitazione (in euro),2015,228,,
A,Annuale,ITF6,Calabria,ABITAZ_SPESA_M,Spesa media mensile per abitazione (in euro),2016,242,,
A,Annuale,ITF6,Calabria,ABITAZ_SPESA_M,Spesa media mensile per abitazione (in euro),2017,213,,
A,Annuale,ITF6,Calabria,ABITAZ_SPESA_M,Spesa media mensile per abitazione (in euro),2018,222,,
A,Annuale,ITF6,Calabria,ABITAZ_SPESA_M,Spesa media mensile per abitazione (in euro),2019,234,,
A,Annuale,ITF6,Calabria,ABITAZ_SPESA_M,Spesa media mensile per abitazione (in euro),2020,251,,
A,Annuale,ITF6,Calabria,ABITAZ_SPESA_M,Spesa media mensile per abitazione (in euro),2021,255,,
A,Annuale,ITF6,Calabria,ABITAZ_SPESA_M,Spesa media mensile per abitazione (in euro),2022,256,,
A,Annuale,ITF6,Calabria,ABITAZ_SPESA_M,Spesa media mensile per abitazione (in euro),2023,228,,
A,Annuale,ITF6,Calabria,ABITAZ_SPESA_M,Spesa media mensile per abitazione (in euro),2024,221,,
A,Annuale,ITF6,Calabria,ABITAZ_SPESA_REDD,Spesa media mensile per abitazioni (per 100 euro di reddito medio mensile),2004,12.5,,
A,Annuale,ITF6,Calabria,ABITAZ_SPESA_REDD,Spesa media mensile per abitazioni (per 100 euro di reddito medio mensile),2005,14.5,,
A,Annuale,ITF6,Calabria,ABITAZ_SPESA_REDD,Spesa media mensile per abitazioni (per 100 euro di reddito medio mensile),2006,12.1,,
A,Annuale,ITF6,Calabria,ABITAZ_SPESA_REDD,Spesa media mensile per abitazioni (per 100 euro di reddito medio mensile),2007,11.8,,
A,Annuale,ITF6,Calabria,ABITAZ_SPESA_REDD,Spesa media mensile per abitazioni (per 100 euro di reddito medio mensile),2008,12.4,,
A,Annuale,ITF6,Calabria,ABITAZ_SPESA_REDD,Spesa media mensile per abitazioni (per 100 euro di reddito medio mensile),2009,11.3,,
A,Annuale,ITF6,Calabria,ABITAZ_SPESA_REDD,Spesa media mensile per abitazioni (per 100 euro di reddito medio mensile),2010,10.6,,
A,Annuale,ITF6,Calabria,ABITAZ_SPESA_REDD,Spesa media mensile per abitazioni (per 100 euro di reddito medio mensile),2011,11.3,,
A,Annuale,ITF6,Calabria,ABITAZ_SPESA_REDD,Spesa media mensile per abitazioni (per 100 euro di reddito medio mensile),2012,10.6,,
A,Annuale,ITF6,Calabria,ABITAZ_SPESA_REDD,Spesa media mensile per abitazioni (per 100 euro di reddito medio mensile),2013,9.4,,
A,Annuale,ITF6,Calabria,ABITAZ_SPESA_REDD,Spesa media mensile per abitazioni (per 100 euro di reddito medio mensile),2014,10.6,,
A,Annuale,ITF6,Calabria,ABITAZ_SPESA_REDD,Spesa media mensile per abitazioni (per 100 euro di reddito medio mensile),2015,12,,
A,Annuale,ITF6,Calabria,ABITAZ_SPESA_REDD,Spesa media mensile per abitazioni (per 100 euro di reddito medio mensile),2016,11.9,,
A,Annuale,ITF6,Calabria,ABITAZ_SPESA_REDD,Spesa media mensile per abitazioni (per 100 euro di reddito medio mensile),2017,11,,
A,Annuale,ITF6,Calabria,ABITAZ_SPESA_REDD,Spesa media mensile per abitazioni (per 100 euro di reddito medio mensile),2018,10.4,,
A,Annuale,ITF6,Calabria,ABITAZ_SPESA_REDD,Spesa media mensile per abitazioni (per 100 euro di reddito medio mensile),2019,10.7,,
A,Annuale,ITF6,Calabria,ABITAZ_SPESA_REDD,Spesa media mensile per abitazioni (per 100 euro di reddito medio mensile),2020,11.2,,
A,Annuale,ITF6,Calabria,ABITAZ_SPESA_REDD,Spesa media mensile per abitazioni (per 100 euro di reddito medio mensile),2021,10.4,,
A,Annuale,ITF6,Calabria,ABITAZ_SPESA_REDD,Spesa media mensile per abitazioni (per 100 euro di reddito medio mensile),2022,11.5,,
A,Annuale,ITF6,Calabria,ABITAZ_SPESA_REDD,Spesa media mensile per abitazioni (per 100 euro di reddito medio mensile),2023,10.3,,
A,Annuale,ITF6,Calabria,ABITAZ_SPESA_REDD,Spesa media mensile per abitazioni (per 100 euro di reddito medio mensile),2024,9.4,,
A,Annuale,ITG1,Sicilia,ABITAZ_SPESA_M,Spesa media mensile per abitazione (in euro),2004,200,,
A,Annuale,ITG1,Sicilia,ABITAZ_SPESA_M,Spesa media mensile per abitazione (in euro),2005,225,,
A,Annuale,ITG1,Sicilia,ABITAZ_SPESA_M,Spesa media mensile per abitazione (in euro),2006,222,,
A,Annuale,ITG1,Sicilia,ABITAZ_SPESA_M,Spesa media mensile per abitazione (in euro),2007,230,,
A,Annuale,ITG1,Sicilia,ABITAZ_SPESA_M,Spesa media mensile per abitazione (in euro),2008,239,,
A,Annuale,ITG1,Sicilia,ABITAZ_SPESA_M,Spesa media mensile per abitazione (in euro),2009,233,,
A,Annuale,ITG1,Sicilia,ABITAZ_SPESA_M,Spesa media mensile per abitazione (in euro),2010,224,,
A,Annuale,ITG1,Sicilia,ABITAZ_SPESA_M,Spesa media mensile per abitazione (in euro),2011,213,,
A,Annuale,ITG1,Sicilia,ABITAZ_SPESA_M,Spesa media mensile per abitazione (in euro),2012,216,,
A,Annuale,ITG1,Sicilia,ABITAZ_SPESA_M,Spesa media mensile per abitazione (in euro),2013,217,,
A,Annuale,ITG1,Sicilia,ABITAZ_SPESA_M,Spesa media mensile per abitazione (in euro),2014,224,,
A,Annuale,ITG1,Sicilia,ABITAZ_SPESA_M,Spesa media mensile per abitazione (in euro),2015,226,,
A,Annuale,ITG1,Sicilia,ABITAZ_SPESA_M,Spesa media mensile per abitazione (in euro),2016,256,,
A,Annuale,ITG1,Sicilia,ABITAZ_SPESA_M,Spesa media mensile per abitazione (in euro),2017,235,,
A,Annuale,ITG1,Sicilia,ABITAZ_SPESA_M,Spesa media mensile per abitazione (in euro),2018,236,,
A,Annuale,ITG1,Sicilia,ABITAZ_SPESA_M,Spesa media mensile per abitazione (in euro),2019,276,,
A,Annuale,ITG1,Sicilia,ABITAZ_SPESA_M,Spesa media mensile per abitazione (in euro),2020,262,,
A,Annuale,ITG1,Sicilia,ABITAZ_SPESA_M,Spesa media mensile per abitazione (in euro),2021,258,,
A,Annuale,ITG1,Sicilia,ABITAZ_SPESA_M,Spesa media mensile per abitazione (in euro),2022,258,,
A,Annuale,ITG1,Sicilia,ABITAZ_SPESA_M,Spesa media mensile per abitazione (in euro),2023,244,,
A,Annuale,ITG1,Sicilia,ABITAZ_SPESA_M,Spesa media mensile per abitazione (in euro),2024,231,,
A,Annuale,ITG1,Sicilia,ABITAZ_SPESA_REDD,Spesa media mensile per abitazioni (per 100 euro di reddito medio mensile),2004,11.6,,
A,Annuale,ITG1,Sicilia,ABITAZ_SPESA_REDD,Spesa media mensile per abitazioni (per 100 euro di reddito medio mensile),2005,12.7,,
A,Annuale,ITG1,Sicilia,ABITAZ_SPESA_REDD,Spesa media mensile per abitazioni (per 100 euro di reddito medio mensile),2006,12.2,,
A,Annuale,ITG1,Sicilia,ABITAZ_SPESA_REDD,Spesa media mensile per abitazioni (per 100 euro di reddito medio mensile),2007,12.6,,
A,Annuale,ITG1,Sicilia,ABITAZ_SPESA_REDD,Spesa media mensile per abitazioni (per 100 euro di reddito medio mensile),2008,12.6,,
A,Annuale,ITG1,Sicilia,ABITAZ_SPESA_REDD,Spesa media mensile per abitazioni (per 100 euro di reddito medio mensile),2009,12.4,,
A,Annuale,ITG1,Sicilia,ABITAZ_SPESA_REDD,Spesa media mensile per abitazioni (per 100 euro di reddito medio mensile),2010,11.7,,
A,Annuale,ITG1,Sicilia,ABITAZ_SPESA_REDD,Spesa media mensile per abitazioni (per 100 euro di reddito medio mensile),2011,12.1,,
A,Annuale,ITG1,Sicilia,ABITAZ_SPESA_REDD,Spesa media mensile per abitazioni (per 100 euro di reddito medio mensile),2012,12,,
A,Annuale,ITG1,Sicilia,ABITAZ_SPESA_REDD,Spesa media mensile per abitazioni (per 100 euro di reddito medio mensile),2013,12.2,,
A,Annuale,ITG1,Sicilia,ABITAZ_SPESA_REDD,Spesa media mensile per abitazioni (per 100 euro di reddito medio mensile),2014,12.3,,
A,Annuale,ITG1,Sicilia,ABITAZ_SPESA_REDD,Spesa media mensile per abitazioni (per 100 euro di reddito medio mensile),2015,12.4,,
A,Annuale,ITG1,Sicilia,ABITAZ_SPESA_REDD,Spesa media mensile per abitazioni (per 100 euro di reddito medio mensile),2016,14,,
A,Annuale,ITG1,Sicilia,ABITAZ_SPESA_REDD,Spesa media mensile per abitazioni (per 100 euro di reddito medio mensile),2017,12.8,,
A,Annuale,ITG1,Sicilia,ABITAZ_SPESA_REDD,Spesa media mensile per abitazioni (per 100 euro di reddito medio mensile),2018,12.4,,
A,Annuale,ITG1,Sicilia,ABITAZ_SPESA_REDD,Spesa media mensile per abitazioni (per 100 euro di reddito medio mensile),2019,13.9,,
A,Annuale,ITG1,Sicilia,ABITAZ_SPESA_REDD,Spesa media mensile per abitazioni (per 100 euro di reddito medio mensile),2020,12.7,,
A,Annuale,ITG1,Sicilia,ABITAZ_SPESA_REDD,Spesa media mensile per abitazioni (per 100 euro di reddito medio mensile),2021,11.9,,
A,Annuale,ITG1,Sicilia,ABITAZ_SPESA_REDD,Spesa media mensile per abitazioni (per 100 euro di reddito medio mensile),2022,11.7,,
A,Annuale,ITG1,Sicilia,ABITAZ_SPESA_REDD,Spesa media mensile per abitazioni (per 100 euro di reddito medio mensile),2023,10.3,,
A,Annuale,ITG1,Sicilia,ABITAZ_SPESA_REDD,Spesa media mensile per abitazioni (per 100 euro di reddito medio mensile),2024,9.3,,
A,Annuale,ITG2,Sardegna,ABITAZ_SPESA_M,Spesa media mensile per abitazione (in euro),2004,242,,
A,Annuale,ITG2,Sardegna,ABITAZ_SPESA_M,Spesa media mensile per abitazione (in euro),2005,262,,
A,Annuale,ITG2,Sardegna,ABITAZ_SPESA_M,Spesa media mensile per abitazione (in euro),2006,250,,
A,Annuale,ITG2,Sardegna,ABITAZ_SPESA_M,Spesa media mensile per abitazione (in euro),2007,264,,
A,Annuale,ITG2,Sardegna,ABITAZ_SPESA_M,Spesa media mensile per abitazione (in euro),2008,275,,
A,Annuale,ITG2,Sardegna,ABITAZ_SPESA_M,Spesa media mensile per abitazione (in euro),2009,265,,
A,Annuale,ITG2,Sardegna,ABITAZ_SPESA_M,Spesa media mensile per abitazione (in euro),2010,276,,
A,Annuale,ITG2,Sardegna,ABITAZ_SPESA_M,Spesa media mensile per abitazione (in euro),2011,265,,
A,Annuale,ITG2,Sardegna,ABITAZ_SPESA_M,Spesa media mensile per abitazione (in euro),2012,266,,
A,Annuale,ITG2,Sardegna,ABITAZ_SPESA_M,Spesa media mensile per abitazione (in euro),2013,265,,
A,Annuale,ITG2,Sardegna,ABITAZ_SPESA_M,Spesa media mensile per abitazione (in euro),2014,256,,
A,Annuale,ITG2,Sardegna,ABITAZ_SPESA_M,Spesa media mensile per abitazione (in euro),2015,250,,
A,Annuale,ITG2,Sardegna,ABITAZ_SPESA_M,Spesa media mensile per abitazione (in euro),2016,253,,
A,Annuale,ITG2,Sardegna,ABITAZ_SPESA_M,Spesa media mensile per abitazione (in euro),2017,243,,
A,Annuale,ITG2,Sardegna,ABITAZ_SPESA_M,Spesa media mensile per abitazione (in euro),2018,250,,
A,Annuale,ITG2,Sardegna,ABITAZ_SPESA_M,Spesa media mensile per abitazione (in euro),2019,258,,
A,Annuale,ITG2,Sardegna,ABITAZ_SPESA_M,Spesa media mensile per abitazione (in euro),2020,247,,
A,Annuale,ITG2,Sardegna,ABITAZ_SPESA_M,Spesa media mensile per abitazione (in euro),2021,252,,
A,Annuale,ITG2,Sardegna,ABITAZ_SPESA_M,Spesa media mensile per abitazione (in euro),2022,267,,
A,Annuale,ITG2,Sardegna,ABITAZ_SPESA_M,Spesa media mensile per abitazione (in euro),2023,296,,
A,Annuale,ITG2,Sardegna,ABITAZ_SPESA_M,Spesa media mensile per abitazione (in euro),2024,271,,
A,Annuale,ITG2,Sardegna,ABITAZ_SPESA_REDD,Spesa media mensile per abitazioni (per 100 euro di reddito medio mensile),2004,11.6,,
A,Annuale,ITG2,Sardegna,ABITAZ_SPESA_REDD,Spesa media mensile per abitazioni (per 100 euro di reddito medio mensile),2005,11.7,,
A,Annuale,ITG2,Sardegna,ABITAZ_SPESA_REDD,Spesa media mensile per abitazioni (per 100 euro di reddito medio mensile),2006,11.7,,
A,Annuale,ITG2,Sardegna,ABITAZ_SPESA_REDD,Spesa media mensile per abitazioni (per 100 euro di reddito medio mensile),2007,11.4,,
A,Annuale,ITG2,Sardegna,ABITAZ_SPESA_REDD,Spesa media mensile per abitazioni (per 100 euro di reddito medio mensile),2008,11.7,,
A,Annuale,ITG2,Sardegna,ABITAZ_SPESA_REDD,Spesa media mensile per abitazioni (per 100 euro di reddito medio mensile),2009,11.4,,
A,Annuale,ITG2,Sardegna,ABITAZ_SPESA_REDD,Spesa media mensile per abitazioni (per 100 euro di reddito medio mensile),2010,11.5,,
A,Annuale,ITG2,Sardegna,ABITAZ_SPESA_REDD,Spesa media mensile per abitazioni (per 100 euro di reddito medio mensile),2011,11.7,,
A,Annuale,ITG2,Sardegna,ABITAZ_SPESA_REDD,Spesa media mensile per abitazioni (per 100 euro di reddito medio mensile),2012,11.6,,
A,Annuale,ITG2,Sardegna,ABITAZ_SPESA_REDD,Spesa media mensile per abitazioni (per 100 euro di reddito medio mensile),2013,11.8,,
A,Annuale,ITG2,Sardegna,ABITAZ_SPESA_REDD,Spesa media mensile per abitazioni (per 100 euro di reddito medio mensile),2014,12,,
A,Annuale,ITG2,Sardegna,ABITAZ_SPESA_REDD,Spesa media mensile per abitazioni (per 100 euro di reddito medio mensile),2015,12.1,,
A,Annuale,ITG2,Sardegna,ABITAZ_SPESA_REDD,Spesa media mensile per abitazioni (per 100 euro di reddito medio mensile),2016,11.7,,
A,Annuale,ITG2,Sardegna,ABITAZ_SPESA_REDD,Spesa media mensile per abitazioni (per 100 euro di reddito medio mensile),2017,11.1,,
A,Annuale,ITG2,Sardegna,ABITAZ_SPESA_REDD,Spesa media mensile per abitazioni (per 100 euro di reddito medio mensile),2018,10.8,,
A,Annuale,ITG2,Sardegna,ABITAZ_SPESA_REDD,Spesa media mensile per abitazioni (per 100 euro di reddito medio mensile),2019,11.1,,
A,Annuale,ITG2,Sardegna,ABITAZ_SPESA_REDD,Spesa media mensile per abitazioni (per 100 euro di reddito medio mensile),2020,10.3,,
A,Annuale,ITG2,Sardegna,ABITAZ_SPESA_REDD,Spesa media mensile per abitazioni (per 100 euro di reddito medio mensile),2021,10.5,,
A,Annuale,ITG2,Sardegna,ABITAZ_SPESA_REDD,Spesa media mensile per abitazioni (per 100 euro di reddito medio mensile),2022,12,,
A,Annuale,ITG2,Sardegna,ABITAZ_SPESA_REDD,Spesa media mensile per abitazioni (per 100 euro di reddito medio mensile),2023,12.4,,
A,Annuale,ITG2,Sardegna,ABITAZ_SPESA_REDD,Spesa media mensile per abitazioni (per 100 euro di reddito medio mensile),2024,9.8,,
